# Time-averaged data for fix observ
# TimeStep v_nfree v_ndimer v_cfree v_cdimer f_kinetics[2] f_kinetics[3]
0             256               0            0.05               0               0               0
100             246               5     0.048046875    0.0009765625               5               0
200             244               6      0.04765625     0.001171875               6               0
300             238               9     0.046484375    0.0017578125              10               1
400             234              11     0.045703125    0.0021484375              12               1
500             236              10      0.04609375     0.001953125              13               3
600             228              14      0.04453125     0.002734375              18               4
700             230              13     0.044921875    0.0025390625              19               6
800             226              15     0.044140625    0.0029296875              23               8
900             230              13     0.044921875    0.0025390625              23              10
1000             232              12       0.0453125      0.00234375              24              12
1100             226              15     0.044140625    0.0029296875              27              12
1200             220              18      0.04296875     0.003515625              31              13
1300             216              20       0.0421875      0.00390625              35              15
1400             216              20       0.0421875      0.00390625              36              16
1500             212              22      0.04140625     0.004296875              39              17
1600             218              19     0.042578125    0.0037109375              40              21
1700             216              20       0.0421875      0.00390625              42              22
1800             218              19     0.042578125    0.0037109375              43              24
1900             216              20       0.0421875      0.00390625              45              25
2000             218              19     0.042578125    0.0037109375              47              28
2100             212              22      0.04140625     0.004296875              50              28
2200             214              21     0.041796875    0.0041015625              51              30
2300             200              28       0.0390625      0.00546875              58              30
2400             200              28       0.0390625      0.00546875              59              31
2500             198              29     0.038671875    0.0056640625              62              33
2600             200              28       0.0390625      0.00546875              63              35
2700             206              25     0.040234375    0.0048828125              63              38
2800             210              23     0.041015625    0.0044921875              65              42
2900             210              23     0.041015625    0.0044921875              66              43
3000             214              21     0.041796875    0.0041015625              67              46
3100             210              23     0.041015625    0.0044921875              70              47
3200             198              29     0.038671875    0.0056640625              77              48
3300             204              26      0.03984375     0.005078125              77              51
3400             206              25     0.040234375    0.0048828125              80              55
3500             202              27     0.039453125    0.0052734375              82              55
3600             194              31     0.037890625    0.0060546875              87              56
3700             192              32          0.0375         0.00625              89              57
3800             190              33     0.037109375    0.0064453125              91              58
3900             188              34      0.03671875     0.006640625              93              59
4000             192              32          0.0375         0.00625              94              62
4100             192              32          0.0375         0.00625              94              62
4200             200              28       0.0390625      0.00546875              94              66
4300             200              28       0.0390625      0.00546875              96              68
4400             198              29     0.038671875    0.0056640625             100              71
4500             198              29     0.038671875    0.0056640625             100              71
4600             202              27     0.039453125    0.0052734375             100              73
4700             198              29     0.038671875    0.0056640625             104              75
4800             200              28       0.0390625      0.00546875             107              79
4900             202              27     0.039453125    0.0052734375             109              82
5000             204              26      0.03984375     0.005078125             112              86
5100             208              24        0.040625       0.0046875             112              88
5200             208              24        0.040625       0.0046875             113              89
5300             208              24        0.040625       0.0046875             115              91
5400             210              23     0.041015625    0.0044921875             115              92
5500             208              24        0.040625       0.0046875             120              96
5600             210              23     0.041015625    0.0044921875             121              98
5700             212              22      0.04140625     0.004296875             121              99
5800             222              17     0.043359375    0.0033203125             122             105
5900             222              17     0.043359375    0.0033203125             123             106
6000             222              17     0.043359375    0.0033203125             124             107
6100             216              20       0.0421875      0.00390625             128             108
6200             212              22      0.04140625     0.004296875             131             109
6300             212              22      0.04140625     0.004296875             132             110
6400             212              22      0.04140625     0.004296875             133             111
6500             210              23     0.041015625    0.0044921875             134             111
6600             206              25     0.040234375    0.0048828125             137             112
6700             204              26      0.03984375     0.005078125             141             115
6800             208              24        0.040625       0.0046875             143             119
6900             200              28       0.0390625      0.00546875             148             120
7000             192              32          0.0375         0.00625             153             121
7100             196              30      0.03828125     0.005859375             153             123
7200             198              29     0.038671875    0.0056640625             155             126
7300             198              29     0.038671875    0.0056640625             159             130
7400             200              28       0.0390625      0.00546875             159             131
7500             204              26      0.03984375     0.005078125             160             134
7600             198              29     0.038671875    0.0056640625             163             134
7700             202              27     0.039453125    0.0052734375             164             137
7800             204              26      0.03984375     0.005078125             164             138
7900             204              26      0.03984375     0.005078125             166             140
8000             204              26      0.03984375     0.005078125             168             142
8100             208              24        0.040625       0.0046875             169             145
8200             210              23     0.041015625    0.0044921875             169             146
8300             206              25     0.040234375    0.0048828125             171             146
8400             206              25     0.040234375    0.0048828125             173             148
8500             206              25     0.040234375    0.0048828125             175             150
8600             200              28       0.0390625      0.00546875             178             150
8700             204              26      0.03984375     0.005078125             178             152
8800             202              27     0.039453125    0.0052734375             182             155
8900             200              28       0.0390625      0.00546875             185             157
9000             192              32          0.0375         0.00625             189             157
9100             198              29     0.038671875    0.0056640625             189             160
9200             198              29     0.038671875    0.0056640625             191             162
9300             202              27     0.039453125    0.0052734375             191             164
9400             206              25     0.040234375    0.0048828125             192             167
9500             204              26      0.03984375     0.005078125             194             168
9600             200              28       0.0390625      0.00546875             197             169
9700             200              28       0.0390625      0.00546875             201             173
9800             202              27     0.039453125    0.0052734375             202             175
9900             204              26      0.03984375     0.005078125             203             177
10000             204              26      0.03984375     0.005078125             205             179
10100             206              25     0.040234375    0.0048828125             206             181
10200             204              26      0.03984375     0.005078125             209             183
10300             210              23     0.041015625    0.0044921875             210             187
10400             208              24        0.040625       0.0046875             211             187
10500             212              22      0.04140625     0.004296875             212             190
10600             218              19     0.042578125    0.0037109375             212             193
10700             216              20       0.0421875      0.00390625             214             194
10800             228              14      0.04453125     0.002734375             214             200
10900             230              13     0.044921875    0.0025390625             215             202
11000             230              13     0.044921875    0.0025390625             216             203
11100             226              15     0.044140625    0.0029296875             219             204
11200             218              19     0.042578125    0.0037109375             223             204
11300             222              17     0.043359375    0.0033203125             224             207
11400             220              18      0.04296875     0.003515625             226             208
11500             214              21     0.041796875    0.0041015625             229             208
11600             210              23     0.041015625    0.0044921875             233             210
11700             206              25     0.040234375    0.0048828125             235             210
11800             206              25     0.040234375    0.0048828125             238             213
11900             202              27     0.039453125    0.0052734375             240             213
12000             202              27     0.039453125    0.0052734375             242             215
12100             204              26      0.03984375     0.005078125             245             219
12200             204              26      0.03984375     0.005078125             247             221
12300             210              23     0.041015625    0.0044921875             247             224
12400             208              24        0.040625       0.0046875             252             228
12500             208              24        0.040625       0.0046875             252             228
12600             210              23     0.041015625    0.0044921875             254             231
12700             214              21     0.041796875    0.0041015625             255             234
12800             214              21     0.041796875    0.0041015625             257             236
12900             210              23     0.041015625    0.0044921875             260             237
13000             210              23     0.041015625    0.0044921875             262             239
13100             210              23     0.041015625    0.0044921875             265             242
13200             208              24        0.040625       0.0046875             268             244
13300             214              21     0.041796875    0.0041015625             268             247
13400             220              18      0.04296875     0.003515625             269             251
13500             216              20       0.0421875      0.00390625             272             252
13600             216              20       0.0421875      0.00390625             273             253
13700             218              19     0.042578125    0.0037109375             275             256
13800             212              22      0.04140625     0.004296875             279             257
13900             210              23     0.041015625    0.0044921875             281             258
14000             206              25     0.040234375    0.0048828125             284             259
14100             206              25     0.040234375    0.0048828125             285             260
14200             206              25     0.040234375    0.0048828125             285             260
14300             200              28       0.0390625      0.00546875             289             261
14400             200              28       0.0390625      0.00546875             291             263
14500             192              32          0.0375         0.00625             295             263
14600             192              32          0.0375         0.00625             297             265
14700             198              29     0.038671875    0.0056640625             298             269
14800             198              29     0.038671875    0.0056640625             299             270
14900             204              26      0.03984375     0.005078125             300             274
15000             204              26      0.03984375     0.005078125             300             274
15100             202              27     0.039453125    0.0052734375             302             275
15200             210              23     0.041015625    0.0044921875             302             279
15300             208              24        0.040625       0.0046875             304             280
15400             216              20       0.0421875      0.00390625             304             284
15500             212              22      0.04140625     0.004296875             308             286
15600             208              24        0.040625       0.0046875             310             286
15700             212              22      0.04140625     0.004296875             312             290
15800             218              19     0.042578125    0.0037109375             312             293
15900             212              22      0.04140625     0.004296875             316             294
16000             212              22      0.04140625     0.004296875             318             296
16100             210              23     0.041015625    0.0044921875             320             297
16200             214              21     0.041796875    0.0041015625             321             300
16300             214              21     0.041796875    0.0041015625             322             301
16400             210              23     0.041015625    0.0044921875             325             302
16500             208              24        0.040625       0.0046875             326             302
16600             208              24        0.040625       0.0046875             327             303
16700             212              22      0.04140625     0.004296875             327             305
16800             212              22      0.04140625     0.004296875             329             307
16900             214              21     0.041796875    0.0041015625             329             308
17000             214              21     0.041796875    0.0041015625             330             309
17100             220              18      0.04296875     0.003515625             330             312
17200             220              18      0.04296875     0.003515625             332             314
17300             222              17     0.043359375    0.0033203125             333             316
17400             218              19     0.042578125    0.0037109375             335             316
17500             216              20       0.0421875      0.00390625             336             316
17600             212              22      0.04140625     0.004296875             338             316
17700             212              22      0.04140625     0.004296875             339             317
17800             208              24        0.040625       0.0046875             342             318
17900             202              27     0.039453125    0.0052734375             345             318
18000             204              26      0.03984375     0.005078125             345             319
18100             204              26      0.03984375     0.005078125             347             321
18200             208              24        0.040625       0.0046875             347             323
18300             206              25     0.040234375    0.0048828125             350             325
18400             208              24        0.040625       0.0046875             350             326
18500             204              26      0.03984375     0.005078125             353             327
18600             208              24        0.040625       0.0046875             353             329
18700             214              21     0.041796875    0.0041015625             354             333
18800             208              24        0.040625       0.0046875             358             334
18900             210              23     0.041015625    0.0044921875             361             338
19000             214              21     0.041796875    0.0041015625             361             340
19100             224              16         0.04375        0.003125             361             345
19200             220              18      0.04296875     0.003515625             364             346
19300             212              22      0.04140625     0.004296875             368             346
19400             212              22      0.04140625     0.004296875             369             347
19500             214              21     0.041796875    0.0041015625             372             351
19600             218              19     0.042578125    0.0037109375             372             353
19700             210              23     0.041015625    0.0044921875             376             353
19800             212              22      0.04140625     0.004296875             377             355
19900             210              23     0.041015625    0.0044921875             379             356
20000             208              24        0.040625       0.0046875             381             357
20100             210              23     0.041015625    0.0044921875             384             361
20200             212              22      0.04140625     0.004296875             384             362
20300             212              22      0.04140625     0.004296875             385             363
20400             220              18      0.04296875     0.003515625             385             367
20500             214              21     0.041796875    0.0041015625             388             367
20600             214              21     0.041796875    0.0041015625             389             368
20700             216              20       0.0421875      0.00390625             391             371
20800             212              22      0.04140625     0.004296875             393             371
20900             212              22      0.04140625     0.004296875             395             373
21000             212              22      0.04140625     0.004296875             397             375
21100             204              26      0.03984375     0.005078125             402             376
21200             206              25     0.040234375    0.0048828125             403             378
21300             204              26      0.03984375     0.005078125             405             379
21400             208              24        0.040625       0.0046875             405             381
21500             212              22      0.04140625     0.004296875             405             383
21600             210              23     0.041015625    0.0044921875             408             385
21700             210              23     0.041015625    0.0044921875             412             389
21800             208              24        0.040625       0.0046875             414             390
21900             202              27     0.039453125    0.0052734375             418             391
22000             196              30      0.03828125     0.005859375             421             391
22100             198              29     0.038671875    0.0056640625             422             393
22200             192              32          0.0375         0.00625             428             396
22300             192              32          0.0375         0.00625             429             397
22400             194              31     0.037890625    0.0060546875             431             400
22500             194              31     0.037890625    0.0060546875             435             404
22600             194              31     0.037890625    0.0060546875             436             405
22700             198              29     0.038671875    0.0056640625             438             409
22800             198              29     0.038671875    0.0056640625             440             411
22900             202              27     0.039453125    0.0052734375             440             413
23000             200              28       0.0390625      0.00546875             442             414
23100             200              28       0.0390625      0.00546875             443             415
23200             202              27     0.039453125    0.0052734375             444             417
23300             200              28       0.0390625      0.00546875             446             418
23400             200              28       0.0390625      0.00546875             449             421
23500             206              25     0.040234375    0.0048828125             449             424
23600             212              22      0.04140625     0.004296875             450             428
23700             218              19     0.042578125    0.0037109375             450             431
23800             220              18      0.04296875     0.003515625             451             433
23900             216              20       0.0421875      0.00390625             453             433
24000             216              20       0.0421875      0.00390625             454             434
24100             216              20       0.0421875      0.00390625             454             434
24200             216              20       0.0421875      0.00390625             455             435
24300             216              20       0.0421875      0.00390625             457             437
24400             218              19     0.042578125    0.0037109375             459             440
24500             218              19     0.042578125    0.0037109375             461             442
24600             216              20       0.0421875      0.00390625             462             442
24700             216              20       0.0421875      0.00390625             462             442
24800             218              19     0.042578125    0.0037109375             462             443
24900             218              19     0.042578125    0.0037109375             463             444
25000             216              20       0.0421875      0.00390625             466             446
25100             216              20       0.0421875      0.00390625             469             449
25200             224              16         0.04375        0.003125             469             453
25300             228              14      0.04453125     0.002734375             469             455
25400             230              13     0.044921875    0.0025390625             470             457
25500             228              14      0.04453125     0.002734375             471             457
25600             216              20       0.0421875      0.00390625             479             459
25700             216              20       0.0421875      0.00390625             479             459
25800             214              21     0.041796875    0.0041015625             481             460
25900             214              21     0.041796875    0.0041015625             483             462
26000             214              21     0.041796875    0.0041015625             484             463
26100             212              22      0.04140625     0.004296875             488             466
26200             216              20       0.0421875      0.00390625             489             469
26300             214              21     0.041796875    0.0041015625             490             469
26400             216              20       0.0421875      0.00390625             492             472
26500             212              22      0.04140625     0.004296875             495             473
26600             212              22      0.04140625     0.004296875             498             476
26700             212              22      0.04140625     0.004296875             498             476
26800             212              22      0.04140625     0.004296875             500             478
26900             212              22      0.04140625     0.004296875             502             480
27000             212              22      0.04140625     0.004296875             504             482
27100             210              23     0.041015625    0.0044921875             507             484
27200             210              23     0.041015625    0.0044921875             512             489
27300             212              22      0.04140625     0.004296875             513             491
27400             210              23     0.041015625    0.0044921875             517             494
27500             210              23     0.041015625    0.0044921875             518             495
27600             210              23     0.041015625    0.0044921875             520             497
27700             212              22      0.04140625     0.004296875             521             499
27800             204              26      0.03984375     0.005078125             526             500
27900             208              24        0.040625       0.0046875             528             504
28000             212              22      0.04140625     0.004296875             529             507
28100             218              19     0.042578125    0.0037109375             530             511
28200             212              22      0.04140625     0.004296875             533             511
28300             214              21     0.041796875    0.0041015625             535             514
28400             212              22      0.04140625     0.004296875             539             517
28500             208              24        0.040625       0.0046875             542             518
28600             208              24        0.040625       0.0046875             545             521
28700             208              24        0.040625       0.0046875             548             524
28800             202              27     0.039453125    0.0052734375             551             524
28900             206              25     0.040234375    0.0048828125             552             527
29000             208              24        0.040625       0.0046875             553             529
29100             210              23     0.041015625    0.0044921875             553             530
29200             206              25     0.040234375    0.0048828125             555             530
29300             210              23     0.041015625    0.0044921875             556             533
29400             212              22      0.04140625     0.004296875             556             534
29500             210              23     0.041015625    0.0044921875             558             535
29600             216              20       0.0421875      0.00390625             558             538
29700             216              20       0.0421875      0.00390625             559             539
29800             210              23     0.041015625    0.0044921875             562             539
29900             212              22      0.04140625     0.004296875             564             542
30000             212              22      0.04140625     0.004296875             564             542
30100             210              23     0.041015625    0.0044921875             567             544
30200             208              24        0.040625       0.0046875             568             544
30300             218              19     0.042578125    0.0037109375             568             549
30400             218              19     0.042578125    0.0037109375             568             549
30500             218              19     0.042578125    0.0037109375             570             551
30600             220              18      0.04296875     0.003515625             570             552
30700             212              22      0.04140625     0.004296875             574             552
30800             210              23     0.041015625    0.0044921875             576             553
30900             214              21     0.041796875    0.0041015625             577             556
31000             216              20       0.0421875      0.00390625             579             559
31100             214              21     0.041796875    0.0041015625             584             563
31200             216              20       0.0421875      0.00390625             585             565
31300             222              17     0.043359375    0.0033203125             586             569
31400             226              15     0.044140625    0.0029296875             586             571
31500             222              17     0.043359375    0.0033203125             588             571
31600             220              18      0.04296875     0.003515625             589             571
31700             212              22      0.04140625     0.004296875             595             573
31800             212              22      0.04140625     0.004296875             596             574
31900             214              21     0.041796875    0.0041015625             598             577
32000             214              21     0.041796875    0.0041015625             599             578
32100             210              23     0.041015625    0.0044921875             603             580
32200             208              24        0.040625       0.0046875             606             582
32300             210              23     0.041015625    0.0044921875             609             586
32400             214              21     0.041796875    0.0041015625             610             589
32500             214              21     0.041796875    0.0041015625             611             590
32600             214              21     0.041796875    0.0041015625             614             593
32700             216              20       0.0421875      0.00390625             614             594
32800             218              19     0.042578125    0.0037109375             616             597
32900             212              22      0.04140625     0.004296875             619             597
33000             214              21     0.041796875    0.0041015625             619             598
33100             214              21     0.041796875    0.0041015625             621             600
33200             216              20       0.0421875      0.00390625             621             601
33300             220              18      0.04296875     0.003515625             623             605
33400             222              17     0.043359375    0.0033203125             624             607
33500             216              20       0.0421875      0.00390625             627             607
33600             216              20       0.0421875      0.00390625             629             609
33700             218              19     0.042578125    0.0037109375             631             612
33800             220              18      0.04296875     0.003515625             631             613
33900             220              18      0.04296875     0.003515625             632             614
34000             218              19     0.042578125    0.0037109375             634             615
34100             222              17     0.043359375    0.0033203125             635             618
34200             222              17     0.043359375    0.0033203125             637             620
34300             222              17     0.043359375    0.0033203125             637             620
34400             222              17     0.043359375    0.0033203125             638             621
34500             222              17     0.043359375    0.0033203125             638             621
34600             222              17     0.043359375    0.0033203125             638             621
34700             220              18      0.04296875     0.003515625             640             622
34800             218              19     0.042578125    0.0037109375             641             622
34900             216              20       0.0421875      0.00390625             642             622
35000             218              19     0.042578125    0.0037109375             643             624
35100             214              21     0.041796875    0.0041015625             646             625
35200             216              20       0.0421875      0.00390625             646             626
35300             218              19     0.042578125    0.0037109375             647             628
35400             216              20       0.0421875      0.00390625             651             631
35500             216              20       0.0421875      0.00390625             653             633
35600             218              19     0.042578125    0.0037109375             653             634
35700             216              20       0.0421875      0.00390625             655             635
35800             216              20       0.0421875      0.00390625             656             636
35900             212              22      0.04140625     0.004296875             659             637
36000             214              21     0.041796875    0.0041015625             660             639
36100             214              21     0.041796875    0.0041015625             663             642
36200             214              21     0.041796875    0.0041015625             665             644
36300             214              21     0.041796875    0.0041015625             666             645
36400             212              22      0.04140625     0.004296875             669             647
36500             206              25     0.040234375    0.0048828125             673             648
36600             210              23     0.041015625    0.0044921875             674             651
36700             214              21     0.041796875    0.0041015625             676             655
36800             216              20       0.0421875      0.00390625             677             657
36900             210              23     0.041015625    0.0044921875             682             659
37000             208              24        0.040625       0.0046875             684             660
37100             214              21     0.041796875    0.0041015625             684             663
37200             210              23     0.041015625    0.0044921875             687             664
37300             210              23     0.041015625    0.0044921875             687             664
37400             212              22      0.04140625     0.004296875             688             666
37500             216              20       0.0421875      0.00390625             688             668
37600             214              21     0.041796875    0.0041015625             691             670
37700             214              21     0.041796875    0.0041015625             691             670
37800             212              22      0.04140625     0.004296875             694             672
37900             214              21     0.041796875    0.0041015625             694             673
38000             220              18      0.04296875     0.003515625             694             676
38100             222              17     0.043359375    0.0033203125             696             679
38200             220              18      0.04296875     0.003515625             698             680
38300             220              18      0.04296875     0.003515625             699             681
38400             220              18      0.04296875     0.003515625             700             682
38500             218              19     0.042578125    0.0037109375             702             683
38600             218              19     0.042578125    0.0037109375             703             684
38700             220              18      0.04296875     0.003515625             703             685
38800             216              20       0.0421875      0.00390625             706             686
38900             220              18      0.04296875     0.003515625             706             688
39000             216              20       0.0421875      0.00390625             710             690
39100             214              21     0.041796875    0.0041015625             712             691
39200             212              22      0.04140625     0.004296875             715             693
39300             208              24        0.040625       0.0046875             718             694
39400             212              22      0.04140625     0.004296875             720             698
39500             216              20       0.0421875      0.00390625             720             700
39600             214              21     0.041796875    0.0041015625             722             701
39700             210              23     0.041015625    0.0044921875             724             701
39800             214              21     0.041796875    0.0041015625             724             703
39900             216              20       0.0421875      0.00390625             724             704
40000             216              20       0.0421875      0.00390625             726             706
40100             222              17     0.043359375    0.0033203125             726             709
40200             226              15     0.044140625    0.0029296875             726             711
40300             230              13     0.044921875    0.0025390625             727             714
40400             232              12       0.0453125      0.00234375             729             717
40500             230              13     0.044921875    0.0025390625             730             717
40600             230              13     0.044921875    0.0025390625             731             718
40700             224              16         0.04375        0.003125             736             720
40800             214              21     0.041796875    0.0041015625             741             720
40900             214              21     0.041796875    0.0041015625             742             721
41000             212              22      0.04140625     0.004296875             746             724
41100             216              20       0.0421875      0.00390625             747             727
41200             212              22      0.04140625     0.004296875             751             729
41300             208              24        0.040625       0.0046875             754             730
41400             208              24        0.040625       0.0046875             757             733
41500             206              25     0.040234375    0.0048828125             760             735
41600             200              28       0.0390625      0.00546875             764             736
41700             208              24        0.040625       0.0046875             765             741
41800             200              28       0.0390625      0.00546875             770             742
41900             202              27     0.039453125    0.0052734375             772             745
42000             206              25     0.040234375    0.0048828125             772             747
42100             210              23     0.041015625    0.0044921875             774             751
42200             210              23     0.041015625    0.0044921875             776             753
42300             214              21     0.041796875    0.0041015625             777             756
42400             208              24        0.040625       0.0046875             781             757
42500             200              28       0.0390625      0.00546875             785             757
42600             196              30      0.03828125     0.005859375             788             758
42700             198              29     0.038671875    0.0056640625             790             761
42800             202              27     0.039453125    0.0052734375             792             765
42900             204              26      0.03984375     0.005078125             794             768
43000             210              23     0.041015625    0.0044921875             794             771
43100             210              23     0.041015625    0.0044921875             795             772
43200             212              22      0.04140625     0.004296875             795             773
43300             214              21     0.041796875    0.0041015625             796             775
43400             212              22      0.04140625     0.004296875             799             777
43500             212              22      0.04140625     0.004296875             801             779
43600             214              21     0.041796875    0.0041015625             802             781
43700             218              19     0.042578125    0.0037109375             803             784
43800             220              18      0.04296875     0.003515625             805             787
43900             214              21     0.041796875    0.0041015625             808             787
44000             208              24        0.040625       0.0046875             811             787
44100             206              25     0.040234375    0.0048828125             812             787
44200             206              25     0.040234375    0.0048828125             814             789
44300             206              25     0.040234375    0.0048828125             816             791
44400             208              24        0.040625       0.0046875             817             793
44500             214              21     0.041796875    0.0041015625             817             796
44600             210              23     0.041015625    0.0044921875             819             796
44700             218              19     0.042578125    0.0037109375             819             800
44800             210              23     0.041015625    0.0044921875             823             800
44900             208              24        0.040625       0.0046875             826             802
45000             206              25     0.040234375    0.0048828125             828             803
45100             206              25     0.040234375    0.0048828125             830             805
45200             206              25     0.040234375    0.0048828125             831             806
45300             206              25     0.040234375    0.0048828125             834             809
45400             202              27     0.039453125    0.0052734375             837             810
45500             202              27     0.039453125    0.0052734375             837             810
45600             204              26      0.03984375     0.005078125             838             812
45700             206              25     0.040234375    0.0048828125             840             815
45800             206              25     0.040234375    0.0048828125             841             816
45900             212              22      0.04140625     0.004296875             841             819
46000             210              23     0.041015625    0.0044921875             843             820
46100             210              23     0.041015625    0.0044921875             845             822
46200             214              21     0.041796875    0.0041015625             846             825
46300             216              20       0.0421875      0.00390625             847             827
46400             216              20       0.0421875      0.00390625             847             827
46500             216              20       0.0421875      0.00390625             848             828
46600             210              23     0.041015625    0.0044921875             851             828
46700             208              24        0.040625       0.0046875             853             829
46800             212              22      0.04140625     0.004296875             854             832
46900             210              23     0.041015625    0.0044921875             857             834
47000             212              22      0.04140625     0.004296875             857             835
47100             206              25     0.040234375    0.0048828125             863             838
47200             204              26      0.03984375     0.005078125             866             840
47300             200              28       0.0390625      0.00546875             870             842
47400             196              30      0.03828125     0.005859375             875             845
47500             196              30      0.03828125     0.005859375             877             847
47600             194              31     0.037890625    0.0060546875             883             852
47700             196              30      0.03828125     0.005859375             884             854
47800             198              29     0.038671875    0.0056640625             884             855
47900             200              28       0.0390625      0.00546875             885             857
48000             196              30      0.03828125     0.005859375             888             858
48100             198              29     0.038671875    0.0056640625             888             859
48200             198              29     0.038671875    0.0056640625             890             861
48300             194              31     0.037890625    0.0060546875             894             863
48400             188              34      0.03671875     0.006640625             898             864
48500             186              35     0.036328125    0.0068359375             900             865
48600             186              35     0.036328125    0.0068359375             902             867
48700             182              37     0.035546875    0.0072265625             905             868
48800             182              37     0.035546875    0.0072265625             906             869
48900             190              33     0.037109375    0.0064453125             907             874
49000             194              31     0.037890625    0.0060546875             907             876
49100             192              32          0.0375         0.00625             909             877
49200             198              29     0.038671875    0.0056640625             910             881
49300             202              27     0.039453125    0.0052734375             911             884
49400             200              28       0.0390625      0.00546875             913             885
49500             202              27     0.039453125    0.0052734375             915             888
49600             200              28       0.0390625      0.00546875             916             888
49700             204              26      0.03984375     0.005078125             917             891
49800             204              26      0.03984375     0.005078125             917             891
49900             202              27     0.039453125    0.0052734375             920             893
50000             202              27     0.039453125    0.0052734375             922             895
50100             202              27     0.039453125    0.0052734375             924             897
50200             206              25     0.040234375    0.0048828125             925             900
50300             202              27     0.039453125    0.0052734375             928             901
50400             202              27     0.039453125    0.0052734375             928             901
50500             200              28       0.0390625      0.00546875             930             902
50600             198              29     0.038671875    0.0056640625             932             903
50700             206              25     0.040234375    0.0048828125             932             907
50800             208              24        0.040625       0.0046875             934             910
50900             208              24        0.040625       0.0046875             937             913
51000             206              25     0.040234375    0.0048828125             940             915
51100             208              24        0.040625       0.0046875             941             917
51200             208              24        0.040625       0.0046875             942             918
51300             208              24        0.040625       0.0046875             944             920
51400             208              24        0.040625       0.0046875             945             921
51500             212              22      0.04140625     0.004296875             945             923
51600             206              25     0.040234375    0.0048828125             950             925
51700             206              25     0.040234375    0.0048828125             951             926
51800             210              23     0.041015625    0.0044921875             954             931
51900             214              21     0.041796875    0.0041015625             955             934
52000             210              23     0.041015625    0.0044921875             958             935
52100             212              22      0.04140625     0.004296875             960             938
52200             214              21     0.041796875    0.0041015625             963             942
52300             216              20       0.0421875      0.00390625             964             944
52400             214              21     0.041796875    0.0041015625             965             944
52500             208              24        0.040625       0.0046875             970             946
52600             206              25     0.040234375    0.0048828125             973             948
52700             204              26      0.03984375     0.005078125             976             950
52800             210              23     0.041015625    0.0044921875             977             954
52900             212              22      0.04140625     0.004296875             977             955
53000             216              20       0.0421875      0.00390625             977             957
53100             216              20       0.0421875      0.00390625             977             957
53200             218              19     0.042578125    0.0037109375             977             958
53300             218              19     0.042578125    0.0037109375             978             959
53400             220              18      0.04296875     0.003515625             979             961
53500             216              20       0.0421875      0.00390625             982             962
53600             218              19     0.042578125    0.0037109375             983             964
53700             222              17     0.043359375    0.0033203125             984             967
53800             220              18      0.04296875     0.003515625             986             968
53900             218              19     0.042578125    0.0037109375             988             969
54000             218              19     0.042578125    0.0037109375             990             971
54100             218              19     0.042578125    0.0037109375             992             973
54200             210              23     0.041015625    0.0044921875             996             973
54300             210              23     0.041015625    0.0044921875             998             975
54400             208              24        0.040625       0.0046875            1000             976
54500             216              20       0.0421875      0.00390625            1001             981
54600             218              19     0.042578125    0.0037109375            1004             985
54700             212              22      0.04140625     0.004296875            1007             985
54800             210              23     0.041015625    0.0044921875            1009             986
54900             212              22      0.04140625     0.004296875            1009             987
55000             214              21     0.041796875    0.0041015625            1009             988
55100             216              20       0.0421875      0.00390625            1010             990
55200             220              18      0.04296875     0.003515625            1011             993
55300             218              19     0.042578125    0.0037109375            1013             994
55400             214              21     0.041796875    0.0041015625            1016             995
55500             208              24        0.040625       0.0046875            1020             996
55600             206              25     0.040234375    0.0048828125            1021             996
55700             206              25     0.040234375    0.0048828125            1024             999
55800             204              26      0.03984375     0.005078125            1026            1000
55900             206              25     0.040234375    0.0048828125            1029            1004
56000             204              26      0.03984375     0.005078125            1030            1004
56100             202              27     0.039453125    0.0052734375            1033            1006
56200             204              26      0.03984375     0.005078125            1035            1009
56300             200              28       0.0390625      0.00546875            1039            1011
56400             206              25     0.040234375    0.0048828125            1041            1016
56500             204              26      0.03984375     0.005078125            1043            1017
56600             206              25     0.040234375    0.0048828125            1043            1018
56700             212              22      0.04140625     0.004296875            1043            1021
56800             212              22      0.04140625     0.004296875            1045            1023
56900             220              18      0.04296875     0.003515625            1046            1028
57000             218              19     0.042578125    0.0037109375            1047            1028
57100             218              19     0.042578125    0.0037109375            1050            1031
57200             210              23     0.041015625    0.0044921875            1054            1031
57300             210              23     0.041015625    0.0044921875            1056            1033
57400             212              22      0.04140625     0.004296875            1057            1035
57500             212              22      0.04140625     0.004296875            1057            1035
57600             216              20       0.0421875      0.00390625            1058            1038
57700             222              17     0.043359375    0.0033203125            1058            1041
57800             218              19     0.042578125    0.0037109375            1060            1041
57900             216              20       0.0421875      0.00390625            1062            1042
58000             216              20       0.0421875      0.00390625            1064            1044
58100             212              22      0.04140625     0.004296875            1067            1045
58200             206              25     0.040234375    0.0048828125            1070            1045
58300             206              25     0.040234375    0.0048828125            1072            1047
58400             204              26      0.03984375     0.005078125            1076            1050
58500             204              26      0.03984375     0.005078125            1079            1053
58600             204              26      0.03984375     0.005078125            1081            1055
58700             212              22      0.04140625     0.004296875            1082            1060
58800             220              18      0.04296875     0.003515625            1082            1064
58900             216              20       0.0421875      0.00390625            1085            1065
59000             212              22      0.04140625     0.004296875            1087            1065
59100             216              20       0.0421875      0.00390625            1088            1068
59200             216              20       0.0421875      0.00390625            1088            1068
59300             214              21     0.041796875    0.0041015625            1089            1068
59400             216              20       0.0421875      0.00390625            1090            1070
59500             216              20       0.0421875      0.00390625            1091            1071
59600             218              19     0.042578125    0.0037109375            1091            1072
59700             218              19     0.042578125    0.0037109375            1092            1073
59800             212              22      0.04140625     0.004296875            1095            1073
59900             216              20       0.0421875      0.00390625            1095            1075
60000             218              19     0.042578125    0.0037109375            1100            1081
60100             216              20       0.0421875      0.00390625            1103            1083
60200             222              17     0.043359375    0.0033203125            1104            1087
60300             218              19     0.042578125    0.0037109375            1107            1088
60400             222              17     0.043359375    0.0033203125            1108            1091
60500             218              19     0.042578125    0.0037109375            1111            1092
60600             222              17     0.043359375    0.0033203125            1111            1094
60700             226              15     0.044140625    0.0029296875            1113            1098
60800             226              15     0.044140625    0.0029296875            1113            1098
60900             220              18      0.04296875     0.003515625            1117            1099
61000             218              19     0.042578125    0.0037109375            1120            1101
61100             214              21     0.041796875    0.0041015625            1123            1102
61200             214              21     0.041796875    0.0041015625            1127            1106
61300             214              21     0.041796875    0.0041015625            1129            1108
61400             214              21     0.041796875    0.0041015625            1130            1109
61500             210              23     0.041015625    0.0044921875            1133            1110
61600             208              24        0.040625       0.0046875            1134            1110
61700             212              22      0.04140625     0.004296875            1134            1112
61800             214              21     0.041796875    0.0041015625            1136            1115
61900             218              19     0.042578125    0.0037109375            1139            1120
62000             216              20       0.0421875      0.00390625            1141            1121
62100             216              20       0.0421875      0.00390625            1144            1124
62200             216              20       0.0421875      0.00390625            1146            1126
62300             212              22      0.04140625     0.004296875            1149            1127
62400             218              19     0.042578125    0.0037109375            1150            1131
62500             218              19     0.042578125    0.0037109375            1152            1133
62600             216              20       0.0421875      0.00390625            1153            1133
62700             218              19     0.042578125    0.0037109375            1154            1135
62800             212              22      0.04140625     0.004296875            1158            1136
62900             216              20       0.0421875      0.00390625            1159            1139
63000             214              21     0.041796875    0.0041015625            1160            1139
63100             220              18      0.04296875     0.003515625            1161            1143
63200             224              16         0.04375        0.003125            1162            1146
63300             226              15     0.044140625    0.0029296875            1162            1147
63400             226              15     0.044140625    0.0029296875            1162            1147
63500             224              16         0.04375        0.003125            1165            1149
63600             218              19     0.042578125    0.0037109375            1169            1150
63700             216              20       0.0421875      0.00390625            1171            1151
63800             214              21     0.041796875    0.0041015625            1173            1152
63900             214              21     0.041796875    0.0041015625            1174            1153
64000             220              18      0.04296875     0.003515625            1174            1156
64100             218              19     0.042578125    0.0037109375            1175            1156
64200             224              16         0.04375        0.003125            1176            1160
64300             222              17     0.043359375    0.0033203125            1179            1162
64400             222              17     0.043359375    0.0033203125            1181            1164
64500             222              17     0.043359375    0.0033203125            1184            1167
64600             222              17     0.043359375    0.0033203125            1185            1168
64700             228              14      0.04453125     0.002734375            1185            1171
64800             226              15     0.044140625    0.0029296875            1187            1172
64900             224              16         0.04375        0.003125            1188            1172
65000             228              14      0.04453125     0.002734375            1189            1175
65100             222              17     0.043359375    0.0033203125            1192            1175
65200             224              16         0.04375        0.003125            1194            1178
65300             226              15     0.044140625    0.0029296875            1196            1181
65400             226              15     0.044140625    0.0029296875            1197            1182
65500             220              18      0.04296875     0.003515625            1200            1182
65600             218              19     0.042578125    0.0037109375            1202            1183
65700             218              19     0.042578125    0.0037109375            1203            1184
65800             218              19     0.042578125    0.0037109375            1205            1186
65900             224              16         0.04375        0.003125            1206            1190
66000             222              17     0.043359375    0.0033203125            1209            1192
66100             220              18      0.04296875     0.003515625            1210            1192
66200             216              20       0.0421875      0.00390625            1213            1193
66300             218              19     0.042578125    0.0037109375            1214            1195
66400             218              19     0.042578125    0.0037109375            1215            1196
66500             222              17     0.043359375    0.0033203125            1216            1199
66600             226              15     0.044140625    0.0029296875            1219            1204
66700             222              17     0.043359375    0.0033203125            1222            1205
66800             224              16         0.04375        0.003125            1222            1206
66900             232              12       0.0453125      0.00234375            1225            1213
67000             232              12       0.0453125      0.00234375            1227            1215
67100             236              10      0.04609375     0.001953125            1229            1219
67200             236              10      0.04609375     0.001953125            1230            1220
67300             232              12       0.0453125      0.00234375            1233            1221
67400             230              13     0.044921875    0.0025390625            1235            1222
67500             228              14      0.04453125     0.002734375            1237            1223
67600             228              14      0.04453125     0.002734375            1238            1224
67700             228              14      0.04453125     0.002734375            1238            1224
67800             228              14      0.04453125     0.002734375            1239            1225
67900             232              12       0.0453125      0.00234375            1240            1228
68000             230              13     0.044921875    0.0025390625            1242            1229
68100             230              13     0.044921875    0.0025390625            1243            1230
68200             226              15     0.044140625    0.0029296875            1245            1230
68300             228              14      0.04453125     0.002734375            1247            1233
68400             222              17     0.043359375    0.0033203125            1251            1234
68500             222              17     0.043359375    0.0033203125            1252            1235
68600             222              17     0.043359375    0.0033203125            1254            1237
68700             224              16         0.04375        0.003125            1256            1240
68800             220              18      0.04296875     0.003515625            1258            1240
68900             216              20       0.0421875      0.00390625            1261            1241
69000             220              18      0.04296875     0.003515625            1262            1244
69100             216              20       0.0421875      0.00390625            1265            1245
69200             210              23     0.041015625    0.0044921875            1269            1246
69300             208              24        0.040625       0.0046875            1271            1247
69400             214              21     0.041796875    0.0041015625            1271            1250
69500             214              21     0.041796875    0.0041015625            1274            1253
69600             216              20       0.0421875      0.00390625            1274            1254
69700             220              18      0.04296875     0.003515625            1274            1256
69800             218              19     0.042578125    0.0037109375            1276            1257
69900             218              19     0.042578125    0.0037109375            1278            1259
70000             212              22      0.04140625     0.004296875            1283            1261
70100             206              25     0.040234375    0.0048828125            1286            1261
70200             208              24        0.040625       0.0046875            1287            1263
70300             208              24        0.040625       0.0046875            1288            1264
70400             208              24        0.040625       0.0046875            1290            1266
70500             210              23     0.041015625    0.0044921875            1291            1268
70600             212              22      0.04140625     0.004296875            1292            1270
70700             214              21     0.041796875    0.0041015625            1294            1273
70800             220              18      0.04296875     0.003515625            1295            1277
70900             216              20       0.0421875      0.00390625            1298            1278
71000             222              17     0.043359375    0.0033203125            1301            1284
71100             220              18      0.04296875     0.003515625            1303            1285
71200             222              17     0.043359375    0.0033203125            1304            1287
71300             224              16         0.04375        0.003125            1304            1288
71400             222              17     0.043359375    0.0033203125            1305            1288
71500             220              18      0.04296875     0.003515625            1308            1290
71600             220              18      0.04296875     0.003515625            1309            1291
71700             214              21     0.041796875    0.0041015625            1313            1292
71800             216              20       0.0421875      0.00390625            1314            1294
71900             214              21     0.041796875    0.0041015625            1318            1297
72000             210              23     0.041015625    0.0044921875            1321            1298
72100             210              23     0.041015625    0.0044921875            1322            1299
72200             210              23     0.041015625    0.0044921875            1323            1300
72300             206              25     0.040234375    0.0048828125            1329            1304
72400             208              24        0.040625       0.0046875            1330            1306
72500             204              26      0.03984375     0.005078125            1335            1309
72600             208              24        0.040625       0.0046875            1336            1312
72700             212              22      0.04140625     0.004296875            1338            1316
72800             212              22      0.04140625     0.004296875            1339            1317
72900             212              22      0.04140625     0.004296875            1342            1320
73000             216              20       0.0421875      0.00390625            1342            1322
73100             212              22      0.04140625     0.004296875            1344            1322
73200             214              21     0.041796875    0.0041015625            1346            1325
73300             218              19     0.042578125    0.0037109375            1348            1329
73400             212              22      0.04140625     0.004296875            1352            1330
73500             214              21     0.041796875    0.0041015625            1354            1333
73600             210              23     0.041015625    0.0044921875            1357            1334
73700             208              24        0.040625       0.0046875            1359            1335
73800             208              24        0.040625       0.0046875            1360            1336
73900             206              25     0.040234375    0.0048828125            1362            1337
74000             210              23     0.041015625    0.0044921875            1362            1339
74100             218              19     0.042578125    0.0037109375            1362            1343
74200             210              23     0.041015625    0.0044921875            1366            1343
74300             212              22      0.04140625     0.004296875            1366            1344
74400             206              25     0.040234375    0.0048828125            1369            1344
74500             210              23     0.041015625    0.0044921875            1369            1346
74600             218              19     0.042578125    0.0037109375            1369            1350
74700             220              18      0.04296875     0.003515625            1369            1351
74800             218              19     0.042578125    0.0037109375            1373            1354
74900             212              22      0.04140625     0.004296875            1377            1355
75000             212              22      0.04140625     0.004296875            1380            1358
75100             206              25     0.040234375    0.0048828125            1384            1359
75200             206              25     0.040234375    0.0048828125            1386            1361
75300             208              24        0.040625       0.0046875            1388            1364
75400             206              25     0.040234375    0.0048828125            1390            1365
75500             198              29     0.038671875    0.0056640625            1396            1367
75600             200              28       0.0390625      0.00546875            1396            1368
75700             198              29     0.038671875    0.0056640625            1399            1370
75800             194              31     0.037890625    0.0060546875            1402            1371
75900             194              31     0.037890625    0.0060546875            1402            1371
76000             198              29     0.038671875    0.0056640625            1402            1373
76100             204              26      0.03984375     0.005078125            1403            1377
76200             208              24        0.040625       0.0046875            1405            1381
76300             212              22      0.04140625     0.004296875            1406            1384
76400             206              25     0.040234375    0.0048828125            1410            1385
76500             204              26      0.03984375     0.005078125            1412            1386
76600             210              23     0.041015625    0.0044921875            1413            1390
76700             210              23     0.041015625    0.0044921875            1415            1392
76800             220              18      0.04296875     0.003515625            1415            1397
76900             220              18      0.04296875     0.003515625            1416            1398
77000             216              20       0.0421875      0.00390625            1419            1399
77100             216              20       0.0421875      0.00390625            1421            1401
77200             218              19     0.042578125    0.0037109375            1422            1403
77300             214              21     0.041796875    0.0041015625            1425            1404
77400             210              23     0.041015625    0.0044921875            1429            1406
77500             212              22      0.04140625     0.004296875            1432            1410
77600             208              24        0.040625       0.0046875            1434            1410
77700             204              26      0.03984375     0.005078125            1438            1412
77800             204              26      0.03984375     0.005078125            1440            1414
77900             210              23     0.041015625    0.0044921875            1442            1419
78000             208              24        0.040625       0.0046875            1445            1421
78100             204              26      0.03984375     0.005078125            1448            1422
78200             202              27     0.039453125    0.0052734375            1450            1423
78300             202              27     0.039453125    0.0052734375            1452            1425
78400             200              28       0.0390625      0.00546875            1455            1427
78500             198              29     0.038671875    0.0056640625            1456            1427
78600             198              29     0.038671875    0.0056640625            1458            1429
78700             206              25     0.040234375    0.0048828125            1459            1434
78800             206              25     0.040234375    0.0048828125            1461            1436
78900             198              29     0.038671875    0.0056640625            1468            1439
79000             198              29     0.038671875    0.0056640625            1470            1441
79100             198              29     0.038671875    0.0056640625            1472            1443
79200             192              32          0.0375         0.00625            1477            1445
79300             188              34      0.03671875     0.006640625            1481            1447
79400             188              34      0.03671875     0.006640625            1483            1449
79500             192              32          0.0375         0.00625            1484            1452
79600             196              30      0.03828125     0.005859375            1485            1455
79700             196              30      0.03828125     0.005859375            1489            1459
79800             194              31     0.037890625    0.0060546875            1491            1460
79900             200              28       0.0390625      0.00546875            1491            1463
80000             200              28       0.0390625      0.00546875            1493            1465
80100             204              26      0.03984375     0.005078125            1494            1468
80200             202              27     0.039453125    0.0052734375            1496            1469
80300             206              25     0.040234375    0.0048828125            1496            1471
80400             198              29     0.038671875    0.0056640625            1501            1472
80500             200              28       0.0390625      0.00546875            1503            1475
80600             206              25     0.040234375    0.0048828125            1504            1479
80700             202              27     0.039453125    0.0052734375            1508            1481
80800             204              26      0.03984375     0.005078125            1509            1483
80900             206              25     0.040234375    0.0048828125            1510            1485
81000             204              26      0.03984375     0.005078125            1512            1486
81100             198              29     0.038671875    0.0056640625            1516            1487
81200             196              30      0.03828125     0.005859375            1519            1489
81300             192              32          0.0375         0.00625            1523            1491
81400             196              30      0.03828125     0.005859375            1524            1494
81500             192              32          0.0375         0.00625            1526            1494
81600             192              32          0.0375         0.00625            1527            1495
81700             196              30      0.03828125     0.005859375            1527            1497
81800             198              29     0.038671875    0.0056640625            1528            1499
81900             200              28       0.0390625      0.00546875            1528            1500
82000             198              29     0.038671875    0.0056640625            1530            1501
82100             204              26      0.03984375     0.005078125            1530            1504
82200             204              26      0.03984375     0.005078125            1532            1506
82300             200              28       0.0390625      0.00546875            1535            1507
82400             200              28       0.0390625      0.00546875            1537            1509
82500             198              29     0.038671875    0.0056640625            1541            1512
82600             200              28       0.0390625      0.00546875            1541            1513
82700             196              30      0.03828125     0.005859375            1545            1515
82800             196              30      0.03828125     0.005859375            1546            1516
82900             202              27     0.039453125    0.0052734375            1547            1520
83000             206              25     0.040234375    0.0048828125            1547            1522
83100             208              24        0.040625       0.0046875            1549            1525
83200             210              23     0.041015625    0.0044921875            1549            1526
83300             208              24        0.040625       0.0046875            1551            1527
83400             206              25     0.040234375    0.0048828125            1555            1530
83500             210              23     0.041015625    0.0044921875            1556            1533
83600             210              23     0.041015625    0.0044921875            1558            1535
83700             208              24        0.040625       0.0046875            1559            1535
83800             210              23     0.041015625    0.0044921875            1560            1537
83900             204              26      0.03984375     0.005078125            1563            1537
84000             206              25     0.040234375    0.0048828125            1564            1539
84100             208              24        0.040625       0.0046875            1565            1541
84200             204              26      0.03984375     0.005078125            1569            1543
84300             202              27     0.039453125    0.0052734375            1571            1544
84400             200              28       0.0390625      0.00546875            1572            1544
84500             200              28       0.0390625      0.00546875            1574            1546
84600             200              28       0.0390625      0.00546875            1576            1548
84700             202              27     0.039453125    0.0052734375            1577            1550
84800             206              25     0.040234375    0.0048828125            1577            1552
84900             206              25     0.040234375    0.0048828125            1579            1554
85000             202              27     0.039453125    0.0052734375            1584            1557
85100             198              29     0.038671875    0.0056640625            1588            1559
85200             200              28       0.0390625      0.00546875            1589            1561
85300             206              25     0.040234375    0.0048828125            1590            1565
85400             204              26      0.03984375     0.005078125            1593            1567
85500             202              27     0.039453125    0.0052734375            1595            1568
85600             202              27     0.039453125    0.0052734375            1596            1569
85700             206              25     0.040234375    0.0048828125            1596            1571
85800             206              25     0.040234375    0.0048828125            1597            1572
85900             202              27     0.039453125    0.0052734375            1601            1574
86000             206              25     0.040234375    0.0048828125            1603            1578
86100             204              26      0.03984375     0.005078125            1608            1582
86200             200              28       0.0390625      0.00546875            1610            1582
86300             204              26      0.03984375     0.005078125            1611            1585
86400             208              24        0.040625       0.0046875            1613            1589
86500             206              25     0.040234375    0.0048828125            1615            1590
86600             220              18      0.04296875     0.003515625            1615            1597
86700             228              14      0.04453125     0.002734375            1616            1602
86800             224              16         0.04375        0.003125            1619            1603
86900             228              14      0.04453125     0.002734375            1620            1606
87000             228              14      0.04453125     0.002734375            1621            1607
87100             228              14      0.04453125     0.002734375            1621            1607
87200             232              12       0.0453125      0.00234375            1622            1610
87300             226              15     0.044140625    0.0029296875            1625            1610
87400             222              17     0.043359375    0.0033203125            1627            1610
87500             222              17     0.043359375    0.0033203125            1628            1611
87600             218              19     0.042578125    0.0037109375            1631            1612
87700             212              22      0.04140625     0.004296875            1635            1613
87800             208              24        0.040625       0.0046875            1637            1613
87900             208              24        0.040625       0.0046875            1638            1614
88000             206              25     0.040234375    0.0048828125            1640            1615
88100             208              24        0.040625       0.0046875            1641            1617
88200             210              23     0.041015625    0.0044921875            1642            1619
88300             212              22      0.04140625     0.004296875            1643            1621
88400             212              22      0.04140625     0.004296875            1646            1624
88500             206              25     0.040234375    0.0048828125            1650            1625
88600             208              24        0.040625       0.0046875            1650            1626
88700             210              23     0.041015625    0.0044921875            1653            1630
88800             218              19     0.042578125    0.0037109375            1655            1636
88900             212              22      0.04140625     0.004296875            1658            1636
89000             214              21     0.041796875    0.0041015625            1658            1637
89100             214              21     0.041796875    0.0041015625            1661            1640
89200             220              18      0.04296875     0.003515625            1662            1644
89300             212              22      0.04140625     0.004296875            1667            1645
89400             208              24        0.040625       0.0046875            1670            1646
89500             210              23     0.041015625    0.0044921875            1670            1647
89600             208              24        0.040625       0.0046875            1672            1648
89700             204              26      0.03984375     0.005078125            1675            1649
89800             206              25     0.040234375    0.0048828125            1677            1652
89900             206              25     0.040234375    0.0048828125            1677            1652
90000             206              25     0.040234375    0.0048828125            1678            1653
90100             206              25     0.040234375    0.0048828125            1679            1654
90200             202              27     0.039453125    0.0052734375            1681            1654
90300             208              24        0.040625       0.0046875            1682            1658
90400             210              23     0.041015625    0.0044921875            1684            1661
90500             208              24        0.040625       0.0046875            1686            1662
90600             210              23     0.041015625    0.0044921875            1687            1664
90700             212              22      0.04140625     0.004296875            1688            1666
90800             208              24        0.040625       0.0046875            1690            1666
90900             212              22      0.04140625     0.004296875            1691            1669
91000             210              23     0.041015625    0.0044921875            1695            1672
91100             210              23     0.041015625    0.0044921875            1697            1674
91200             212              22      0.04140625     0.004296875            1697            1675
91300             216              20       0.0421875      0.00390625            1698            1678
91400             216              20       0.0421875      0.00390625            1700            1680
91500             218              19     0.042578125    0.0037109375            1701            1682
91600             210              23     0.041015625    0.0044921875            1705            1682
91700             204              26      0.03984375     0.005078125            1708            1682
91800             210              23     0.041015625    0.0044921875            1708            1685
91900             212              22      0.04140625     0.004296875            1709            1687
92000             208              24        0.040625       0.0046875            1713            1689
92100             214              21     0.041796875    0.0041015625            1713            1692
92200             210              23     0.041015625    0.0044921875            1716            1693
92300             208              24        0.040625       0.0046875            1718            1694
92400             214              21     0.041796875    0.0041015625            1719            1698
92500             212              22      0.04140625     0.004296875            1720            1698
92600             210              23     0.041015625    0.0044921875            1722            1699
92700             210              23     0.041015625    0.0044921875            1724            1701
92800             206              25     0.040234375    0.0048828125            1726            1701
92900             196              30      0.03828125     0.005859375            1732            1702
93000             196              30      0.03828125     0.005859375            1735            1705
93100             200              28       0.0390625      0.00546875            1736            1708
93200             192              32          0.0375         0.00625            1741            1709
93300             188              34      0.03671875     0.006640625            1743            1709
93400             200              28       0.0390625      0.00546875            1743            1715
93500             204              26      0.03984375     0.005078125            1744            1718
93600             198              29     0.038671875    0.0056640625            1747            1718
93700             206              25     0.040234375    0.0048828125            1748            1723
93800             208              24        0.040625       0.0046875            1749            1725
93900             212              22      0.04140625     0.004296875            1749            1727
94000             208              24        0.040625       0.0046875            1751            1727
94100             206              25     0.040234375    0.0048828125            1753            1728
94200             204              26      0.03984375     0.005078125            1754            1728
94300             204              26      0.03984375     0.005078125            1755            1729
94400             200              28       0.0390625      0.00546875            1758            1730
94500             202              27     0.039453125    0.0052734375            1758            1731
94600             204              26      0.03984375     0.005078125            1760            1734
94700             206              25     0.040234375    0.0048828125            1761            1736
94800             208              24        0.040625       0.0046875            1761            1737
94900             206              25     0.040234375    0.0048828125            1762            1737
95000             202              27     0.039453125    0.0052734375            1764            1737
95100             206              25     0.040234375    0.0048828125            1765            1740
95200             206              25     0.040234375    0.0048828125            1767            1742
95300             210              23     0.041015625    0.0044921875            1769            1746
95400             206              25     0.040234375    0.0048828125            1772            1747
95500             202              27     0.039453125    0.0052734375            1775            1748
95600             202              27     0.039453125    0.0052734375            1777            1750
95700             204              26      0.03984375     0.005078125            1780            1754
95800             204              26      0.03984375     0.005078125            1782            1756
95900             204              26      0.03984375     0.005078125            1785            1759
96000             202              27     0.039453125    0.0052734375            1789            1762
96100             212              22      0.04140625     0.004296875            1790            1768
96200             210              23     0.041015625    0.0044921875            1793            1770
96300             204              26      0.03984375     0.005078125            1796            1770
96400             204              26      0.03984375     0.005078125            1798            1772
96500             202              27     0.039453125    0.0052734375            1799            1772
96600             202              27     0.039453125    0.0052734375            1801            1774
96700             202              27     0.039453125    0.0052734375            1803            1776
96800             204              26      0.03984375     0.005078125            1804            1778
96900             206              25     0.040234375    0.0048828125            1806            1781
97000             204              26      0.03984375     0.005078125            1808            1782
97100             208              24        0.040625       0.0046875            1809            1785
97200             208              24        0.040625       0.0046875            1810            1786
97300             212              22      0.04140625     0.004296875            1811            1789
97400             212              22      0.04140625     0.004296875            1814            1792
97500             208              24        0.040625       0.0046875            1817            1793
97600             206              25     0.040234375    0.0048828125            1818            1793
97700             206              25     0.040234375    0.0048828125            1821            1796
97800             206              25     0.040234375    0.0048828125            1823            1798
97900             208              24        0.040625       0.0046875            1824            1800
98000             210              23     0.041015625    0.0044921875            1826            1803
98100             206              25     0.040234375    0.0048828125            1828            1803
98200             210              23     0.041015625    0.0044921875            1828            1805
98300             210              23     0.041015625    0.0044921875            1830            1807
98400             204              26      0.03984375     0.005078125            1834            1808
98500             202              27     0.039453125    0.0052734375            1836            1809
98600             208              24        0.040625       0.0046875            1838            1814
98700             214              21     0.041796875    0.0041015625            1839            1818
98800             214              21     0.041796875    0.0041015625            1842            1821
98900             218              19     0.042578125    0.0037109375            1844            1825
99000             216              20       0.0421875      0.00390625            1847            1827
99100             212              22      0.04140625     0.004296875            1849            1827
99200             204              26      0.03984375     0.005078125            1853            1827
99300             206              25     0.040234375    0.0048828125            1853            1828
99400             208              24        0.040625       0.0046875            1854            1830
99500             204              26      0.03984375     0.005078125            1860            1834
99600             204              26      0.03984375     0.005078125            1862            1836
99700             204              26      0.03984375     0.005078125            1863            1837
99800             206              25     0.040234375    0.0048828125            1866            1841
99900             214              21     0.041796875    0.0041015625            1866            1845
100000             210              23     0.041015625    0.0044921875            1868            1845
