# Time-averaged data for fix observ
# TimeStep v_nfree v_ndimer v_cfree v_cdimer f_kinetics[2] f_kinetics[3]
0             256               0            0.05               0               0               0
100             252               2      0.04921875     0.000390625               2               0
200             250               3     0.048828125    0.0005859375               3               0
300             238               9     0.046484375    0.0017578125               9               0
400             238               9     0.046484375    0.0017578125              11               2
500             238               9     0.046484375    0.0017578125              13               4
600             232              12       0.0453125      0.00234375              17               5
700             232              12       0.0453125      0.00234375              17               5
800             232              12       0.0453125      0.00234375              19               7
900             224              16         0.04375        0.003125              23               7
1000             224              16         0.04375        0.003125              25               9
1100             226              15     0.044140625    0.0029296875              26              11
1200             224              16         0.04375        0.003125              29              13
1300             222              17     0.043359375    0.0033203125              31              14
1400             220              18      0.04296875     0.003515625              33              15
1500             218              19     0.042578125    0.0037109375              35              16
1600             220              18      0.04296875     0.003515625              38              20
1700             220              18      0.04296875     0.003515625              39              21
1800             220              18      0.04296875     0.003515625              43              25
1900             218              19     0.042578125    0.0037109375              45              26
2000             216              20       0.0421875      0.00390625              46              26
2100             220              18      0.04296875     0.003515625              47              29
2200             222              17     0.043359375    0.0033203125              48              31
2300             216              20       0.0421875      0.00390625              53              33
2400             210              23     0.041015625    0.0044921875              56              33
2500             216              20       0.0421875      0.00390625              57              37
2600             210              23     0.041015625    0.0044921875              62              39
2700             206              25     0.040234375    0.0048828125              66              41
2800             206              25     0.040234375    0.0048828125              69              44
2900             210              23     0.041015625    0.0044921875              71              48
3000             214              21     0.041796875    0.0041015625              71              50
3100             216              20       0.0421875      0.00390625              73              53
3200             216              20       0.0421875      0.00390625              78              58
3300             214              21     0.041796875    0.0041015625              80              59
3400             210              23     0.041015625    0.0044921875              82              59
3500             214              21     0.041796875    0.0041015625              83              62
3600             212              22      0.04140625     0.004296875              85              63
3700             212              22      0.04140625     0.004296875              86              64
3800             210              23     0.041015625    0.0044921875              87              64
3900             214              21     0.041796875    0.0041015625              87              66
4000             214              21     0.041796875    0.0041015625              87              66
4100             216              20       0.0421875      0.00390625              88              68
4200             212              22      0.04140625     0.004296875              90              68
4300             206              25     0.040234375    0.0048828125              94              69
4400             202              27     0.039453125    0.0052734375              96              69
4500             210              23     0.041015625    0.0044921875              97              74
4600             214              21     0.041796875    0.0041015625              98              77
4700             220              18      0.04296875     0.003515625              99              81
4800             218              19     0.042578125    0.0037109375             101              82
4900             218              19     0.042578125    0.0037109375             102              83
5000             218              19     0.042578125    0.0037109375             102              83
5100             214              21     0.041796875    0.0041015625             106              85
5200             214              21     0.041796875    0.0041015625             107              86
5300             212              22      0.04140625     0.004296875             108              86
5400             218              19     0.042578125    0.0037109375             108              89
5500             216              20       0.0421875      0.00390625             110              90
5600             210              23     0.041015625    0.0044921875             114              91
5700             206              25     0.040234375    0.0048828125             117              92
5800             206              25     0.040234375    0.0048828125             120              95
5900             210              23     0.041015625    0.0044921875             121              98
6000             210              23     0.041015625    0.0044921875             122              99
6100             210              23     0.041015625    0.0044921875             124             101
6200             212              22      0.04140625     0.004296875             125             103
6300             212              22      0.04140625     0.004296875             128             106
6400             214              21     0.041796875    0.0041015625             129             108
6500             212              22      0.04140625     0.004296875             133             111
6600             204              26      0.03984375     0.005078125             140             114
6700             204              26      0.03984375     0.005078125             143             117
6800             214              21     0.041796875    0.0041015625             143             122
6900             218              19     0.042578125    0.0037109375             144             125
7000             222              17     0.043359375    0.0033203125             144             127
7100             224              16         0.04375        0.003125             146             130
7200             218              19     0.042578125    0.0037109375             151             132
7300             210              23     0.041015625    0.0044921875             155             132
7400             212              22      0.04140625     0.004296875             157             135
7500             212              22      0.04140625     0.004296875             158             136
7600             210              23     0.041015625    0.0044921875             160             137
7700             214              21     0.041796875    0.0041015625             160             139
7800             216              20       0.0421875      0.00390625             160             140
7900             214              21     0.041796875    0.0041015625             161             140
8000             218              19     0.042578125    0.0037109375             161             142
8100             220              18      0.04296875     0.003515625             162             144
8200             214              21     0.041796875    0.0041015625             166             145
8300             210              23     0.041015625    0.0044921875             171             148
8400             210              23     0.041015625    0.0044921875             173             150
8500             212              22      0.04140625     0.004296875             174             152
8600             212              22      0.04140625     0.004296875             176             154
8700             214              21     0.041796875    0.0041015625             177             156
8800             218              19     0.042578125    0.0037109375             177             158
8900             214              21     0.041796875    0.0041015625             179             158
9000             220              18      0.04296875     0.003515625             179             161
9100             224              16         0.04375        0.003125             180             164
9200             220              18      0.04296875     0.003515625             182             164
9300             218              19     0.042578125    0.0037109375             184             165
9400             216              20       0.0421875      0.00390625             185             165
9500             216              20       0.0421875      0.00390625             187             167
9600             214              21     0.041796875    0.0041015625             190             169
9700             214              21     0.041796875    0.0041015625             191             170
9800             214              21     0.041796875    0.0041015625             192             171
9900             210              23     0.041015625    0.0044921875             196             173
10000             214              21     0.041796875    0.0041015625             197             176
10100             218              19     0.042578125    0.0037109375             197             178
10200             218              19     0.042578125    0.0037109375             199             180
10300             220              18      0.04296875     0.003515625             200             182
10400             224              16         0.04375        0.003125             202             186
10500             216              20       0.0421875      0.00390625             206             186
10600             218              19     0.042578125    0.0037109375             208             189
10700             218              19     0.042578125    0.0037109375             210             191
10800             216              20       0.0421875      0.00390625             213             193
10900             218              19     0.042578125    0.0037109375             214             195
11000             218              19     0.042578125    0.0037109375             214             195
11100             216              20       0.0421875      0.00390625             216             196
11200             220              18      0.04296875     0.003515625             216             198
11300             220              18      0.04296875     0.003515625             220             202
11400             216              20       0.0421875      0.00390625             222             202
11500             222              17     0.043359375    0.0033203125             223             206
11600             222              17     0.043359375    0.0033203125             224             207
11700             224              16         0.04375        0.003125             225             209
11800             224              16         0.04375        0.003125             226             210
11900             220              18      0.04296875     0.003515625             229             211
12000             218              19     0.042578125    0.0037109375             231             212
12100             220              18      0.04296875     0.003515625             232             214
12200             214              21     0.041796875    0.0041015625             235             214
12300             218              19     0.042578125    0.0037109375             236             217
12400             224              16         0.04375        0.003125             237             221
12500             228              14      0.04453125     0.002734375             237             223
12600             228              14      0.04453125     0.002734375             237             223
12700             222              17     0.043359375    0.0033203125             241             224
12800             218              19     0.042578125    0.0037109375             243             224
12900             216              20       0.0421875      0.00390625             245             225
13000             214              21     0.041796875    0.0041015625             246             225
13100             212              22      0.04140625     0.004296875             248             226
13200             206              25     0.040234375    0.0048828125             251             226
13300             208              24        0.040625       0.0046875             253             229
13400             210              23     0.041015625    0.0044921875             255             232
13500             206              25     0.040234375    0.0048828125             260             235
13600             208              24        0.040625       0.0046875             260             236
13700             206              25     0.040234375    0.0048828125             262             237
13800             204              26      0.03984375     0.005078125             264             238
13900             208              24        0.040625       0.0046875             266             242
14000             208              24        0.040625       0.0046875             267             243
14100             206              25     0.040234375    0.0048828125             269             244
14200             200              28       0.0390625      0.00546875             272             244
14300             204              26      0.03984375     0.005078125             273             247
14400             204              26      0.03984375     0.005078125             274             248
14500             202              27     0.039453125    0.0052734375             276             249
14600             202              27     0.039453125    0.0052734375             277             250
14700             202              27     0.039453125    0.0052734375             281             254
14800             200              28       0.0390625      0.00546875             285             257
14900             198              29     0.038671875    0.0056640625             287             258
15000             202              27     0.039453125    0.0052734375             287             260
15100             208              24        0.040625       0.0046875             288             264
15200             212              22      0.04140625     0.004296875             290             268
15300             210              23     0.041015625    0.0044921875             292             269
15400             212              22      0.04140625     0.004296875             294             272
15500             214              21     0.041796875    0.0041015625             297             276
15600             210              23     0.041015625    0.0044921875             299             276
15700             210              23     0.041015625    0.0044921875             300             277
15800             206              25     0.040234375    0.0048828125             304             279
15900             204              26      0.03984375     0.005078125             307             281
16000             202              27     0.039453125    0.0052734375             311             284
16100             200              28       0.0390625      0.00546875             313             285
16200             202              27     0.039453125    0.0052734375             315             288
16300             204              26      0.03984375     0.005078125             316             290
16400             204              26      0.03984375     0.005078125             318             292
16500             202              27     0.039453125    0.0052734375             319             292
16600             202              27     0.039453125    0.0052734375             321             294
16700             198              29     0.038671875    0.0056640625             324             295
16800             200              28       0.0390625      0.00546875             326             298
16900             194              31     0.037890625    0.0060546875             330             299
17000             196              30      0.03828125     0.005859375             333             303
17100             198              29     0.038671875    0.0056640625             333             304
17200             200              28       0.0390625      0.00546875             334             306
17300             204              26      0.03984375     0.005078125             334             308
17400             208              24        0.040625       0.0046875             336             312
17500             202              27     0.039453125    0.0052734375             339             312
17600             208              24        0.040625       0.0046875             339             315
17700             208              24        0.040625       0.0046875             340             316
17800             208              24        0.040625       0.0046875             341             317
17900             210              23     0.041015625    0.0044921875             342             319
18000             208              24        0.040625       0.0046875             345             321
18100             210              23     0.041015625    0.0044921875             347             324
18200             212              22      0.04140625     0.004296875             348             326
18300             208              24        0.040625       0.0046875             350             326
18400             214              21     0.041796875    0.0041015625             350             329
18500             212              22      0.04140625     0.004296875             354             332
18600             210              23     0.041015625    0.0044921875             356             333
18700             210              23     0.041015625    0.0044921875             358             335
18800             220              18      0.04296875     0.003515625             359             341
18900             216              20       0.0421875      0.00390625             364             344
19000             210              23     0.041015625    0.0044921875             367             344
19100             212              22      0.04140625     0.004296875             368             346
19200             218              19     0.042578125    0.0037109375             369             350
19300             214              21     0.041796875    0.0041015625             371             350
19400             216              20       0.0421875      0.00390625             372             352
19500             218              19     0.042578125    0.0037109375             374             355
19600             218              19     0.042578125    0.0037109375             376             357
19700             218              19     0.042578125    0.0037109375             378             359
19800             216              20       0.0421875      0.00390625             379             359
19900             218              19     0.042578125    0.0037109375             380             361
20000             222              17     0.043359375    0.0033203125             381             364
20100             216              20       0.0421875      0.00390625             385             365
20200             214              21     0.041796875    0.0041015625             387             366
20300             216              20       0.0421875      0.00390625             389             369
20400             218              19     0.042578125    0.0037109375             391             372
20500             216              20       0.0421875      0.00390625             393             373
20600             218              19     0.042578125    0.0037109375             395             376
20700             218              19     0.042578125    0.0037109375             397             378
20800             216              20       0.0421875      0.00390625             398             378
20900             212              22      0.04140625     0.004296875             400             378
21000             212              22      0.04140625     0.004296875             401             379
21100             212              22      0.04140625     0.004296875             403             381
21200             208              24        0.040625       0.0046875             406             382
21300             210              23     0.041015625    0.0044921875             407             384
21400             210              23     0.041015625    0.0044921875             409             386
21500             210              23     0.041015625    0.0044921875             410             387
21600             206              25     0.040234375    0.0048828125             413             388
21700             212              22      0.04140625     0.004296875             413             391
21800             212              22      0.04140625     0.004296875             416             394
21900             210              23     0.041015625    0.0044921875             417             394
22000             210              23     0.041015625    0.0044921875             419             396
22100             212              22      0.04140625     0.004296875             420             398
22200             210              23     0.041015625    0.0044921875             421             398
22300             212              22      0.04140625     0.004296875             423             401
22400             210              23     0.041015625    0.0044921875             428             405
22500             204              26      0.03984375     0.005078125             431             405
22600             204              26      0.03984375     0.005078125             432             406
22700             202              27     0.039453125    0.0052734375             435             408
22800             200              28       0.0390625      0.00546875             439             411
22900             200              28       0.0390625      0.00546875             440             412
23000             206              25     0.040234375    0.0048828125             441             416
23100             208              24        0.040625       0.0046875             442             418
23200             206              25     0.040234375    0.0048828125             445             420
23300             202              27     0.039453125    0.0052734375             448             421
23400             218              19     0.042578125    0.0037109375             448             429
23500             214              21     0.041796875    0.0041015625             451             430
23600             214              21     0.041796875    0.0041015625             454             433
23700             218              19     0.042578125    0.0037109375             455             436
23800             212              22      0.04140625     0.004296875             459             437
23900             214              21     0.041796875    0.0041015625             460             439
24000             216              20       0.0421875      0.00390625             461             441
24100             216              20       0.0421875      0.00390625             462             442
24200             212              22      0.04140625     0.004296875             464             442
24300             212              22      0.04140625     0.004296875             466             444
24400             212              22      0.04140625     0.004296875             468             446
24500             206              25     0.040234375    0.0048828125             471             446
24600             208              24        0.040625       0.0046875             474             450
24700             214              21     0.041796875    0.0041015625             475             454
24800             210              23     0.041015625    0.0044921875             478             455
24900             212              22      0.04140625     0.004296875             478             456
25000             214              21     0.041796875    0.0041015625             479             458
25100             214              21     0.041796875    0.0041015625             480             459
25200             212              22      0.04140625     0.004296875             483             461
25300             212              22      0.04140625     0.004296875             485             463
25400             214              21     0.041796875    0.0041015625             487             466
25500             206              25     0.040234375    0.0048828125             491             466
25600             210              23     0.041015625    0.0044921875             492             469
25700             210              23     0.041015625    0.0044921875             494             471
25800             216              20       0.0421875      0.00390625             495             475
25900             214              21     0.041796875    0.0041015625             498             477
26000             212              22      0.04140625     0.004296875             501             479
26100             212              22      0.04140625     0.004296875             503             481
26200             214              21     0.041796875    0.0041015625             504             483
26300             212              22      0.04140625     0.004296875             507             485
26400             212              22      0.04140625     0.004296875             508             486
26500             214              21     0.041796875    0.0041015625             510             489
26600             206              25     0.040234375    0.0048828125             514             489
26700             208              24        0.040625       0.0046875             515             491
26800             202              27     0.039453125    0.0052734375             520             493
26900             204              26      0.03984375     0.005078125             521             495
27000             204              26      0.03984375     0.005078125             522             496
27100             208              24        0.040625       0.0046875             523             499
27200             218              19     0.042578125    0.0037109375             523             504
27300             218              19     0.042578125    0.0037109375             524             505
27400             216              20       0.0421875      0.00390625             527             507
27500             212              22      0.04140625     0.004296875             531             509
27600             206              25     0.040234375    0.0048828125             535             510
27700             204              26      0.03984375     0.005078125             537             511
27800             210              23     0.041015625    0.0044921875             538             515
27900             208              24        0.040625       0.0046875             541             517
28000             210              23     0.041015625    0.0044921875             542             519
28100             208              24        0.040625       0.0046875             543             519
28200             210              23     0.041015625    0.0044921875             545             522
28300             210              23     0.041015625    0.0044921875             546             523
28400             206              25     0.040234375    0.0048828125             549             524
28500             206              25     0.040234375    0.0048828125             550             525
28600             206              25     0.040234375    0.0048828125             552             527
28700             204              26      0.03984375     0.005078125             554             528
28800             204              26      0.03984375     0.005078125             556             530
28900             204              26      0.03984375     0.005078125             559             533
29000             210              23     0.041015625    0.0044921875             560             537
29100             212              22      0.04140625     0.004296875             561             539
29200             216              20       0.0421875      0.00390625             561             541
29300             212              22      0.04140625     0.004296875             563             541
29400             204              26      0.03984375     0.005078125             569             543
29500             206              25     0.040234375    0.0048828125             571             546
29600             204              26      0.03984375     0.005078125             573             547
29700             204              26      0.03984375     0.005078125             575             549
29800             202              27     0.039453125    0.0052734375             578             551
29900             202              27     0.039453125    0.0052734375             581             554
30000             200              28       0.0390625      0.00546875             582             554
30100             208              24        0.040625       0.0046875             583             559
30200             210              23     0.041015625    0.0044921875             584             561
30300             204              26      0.03984375     0.005078125             587             561
30400             206              25     0.040234375    0.0048828125             591             566
30500             200              28       0.0390625      0.00546875             596             568
30600             206              25     0.040234375    0.0048828125             597             572
30700             204              26      0.03984375     0.005078125             599             573
30800             206              25     0.040234375    0.0048828125             599             574
30900             202              27     0.039453125    0.0052734375             603             576
31000             190              33     0.037109375    0.0064453125             609             576
31100             192              32          0.0375         0.00625             611             579
31200             194              31     0.037890625    0.0060546875             612             581
31300             196              30      0.03828125     0.005859375             613             583
31400             196              30      0.03828125     0.005859375             615             585
31500             200              28       0.0390625      0.00546875             618             590
31600             202              27     0.039453125    0.0052734375             619             592
31700             208              24        0.040625       0.0046875             621             597
31800             204              26      0.03984375     0.005078125             623             597
31900             206              25     0.040234375    0.0048828125             624             599
32000             202              27     0.039453125    0.0052734375             627             600
32100             200              28       0.0390625      0.00546875             629             601
32200             202              27     0.039453125    0.0052734375             629             602
32300             202              27     0.039453125    0.0052734375             630             603
32400             202              27     0.039453125    0.0052734375             632             605
32500             198              29     0.038671875    0.0056640625             635             606
32600             196              30      0.03828125     0.005859375             637             607
32700             202              27     0.039453125    0.0052734375             637             610
32800             200              28       0.0390625      0.00546875             639             611
32900             202              27     0.039453125    0.0052734375             640             613
33000             202              27     0.039453125    0.0052734375             641             614
33100             204              26      0.03984375     0.005078125             642             616
33200             194              31     0.037890625    0.0060546875             647             616
33300             190              33     0.037109375    0.0064453125             650             617
33400             192              32          0.0375         0.00625             653             621
33500             196              30      0.03828125     0.005859375             654             624
33600             196              30      0.03828125     0.005859375             657             627
33700             202              27     0.039453125    0.0052734375             658             631
33800             200              28       0.0390625      0.00546875             660             632
33900             206              25     0.040234375    0.0048828125             661             636
34000             204              26      0.03984375     0.005078125             662             636
34100             204              26      0.03984375     0.005078125             664             638
34200             204              26      0.03984375     0.005078125             665             639
34300             202              27     0.039453125    0.0052734375             668             641
34400             202              27     0.039453125    0.0052734375             670             643
34500             198              29     0.038671875    0.0056640625             672             643
34600             198              29     0.038671875    0.0056640625             674             645
34700             208              24        0.040625       0.0046875             676             652
34800             208              24        0.040625       0.0046875             680             656
34900             206              25     0.040234375    0.0048828125             683             658
35000             210              23     0.041015625    0.0044921875             684             661
35100             214              21     0.041796875    0.0041015625             686             665
35200             220              18      0.04296875     0.003515625             686             668
35300             216              20       0.0421875      0.00390625             689             669
35400             220              18      0.04296875     0.003515625             689             671
35500             220              18      0.04296875     0.003515625             690             672
35600             220              18      0.04296875     0.003515625             692             674
35700             220              18      0.04296875     0.003515625             693             675
35800             220              18      0.04296875     0.003515625             694             676
35900             220              18      0.04296875     0.003515625             696             678
36000             220              18      0.04296875     0.003515625             698             680
36100             216              20       0.0421875      0.00390625             700             680
36200             212              22      0.04140625     0.004296875             702             680
36300             218              19     0.042578125    0.0037109375             703             684
36400             220              18      0.04296875     0.003515625             704             686
36500             212              22      0.04140625     0.004296875             709             687
36600             206              25     0.040234375    0.0048828125             712             687
36700             212              22      0.04140625     0.004296875             714             692
36800             218              19     0.042578125    0.0037109375             714             695
36900             216              20       0.0421875      0.00390625             716             696
37000             214              21     0.041796875    0.0041015625             718             697
37100             214              21     0.041796875    0.0041015625             720             699
37200             214              21     0.041796875    0.0041015625             722             701
37300             212              22      0.04140625     0.004296875             723             701
37400             212              22      0.04140625     0.004296875             726             704
37500             212              22      0.04140625     0.004296875             728             706
37600             208              24        0.040625       0.0046875             730             706
37700             204              26      0.03984375     0.005078125             732             706
37800             202              27     0.039453125    0.0052734375             735             708
37900             200              28       0.0390625      0.00546875             736             708
38000             198              29     0.038671875    0.0056640625             738             709
38100             196              30      0.03828125     0.005859375             739             709
38200             196              30      0.03828125     0.005859375             740             710
38300             190              33     0.037109375    0.0064453125             744             711
38400             192              32          0.0375         0.00625             744             712
38500             190              33     0.037109375    0.0064453125             749             716
38600             194              31     0.037890625    0.0060546875             751             720
38700             202              27     0.039453125    0.0052734375             752             725
38800             204              26      0.03984375     0.005078125             753             727
38900             206              25     0.040234375    0.0048828125             754             729
39000             206              25     0.040234375    0.0048828125             757             732
39100             208              24        0.040625       0.0046875             758             734
39200             206              25     0.040234375    0.0048828125             760             735
39300             206              25     0.040234375    0.0048828125             761             736
39400             212              22      0.04140625     0.004296875             763             741
39500             212              22      0.04140625     0.004296875             765             743
39600             206              25     0.040234375    0.0048828125             768             743
39700             210              23     0.041015625    0.0044921875             768             745
39800             210              23     0.041015625    0.0044921875             768             745
39900             214              21     0.041796875    0.0041015625             768             747
40000             212              22      0.04140625     0.004296875             769             747
40100             210              23     0.041015625    0.0044921875             772             749
40200             210              23     0.041015625    0.0044921875             773             750
40300             206              25     0.040234375    0.0048828125             776             751
40400             204              26      0.03984375     0.005078125             777             751
40500             202              27     0.039453125    0.0052734375             779             752
40600             206              25     0.040234375    0.0048828125             780             755
40700             206              25     0.040234375    0.0048828125             781             756
40800             206              25     0.040234375    0.0048828125             783             758
40900             206              25     0.040234375    0.0048828125             785             760
41000             210              23     0.041015625    0.0044921875             785             762
41100             210              23     0.041015625    0.0044921875             786             763
41200             196              30      0.03828125     0.005859375             793             763
41300             196              30      0.03828125     0.005859375             794             764
41400             196              30      0.03828125     0.005859375             794             764
41500             198              29     0.038671875    0.0056640625             795             766
41600             200              28       0.0390625      0.00546875             795             767
41700             194              31     0.037890625    0.0060546875             800             769
41800             198              29     0.038671875    0.0056640625             800             771
41900             196              30      0.03828125     0.005859375             803             773
42000             200              28       0.0390625      0.00546875             805             777
42100             198              29     0.038671875    0.0056640625             806             777
42200             194              31     0.037890625    0.0060546875             810             779
42300             198              29     0.038671875    0.0056640625             811             782
42400             198              29     0.038671875    0.0056640625             812             783
42500             200              28       0.0390625      0.00546875             814             786
42600             206              25     0.040234375    0.0048828125             815             790
42700             206              25     0.040234375    0.0048828125             817             792
42800             200              28       0.0390625      0.00546875             820             792
42900             208              24        0.040625       0.0046875             821             797
43000             208              24        0.040625       0.0046875             822             798
43100             204              26      0.03984375     0.005078125             825             799
43200             204              26      0.03984375     0.005078125             829             803
43300             200              28       0.0390625      0.00546875             831             803
43400             198              29     0.038671875    0.0056640625             834             805
43500             198              29     0.038671875    0.0056640625             835             806
43600             204              26      0.03984375     0.005078125             836             810
43700             212              22      0.04140625     0.004296875             837             815
43800             208              24        0.040625       0.0046875             840             816
43900             208              24        0.040625       0.0046875             841             817
44000             210              23     0.041015625    0.0044921875             842             819
44100             206              25     0.040234375    0.0048828125             845             820
44200             206              25     0.040234375    0.0048828125             846             821
44300             202              27     0.039453125    0.0052734375             851             824
44400             196              30      0.03828125     0.005859375             855             825
44500             200              28       0.0390625      0.00546875             856             828
44600             198              29     0.038671875    0.0056640625             859             830
44700             198              29     0.038671875    0.0056640625             859             830
44800             200              28       0.0390625      0.00546875             860             832
44900             202              27     0.039453125    0.0052734375             861             834
45000             204              26      0.03984375     0.005078125             863             837
45100             204              26      0.03984375     0.005078125             864             838
45200             204              26      0.03984375     0.005078125             867             841
45300             206              25     0.040234375    0.0048828125             871             846
45400             208              24        0.040625       0.0046875             871             847
45500             210              23     0.041015625    0.0044921875             873             850
45600             212              22      0.04140625     0.004296875             874             852
45700             214              21     0.041796875    0.0041015625             877             856
45800             216              20       0.0421875      0.00390625             878             858
45900             208              24        0.040625       0.0046875             883             859
46000             212              22      0.04140625     0.004296875             884             862
46100             214              21     0.041796875    0.0041015625             887             866
46200             206              25     0.040234375    0.0048828125             891             866
46300             206              25     0.040234375    0.0048828125             892             867
46400             210              23     0.041015625    0.0044921875             893             870
46500             216              20       0.0421875      0.00390625             894             874
46600             216              20       0.0421875      0.00390625             896             876
46700             216              20       0.0421875      0.00390625             898             878
46800             216              20       0.0421875      0.00390625             899             879
46900             214              21     0.041796875    0.0041015625             901             880
47000             214              21     0.041796875    0.0041015625             902             881
47100             214              21     0.041796875    0.0041015625             904             883
47200             214              21     0.041796875    0.0041015625             906             885
47300             218              19     0.042578125    0.0037109375             906             887
47400             220              18      0.04296875     0.003515625             908             890
47500             220              18      0.04296875     0.003515625             909             891
47600             218              19     0.042578125    0.0037109375             910             891
47700             220              18      0.04296875     0.003515625             911             893
47800             214              21     0.041796875    0.0041015625             914             893
47900             218              19     0.042578125    0.0037109375             914             895
48000             220              18      0.04296875     0.003515625             916             898
48100             216              20       0.0421875      0.00390625             923             903
48200             218              19     0.042578125    0.0037109375             923             904
48300             222              17     0.043359375    0.0033203125             924             907
48400             220              18      0.04296875     0.003515625             926             908
48500             226              15     0.044140625    0.0029296875             926             911
48600             226              15     0.044140625    0.0029296875             927             912
48700             220              18      0.04296875     0.003515625             931             913
48800             222              17     0.043359375    0.0033203125             933             916
48900             222              17     0.043359375    0.0033203125             934             917
49000             222              17     0.043359375    0.0033203125             935             918
49100             216              20       0.0421875      0.00390625             939             919
49200             214              21     0.041796875    0.0041015625             944             923
49300             208              24        0.040625       0.0046875             948             924
49400             210              23     0.041015625    0.0044921875             948             925
49500             212              22      0.04140625     0.004296875             948             926
49600             216              20       0.0421875      0.00390625             950             930
49700             220              18      0.04296875     0.003515625             950             932
49800             218              19     0.042578125    0.0037109375             951             932
49900             218              19     0.042578125    0.0037109375             951             932
50000             216              20       0.0421875      0.00390625             955             935
50100             218              19     0.042578125    0.0037109375             955             936
50200             218              19     0.042578125    0.0037109375             955             936
50300             220              18      0.04296875     0.003515625             955             937
50400             216              20       0.0421875      0.00390625             958             938
50500             216              20       0.0421875      0.00390625             958             938
50600             218              19     0.042578125    0.0037109375             959             940
50700             216              20       0.0421875      0.00390625             961             941
50800             214              21     0.041796875    0.0041015625             965             944
50900             218              19     0.042578125    0.0037109375             965             946
51000             216              20       0.0421875      0.00390625             967             947
51100             214              21     0.041796875    0.0041015625             968             947
51200             212              22      0.04140625     0.004296875             970             948
51300             216              20       0.0421875      0.00390625             972             952
51400             222              17     0.043359375    0.0033203125             973             956
51500             218              19     0.042578125    0.0037109375             976             957
51600             216              20       0.0421875      0.00390625             979             959
51700             210              23     0.041015625    0.0044921875             984             961
51800             212              22      0.04140625     0.004296875             986             964
51900             208              24        0.040625       0.0046875             989             965
52000             210              23     0.041015625    0.0044921875             991             968
52100             210              23     0.041015625    0.0044921875             993             970
52200             210              23     0.041015625    0.0044921875             994             971
52300             212              22      0.04140625     0.004296875             996             974
52400             214              21     0.041796875    0.0041015625             996             975
52500             212              22      0.04140625     0.004296875             999             977
52600             208              24        0.040625       0.0046875            1002             978
52700             202              27     0.039453125    0.0052734375            1005             978
52800             208              24        0.040625       0.0046875            1005             981
52900             212              22      0.04140625     0.004296875            1005             983
53000             204              26      0.03984375     0.005078125            1009             983
53100             202              27     0.039453125    0.0052734375            1011             984
53200             204              26      0.03984375     0.005078125            1012             986
53300             200              28       0.0390625      0.00546875            1016             988
53400             208              24        0.040625       0.0046875            1016             992
53500             214              21     0.041796875    0.0041015625            1018             997
53600             206              25     0.040234375    0.0048828125            1025            1000
53700             202              27     0.039453125    0.0052734375            1028            1001
53800             204              26      0.03984375     0.005078125            1029            1003
53900             204              26      0.03984375     0.005078125            1033            1007
54000             200              28       0.0390625      0.00546875            1035            1007
54100             202              27     0.039453125    0.0052734375            1037            1010
54200             198              29     0.038671875    0.0056640625            1040            1011
54300             196              30      0.03828125     0.005859375            1042            1012
54400             196              30      0.03828125     0.005859375            1046            1016
54500             194              31     0.037890625    0.0060546875            1048            1017
54600             200              28       0.0390625      0.00546875            1050            1022
54700             200              28       0.0390625      0.00546875            1052            1024
54800             208              24        0.040625       0.0046875            1054            1030
54900             204              26      0.03984375     0.005078125            1057            1031
55000             206              25     0.040234375    0.0048828125            1058            1033
55100             200              28       0.0390625      0.00546875            1062            1034
55200             210              23     0.041015625    0.0044921875            1066            1043
55300             214              21     0.041796875    0.0041015625            1067            1046
55400             216              20       0.0421875      0.00390625            1068            1048
55500             224              16         0.04375        0.003125            1069            1053
55600             224              16         0.04375        0.003125            1070            1054
55700             214              21     0.041796875    0.0041015625            1077            1056
55800             210              23     0.041015625    0.0044921875            1079            1056
55900             220              18      0.04296875     0.003515625            1079            1061
56000             226              15     0.044140625    0.0029296875            1079            1064
56100             226              15     0.044140625    0.0029296875            1081            1066
56200             222              17     0.043359375    0.0033203125            1084            1067
56300             218              19     0.042578125    0.0037109375            1087            1068
56400             214              21     0.041796875    0.0041015625            1093            1072
56500             208              24        0.040625       0.0046875            1097            1073
56600             212              22      0.04140625     0.004296875            1098            1076
56700             212              22      0.04140625     0.004296875            1100            1078
56800             210              23     0.041015625    0.0044921875            1101            1078
56900             210              23     0.041015625    0.0044921875            1103            1080
57000             220              18      0.04296875     0.003515625            1103            1085
57100             224              16         0.04375        0.003125            1104            1088
57200             224              16         0.04375        0.003125            1105            1089
57300             216              20       0.0421875      0.00390625            1109            1089
57400             218              19     0.042578125    0.0037109375            1110            1091
57500             208              24        0.040625       0.0046875            1115            1091
57600             202              27     0.039453125    0.0052734375            1118            1091
57700             202              27     0.039453125    0.0052734375            1119            1092
57800             206              25     0.040234375    0.0048828125            1119            1094
57900             206              25     0.040234375    0.0048828125            1119            1094
58000             206              25     0.040234375    0.0048828125            1121            1096
58100             210              23     0.041015625    0.0044921875            1121            1098
58200             212              22      0.04140625     0.004296875            1121            1099
58300             216              20       0.0421875      0.00390625            1122            1102
58400             214              21     0.041796875    0.0041015625            1124            1103
58500             214              21     0.041796875    0.0041015625            1126            1105
58600             210              23     0.041015625    0.0044921875            1128            1105
58700             214              21     0.041796875    0.0041015625            1128            1107
58800             214              21     0.041796875    0.0041015625            1130            1109
58900             216              20       0.0421875      0.00390625            1131            1111
59000             214              21     0.041796875    0.0041015625            1133            1112
59100             212              22      0.04140625     0.004296875            1134            1112
59200             210              23     0.041015625    0.0044921875            1137            1114
59300             202              27     0.039453125    0.0052734375            1142            1115
59400             202              27     0.039453125    0.0052734375            1143            1116
59500             204              26      0.03984375     0.005078125            1144            1118
59600             202              27     0.039453125    0.0052734375            1145            1118
59700             202              27     0.039453125    0.0052734375            1147            1120
59800             196              30      0.03828125     0.005859375            1151            1121
59900             194              31     0.037890625    0.0060546875            1152            1121
60000             194              31     0.037890625    0.0060546875            1153            1122
60100             196              30      0.03828125     0.005859375            1154            1124
60200             200              28       0.0390625      0.00546875            1154            1126
60300             198              29     0.038671875    0.0056640625            1156            1127
60400             202              27     0.039453125    0.0052734375            1157            1130
60500             198              29     0.038671875    0.0056640625            1159            1130
60600             200              28       0.0390625      0.00546875            1159            1131
60700             200              28       0.0390625      0.00546875            1161            1133
60800             200              28       0.0390625      0.00546875            1161            1133
60900             204              26      0.03984375     0.005078125            1162            1136
61000             210              23     0.041015625    0.0044921875            1164            1141
61100             210              23     0.041015625    0.0044921875            1165            1142
61200             208              24        0.040625       0.0046875            1167            1143
61300             212              22      0.04140625     0.004296875            1169            1147
61400             210              23     0.041015625    0.0044921875            1173            1150
61500             208              24        0.040625       0.0046875            1174            1150
61600             210              23     0.041015625    0.0044921875            1176            1153
61700             210              23     0.041015625    0.0044921875            1178            1155
61800             208              24        0.040625       0.0046875            1180            1156
61900             210              23     0.041015625    0.0044921875            1181            1158
62000             204              26      0.03984375     0.005078125            1184            1158
62100             202              27     0.039453125    0.0052734375            1186            1159
62200             200              28       0.0390625      0.00546875            1187            1159
62300             204              26      0.03984375     0.005078125            1189            1163
62400             206              25     0.040234375    0.0048828125            1189            1164
62500             208              24        0.040625       0.0046875            1191            1167
62600             212              22      0.04140625     0.004296875            1192            1170
62700             222              17     0.043359375    0.0033203125            1192            1175
62800             218              19     0.042578125    0.0037109375            1196            1177
62900             218              19     0.042578125    0.0037109375            1197            1178
63000             218              19     0.042578125    0.0037109375            1199            1180
63100             218              19     0.042578125    0.0037109375            1201            1182
63200             216              20       0.0421875      0.00390625            1202            1182
63300             216              20       0.0421875      0.00390625            1203            1183
63400             216              20       0.0421875      0.00390625            1205            1185
63500             214              21     0.041796875    0.0041015625            1208            1187
63600             210              23     0.041015625    0.0044921875            1212            1189
63700             216              20       0.0421875      0.00390625            1212            1192
63800             220              18      0.04296875     0.003515625            1212            1194
63900             220              18      0.04296875     0.003515625            1212            1194
64000             216              20       0.0421875      0.00390625            1215            1195
64100             216              20       0.0421875      0.00390625            1216            1196
64200             212              22      0.04140625     0.004296875            1219            1197
64300             214              21     0.041796875    0.0041015625            1220            1199
64400             208              24        0.040625       0.0046875            1223            1199
64500             204              26      0.03984375     0.005078125            1227            1201
64600             208              24        0.040625       0.0046875            1228            1204
64700             212              22      0.04140625     0.004296875            1230            1208
64800             208              24        0.040625       0.0046875            1232            1208
64900             214              21     0.041796875    0.0041015625            1232            1211
65000             212              22      0.04140625     0.004296875            1235            1213
65100             214              21     0.041796875    0.0041015625            1236            1215
65200             218              19     0.042578125    0.0037109375            1237            1218
65300             218              19     0.042578125    0.0037109375            1239            1220
65400             216              20       0.0421875      0.00390625            1240            1220
65500             216              20       0.0421875      0.00390625            1241            1221
65600             214              21     0.041796875    0.0041015625            1243            1222
65700             216              20       0.0421875      0.00390625            1244            1224
65800             216              20       0.0421875      0.00390625            1245            1225
65900             214              21     0.041796875    0.0041015625            1247            1226
66000             210              23     0.041015625    0.0044921875            1251            1228
66100             214              21     0.041796875    0.0041015625            1253            1232
66200             216              20       0.0421875      0.00390625            1254            1234
66300             212              22      0.04140625     0.004296875            1258            1236
66400             210              23     0.041015625    0.0044921875            1259            1236
66500             210              23     0.041015625    0.0044921875            1262            1239
66600             208              24        0.040625       0.0046875            1265            1241
66700             206              25     0.040234375    0.0048828125            1268            1243
66800             210              23     0.041015625    0.0044921875            1269            1246
66900             208              24        0.040625       0.0046875            1271            1247
67000             206              25     0.040234375    0.0048828125            1275            1250
67100             208              24        0.040625       0.0046875            1276            1252
67200             210              23     0.041015625    0.0044921875            1277            1254
67300             208              24        0.040625       0.0046875            1279            1255
67400             212              22      0.04140625     0.004296875            1279            1257
67500             216              20       0.0421875      0.00390625            1282            1262
67600             214              21     0.041796875    0.0041015625            1283            1262
67700             216              20       0.0421875      0.00390625            1283            1263
67800             220              18      0.04296875     0.003515625            1285            1267
67900             222              17     0.043359375    0.0033203125            1285            1268
68000             224              16         0.04375        0.003125            1287            1271
68100             224              16         0.04375        0.003125            1288            1272
68200             222              17     0.043359375    0.0033203125            1292            1275
68300             222              17     0.043359375    0.0033203125            1293            1276
68400             220              18      0.04296875     0.003515625            1295            1277
68500             216              20       0.0421875      0.00390625            1297            1277
68600             220              18      0.04296875     0.003515625            1299            1281
68700             226              15     0.044140625    0.0029296875            1300            1285
68800             224              16         0.04375        0.003125            1301            1285
68900             226              15     0.044140625    0.0029296875            1302            1287
69000             226              15     0.044140625    0.0029296875            1302            1287
69100             228              14      0.04453125     0.002734375            1304            1290
69200             224              16         0.04375        0.003125            1307            1291
69300             222              17     0.043359375    0.0033203125            1309            1292
69400             218              19     0.042578125    0.0037109375            1312            1293
69500             222              17     0.043359375    0.0033203125            1313            1296
69600             222              17     0.043359375    0.0033203125            1313            1296
69700             222              17     0.043359375    0.0033203125            1313            1296
69800             220              18      0.04296875     0.003515625            1314            1296
69900             218              19     0.042578125    0.0037109375            1315            1296
70000             216              20       0.0421875      0.00390625            1316            1296
70100             214              21     0.041796875    0.0041015625            1317            1296
70200             212              22      0.04140625     0.004296875            1319            1297
70300             212              22      0.04140625     0.004296875            1320            1298
70400             210              23     0.041015625    0.0044921875            1321            1298
70500             214              21     0.041796875    0.0041015625            1323            1302
70600             212              22      0.04140625     0.004296875            1325            1303
70700             218              19     0.042578125    0.0037109375            1325            1306
70800             216              20       0.0421875      0.00390625            1327            1307
70900             214              21     0.041796875    0.0041015625            1330            1309
71000             216              20       0.0421875      0.00390625            1330            1310
71100             216              20       0.0421875      0.00390625            1330            1310
71200             228              14      0.04453125     0.002734375            1330            1316
71300             226              15     0.044140625    0.0029296875            1332            1317
71400             224              16         0.04375        0.003125            1335            1319
71500             224              16         0.04375        0.003125            1335            1319
71600             228              14      0.04453125     0.002734375            1336            1322
71700             220              18      0.04296875     0.003515625            1340            1322
71800             216              20       0.0421875      0.00390625            1344            1324
71900             216              20       0.0421875      0.00390625            1345            1325
72000             216              20       0.0421875      0.00390625            1347            1327
72100             214              21     0.041796875    0.0041015625            1350            1329
72200             218              19     0.042578125    0.0037109375            1351            1332
72300             216              20       0.0421875      0.00390625            1353            1333
72400             220              18      0.04296875     0.003515625            1356            1338
72500             218              19     0.042578125    0.0037109375            1357            1338
72600             218              19     0.042578125    0.0037109375            1359            1340
72700             222              17     0.043359375    0.0033203125            1359            1342
72800             230              13     0.044921875    0.0025390625            1359            1346
72900             230              13     0.044921875    0.0025390625            1360            1347
73000             230              13     0.044921875    0.0025390625            1361            1348
73100             226              15     0.044140625    0.0029296875            1363            1348
73200             222              17     0.043359375    0.0033203125            1366            1349
73300             218              19     0.042578125    0.0037109375            1368            1349
73400             210              23     0.041015625    0.0044921875            1372            1349
73500             208              24        0.040625       0.0046875            1374            1350
73600             214              21     0.041796875    0.0041015625            1375            1354
73700             218              19     0.042578125    0.0037109375            1377            1358
73800             214              21     0.041796875    0.0041015625            1380            1359
73900             218              19     0.042578125    0.0037109375            1382            1363
74000             218              19     0.042578125    0.0037109375            1383            1364
74100             218              19     0.042578125    0.0037109375            1385            1366
74200             218              19     0.042578125    0.0037109375            1389            1370
74300             220              18      0.04296875     0.003515625            1391            1373
74400             222              17     0.043359375    0.0033203125            1392            1375
74500             216              20       0.0421875      0.00390625            1395            1375
74600             208              24        0.040625       0.0046875            1401            1377
74700             204              26      0.03984375     0.005078125            1404            1378
74800             198              29     0.038671875    0.0056640625            1407            1378
74900             196              30      0.03828125     0.005859375            1409            1379
75000             198              29     0.038671875    0.0056640625            1411            1382
75100             194              31     0.037890625    0.0060546875            1415            1384
75200             196              30      0.03828125     0.005859375            1417            1387
75300             188              34      0.03671875     0.006640625            1423            1389
75400             186              35     0.036328125    0.0068359375            1424            1389
75500             192              32          0.0375         0.00625            1424            1392
75600             186              35     0.036328125    0.0068359375            1429            1394
75700             190              33     0.037109375    0.0064453125            1429            1396
75800             192              32          0.0375         0.00625            1432            1400
75900             188              34      0.03671875     0.006640625            1435            1401
76000             190              33     0.037109375    0.0064453125            1438            1405
76100             202              27     0.039453125    0.0052734375            1440            1413
76200             204              26      0.03984375     0.005078125            1442            1416
76300             204              26      0.03984375     0.005078125            1443            1417
76400             202              27     0.039453125    0.0052734375            1444            1417
76500             200              28       0.0390625      0.00546875            1445            1417
76600             202              27     0.039453125    0.0052734375            1445            1418
76700             204              26      0.03984375     0.005078125            1445            1419
76800             202              27     0.039453125    0.0052734375            1447            1420
76900             196              30      0.03828125     0.005859375            1452            1422
77000             202              27     0.039453125    0.0052734375            1453            1426
77100             204              26      0.03984375     0.005078125            1454            1428
77200             202              27     0.039453125    0.0052734375            1457            1430
77300             196              30      0.03828125     0.005859375            1461            1431
77400             196              30      0.03828125     0.005859375            1462            1432
77500             204              26      0.03984375     0.005078125            1462            1436
77600             204              26      0.03984375     0.005078125            1463            1437
77700             202              27     0.039453125    0.0052734375            1464            1437
77800             200              28       0.0390625      0.00546875            1465            1437
77900             198              29     0.038671875    0.0056640625            1468            1439
78000             196              30      0.03828125     0.005859375            1471            1441
78100             200              28       0.0390625      0.00546875            1473            1445
78200             206              25     0.040234375    0.0048828125            1474            1449
78300             208              24        0.040625       0.0046875            1475            1451
78400             206              25     0.040234375    0.0048828125            1478            1453
78500             200              28       0.0390625      0.00546875            1481            1453
78600             196              30      0.03828125     0.005859375            1483            1453
78700             196              30      0.03828125     0.005859375            1484            1454
78800             202              27     0.039453125    0.0052734375            1485            1458
78900             198              29     0.038671875    0.0056640625            1489            1460
79000             208              24        0.040625       0.0046875            1490            1466
79100             212              22      0.04140625     0.004296875            1490            1468
79200             216              20       0.0421875      0.00390625            1490            1470
79300             214              21     0.041796875    0.0041015625            1493            1472
79400             212              22      0.04140625     0.004296875            1494            1472
79500             216              20       0.0421875      0.00390625            1495            1475
79600             206              25     0.040234375    0.0048828125            1500            1475
79700             200              28       0.0390625      0.00546875            1504            1476
79800             204              26      0.03984375     0.005078125            1505            1479
79900             206              25     0.040234375    0.0048828125            1506            1481
80000             204              26      0.03984375     0.005078125            1509            1483
80100             204              26      0.03984375     0.005078125            1510            1484
80200             204              26      0.03984375     0.005078125            1511            1485
80300             204              26      0.03984375     0.005078125            1512            1486
80400             210              23     0.041015625    0.0044921875            1513            1490
80500             208              24        0.040625       0.0046875            1515            1491
80600             208              24        0.040625       0.0046875            1517            1493
80700             208              24        0.040625       0.0046875            1517            1493
80800             204              26      0.03984375     0.005078125            1520            1494
80900             206              25     0.040234375    0.0048828125            1522            1497
81000             204              26      0.03984375     0.005078125            1526            1500
81100             200              28       0.0390625      0.00546875            1529            1501
81200             202              27     0.039453125    0.0052734375            1532            1505
81300             214              21     0.041796875    0.0041015625            1532            1511
81400             212              22      0.04140625     0.004296875            1534            1512
81500             208              24        0.040625       0.0046875            1537            1513
81600             204              26      0.03984375     0.005078125            1540            1514
81700             206              25     0.040234375    0.0048828125            1540            1515
81800             212              22      0.04140625     0.004296875            1540            1518
81900             212              22      0.04140625     0.004296875            1541            1519
82000             212              22      0.04140625     0.004296875            1542            1520
82100             208              24        0.040625       0.0046875            1547            1523
82200             202              27     0.039453125    0.0052734375            1551            1524
82300             208              24        0.040625       0.0046875            1553            1529
82400             214              21     0.041796875    0.0041015625            1554            1533
82500             212              22      0.04140625     0.004296875            1556            1534
82600             210              23     0.041015625    0.0044921875            1558            1535
82700             206              25     0.040234375    0.0048828125            1561            1536
82800             208              24        0.040625       0.0046875            1562            1538
82900             210              23     0.041015625    0.0044921875            1565            1542
83000             206              25     0.040234375    0.0048828125            1567            1542
83100             200              28       0.0390625      0.00546875            1570            1542
83200             196              30      0.03828125     0.005859375            1573            1543
83300             196              30      0.03828125     0.005859375            1576            1546
83400             206              25     0.040234375    0.0048828125            1576            1551
83500             206              25     0.040234375    0.0048828125            1576            1551
83600             208              24        0.040625       0.0046875            1578            1554
83700             208              24        0.040625       0.0046875            1579            1555
83800             212              22      0.04140625     0.004296875            1579            1557
83900             214              21     0.041796875    0.0041015625            1580            1559
84000             212              22      0.04140625     0.004296875            1583            1561
84100             214              21     0.041796875    0.0041015625            1583            1562
84200             216              20       0.0421875      0.00390625            1586            1566
84300             222              17     0.043359375    0.0033203125            1587            1570
84400             216              20       0.0421875      0.00390625            1592            1572
84500             220              18      0.04296875     0.003515625            1593            1575
84600             220              18      0.04296875     0.003515625            1594            1576
84700             218              19     0.042578125    0.0037109375            1599            1580
84800             214              21     0.041796875    0.0041015625            1601            1580
84900             208              24        0.040625       0.0046875            1605            1581
85000             208              24        0.040625       0.0046875            1606            1582
85100             214              21     0.041796875    0.0041015625            1606            1585
85200             206              25     0.040234375    0.0048828125            1610            1585
85300             208              24        0.040625       0.0046875            1611            1587
85400             206              25     0.040234375    0.0048828125            1612            1587
85500             208              24        0.040625       0.0046875            1613            1589
85600             210              23     0.041015625    0.0044921875            1613            1590
85700             210              23     0.041015625    0.0044921875            1613            1590
85800             210              23     0.041015625    0.0044921875            1613            1590
85900             212              22      0.04140625     0.004296875            1613            1591
86000             214              21     0.041796875    0.0041015625            1615            1594
86100             208              24        0.040625       0.0046875            1618            1594
86200             206              25     0.040234375    0.0048828125            1619            1594
86300             206              25     0.040234375    0.0048828125            1621            1596
86400             206              25     0.040234375    0.0048828125            1622            1597
86500             206              25     0.040234375    0.0048828125            1625            1600
86600             200              28       0.0390625      0.00546875            1628            1600
86700             206              25     0.040234375    0.0048828125            1629            1604
86800             216              20       0.0421875      0.00390625            1629            1609
86900             220              18      0.04296875     0.003515625            1629            1611
87000             222              17     0.043359375    0.0033203125            1629            1612
87100             218              19     0.042578125    0.0037109375            1632            1613
87200             210              23     0.041015625    0.0044921875            1636            1613
87300             214              21     0.041796875    0.0041015625            1638            1617
87400             212              22      0.04140625     0.004296875            1641            1619
87500             212              22      0.04140625     0.004296875            1644            1622
87600             216              20       0.0421875      0.00390625            1644            1624
87700             216              20       0.0421875      0.00390625            1645            1625
87800             214              21     0.041796875    0.0041015625            1647            1626
87900             214              21     0.041796875    0.0041015625            1649            1628
88000             214              21     0.041796875    0.0041015625            1650            1629
88100             214              21     0.041796875    0.0041015625            1652            1631
88200             214              21     0.041796875    0.0041015625            1652            1631
88300             210              23     0.041015625    0.0044921875            1654            1631
88400             206              25     0.040234375    0.0048828125            1658            1633
88500             210              23     0.041015625    0.0044921875            1658            1635
88600             214              21     0.041796875    0.0041015625            1659            1638
88700             210              23     0.041015625    0.0044921875            1662            1639
88800             206              25     0.040234375    0.0048828125            1665            1640
88900             206              25     0.040234375    0.0048828125            1668            1643
89000             202              27     0.039453125    0.0052734375            1670            1643
89100             198              29     0.038671875    0.0056640625            1672            1643
89200             202              27     0.039453125    0.0052734375            1672            1645
89300             208              24        0.040625       0.0046875            1673            1649
89400             200              28       0.0390625      0.00546875            1678            1650
89500             198              29     0.038671875    0.0056640625            1680            1651
89600             204              26      0.03984375     0.005078125            1683            1657
89700             200              28       0.0390625      0.00546875            1686            1658
89800             196              30      0.03828125     0.005859375            1689            1659
89900             202              27     0.039453125    0.0052734375            1691            1664
90000             210              23     0.041015625    0.0044921875            1693            1670
90100             206              25     0.040234375    0.0048828125            1697            1672
90200             202              27     0.039453125    0.0052734375            1700            1673
90300             202              27     0.039453125    0.0052734375            1700            1673
90400             204              26      0.03984375     0.005078125            1700            1674
90500             200              28       0.0390625      0.00546875            1704            1676
90600             198              29     0.038671875    0.0056640625            1706            1677
90700             202              27     0.039453125    0.0052734375            1706            1679
90800             200              28       0.0390625      0.00546875            1709            1681
90900             206              25     0.040234375    0.0048828125            1711            1686
91000             208              24        0.040625       0.0046875            1712            1688
91100             202              27     0.039453125    0.0052734375            1717            1690
91200             208              24        0.040625       0.0046875            1717            1693
91300             212              22      0.04140625     0.004296875            1719            1697
91400             210              23     0.041015625    0.0044921875            1721            1698
91500             212              22      0.04140625     0.004296875            1721            1699
91600             220              18      0.04296875     0.003515625            1721            1703
91700             220              18      0.04296875     0.003515625            1722            1704
91800             218              19     0.042578125    0.0037109375            1724            1705
91900             218              19     0.042578125    0.0037109375            1724            1705
92000             218              19     0.042578125    0.0037109375            1726            1707
92100             218              19     0.042578125    0.0037109375            1727            1708
92200             218              19     0.042578125    0.0037109375            1728            1709
92300             214              21     0.041796875    0.0041015625            1730            1709
92400             214              21     0.041796875    0.0041015625            1731            1710
92500             216              20       0.0421875      0.00390625            1735            1715
92600             216              20       0.0421875      0.00390625            1736            1716
92700             216              20       0.0421875      0.00390625            1737            1717
92800             218              19     0.042578125    0.0037109375            1738            1719
92900             224              16         0.04375        0.003125            1738            1722
93000             232              12       0.0453125      0.00234375            1738            1726
93100             228              14      0.04453125     0.002734375            1740            1726
93200             224              16         0.04375        0.003125            1742            1726
93300             220              18      0.04296875     0.003515625            1744            1726
93400             214              21     0.041796875    0.0041015625            1748            1727
93500             216              20       0.0421875      0.00390625            1748            1728
93600             212              22      0.04140625     0.004296875            1752            1730
93700             214              21     0.041796875    0.0041015625            1754            1733
93800             210              23     0.041015625    0.0044921875            1757            1734
93900             216              20       0.0421875      0.00390625            1757            1737
94000             212              22      0.04140625     0.004296875            1759            1737
94100             210              23     0.041015625    0.0044921875            1760            1737
94200             206              25     0.040234375    0.0048828125            1764            1739
94300             200              28       0.0390625      0.00546875            1768            1740
94400             198              29     0.038671875    0.0056640625            1770            1741
94500             204              26      0.03984375     0.005078125            1771            1745
94600             204              26      0.03984375     0.005078125            1773            1747
94700             206              25     0.040234375    0.0048828125            1774            1749
94800             204              26      0.03984375     0.005078125            1775            1749
94900             208              24        0.040625       0.0046875            1775            1751
95000             202              27     0.039453125    0.0052734375            1778            1751
95100             206              25     0.040234375    0.0048828125            1779            1754
95200             200              28       0.0390625      0.00546875            1782            1754
95300             198              29     0.038671875    0.0056640625            1784            1755
95400             200              28       0.0390625      0.00546875            1784            1756
95500             206              25     0.040234375    0.0048828125            1786            1761
95600             206              25     0.040234375    0.0048828125            1788            1763
95700             208              24        0.040625       0.0046875            1788            1764
95800             214              21     0.041796875    0.0041015625            1789            1768
95900             214              21     0.041796875    0.0041015625            1791            1770
96000             214              21     0.041796875    0.0041015625            1792            1771
96100             216              20       0.0421875      0.00390625            1793            1773
96200             214              21     0.041796875    0.0041015625            1795            1774
96300             210              23     0.041015625    0.0044921875            1798            1775
96400             210              23     0.041015625    0.0044921875            1799            1776
96500             214              21     0.041796875    0.0041015625            1800            1779
96600             210              23     0.041015625    0.0044921875            1803            1780
96700             208              24        0.040625       0.0046875            1804            1780
96800             212              22      0.04140625     0.004296875            1804            1782
96900             208              24        0.040625       0.0046875            1807            1783
97000             208              24        0.040625       0.0046875            1810            1786
97100             214              21     0.041796875    0.0041015625            1810            1789
97200             216              20       0.0421875      0.00390625            1810            1790
97300             212              22      0.04140625     0.004296875            1813            1791
97400             212              22      0.04140625     0.004296875            1814            1792
97500             206              25     0.040234375    0.0048828125            1817            1792
97600             204              26      0.03984375     0.005078125            1819            1793
97700             204              26      0.03984375     0.005078125            1821            1795
97800             208              24        0.040625       0.0046875            1822            1798
97900             214              21     0.041796875    0.0041015625            1822            1801
98000             212              22      0.04140625     0.004296875            1824            1802
98100             220              18      0.04296875     0.003515625            1826            1808
98200             218              19     0.042578125    0.0037109375            1828            1809
98300             212              22      0.04140625     0.004296875            1832            1810
98400             214              21     0.041796875    0.0041015625            1833            1812
98500             206              25     0.040234375    0.0048828125            1839            1814
98600             208              24        0.040625       0.0046875            1841            1817
98700             214              21     0.041796875    0.0041015625            1841            1820
98800             218              19     0.042578125    0.0037109375            1842            1823
98900             216              20       0.0421875      0.00390625            1843            1823
99000             208              24        0.040625       0.0046875            1847            1823
99100             214              21     0.041796875    0.0041015625            1848            1827
99200             212              22      0.04140625     0.004296875            1850            1828
99300             214              21     0.041796875    0.0041015625            1851            1830
99400             208              24        0.040625       0.0046875            1855            1831
99500             206              25     0.040234375    0.0048828125            1858            1833
99600             202              27     0.039453125    0.0052734375            1862            1835
99700             204              26      0.03984375     0.005078125            1864            1838
99800             206              25     0.040234375    0.0048828125            1866            1841
99900             208              24        0.040625       0.0046875            1866            1842
100000             206              25     0.040234375    0.0048828125            1869            1844
