# Time-averaged data for fix observ
# TimeStep v_nfree v_ndimer v_cfree v_cdimer f_kinetics[2] f_kinetics[3]
0             256               0            0.05               0               0               0
100             252               2      0.04921875     0.000390625               2               0
200             250               3     0.048828125    0.0005859375               3               0
300             244               6      0.04765625     0.001171875               6               0
400             246               5     0.048046875    0.0009765625               7               2
500             244               6      0.04765625     0.001171875               8               2
600             240               8        0.046875       0.0015625              10               2
700             238               9     0.046484375    0.0017578125              11               2
800             238               9     0.046484375    0.0017578125              11               2
900             234              11     0.045703125    0.0021484375              13               2
1000             234              11     0.045703125    0.0021484375              14               3
1100             236              10      0.04609375     0.001953125              14               4
1200             234              11     0.045703125    0.0021484375              15               4
1300             226              15     0.044140625    0.0029296875              20               5
1400             226              15     0.044140625    0.0029296875              20               5
1500             226              15     0.044140625    0.0029296875              22               7
1600             222              17     0.043359375    0.0033203125              25               8
1700             222              17     0.043359375    0.0033203125              26               9
1800             218              19     0.042578125    0.0037109375              28               9
1900             216              20       0.0421875      0.00390625              29               9
2000             212              22      0.04140625     0.004296875              31               9
2100             204              26      0.03984375     0.005078125              35               9
2200             206              25     0.040234375    0.0048828125              35              10
2300             206              25     0.040234375    0.0048828125              37              12
2400             204              26      0.03984375     0.005078125              39              13
2500             206              25     0.040234375    0.0048828125              41              16
2600             208              24        0.040625       0.0046875              41              17
2700             206              25     0.040234375    0.0048828125              42              17
2800             202              27     0.039453125    0.0052734375              44              17
2900             202              27     0.039453125    0.0052734375              45              18
3000             204              26      0.03984375     0.005078125              45              19
3100             206              25     0.040234375    0.0048828125              47              22
3200             208              24        0.040625       0.0046875              48              24
3300             206              25     0.040234375    0.0048828125              49              24
3400             206              25     0.040234375    0.0048828125              50              25
3500             208              24        0.040625       0.0046875              50              26
3600             206              25     0.040234375    0.0048828125              51              26
3700             210              23     0.041015625    0.0044921875              51              28
3800             208              24        0.040625       0.0046875              53              29
3900             212              22      0.04140625     0.004296875              54              32
4000             212              22      0.04140625     0.004296875              55              33
4100             212              22      0.04140625     0.004296875              56              34
4200             208              24        0.040625       0.0046875              58              34
4300             210              23     0.041015625    0.0044921875              60              37
4400             210              23     0.041015625    0.0044921875              61              38
4500             212              22      0.04140625     0.004296875              61              39
4600             212              22      0.04140625     0.004296875              61              39
4700             210              23     0.041015625    0.0044921875              62              39
4800             210              23     0.041015625    0.0044921875              63              40
4900             210              23     0.041015625    0.0044921875              64              41
5000             206              25     0.040234375    0.0048828125              67              42
5100             202              27     0.039453125    0.0052734375              69              42
5200             208              24        0.040625       0.0046875              69              45
5300             208              24        0.040625       0.0046875              69              45
5400             206              25     0.040234375    0.0048828125              70              45
5500             208              24        0.040625       0.0046875              70              46
5600             210              23     0.041015625    0.0044921875              70              47
5700             206              25     0.040234375    0.0048828125              73              48
5800             206              25     0.040234375    0.0048828125              73              48
5900             210              23     0.041015625    0.0044921875              74              51
6000             210              23     0.041015625    0.0044921875              74              51
6100             208              24        0.040625       0.0046875              75              51
6200             208              24        0.040625       0.0046875              76              52
6300             208              24        0.040625       0.0046875              77              53
6400             208              24        0.040625       0.0046875              79              55
6500             210              23     0.041015625    0.0044921875              79              56
6600             204              26      0.03984375     0.005078125              83              57
6700             198              29     0.038671875    0.0056640625              86              57
6800             198              29     0.038671875    0.0056640625              87              58
6900             200              28       0.0390625      0.00546875              88              60
7000             202              27     0.039453125    0.0052734375              89              62
7100             204              26      0.03984375     0.005078125              89              63
7200             206              25     0.040234375    0.0048828125              89              64
7300             208              24        0.040625       0.0046875              90              66
7400             208              24        0.040625       0.0046875              90              66
7500             206              25     0.040234375    0.0048828125              91              66
7600             206              25     0.040234375    0.0048828125              92              67
7700             206              25     0.040234375    0.0048828125              93              68
7800             204              26      0.03984375     0.005078125              97              71
7900             206              25     0.040234375    0.0048828125              97              72
8000             206              25     0.040234375    0.0048828125              99              74
8100             208              24        0.040625       0.0046875              99              75
8200             216              20       0.0421875      0.00390625              99              79
8300             218              19     0.042578125    0.0037109375              99              80
8400             216              20       0.0421875      0.00390625             103              83
8500             212              22      0.04140625     0.004296875             106              84
8600             214              21     0.041796875    0.0041015625             106              85
8700             218              19     0.042578125    0.0037109375             106              87
8800             210              23     0.041015625    0.0044921875             110              87
8900             210              23     0.041015625    0.0044921875             110              87
9000             212              22      0.04140625     0.004296875             110              88
9100             212              22      0.04140625     0.004296875             111              89
9200             212              22      0.04140625     0.004296875             111              89
9300             208              24        0.040625       0.0046875             113              89
9400             204              26      0.03984375     0.005078125             115              89
9500             206              25     0.040234375    0.0048828125             116              91
9600             210              23     0.041015625    0.0044921875             116              93
9700             206              25     0.040234375    0.0048828125             119              94
9800             206              25     0.040234375    0.0048828125             119              94
9900             206              25     0.040234375    0.0048828125             119              94
10000             206              25     0.040234375    0.0048828125             119              94
10100             206              25     0.040234375    0.0048828125             119              94
10200             206              25     0.040234375    0.0048828125             120              95
10300             206              25     0.040234375    0.0048828125             120              95
10400             204              26      0.03984375     0.005078125             121              95
10500             200              28       0.0390625      0.00546875             123              95
10600             200              28       0.0390625      0.00546875             123              95
10700             206              25     0.040234375    0.0048828125             123              98
10800             208              24        0.040625       0.0046875             124             100
10900             208              24        0.040625       0.0046875             125             101
11000             208              24        0.040625       0.0046875             126             102
11100             210              23     0.041015625    0.0044921875             126             103
11200             206              25     0.040234375    0.0048828125             128             103
11300             206              25     0.040234375    0.0048828125             128             103
11400             200              28       0.0390625      0.00546875             131             103
11500             196              30      0.03828125     0.005859375             133             103
11600             196              30      0.03828125     0.005859375             135             105
11700             202              27     0.039453125    0.0052734375             135             108
11800             202              27     0.039453125    0.0052734375             137             110
11900             202              27     0.039453125    0.0052734375             138             111
12000             206              25     0.040234375    0.0048828125             139             114
12100             206              25     0.040234375    0.0048828125             140             115
12200             206              25     0.040234375    0.0048828125             141             116
12300             204              26      0.03984375     0.005078125             142             116
12400             200              28       0.0390625      0.00546875             144             116
12500             206              25     0.040234375    0.0048828125             144             119
12600             208              24        0.040625       0.0046875             144             120
12700             206              25     0.040234375    0.0048828125             146             121
12800             208              24        0.040625       0.0046875             147             123
12900             208              24        0.040625       0.0046875             147             123
13000             212              22      0.04140625     0.004296875             149             127
13100             214              21     0.041796875    0.0041015625             150             129
13200             210              23     0.041015625    0.0044921875             152             129
13300             210              23     0.041015625    0.0044921875             153             130
13400             212              22      0.04140625     0.004296875             153             131
13500             210              23     0.041015625    0.0044921875             154             131
13600             210              23     0.041015625    0.0044921875             155             132
13700             210              23     0.041015625    0.0044921875             155             132
13800             214              21     0.041796875    0.0041015625             155             134
13900             216              20       0.0421875      0.00390625             157             137
14000             218              19     0.042578125    0.0037109375             157             138
14100             214              21     0.041796875    0.0041015625             159             138
14200             214              21     0.041796875    0.0041015625             160             139
14300             216              20       0.0421875      0.00390625             162             142
14400             218              19     0.042578125    0.0037109375             162             143
14500             212              22      0.04140625     0.004296875             165             143
14600             212              22      0.04140625     0.004296875             165             143
14700             216              20       0.0421875      0.00390625             165             145
14800             222              17     0.043359375    0.0033203125             165             148
14900             222              17     0.043359375    0.0033203125             165             148
15000             220              18      0.04296875     0.003515625             166             148
15100             220              18      0.04296875     0.003515625             166             148
15200             216              20       0.0421875      0.00390625             169             149
15300             214              21     0.041796875    0.0041015625             170             149
15400             214              21     0.041796875    0.0041015625             171             150
15500             214              21     0.041796875    0.0041015625             171             150
15600             220              18      0.04296875     0.003515625             171             153
15700             218              19     0.042578125    0.0037109375             173             154
15800             218              19     0.042578125    0.0037109375             173             154
15900             220              18      0.04296875     0.003515625             173             155
16000             220              18      0.04296875     0.003515625             173             155
16100             218              19     0.042578125    0.0037109375             175             156
16200             218              19     0.042578125    0.0037109375             175             156
16300             214              21     0.041796875    0.0041015625             177             156
16400             216              20       0.0421875      0.00390625             177             157
16500             214              21     0.041796875    0.0041015625             179             158
16600             216              20       0.0421875      0.00390625             180             160
16700             212              22      0.04140625     0.004296875             182             160
16800             210              23     0.041015625    0.0044921875             184             161
16900             214              21     0.041796875    0.0041015625             186             165
17000             214              21     0.041796875    0.0041015625             186             165
17100             214              21     0.041796875    0.0041015625             186             165
17200             212              22      0.04140625     0.004296875             187             165
17300             212              22      0.04140625     0.004296875             187             165
17400             212              22      0.04140625     0.004296875             188             166
17500             214              21     0.041796875    0.0041015625             188             167
17600             210              23     0.041015625    0.0044921875             190             167
17700             204              26      0.03984375     0.005078125             194             168
17800             202              27     0.039453125    0.0052734375             195             168
17900             206              25     0.040234375    0.0048828125             195             170
18000             204              26      0.03984375     0.005078125             199             173
18100             206              25     0.040234375    0.0048828125             199             174
18200             206              25     0.040234375    0.0048828125             200             175
18300             202              27     0.039453125    0.0052734375             204             177
18400             202              27     0.039453125    0.0052734375             204             177
18500             204              26      0.03984375     0.005078125             204             178
18600             206              25     0.040234375    0.0048828125             204             179
18700             204              26      0.03984375     0.005078125             205             179
18800             204              26      0.03984375     0.005078125             207             181
18900             198              29     0.038671875    0.0056640625             211             182
19000             200              28       0.0390625      0.00546875             211             183
19100             198              29     0.038671875    0.0056640625             213             184
19200             200              28       0.0390625      0.00546875             215             187
19300             202              27     0.039453125    0.0052734375             216             189
19400             206              25     0.040234375    0.0048828125             216             191
19500             202              27     0.039453125    0.0052734375             220             193
19600             200              28       0.0390625      0.00546875             221             193
19700             200              28       0.0390625      0.00546875             222             194
19800             202              27     0.039453125    0.0052734375             223             196
19900             200              28       0.0390625      0.00546875             224             196
20000             204              26      0.03984375     0.005078125             225             199
20100             210              23     0.041015625    0.0044921875             225             202
20200             210              23     0.041015625    0.0044921875             226             203
20300             208              24        0.040625       0.0046875             227             203
20400             210              23     0.041015625    0.0044921875             227             204
20500             206              25     0.040234375    0.0048828125             229             204
20600             214              21     0.041796875    0.0041015625             230             209
20700             216              20       0.0421875      0.00390625             231             211
20800             212              22      0.04140625     0.004296875             233             211
20900             212              22      0.04140625     0.004296875             233             211
21000             214              21     0.041796875    0.0041015625             234             213
21100             216              20       0.0421875      0.00390625             235             215
21200             218              19     0.042578125    0.0037109375             236             217
21300             212              22      0.04140625     0.004296875             239             217
21400             214              21     0.041796875    0.0041015625             239             218
21500             218              19     0.042578125    0.0037109375             239             220
21600             222              17     0.043359375    0.0033203125             239             222
21700             222              17     0.043359375    0.0033203125             240             223
21800             220              18      0.04296875     0.003515625             241             223
21900             224              16         0.04375        0.003125             241             225
22000             224              16         0.04375        0.003125             241             225
22100             222              17     0.043359375    0.0033203125             243             226
22200             224              16         0.04375        0.003125             243             227
22300             224              16         0.04375        0.003125             243             227
22400             224              16         0.04375        0.003125             243             227
22500             224              16         0.04375        0.003125             243             227
22600             222              17     0.043359375    0.0033203125             244             227
22700             222              17     0.043359375    0.0033203125             244             227
22800             218              19     0.042578125    0.0037109375             246             227
22900             220              18      0.04296875     0.003515625             246             228
23000             216              20       0.0421875      0.00390625             248             228
23100             214              21     0.041796875    0.0041015625             249             228
23200             216              20       0.0421875      0.00390625             249             229
23300             216              20       0.0421875      0.00390625             250             230
23400             218              19     0.042578125    0.0037109375             250             231
23500             220              18      0.04296875     0.003515625             251             233
23600             220              18      0.04296875     0.003515625             251             233
23700             216              20       0.0421875      0.00390625             253             233
23800             212              22      0.04140625     0.004296875             255             233
23900             210              23     0.041015625    0.0044921875             256             233
24000             212              22      0.04140625     0.004296875             257             235
24100             212              22      0.04140625     0.004296875             258             236
24200             212              22      0.04140625     0.004296875             258             236
24300             212              22      0.04140625     0.004296875             258             236
24400             214              21     0.041796875    0.0041015625             258             237
24500             216              20       0.0421875      0.00390625             258             238
24600             218              19     0.042578125    0.0037109375             258             239
24700             216              20       0.0421875      0.00390625             260             240
24800             220              18      0.04296875     0.003515625             260             242
24900             218              19     0.042578125    0.0037109375             262             243
25000             216              20       0.0421875      0.00390625             263             243
25100             216              20       0.0421875      0.00390625             263             243
25200             216              20       0.0421875      0.00390625             263             243
25300             216              20       0.0421875      0.00390625             264             244
25400             216              20       0.0421875      0.00390625             265             245
25500             216              20       0.0421875      0.00390625             266             246
25600             216              20       0.0421875      0.00390625             266             246
25700             216              20       0.0421875      0.00390625             266             246
25800             216              20       0.0421875      0.00390625             268             248
25900             210              23     0.041015625    0.0044921875             271             248
26000             204              26      0.03984375     0.005078125             274             248
26100             202              27     0.039453125    0.0052734375             276             249
26200             202              27     0.039453125    0.0052734375             276             249
26300             206              25     0.040234375    0.0048828125             276             251
26400             206              25     0.040234375    0.0048828125             276             251
26500             208              24        0.040625       0.0046875             277             253
26600             206              25     0.040234375    0.0048828125             278             253
26700             208              24        0.040625       0.0046875             279             255
26800             206              25     0.040234375    0.0048828125             280             255
26900             206              25     0.040234375    0.0048828125             280             255
27000             206              25     0.040234375    0.0048828125             282             257
27100             206              25     0.040234375    0.0048828125             283             258
27200             200              28       0.0390625      0.00546875             286             258
27300             198              29     0.038671875    0.0056640625             288             259
27400             204              26      0.03984375     0.005078125             288             262
27500             206              25     0.040234375    0.0048828125             289             264
27600             208              24        0.040625       0.0046875             289             265
27700             204              26      0.03984375     0.005078125             293             267
27800             202              27     0.039453125    0.0052734375             295             268
27900             202              27     0.039453125    0.0052734375             295             268
28000             204              26      0.03984375     0.005078125             295             269
28100             204              26      0.03984375     0.005078125             296             270
28200             206              25     0.040234375    0.0048828125             297             272
28300             208              24        0.040625       0.0046875             297             273
28400             206              25     0.040234375    0.0048828125             300             275
28500             208              24        0.040625       0.0046875             300             276
28600             212              22      0.04140625     0.004296875             301             279
28700             218              19     0.042578125    0.0037109375             301             282
28800             220              18      0.04296875     0.003515625             301             283
28900             220              18      0.04296875     0.003515625             301             283
29000             220              18      0.04296875     0.003515625             303             285
29100             218              19     0.042578125    0.0037109375             304             285
29200             218              19     0.042578125    0.0037109375             304             285
29300             220              18      0.04296875     0.003515625             305             287
29400             214              21     0.041796875    0.0041015625             308             287
29500             216              20       0.0421875      0.00390625             308             288
29600             216              20       0.0421875      0.00390625             311             291
29700             212              22      0.04140625     0.004296875             314             292
29800             214              21     0.041796875    0.0041015625             315             294
29900             214              21     0.041796875    0.0041015625             318             297
30000             214              21     0.041796875    0.0041015625             321             300
30100             216              20       0.0421875      0.00390625             322             302
30200             216              20       0.0421875      0.00390625             323             303
30300             218              19     0.042578125    0.0037109375             323             304
30400             218              19     0.042578125    0.0037109375             324             305
30500             218              19     0.042578125    0.0037109375             325             306
30600             222              17     0.043359375    0.0033203125             325             308
30700             222              17     0.043359375    0.0033203125             325             308
30800             222              17     0.043359375    0.0033203125             327             310
30900             220              18      0.04296875     0.003515625             328             310
31000             216              20       0.0421875      0.00390625             330             310
31100             218              19     0.042578125    0.0037109375             330             311
31200             218              19     0.042578125    0.0037109375             330             311
31300             214              21     0.041796875    0.0041015625             332             311
31400             210              23     0.041015625    0.0044921875             334             311
31500             216              20       0.0421875      0.00390625             335             315
31600             216              20       0.0421875      0.00390625             335             315
31700             218              19     0.042578125    0.0037109375             335             316
31800             220              18      0.04296875     0.003515625             336             318
31900             220              18      0.04296875     0.003515625             337             319
32000             220              18      0.04296875     0.003515625             337             319
32100             220              18      0.04296875     0.003515625             338             320
32200             222              17     0.043359375    0.0033203125             339             322
32300             220              18      0.04296875     0.003515625             340             322
32400             224              16         0.04375        0.003125             340             324
32500             224              16         0.04375        0.003125             340             324
32600             222              17     0.043359375    0.0033203125             342             325
32700             222              17     0.043359375    0.0033203125             344             327
32800             222              17     0.043359375    0.0033203125             345             328
32900             224              16         0.04375        0.003125             345             329
33000             220              18      0.04296875     0.003515625             347             329
33100             220              18      0.04296875     0.003515625             347             329
33200             216              20       0.0421875      0.00390625             349             329
33300             218              19     0.042578125    0.0037109375             349             330
33400             220              18      0.04296875     0.003515625             349             331
33500             218              19     0.042578125    0.0037109375             350             331
33600             218              19     0.042578125    0.0037109375             351             332
33700             218              19     0.042578125    0.0037109375             352             333
33800             214              21     0.041796875    0.0041015625             354             333
33900             218              19     0.042578125    0.0037109375             354             335
34000             216              20       0.0421875      0.00390625             356             336
34100             208              24        0.040625       0.0046875             360             336
34200             214              21     0.041796875    0.0041015625             360             339
34300             216              20       0.0421875      0.00390625             361             341
34400             216              20       0.0421875      0.00390625             361             341
34500             218              19     0.042578125    0.0037109375             361             342
34600             222              17     0.043359375    0.0033203125             362             345
34700             224              16         0.04375        0.003125             362             346
34800             222              17     0.043359375    0.0033203125             363             346
34900             222              17     0.043359375    0.0033203125             363             346
35000             222              17     0.043359375    0.0033203125             363             346
35100             226              15     0.044140625    0.0029296875             363             348
35200             222              17     0.043359375    0.0033203125             365             348
35300             224              16         0.04375        0.003125             365             349
35400             224              16         0.04375        0.003125             365             349
35500             226              15     0.044140625    0.0029296875             365             350
35600             226              15     0.044140625    0.0029296875             366             351
35700             228              14      0.04453125     0.002734375             366             352
35800             228              14      0.04453125     0.002734375             366             352
35900             228              14      0.04453125     0.002734375             366             352
36000             224              16         0.04375        0.003125             368             352
36100             218              19     0.042578125    0.0037109375             371             352
36200             218              19     0.042578125    0.0037109375             371             352
36300             218              19     0.042578125    0.0037109375             371             352
36400             218              19     0.042578125    0.0037109375             371             352
36500             218              19     0.042578125    0.0037109375             371             352
36600             220              18      0.04296875     0.003515625             371             353
36700             220              18      0.04296875     0.003515625             371             353
36800             222              17     0.043359375    0.0033203125             372             355
36900             224              16         0.04375        0.003125             373             357
37000             226              15     0.044140625    0.0029296875             374             359
37100             224              16         0.04375        0.003125             375             359
37200             226              15     0.044140625    0.0029296875             375             360
37300             226              15     0.044140625    0.0029296875             375             360
37400             224              16         0.04375        0.003125             376             360
37500             224              16         0.04375        0.003125             376             360
37600             226              15     0.044140625    0.0029296875             376             361
37700             222              17     0.043359375    0.0033203125             378             361
37800             222              17     0.043359375    0.0033203125             378             361
37900             220              18      0.04296875     0.003515625             379             361
38000             222              17     0.043359375    0.0033203125             379             362
38100             216              20       0.0421875      0.00390625             383             363
38200             216              20       0.0421875      0.00390625             383             363
38300             218              19     0.042578125    0.0037109375             383             364
38400             214              21     0.041796875    0.0041015625             386             365
38500             212              22      0.04140625     0.004296875             387             365
38600             214              21     0.041796875    0.0041015625             387             366
38700             214              21     0.041796875    0.0041015625             388             367
38800             212              22      0.04140625     0.004296875             390             368
38900             216              20       0.0421875      0.00390625             390             370
39000             218              19     0.042578125    0.0037109375             391             372
39100             218              19     0.042578125    0.0037109375             392             373
39200             220              18      0.04296875     0.003515625             392             374
39300             218              19     0.042578125    0.0037109375             393             374
39400             218              19     0.042578125    0.0037109375             395             376
39500             212              22      0.04140625     0.004296875             398             376
39600             214              21     0.041796875    0.0041015625             399             378
39700             216              20       0.0421875      0.00390625             399             379
39800             216              20       0.0421875      0.00390625             399             379
39900             216              20       0.0421875      0.00390625             400             380
40000             212              22      0.04140625     0.004296875             402             380
40100             208              24        0.040625       0.0046875             405             381
40200             208              24        0.040625       0.0046875             408             384
40300             204              26      0.03984375     0.005078125             410             384
40400             204              26      0.03984375     0.005078125             411             385
40500             202              27     0.039453125    0.0052734375             413             386
40600             208              24        0.040625       0.0046875             413             389
40700             208              24        0.040625       0.0046875             414             390
40800             208              24        0.040625       0.0046875             414             390
40900             210              23     0.041015625    0.0044921875             416             393
41000             212              22      0.04140625     0.004296875             418             396
41100             212              22      0.04140625     0.004296875             419             397
41200             212              22      0.04140625     0.004296875             419             397
41300             208              24        0.040625       0.0046875             422             398
41400             208              24        0.040625       0.0046875             424             400
41500             206              25     0.040234375    0.0048828125             425             400
41600             206              25     0.040234375    0.0048828125             426             401
41700             200              28       0.0390625      0.00546875             430             402
41800             202              27     0.039453125    0.0052734375             431             404
41900             200              28       0.0390625      0.00546875             434             406
42000             202              27     0.039453125    0.0052734375             434             407
42100             200              28       0.0390625      0.00546875             435             407
42200             202              27     0.039453125    0.0052734375             436             409
42300             200              28       0.0390625      0.00546875             437             409
42400             198              29     0.038671875    0.0056640625             438             409
42500             200              28       0.0390625      0.00546875             439             411
42600             200              28       0.0390625      0.00546875             440             412
42700             198              29     0.038671875    0.0056640625             441             412
42800             200              28       0.0390625      0.00546875             441             413
42900             198              29     0.038671875    0.0056640625             442             413
43000             200              28       0.0390625      0.00546875             443             415
43100             202              27     0.039453125    0.0052734375             443             416
43200             204              26      0.03984375     0.005078125             443             417
43300             200              28       0.0390625      0.00546875             445             417
43400             202              27     0.039453125    0.0052734375             445             418
43500             204              26      0.03984375     0.005078125             445             419
43600             206              25     0.040234375    0.0048828125             445             420
43700             208              24        0.040625       0.0046875             446             422
43800             216              20       0.0421875      0.00390625             446             426
43900             216              20       0.0421875      0.00390625             446             426
44000             216              20       0.0421875      0.00390625             447             427
44100             220              18      0.04296875     0.003515625             447             429
44200             216              20       0.0421875      0.00390625             449             429
44300             216              20       0.0421875      0.00390625             452             432
44400             216              20       0.0421875      0.00390625             452             432
44500             216              20       0.0421875      0.00390625             452             432
44600             218              19     0.042578125    0.0037109375             452             433
44700             218              19     0.042578125    0.0037109375             453             434
44800             226              15     0.044140625    0.0029296875             454             439
44900             226              15     0.044140625    0.0029296875             455             440
45000             224              16         0.04375        0.003125             456             440
45100             222              17     0.043359375    0.0033203125             457             440
45200             224              16         0.04375        0.003125             457             441
45300             222              17     0.043359375    0.0033203125             458             441
45400             226              15     0.044140625    0.0029296875             458             443
45500             228              14      0.04453125     0.002734375             458             444
45600             226              15     0.044140625    0.0029296875             459             444
45700             224              16         0.04375        0.003125             461             445
45800             222              17     0.043359375    0.0033203125             462             445
45900             222              17     0.043359375    0.0033203125             463             446
46000             220              18      0.04296875     0.003515625             464             446
46100             222              17     0.043359375    0.0033203125             464             447
46200             220              18      0.04296875     0.003515625             466             448
46300             220              18      0.04296875     0.003515625             466             448
46400             220              18      0.04296875     0.003515625             467             449
46500             220              18      0.04296875     0.003515625             467             449
46600             220              18      0.04296875     0.003515625             467             449
46700             222              17     0.043359375    0.0033203125             467             450
46800             218              19     0.042578125    0.0037109375             469             450
46900             216              20       0.0421875      0.00390625             470             450
47000             218              19     0.042578125    0.0037109375             470             451
47100             216              20       0.0421875      0.00390625             471             451
47200             214              21     0.041796875    0.0041015625             473             452
47300             214              21     0.041796875    0.0041015625             475             454
47400             216              20       0.0421875      0.00390625             475             455
47500             218              19     0.042578125    0.0037109375             475             456
47600             220              18      0.04296875     0.003515625             475             457
47700             216              20       0.0421875      0.00390625             478             458
47800             212              22      0.04140625     0.004296875             481             459
47900             212              22      0.04140625     0.004296875             481             459
48000             210              23     0.041015625    0.0044921875             484             461
48100             216              20       0.0421875      0.00390625             484             464
48200             216              20       0.0421875      0.00390625             484             464
48300             216              20       0.0421875      0.00390625             484             464
48400             218              19     0.042578125    0.0037109375             484             465
48500             218              19     0.042578125    0.0037109375             484             465
48600             220              18      0.04296875     0.003515625             484             466
48700             222              17     0.043359375    0.0033203125             484             467
48800             224              16         0.04375        0.003125             484             468
48900             228              14      0.04453125     0.002734375             484             470
49000             228              14      0.04453125     0.002734375             484             470
49100             228              14      0.04453125     0.002734375             484             470
49200             230              13     0.044921875    0.0025390625             486             473
49300             228              14      0.04453125     0.002734375             487             473
49400             228              14      0.04453125     0.002734375             487             473
49500             232              12       0.0453125      0.00234375             487             475
49600             230              13     0.044921875    0.0025390625             489             476
49700             226              15     0.044140625    0.0029296875             492             477
49800             224              16         0.04375        0.003125             493             477
49900             224              16         0.04375        0.003125             493             477
50000             226              15     0.044140625    0.0029296875             493             478
50100             226              15     0.044140625    0.0029296875             493             478
50200             226              15     0.044140625    0.0029296875             494             479
50300             224              16         0.04375        0.003125             495             479
50400             224              16         0.04375        0.003125             495             479
50500             226              15     0.044140625    0.0029296875             496             481
50600             230              13     0.044921875    0.0025390625             496             483
50700             228              14      0.04453125     0.002734375             497             483
50800             222              17     0.043359375    0.0033203125             500             483
50900             218              19     0.042578125    0.0037109375             502             483
51000             218              19     0.042578125    0.0037109375             505             486
51100             216              20       0.0421875      0.00390625             507             487
51200             214              21     0.041796875    0.0041015625             509             488
51300             214              21     0.041796875    0.0041015625             511             490
51400             212              22      0.04140625     0.004296875             512             490
51500             208              24        0.040625       0.0046875             514             490
51600             214              21     0.041796875    0.0041015625             514             493
51700             214              21     0.041796875    0.0041015625             515             494
51800             212              22      0.04140625     0.004296875             516             494
51900             208              24        0.040625       0.0046875             518             494
52000             208              24        0.040625       0.0046875             519             495
52100             208              24        0.040625       0.0046875             519             495
52200             208              24        0.040625       0.0046875             520             496
52300             208              24        0.040625       0.0046875             520             496
52400             206              25     0.040234375    0.0048828125             521             496
52500             208              24        0.040625       0.0046875             523             499
52600             208              24        0.040625       0.0046875             523             499
52700             208              24        0.040625       0.0046875             523             499
52800             206              25     0.040234375    0.0048828125             525             500
52900             200              28       0.0390625      0.00546875             528             500
53000             198              29     0.038671875    0.0056640625             530             501
53100             194              31     0.037890625    0.0060546875             532             501
53200             198              29     0.038671875    0.0056640625             532             503
53300             200              28       0.0390625      0.00546875             533             505
53400             200              28       0.0390625      0.00546875             533             505
53500             200              28       0.0390625      0.00546875             533             505
53600             204              26      0.03984375     0.005078125             533             507
53700             204              26      0.03984375     0.005078125             533             507
53800             202              27     0.039453125    0.0052734375             534             507
53900             204              26      0.03984375     0.005078125             534             508
54000             208              24        0.040625       0.0046875             534             510
54100             206              25     0.040234375    0.0048828125             535             510
54200             212              22      0.04140625     0.004296875             535             513
54300             214              21     0.041796875    0.0041015625             536             515
54400             216              20       0.0421875      0.00390625             536             516
54500             216              20       0.0421875      0.00390625             536             516
54600             214              21     0.041796875    0.0041015625             537             516
54700             208              24        0.040625       0.0046875             540             516
54800             208              24        0.040625       0.0046875             541             517
54900             210              23     0.041015625    0.0044921875             542             519
55000             210              23     0.041015625    0.0044921875             543             520
55100             210              23     0.041015625    0.0044921875             543             520
55200             210              23     0.041015625    0.0044921875             545             522
55300             208              24        0.040625       0.0046875             547             523
55400             200              28       0.0390625      0.00546875             551             523
55500             198              29     0.038671875    0.0056640625             553             524
55600             196              30      0.03828125     0.005859375             554             524
55700             202              27     0.039453125    0.0052734375             554             527
55800             204              26      0.03984375     0.005078125             555             529
55900             202              27     0.039453125    0.0052734375             557             530
56000             204              26      0.03984375     0.005078125             557             531
56100             198              29     0.038671875    0.0056640625             561             532
56200             196              30      0.03828125     0.005859375             562             532
56300             196              30      0.03828125     0.005859375             563             533
56400             200              28       0.0390625      0.00546875             564             536
56500             196              30      0.03828125     0.005859375             566             536
56600             198              29     0.038671875    0.0056640625             566             537
56700             200              28       0.0390625      0.00546875             566             538
56800             204              26      0.03984375     0.005078125             566             540
56900             206              25     0.040234375    0.0048828125             567             542
57000             210              23     0.041015625    0.0044921875             567             544
57100             206              25     0.040234375    0.0048828125             569             544
57200             210              23     0.041015625    0.0044921875             570             547
57300             208              24        0.040625       0.0046875             571             547
57400             208              24        0.040625       0.0046875             571             547
57500             212              22      0.04140625     0.004296875             571             549
57600             208              24        0.040625       0.0046875             573             549
57700             204              26      0.03984375     0.005078125             575             549
57800             204              26      0.03984375     0.005078125             576             550
57900             200              28       0.0390625      0.00546875             580             552
58000             198              29     0.038671875    0.0056640625             582             553
58100             202              27     0.039453125    0.0052734375             582             555
58200             202              27     0.039453125    0.0052734375             583             556
58300             202              27     0.039453125    0.0052734375             583             556
58400             204              26      0.03984375     0.005078125             583             557
58500             206              25     0.040234375    0.0048828125             583             558
58600             208              24        0.040625       0.0046875             584             560
58700             210              23     0.041015625    0.0044921875             584             561
58800             212              22      0.04140625     0.004296875             585             563
58900             216              20       0.0421875      0.00390625             585             565
59000             216              20       0.0421875      0.00390625             585             565
59100             216              20       0.0421875      0.00390625             586             566
59200             218              19     0.042578125    0.0037109375             586             567
59300             218              19     0.042578125    0.0037109375             587             568
59400             222              17     0.043359375    0.0033203125             587             570
59500             224              16         0.04375        0.003125             587             571
59600             218              19     0.042578125    0.0037109375             590             571
59700             220              18      0.04296875     0.003515625             590             572
59800             218              19     0.042578125    0.0037109375             591             572
59900             222              17     0.043359375    0.0033203125             591             574
60000             220              18      0.04296875     0.003515625             592             574
60100             220              18      0.04296875     0.003515625             592             574
60200             220              18      0.04296875     0.003515625             593             575
60300             222              17     0.043359375    0.0033203125             593             576
60400             222              17     0.043359375    0.0033203125             594             577
60500             224              16         0.04375        0.003125             594             578
60600             222              17     0.043359375    0.0033203125             595             578
60700             224              16         0.04375        0.003125             595             579
60800             218              19     0.042578125    0.0037109375             598             579
60900             218              19     0.042578125    0.0037109375             599             580
61000             218              19     0.042578125    0.0037109375             599             580
61100             220              18      0.04296875     0.003515625             600             582
61200             220              18      0.04296875     0.003515625             601             583
61300             218              19     0.042578125    0.0037109375             602             583
61400             218              19     0.042578125    0.0037109375             602             583
61500             224              16         0.04375        0.003125             602             586
61600             224              16         0.04375        0.003125             603             587
61700             220              18      0.04296875     0.003515625             605             587
61800             222              17     0.043359375    0.0033203125             605             588
61900             222              17     0.043359375    0.0033203125             606             589
62000             220              18      0.04296875     0.003515625             607             589
62100             222              17     0.043359375    0.0033203125             607             590
62200             222              17     0.043359375    0.0033203125             609             592
62300             218              19     0.042578125    0.0037109375             611             592
62400             218              19     0.042578125    0.0037109375             611             592
62500             222              17     0.043359375    0.0033203125             611             594
62600             224              16         0.04375        0.003125             611             595
62700             222              17     0.043359375    0.0033203125             612             595
62800             220              18      0.04296875     0.003515625             613             595
62900             222              17     0.043359375    0.0033203125             614             597
63000             224              16         0.04375        0.003125             615             599
63100             222              17     0.043359375    0.0033203125             616             599
63200             220              18      0.04296875     0.003515625             618             600
63300             218              19     0.042578125    0.0037109375             619             600
63400             216              20       0.0421875      0.00390625             620             600
63500             216              20       0.0421875      0.00390625             620             600
63600             222              17     0.043359375    0.0033203125             620             603
63700             220              18      0.04296875     0.003515625             622             604
63800             216              20       0.0421875      0.00390625             624             604
63900             216              20       0.0421875      0.00390625             625             605
64000             214              21     0.041796875    0.0041015625             626             605
64100             212              22      0.04140625     0.004296875             628             606
64200             216              20       0.0421875      0.00390625             628             608
64300             216              20       0.0421875      0.00390625             629             609
64400             216              20       0.0421875      0.00390625             630             610
64500             212              22      0.04140625     0.004296875             632             610
64600             214              21     0.041796875    0.0041015625             634             613
64700             212              22      0.04140625     0.004296875             635             613
64800             210              23     0.041015625    0.0044921875             637             614
64900             212              22      0.04140625     0.004296875             637             615
65000             216              20       0.0421875      0.00390625             637             617
65100             212              22      0.04140625     0.004296875             640             618
65200             212              22      0.04140625     0.004296875             642             620
65300             210              23     0.041015625    0.0044921875             643             620
65400             210              23     0.041015625    0.0044921875             645             622
65500             210              23     0.041015625    0.0044921875             646             623
65600             208              24        0.040625       0.0046875             647             623
65700             204              26      0.03984375     0.005078125             650             624
65800             202              27     0.039453125    0.0052734375             651             624
65900             206              25     0.040234375    0.0048828125             652             627
66000             206              25     0.040234375    0.0048828125             653             628
66100             208              24        0.040625       0.0046875             653             629
66200             210              23     0.041015625    0.0044921875             653             630
66300             208              24        0.040625       0.0046875             654             630
66400             208              24        0.040625       0.0046875             655             631
66500             206              25     0.040234375    0.0048828125             656             631
66600             204              26      0.03984375     0.005078125             658             632
66700             206              25     0.040234375    0.0048828125             659             634
66800             206              25     0.040234375    0.0048828125             659             634
66900             202              27     0.039453125    0.0052734375             661             634
67000             204              26      0.03984375     0.005078125             661             635
67100             202              27     0.039453125    0.0052734375             663             636
67200             200              28       0.0390625      0.00546875             665             637
67300             200              28       0.0390625      0.00546875             666             638
67400             204              26      0.03984375     0.005078125             666             640
67500             202              27     0.039453125    0.0052734375             667             640
67600             204              26      0.03984375     0.005078125             669             643
67700             200              28       0.0390625      0.00546875             671             643
67800             202              27     0.039453125    0.0052734375             672             645
67900             204              26      0.03984375     0.005078125             673             647
68000             206              25     0.040234375    0.0048828125             673             648
68100             206              25     0.040234375    0.0048828125             674             649
68200             206              25     0.040234375    0.0048828125             675             650
68300             210              23     0.041015625    0.0044921875             675             652
68400             214              21     0.041796875    0.0041015625             675             654
68500             216              20       0.0421875      0.00390625             675             655
68600             214              21     0.041796875    0.0041015625             677             656
68700             216              20       0.0421875      0.00390625             677             657
68800             218              19     0.042578125    0.0037109375             677             658
68900             216              20       0.0421875      0.00390625             678             658
69000             212              22      0.04140625     0.004296875             680             658
69100             212              22      0.04140625     0.004296875             681             659
69200             214              21     0.041796875    0.0041015625             681             660
69300             212              22      0.04140625     0.004296875             683             661
69400             208              24        0.040625       0.0046875             686             662
69500             204              26      0.03984375     0.005078125             689             663
69600             204              26      0.03984375     0.005078125             690             664
69700             208              24        0.040625       0.0046875             691             667
69800             206              25     0.040234375    0.0048828125             694             669
69900             206              25     0.040234375    0.0048828125             694             669
70000             206              25     0.040234375    0.0048828125             694             669
70100             204              26      0.03984375     0.005078125             695             669
70200             202              27     0.039453125    0.0052734375             697             670
70300             200              28       0.0390625      0.00546875             698             670
70400             200              28       0.0390625      0.00546875             698             670
70500             204              26      0.03984375     0.005078125             699             673
70600             200              28       0.0390625      0.00546875             701             673
70700             200              28       0.0390625      0.00546875             703             675
70800             198              29     0.038671875    0.0056640625             704             675
70900             196              30      0.03828125     0.005859375             706             676
71000             196              30      0.03828125     0.005859375             707             677
71100             196              30      0.03828125     0.005859375             708             678
71200             196              30      0.03828125     0.005859375             710             680
71300             198              29     0.038671875    0.0056640625             710             681
71400             200              28       0.0390625      0.00546875             710             682
71500             198              29     0.038671875    0.0056640625             711             682
71600             196              30      0.03828125     0.005859375             713             683
71700             198              29     0.038671875    0.0056640625             713             684
71800             198              29     0.038671875    0.0056640625             713             684
71900             202              27     0.039453125    0.0052734375             713             686
72000             204              26      0.03984375     0.005078125             713             687
72100             200              28       0.0390625      0.00546875             715             687
72200             200              28       0.0390625      0.00546875             716             688
72300             202              27     0.039453125    0.0052734375             717             690
72400             202              27     0.039453125    0.0052734375             719             692
72500             202              27     0.039453125    0.0052734375             719             692
72600             204              26      0.03984375     0.005078125             720             694
72700             206              25     0.040234375    0.0048828125             721             696
72800             202              27     0.039453125    0.0052734375             723             696
72900             200              28       0.0390625      0.00546875             724             696
73000             202              27     0.039453125    0.0052734375             725             698
73100             200              28       0.0390625      0.00546875             726             698
73200             200              28       0.0390625      0.00546875             726             698
73300             200              28       0.0390625      0.00546875             727             699
73400             198              29     0.038671875    0.0056640625             728             699
73500             200              28       0.0390625      0.00546875             728             700
73600             204              26      0.03984375     0.005078125             728             702
73700             204              26      0.03984375     0.005078125             729             703
73800             206              25     0.040234375    0.0048828125             729             704
73900             208              24        0.040625       0.0046875             729             705
74000             206              25     0.040234375    0.0048828125             730             705
74100             204              26      0.03984375     0.005078125             731             705
74200             202              27     0.039453125    0.0052734375             732             705
74300             208              24        0.040625       0.0046875             732             708
74400             210              23     0.041015625    0.0044921875             733             710
74500             208              24        0.040625       0.0046875             734             710
74600             206              25     0.040234375    0.0048828125             735             710
74700             210              23     0.041015625    0.0044921875             735             712
74800             208              24        0.040625       0.0046875             736             712
74900             208              24        0.040625       0.0046875             737             713
75000             208              24        0.040625       0.0046875             738             714
75100             212              22      0.04140625     0.004296875             739             717
75200             214              21     0.041796875    0.0041015625             739             718
75300             210              23     0.041015625    0.0044921875             741             718
75400             216              20       0.0421875      0.00390625             741             721
75500             220              18      0.04296875     0.003515625             741             723
75600             220              18      0.04296875     0.003515625             742             724
75700             218              19     0.042578125    0.0037109375             744             725
75800             216              20       0.0421875      0.00390625             746             726
75900             216              20       0.0421875      0.00390625             746             726
76000             212              22      0.04140625     0.004296875             749             727
76100             216              20       0.0421875      0.00390625             749             729
76200             214              21     0.041796875    0.0041015625             750             729
76300             212              22      0.04140625     0.004296875             752             730
76400             212              22      0.04140625     0.004296875             752             730
76500             218              19     0.042578125    0.0037109375             753             734
76600             218              19     0.042578125    0.0037109375             753             734
76700             218              19     0.042578125    0.0037109375             754             735
76800             224              16         0.04375        0.003125             754             738
76900             224              16         0.04375        0.003125             755             739
77000             224              16         0.04375        0.003125             757             741
77100             226              15     0.044140625    0.0029296875             757             742
77200             226              15     0.044140625    0.0029296875             758             743
77300             224              16         0.04375        0.003125             759             743
77400             224              16         0.04375        0.003125             759             743
77500             222              17     0.043359375    0.0033203125             760             743
77600             216              20       0.0421875      0.00390625             763             743
77700             218              19     0.042578125    0.0037109375             764             745
77800             220              18      0.04296875     0.003515625             764             746
77900             216              20       0.0421875      0.00390625             766             746
78000             210              23     0.041015625    0.0044921875             770             747
78100             210              23     0.041015625    0.0044921875             770             747
78200             206              25     0.040234375    0.0048828125             772             747
78300             206              25     0.040234375    0.0048828125             772             747
78400             210              23     0.041015625    0.0044921875             772             749
78500             210              23     0.041015625    0.0044921875             773             750
78600             212              22      0.04140625     0.004296875             774             752
78700             214              21     0.041796875    0.0041015625             774             753
78800             214              21     0.041796875    0.0041015625             776             755
78900             210              23     0.041015625    0.0044921875             778             755
79000             208              24        0.040625       0.0046875             780             756
79100             206              25     0.040234375    0.0048828125             783             758
79200             208              24        0.040625       0.0046875             784             760
79300             206              25     0.040234375    0.0048828125             787             762
79400             204              26      0.03984375     0.005078125             788             762
79500             202              27     0.039453125    0.0052734375             791             764
79600             198              29     0.038671875    0.0056640625             794             765
79700             204              26      0.03984375     0.005078125             794             768
79800             206              25     0.040234375    0.0048828125             795             770
79900             206              25     0.040234375    0.0048828125             796             771
80000             208              24        0.040625       0.0046875             798             774
80100             204              26      0.03984375     0.005078125             800             774
80200             212              22      0.04140625     0.004296875             800             778
80300             212              22      0.04140625     0.004296875             801             779
80400             214              21     0.041796875    0.0041015625             802             781
80500             214              21     0.041796875    0.0041015625             803             782
80600             214              21     0.041796875    0.0041015625             803             782
80700             216              20       0.0421875      0.00390625             803             783
80800             214              21     0.041796875    0.0041015625             805             784
80900             212              22      0.04140625     0.004296875             806             784
81000             214              21     0.041796875    0.0041015625             807             786
81100             214              21     0.041796875    0.0041015625             808             787
81200             214              21     0.041796875    0.0041015625             810             789
81300             220              18      0.04296875     0.003515625             810             792
81400             224              16         0.04375        0.003125             810             794
81500             224              16         0.04375        0.003125             810             794
81600             222              17     0.043359375    0.0033203125             811             794
81700             222              17     0.043359375    0.0033203125             812             795
81800             230              13     0.044921875    0.0025390625             812             799
81900             230              13     0.044921875    0.0025390625             813             800
82000             224              16         0.04375        0.003125             817             801
82100             224              16         0.04375        0.003125             818             802
82200             226              15     0.044140625    0.0029296875             818             803
82300             224              16         0.04375        0.003125             819             803
82400             218              19     0.042578125    0.0037109375             822             803
82500             218              19     0.042578125    0.0037109375             822             803
82600             220              18      0.04296875     0.003515625             822             804
82700             216              20       0.0421875      0.00390625             824             804
82800             220              18      0.04296875     0.003515625             825             807
82900             220              18      0.04296875     0.003515625             825             807
83000             222              17     0.043359375    0.0033203125             825             808
83100             222              17     0.043359375    0.0033203125             825             808
83200             220              18      0.04296875     0.003515625             826             808
83300             222              17     0.043359375    0.0033203125             826             809
83400             220              18      0.04296875     0.003515625             828             810
83500             218              19     0.042578125    0.0037109375             829             810
83600             214              21     0.041796875    0.0041015625             831             810
83700             214              21     0.041796875    0.0041015625             831             810
83800             212              22      0.04140625     0.004296875             834             812
83900             212              22      0.04140625     0.004296875             834             812
84000             210              23     0.041015625    0.0044921875             836             813
84100             208              24        0.040625       0.0046875             838             814
84200             212              22      0.04140625     0.004296875             838             816
84300             212              22      0.04140625     0.004296875             838             816
84400             214              21     0.041796875    0.0041015625             839             818
84500             214              21     0.041796875    0.0041015625             839             818
84600             210              23     0.041015625    0.0044921875             841             818
84700             212              22      0.04140625     0.004296875             842             820
84800             212              22      0.04140625     0.004296875             842             820
84900             214              21     0.041796875    0.0041015625             843             822
85000             216              20       0.0421875      0.00390625             844             824
85100             220              18      0.04296875     0.003515625             845             827
85200             214              21     0.041796875    0.0041015625             848             827
85300             216              20       0.0421875      0.00390625             848             828
85400             218              19     0.042578125    0.0037109375             848             829
85500             216              20       0.0421875      0.00390625             850             830
85600             220              18      0.04296875     0.003515625             850             832
85700             220              18      0.04296875     0.003515625             850             832
85800             224              16         0.04375        0.003125             850             834
85900             222              17     0.043359375    0.0033203125             851             834
86000             220              18      0.04296875     0.003515625             852             834
86100             218              19     0.042578125    0.0037109375             853             834
86200             218              19     0.042578125    0.0037109375             853             834
86300             216              20       0.0421875      0.00390625             855             835
86400             216              20       0.0421875      0.00390625             855             835
86500             218              19     0.042578125    0.0037109375             855             836
86600             220              18      0.04296875     0.003515625             856             838
86700             220              18      0.04296875     0.003515625             856             838
86800             226              15     0.044140625    0.0029296875             856             841
86900             220              18      0.04296875     0.003515625             859             841
87000             222              17     0.043359375    0.0033203125             859             842
87100             216              20       0.0421875      0.00390625             862             842
87200             212              22      0.04140625     0.004296875             864             842
87300             214              21     0.041796875    0.0041015625             865             844
87400             214              21     0.041796875    0.0041015625             865             844
87500             210              23     0.041015625    0.0044921875             868             845
87600             208              24        0.040625       0.0046875             870             846
87700             212              22      0.04140625     0.004296875             870             848
87800             216              20       0.0421875      0.00390625             870             850
87900             212              22      0.04140625     0.004296875             872             850
88000             214              21     0.041796875    0.0041015625             874             853
88100             214              21     0.041796875    0.0041015625             874             853
88200             216              20       0.0421875      0.00390625             875             855
88300             216              20       0.0421875      0.00390625             876             856
88400             216              20       0.0421875      0.00390625             877             857
88500             216              20       0.0421875      0.00390625             878             858
88600             212              22      0.04140625     0.004296875             880             858
88700             206              25     0.040234375    0.0048828125             883             858
88800             204              26      0.03984375     0.005078125             884             858
88900             206              25     0.040234375    0.0048828125             886             861
89000             206              25     0.040234375    0.0048828125             887             862
89100             204              26      0.03984375     0.005078125             888             862
89200             202              27     0.039453125    0.0052734375             890             863
89300             200              28       0.0390625      0.00546875             891             863
89400             198              29     0.038671875    0.0056640625             892             863
89500             200              28       0.0390625      0.00546875             892             864
89600             206              25     0.040234375    0.0048828125             892             867
89700             206              25     0.040234375    0.0048828125             892             867
89800             202              27     0.039453125    0.0052734375             894             867
89900             202              27     0.039453125    0.0052734375             896             869
90000             204              26      0.03984375     0.005078125             897             871
90100             204              26      0.03984375     0.005078125             897             871
90200             206              25     0.040234375    0.0048828125             898             873
90300             202              27     0.039453125    0.0052734375             901             874
90400             206              25     0.040234375    0.0048828125             901             876
90500             212              22      0.04140625     0.004296875             902             880
90600             214              21     0.041796875    0.0041015625             902             881
90700             204              26      0.03984375     0.005078125             907             881
90800             206              25     0.040234375    0.0048828125             908             883
90900             208              24        0.040625       0.0046875             909             885
91000             208              24        0.040625       0.0046875             909             885
91100             210              23     0.041015625    0.0044921875             909             886
91200             208              24        0.040625       0.0046875             911             887
91300             206              25     0.040234375    0.0048828125             912             887
91400             202              27     0.039453125    0.0052734375             914             887
91500             198              29     0.038671875    0.0056640625             917             888
91600             198              29     0.038671875    0.0056640625             918             889
91700             196              30      0.03828125     0.005859375             920             890
91800             198              29     0.038671875    0.0056640625             920             891
91900             196              30      0.03828125     0.005859375             922             892
92000             196              30      0.03828125     0.005859375             923             893
92100             194              31     0.037890625    0.0060546875             924             893
92200             198              29     0.038671875    0.0056640625             924             895
92300             200              28       0.0390625      0.00546875             925             897
92400             200              28       0.0390625      0.00546875             926             898
92500             202              27     0.039453125    0.0052734375             926             899
92600             202              27     0.039453125    0.0052734375             926             899
92700             204              26      0.03984375     0.005078125             927             901
92800             202              27     0.039453125    0.0052734375             928             901
92900             202              27     0.039453125    0.0052734375             928             901
93000             206              25     0.040234375    0.0048828125             928             903
93100             204              26      0.03984375     0.005078125             929             903
93200             204              26      0.03984375     0.005078125             930             904
93300             202              27     0.039453125    0.0052734375             931             904
93400             204              26      0.03984375     0.005078125             933             907
93500             198              29     0.038671875    0.0056640625             936             907
93600             198              29     0.038671875    0.0056640625             936             907
93700             200              28       0.0390625      0.00546875             936             908
93800             204              26      0.03984375     0.005078125             936             910
93900             206              25     0.040234375    0.0048828125             936             911
94000             208              24        0.040625       0.0046875             937             913
94100             214              21     0.041796875    0.0041015625             937             916
94200             212              22      0.04140625     0.004296875             938             916
94300             212              22      0.04140625     0.004296875             940             918
94400             216              20       0.0421875      0.00390625             940             920
94500             216              20       0.0421875      0.00390625             942             922
94600             214              21     0.041796875    0.0041015625             945             924
94700             214              21     0.041796875    0.0041015625             945             924
94800             212              22      0.04140625     0.004296875             946             924
94900             220              18      0.04296875     0.003515625             947             929
95000             220              18      0.04296875     0.003515625             948             930
95100             220              18      0.04296875     0.003515625             949             931
95200             226              15     0.044140625    0.0029296875             949             934
95300             222              17     0.043359375    0.0033203125             952             935
95400             216              20       0.0421875      0.00390625             956             936
95500             212              22      0.04140625     0.004296875             958             936
95600             212              22      0.04140625     0.004296875             958             936
95700             212              22      0.04140625     0.004296875             958             936
95800             212              22      0.04140625     0.004296875             958             936
95900             212              22      0.04140625     0.004296875             958             936
96000             214              21     0.041796875    0.0041015625             958             937
96100             212              22      0.04140625     0.004296875             960             938
96200             220              18      0.04296875     0.003515625             960             942
96300             222              17     0.043359375    0.0033203125             960             943
96400             226              15     0.044140625    0.0029296875             960             945
96500             222              17     0.043359375    0.0033203125             962             945
96600             224              16         0.04375        0.003125             963             947
96700             224              16         0.04375        0.003125             965             949
96800             222              17     0.043359375    0.0033203125             967             950
96900             218              19     0.042578125    0.0037109375             970             951
97000             220              18      0.04296875     0.003515625             970             952
97100             220              18      0.04296875     0.003515625             970             952
97200             222              17     0.043359375    0.0033203125             970             953
97300             218              19     0.042578125    0.0037109375             972             953
97400             220              18      0.04296875     0.003515625             973             955
97500             218              19     0.042578125    0.0037109375             974             955
97600             222              17     0.043359375    0.0033203125             974             957
97700             220              18      0.04296875     0.003515625             975             957
97800             222              17     0.043359375    0.0033203125             975             958
97900             216              20       0.0421875      0.00390625             978             958
98000             212              22      0.04140625     0.004296875             980             958
98100             214              21     0.041796875    0.0041015625             980             959
98200             212              22      0.04140625     0.004296875             981             959
98300             216              20       0.0421875      0.00390625             981             961
98400             216              20       0.0421875      0.00390625             983             963
98500             218              19     0.042578125    0.0037109375             983             964
98600             218              19     0.042578125    0.0037109375             984             965
98700             218              19     0.042578125    0.0037109375             985             966
98800             220              18      0.04296875     0.003515625             985             967
98900             220              18      0.04296875     0.003515625             985             967
99000             224              16         0.04375        0.003125             985             969
99100             220              18      0.04296875     0.003515625             987             969
99200             220              18      0.04296875     0.003515625             987             969
99300             216              20       0.0421875      0.00390625             989             969
99400             218              19     0.042578125    0.0037109375             990             971
99500             218              19     0.042578125    0.0037109375             991             972
99600             220              18      0.04296875     0.003515625             991             973
99700             216              20       0.0421875      0.00390625             993             973
99800             214              21     0.041796875    0.0041015625             994             973
99900             216              20       0.0421875      0.00390625             994             974
100000             218              19     0.042578125    0.0037109375             994             975
