# Time-averaged data for fix observ
# TimeStep v_nfree v_ndimer v_cfree v_cdimer f_kinetics[2] f_kinetics[3]
0             256               0            0.05               0               0               0
100             254               1     0.049609375    0.0001953125               1               0
200             254               1     0.049609375    0.0001953125               1               0
300             254               1     0.049609375    0.0001953125               1               0
400             254               1     0.049609375    0.0001953125               1               0
500             254               1     0.049609375    0.0001953125               2               1
600             254               1     0.049609375    0.0001953125               2               1
700             254               1     0.049609375    0.0001953125               2               1
800             254               1     0.049609375    0.0001953125               2               1
900             254               1     0.049609375    0.0001953125               2               1
1000             254               1     0.049609375    0.0001953125               2               1
1100             254               1     0.049609375    0.0001953125               2               1
1200             256               0            0.05               0               2               2
1300             256               0            0.05               0               2               2
1400             256               0            0.05               0               2               2
1500             256               0            0.05               0               2               2
1600             256               0            0.05               0               2               2
1700             256               0            0.05               0               2               2
1800             256               0            0.05               0               2               2
1900             256               0            0.05               0               2               2
2000             256               0            0.05               0               2               2
2100             254               1     0.049609375    0.0001953125               3               2
2200             254               1     0.049609375    0.0001953125               3               2
2300             254               1     0.049609375    0.0001953125               3               2
2400             252               2      0.04921875     0.000390625               4               2
2500             250               3     0.048828125    0.0005859375               5               2
2600             248               4       0.0484375      0.00078125               6               2
2700             248               4       0.0484375      0.00078125               6               2
2800             250               3     0.048828125    0.0005859375               6               3
2900             250               3     0.048828125    0.0005859375               6               3
3000             248               4       0.0484375      0.00078125               7               3
3100             248               4       0.0484375      0.00078125               7               3
3200             248               4       0.0484375      0.00078125               7               3
3300             248               4       0.0484375      0.00078125               7               3
3400             248               4       0.0484375      0.00078125               7               3
3500             248               4       0.0484375      0.00078125               7               3
3600             246               5     0.048046875    0.0009765625               8               3
3700             246               5     0.048046875    0.0009765625               8               3
3800             246               5     0.048046875    0.0009765625               8               3
3900             244               6      0.04765625     0.001171875               9               3
4000             244               6      0.04765625     0.001171875               9               3
4100             246               5     0.048046875    0.0009765625               9               4
4200             244               6      0.04765625     0.001171875              10               4
4300             244               6      0.04765625     0.001171875              10               4
4400             244               6      0.04765625     0.001171875              10               4
4500             242               7     0.047265625    0.0013671875              11               4
4600             244               6      0.04765625     0.001171875              11               5
4700             246               5     0.048046875    0.0009765625              11               6
4800             244               6      0.04765625     0.001171875              12               6
4900             244               6      0.04765625     0.001171875              12               6
5000             244               6      0.04765625     0.001171875              12               6
5100             242               7     0.047265625    0.0013671875              13               6
5200             246               5     0.048046875    0.0009765625              13               8
5300             246               5     0.048046875    0.0009765625              13               8
5400             246               5     0.048046875    0.0009765625              13               8
5500             246               5     0.048046875    0.0009765625              13               8
5600             246               5     0.048046875    0.0009765625              13               8
5700             246               5     0.048046875    0.0009765625              13               8
5800             246               5     0.048046875    0.0009765625              14               9
5900             246               5     0.048046875    0.0009765625              14               9
6000             246               5     0.048046875    0.0009765625              14               9
6100             246               5     0.048046875    0.0009765625              14               9
6200             246               5     0.048046875    0.0009765625              14               9
6300             244               6      0.04765625     0.001171875              15               9
6400             244               6      0.04765625     0.001171875              15               9
6500             244               6      0.04765625     0.001171875              15               9
6600             244               6      0.04765625     0.001171875              15               9
6700             244               6      0.04765625     0.001171875              15               9
6800             246               5     0.048046875    0.0009765625              15              10
6900             246               5     0.048046875    0.0009765625              16              11
7000             246               5     0.048046875    0.0009765625              16              11
7100             244               6      0.04765625     0.001171875              17              11
7200             244               6      0.04765625     0.001171875              17              11
7300             244               6      0.04765625     0.001171875              17              11
7400             242               7     0.047265625    0.0013671875              18              11
7500             242               7     0.047265625    0.0013671875              18              11
7600             244               6      0.04765625     0.001171875              18              12
7700             240               8        0.046875       0.0015625              20              12
7800             242               7     0.047265625    0.0013671875              20              13
7900             244               6      0.04765625     0.001171875              21              15
8000             244               6      0.04765625     0.001171875              21              15
8100             246               5     0.048046875    0.0009765625              21              16
8200             246               5     0.048046875    0.0009765625              21              16
8300             248               4       0.0484375      0.00078125              21              17
8400             246               5     0.048046875    0.0009765625              22              17
8500             246               5     0.048046875    0.0009765625              22              17
8600             246               5     0.048046875    0.0009765625              22              17
8700             246               5     0.048046875    0.0009765625              23              18
8800             246               5     0.048046875    0.0009765625              23              18
8900             248               4       0.0484375      0.00078125              23              19
9000             248               4       0.0484375      0.00078125              23              19
9100             248               4       0.0484375      0.00078125              23              19
9200             250               3     0.048828125    0.0005859375              23              20
9300             250               3     0.048828125    0.0005859375              23              20
9400             248               4       0.0484375      0.00078125              24              20
9500             248               4       0.0484375      0.00078125              24              20
9600             250               3     0.048828125    0.0005859375              24              21
9700             252               2      0.04921875     0.000390625              24              22
9800             252               2      0.04921875     0.000390625              24              22
9900             252               2      0.04921875     0.000390625              24              22
10000             252               2      0.04921875     0.000390625              24              22
10100             252               2      0.04921875     0.000390625              24              22
10200             254               1     0.049609375    0.0001953125              24              23
10300             254               1     0.049609375    0.0001953125              24              23
10400             254               1     0.049609375    0.0001953125              24              23
10500             254               1     0.049609375    0.0001953125              24              23
10600             252               2      0.04921875     0.000390625              25              23
10700             254               1     0.049609375    0.0001953125              25              24
10800             254               1     0.049609375    0.0001953125              25              24
10900             254               1     0.049609375    0.0001953125              25              24
11000             254               1     0.049609375    0.0001953125              25              24
11100             254               1     0.049609375    0.0001953125              25              24
11200             254               1     0.049609375    0.0001953125              25              24
11300             254               1     0.049609375    0.0001953125              25              24
11400             254               1     0.049609375    0.0001953125              25              24
11500             254               1     0.049609375    0.0001953125              25              24
11600             254               1     0.049609375    0.0001953125              25              24
11700             254               1     0.049609375    0.0001953125              25              24
11800             254               1     0.049609375    0.0001953125              25              24
11900             252               2      0.04921875     0.000390625              26              24
12000             252               2      0.04921875     0.000390625              26              24
12100             250               3     0.048828125    0.0005859375              27              24
12200             250               3     0.048828125    0.0005859375              27              24
12300             250               3     0.048828125    0.0005859375              27              24
12400             250               3     0.048828125    0.0005859375              27              24
12500             250               3     0.048828125    0.0005859375              27              24
12600             252               2      0.04921875     0.000390625              27              25
12700             252               2      0.04921875     0.000390625              27              25
12800             252               2      0.04921875     0.000390625              27              25
12900             252               2      0.04921875     0.000390625              27              25
13000             248               4       0.0484375      0.00078125              29              25
13100             248               4       0.0484375      0.00078125              30              26
13200             248               4       0.0484375      0.00078125              30              26
13300             248               4       0.0484375      0.00078125              30              26
13400             246               5     0.048046875    0.0009765625              31              26
13500             246               5     0.048046875    0.0009765625              31              26
13600             246               5     0.048046875    0.0009765625              31              26
13700             246               5     0.048046875    0.0009765625              31              26
13800             246               5     0.048046875    0.0009765625              32              27
13900             246               5     0.048046875    0.0009765625              32              27
14000             246               5     0.048046875    0.0009765625              32              27
14100             246               5     0.048046875    0.0009765625              32              27
14200             246               5     0.048046875    0.0009765625              32              27
14300             246               5     0.048046875    0.0009765625              32              27
14400             248               4       0.0484375      0.00078125              33              29
14500             248               4       0.0484375      0.00078125              33              29
14600             246               5     0.048046875    0.0009765625              34              29
14700             246               5     0.048046875    0.0009765625              34              29
14800             246               5     0.048046875    0.0009765625              34              29
14900             248               4       0.0484375      0.00078125              34              30
15000             248               4       0.0484375      0.00078125              34              30
15100             250               3     0.048828125    0.0005859375              34              31
15200             248               4       0.0484375      0.00078125              35              31
15300             248               4       0.0484375      0.00078125              35              31
15400             248               4       0.0484375      0.00078125              35              31
15500             250               3     0.048828125    0.0005859375              35              32
15600             250               3     0.048828125    0.0005859375              35              32
15700             248               4       0.0484375      0.00078125              36              32
15800             248               4       0.0484375      0.00078125              36              32
15900             246               5     0.048046875    0.0009765625              37              32
16000             246               5     0.048046875    0.0009765625              37              32
16100             244               6      0.04765625     0.001171875              38              32
16200             246               5     0.048046875    0.0009765625              38              33
16300             248               4       0.0484375      0.00078125              38              34
16400             248               4       0.0484375      0.00078125              38              34
16500             246               5     0.048046875    0.0009765625              39              34
16600             246               5     0.048046875    0.0009765625              39              34
16700             244               6      0.04765625     0.001171875              40              34
16800             244               6      0.04765625     0.001171875              40              34
16900             244               6      0.04765625     0.001171875              40              34
17000             244               6      0.04765625     0.001171875              40              34
17100             244               6      0.04765625     0.001171875              40              34
17200             242               7     0.047265625    0.0013671875              41              34
17300             242               7     0.047265625    0.0013671875              41              34
17400             244               6      0.04765625     0.001171875              41              35
17500             244               6      0.04765625     0.001171875              41              35
17600             244               6      0.04765625     0.001171875              41              35
17700             244               6      0.04765625     0.001171875              41              35
17800             246               5     0.048046875    0.0009765625              41              36
17900             246               5     0.048046875    0.0009765625              41              36
18000             244               6      0.04765625     0.001171875              42              36
18100             244               6      0.04765625     0.001171875              42              36
18200             244               6      0.04765625     0.001171875              42              36
18300             244               6      0.04765625     0.001171875              44              38
18400             244               6      0.04765625     0.001171875              44              38
18500             244               6      0.04765625     0.001171875              44              38
18600             244               6      0.04765625     0.001171875              44              38
18700             244               6      0.04765625     0.001171875              44              38
18800             244               6      0.04765625     0.001171875              44              38
18900             244               6      0.04765625     0.001171875              44              38
19000             240               8        0.046875       0.0015625              46              38
19100             240               8        0.046875       0.0015625              47              39
19200             240               8        0.046875       0.0015625              47              39
19300             242               7     0.047265625    0.0013671875              47              40
19400             244               6      0.04765625     0.001171875              47              41
19500             244               6      0.04765625     0.001171875              48              42
19600             244               6      0.04765625     0.001171875              48              42
19700             244               6      0.04765625     0.001171875              48              42
19800             244               6      0.04765625     0.001171875              48              42
19900             246               5     0.048046875    0.0009765625              48              43
20000             248               4       0.0484375      0.00078125              48              44
20100             246               5     0.048046875    0.0009765625              49              44
20200             244               6      0.04765625     0.001171875              50              44
20300             244               6      0.04765625     0.001171875              50              44
20400             246               5     0.048046875    0.0009765625              50              45
20500             244               6      0.04765625     0.001171875              51              45
20600             244               6      0.04765625     0.001171875              51              45
20700             244               6      0.04765625     0.001171875              52              46
20800             242               7     0.047265625    0.0013671875              53              46
20900             244               6      0.04765625     0.001171875              53              47
21000             244               6      0.04765625     0.001171875              53              47
21100             242               7     0.047265625    0.0013671875              54              47
21200             242               7     0.047265625    0.0013671875              54              47
21300             242               7     0.047265625    0.0013671875              54              47
21400             242               7     0.047265625    0.0013671875              54              47
21500             244               6      0.04765625     0.001171875              54              48
21600             244               6      0.04765625     0.001171875              54              48
21700             244               6      0.04765625     0.001171875              54              48
21800             248               4       0.0484375      0.00078125              54              50
21900             246               5     0.048046875    0.0009765625              55              50
22000             248               4       0.0484375      0.00078125              55              51
22100             250               3     0.048828125    0.0005859375              55              52
22200             250               3     0.048828125    0.0005859375              55              52
22300             250               3     0.048828125    0.0005859375              56              53
22400             248               4       0.0484375      0.00078125              57              53
22500             252               2      0.04921875     0.000390625              57              55
22600             252               2      0.04921875     0.000390625              57              55
22700             248               4       0.0484375      0.00078125              59              55
22800             246               5     0.048046875    0.0009765625              61              56
22900             246               5     0.048046875    0.0009765625              61              56
23000             246               5     0.048046875    0.0009765625              61              56
23100             248               4       0.0484375      0.00078125              61              57
23200             250               3     0.048828125    0.0005859375              61              58
23300             250               3     0.048828125    0.0005859375              62              59
23400             250               3     0.048828125    0.0005859375              62              59
23500             250               3     0.048828125    0.0005859375              62              59
23600             250               3     0.048828125    0.0005859375              62              59
23700             250               3     0.048828125    0.0005859375              63              60
23800             250               3     0.048828125    0.0005859375              63              60
23900             250               3     0.048828125    0.0005859375              63              60
24000             250               3     0.048828125    0.0005859375              63              60
24100             252               2      0.04921875     0.000390625              63              61
24200             252               2      0.04921875     0.000390625              63              61
24300             252               2      0.04921875     0.000390625              63              61
24400             252               2      0.04921875     0.000390625              63              61
24500             252               2      0.04921875     0.000390625              63              61
24600             250               3     0.048828125    0.0005859375              64              61
24700             252               2      0.04921875     0.000390625              64              62
24800             252               2      0.04921875     0.000390625              64              62
24900             250               3     0.048828125    0.0005859375              65              62
25000             252               2      0.04921875     0.000390625              65              63
25100             252               2      0.04921875     0.000390625              65              63
25200             252               2      0.04921875     0.000390625              65              63
25300             252               2      0.04921875     0.000390625              65              63
25400             252               2      0.04921875     0.000390625              65              63
25500             252               2      0.04921875     0.000390625              65              63
25600             250               3     0.048828125    0.0005859375              66              63
25700             250               3     0.048828125    0.0005859375              66              63
25800             248               4       0.0484375      0.00078125              67              63
25900             246               5     0.048046875    0.0009765625              68              63
26000             246               5     0.048046875    0.0009765625              68              63
26100             248               4       0.0484375      0.00078125              68              64
26200             250               3     0.048828125    0.0005859375              69              66
26300             250               3     0.048828125    0.0005859375              69              66
26400             250               3     0.048828125    0.0005859375              69              66
26500             250               3     0.048828125    0.0005859375              69              66
26600             248               4       0.0484375      0.00078125              70              66
26700             248               4       0.0484375      0.00078125              71              67
26800             246               5     0.048046875    0.0009765625              72              67
26900             244               6      0.04765625     0.001171875              73              67
27000             246               5     0.048046875    0.0009765625              73              68
27100             246               5     0.048046875    0.0009765625              73              68
27200             246               5     0.048046875    0.0009765625              73              68
27300             246               5     0.048046875    0.0009765625              73              68
27400             246               5     0.048046875    0.0009765625              73              68
27500             246               5     0.048046875    0.0009765625              73              68
27600             244               6      0.04765625     0.001171875              74              68
27700             242               7     0.047265625    0.0013671875              75              68
27800             242               7     0.047265625    0.0013671875              75              68
27900             242               7     0.047265625    0.0013671875              75              68
28000             244               6      0.04765625     0.001171875              75              69
28100             246               5     0.048046875    0.0009765625              75              70
28200             246               5     0.048046875    0.0009765625              75              70
28300             246               5     0.048046875    0.0009765625              75              70
28400             246               5     0.048046875    0.0009765625              75              70
28500             248               4       0.0484375      0.00078125              75              71
28600             248               4       0.0484375      0.00078125              75              71
28700             248               4       0.0484375      0.00078125              75              71
28800             250               3     0.048828125    0.0005859375              75              72
28900             250               3     0.048828125    0.0005859375              75              72
29000             248               4       0.0484375      0.00078125              76              72
29100             248               4       0.0484375      0.00078125              76              72
29200             246               5     0.048046875    0.0009765625              77              72
29300             246               5     0.048046875    0.0009765625              77              72
29400             248               4       0.0484375      0.00078125              77              73
29500             250               3     0.048828125    0.0005859375              77              74
29600             250               3     0.048828125    0.0005859375              77              74
29700             250               3     0.048828125    0.0005859375              77              74
29800             250               3     0.048828125    0.0005859375              77              74
29900             250               3     0.048828125    0.0005859375              77              74
30000             250               3     0.048828125    0.0005859375              77              74
30100             250               3     0.048828125    0.0005859375              77              74
30200             248               4       0.0484375      0.00078125              78              74
30300             248               4       0.0484375      0.00078125              78              74
30400             250               3     0.048828125    0.0005859375              78              75
30500             250               3     0.048828125    0.0005859375              78              75
30600             250               3     0.048828125    0.0005859375              78              75
30700             250               3     0.048828125    0.0005859375              78              75
30800             250               3     0.048828125    0.0005859375              78              75
30900             250               3     0.048828125    0.0005859375              78              75
31000             248               4       0.0484375      0.00078125              79              75
31100             246               5     0.048046875    0.0009765625              80              75
31200             244               6      0.04765625     0.001171875              81              75
31300             244               6      0.04765625     0.001171875              81              75
31400             244               6      0.04765625     0.001171875              81              75
31500             244               6      0.04765625     0.001171875              81              75
31600             244               6      0.04765625     0.001171875              81              75
31700             244               6      0.04765625     0.001171875              81              75
31800             244               6      0.04765625     0.001171875              81              75
31900             242               7     0.047265625    0.0013671875              82              75
32000             242               7     0.047265625    0.0013671875              82              75
32100             242               7     0.047265625    0.0013671875              82              75
32200             246               5     0.048046875    0.0009765625              82              77
32300             246               5     0.048046875    0.0009765625              82              77
32400             246               5     0.048046875    0.0009765625              82              77
32500             246               5     0.048046875    0.0009765625              82              77
32600             248               4       0.0484375      0.00078125              82              78
32700             246               5     0.048046875    0.0009765625              83              78
32800             248               4       0.0484375      0.00078125              83              79
32900             246               5     0.048046875    0.0009765625              84              79
33000             246               5     0.048046875    0.0009765625              84              79
33100             246               5     0.048046875    0.0009765625              84              79
33200             246               5     0.048046875    0.0009765625              84              79
33300             246               5     0.048046875    0.0009765625              84              79
33400             244               6      0.04765625     0.001171875              85              79
33500             244               6      0.04765625     0.001171875              85              79
33600             242               7     0.047265625    0.0013671875              86              79
33700             248               4       0.0484375      0.00078125              86              82
33800             248               4       0.0484375      0.00078125              86              82
33900             250               3     0.048828125    0.0005859375              86              83
34000             248               4       0.0484375      0.00078125              87              83
34100             246               5     0.048046875    0.0009765625              88              83
34200             248               4       0.0484375      0.00078125              88              84
34300             248               4       0.0484375      0.00078125              88              84
34400             248               4       0.0484375      0.00078125              88              84
34500             250               3     0.048828125    0.0005859375              88              85
34600             250               3     0.048828125    0.0005859375              89              86
34700             250               3     0.048828125    0.0005859375              89              86
34800             250               3     0.048828125    0.0005859375              89              86
34900             248               4       0.0484375      0.00078125              90              86
35000             250               3     0.048828125    0.0005859375              90              87
35100             250               3     0.048828125    0.0005859375              90              87
35200             252               2      0.04921875     0.000390625              90              88
35300             252               2      0.04921875     0.000390625              90              88
35400             252               2      0.04921875     0.000390625              90              88
35500             252               2      0.04921875     0.000390625              90              88
35600             252               2      0.04921875     0.000390625              90              88
35700             252               2      0.04921875     0.000390625              90              88
35800             250               3     0.048828125    0.0005859375              91              88
35900             250               3     0.048828125    0.0005859375              91              88
36000             252               2      0.04921875     0.000390625              91              89
36100             252               2      0.04921875     0.000390625              91              89
36200             248               4       0.0484375      0.00078125              93              89
36300             248               4       0.0484375      0.00078125              93              89
36400             248               4       0.0484375      0.00078125              93              89
36500             248               4       0.0484375      0.00078125              93              89
36600             248               4       0.0484375      0.00078125              93              89
36700             248               4       0.0484375      0.00078125              93              89
36800             248               4       0.0484375      0.00078125              93              89
36900             246               5     0.048046875    0.0009765625              94              89
37000             248               4       0.0484375      0.00078125              94              90
37100             250               3     0.048828125    0.0005859375              94              91
37200             250               3     0.048828125    0.0005859375              94              91
37300             250               3     0.048828125    0.0005859375              94              91
37400             250               3     0.048828125    0.0005859375              94              91
37500             252               2      0.04921875     0.000390625              94              92
37600             252               2      0.04921875     0.000390625              94              92
37700             252               2      0.04921875     0.000390625              94              92
37800             252               2      0.04921875     0.000390625              94              92
37900             252               2      0.04921875     0.000390625              94              92
38000             252               2      0.04921875     0.000390625              94              92
38100             252               2      0.04921875     0.000390625              94              92
38200             250               3     0.048828125    0.0005859375              95              92
38300             250               3     0.048828125    0.0005859375              95              92
38400             252               2      0.04921875     0.000390625              95              93
38500             250               3     0.048828125    0.0005859375              96              93
38600             248               4       0.0484375      0.00078125              97              93
38700             248               4       0.0484375      0.00078125              97              93
38800             250               3     0.048828125    0.0005859375              97              94
38900             250               3     0.048828125    0.0005859375              97              94
39000             250               3     0.048828125    0.0005859375              97              94
39100             250               3     0.048828125    0.0005859375              98              95
39200             250               3     0.048828125    0.0005859375              98              95
39300             248               4       0.0484375      0.00078125              99              95
39400             248               4       0.0484375      0.00078125              99              95
39500             248               4       0.0484375      0.00078125              99              95
39600             248               4       0.0484375      0.00078125             100              96
39700             248               4       0.0484375      0.00078125             100              96
39800             248               4       0.0484375      0.00078125             100              96
39900             246               5     0.048046875    0.0009765625             101              96
40000             246               5     0.048046875    0.0009765625             101              96
40100             248               4       0.0484375      0.00078125             101              97
40200             248               4       0.0484375      0.00078125             101              97
40300             250               3     0.048828125    0.0005859375             101              98
40400             250               3     0.048828125    0.0005859375             101              98
40500             250               3     0.048828125    0.0005859375             101              98
40600             248               4       0.0484375      0.00078125             102              98
40700             250               3     0.048828125    0.0005859375             102              99
40800             250               3     0.048828125    0.0005859375             102              99
40900             252               2      0.04921875     0.000390625             102             100
41000             254               1     0.049609375    0.0001953125             102             101
41100             252               2      0.04921875     0.000390625             103             101
41200             254               1     0.049609375    0.0001953125             103             102
41300             254               1     0.049609375    0.0001953125             103             102
41400             254               1     0.049609375    0.0001953125             103             102
41500             254               1     0.049609375    0.0001953125             103             102
41600             252               2      0.04921875     0.000390625             104             102
41700             252               2      0.04921875     0.000390625             104             102
41800             252               2      0.04921875     0.000390625             104             102
41900             252               2      0.04921875     0.000390625             104             102
42000             252               2      0.04921875     0.000390625             104             102
42100             254               1     0.049609375    0.0001953125             104             103
42200             254               1     0.049609375    0.0001953125             104             103
42300             254               1     0.049609375    0.0001953125             104             103
42400             254               1     0.049609375    0.0001953125             104             103
42500             252               2      0.04921875     0.000390625             105             103
42600             252               2      0.04921875     0.000390625             105             103
42700             250               3     0.048828125    0.0005859375             106             103
42800             250               3     0.048828125    0.0005859375             106             103
42900             252               2      0.04921875     0.000390625             106             104
43000             252               2      0.04921875     0.000390625             106             104
43100             252               2      0.04921875     0.000390625             106             104
43200             252               2      0.04921875     0.000390625             106             104
43300             250               3     0.048828125    0.0005859375             107             104
43400             250               3     0.048828125    0.0005859375             107             104
43500             252               2      0.04921875     0.000390625             107             105
43600             252               2      0.04921875     0.000390625             107             105
43700             252               2      0.04921875     0.000390625             107             105
43800             254               1     0.049609375    0.0001953125             107             106
43900             254               1     0.049609375    0.0001953125             107             106
44000             254               1     0.049609375    0.0001953125             107             106
44100             254               1     0.049609375    0.0001953125             107             106
44200             252               2      0.04921875     0.000390625             108             106
44300             252               2      0.04921875     0.000390625             108             106
44400             252               2      0.04921875     0.000390625             108             106
44500             252               2      0.04921875     0.000390625             108             106
44600             252               2      0.04921875     0.000390625             109             107
44700             250               3     0.048828125    0.0005859375             110             107
44800             248               4       0.0484375      0.00078125             111             107
44900             250               3     0.048828125    0.0005859375             111             108
45000             250               3     0.048828125    0.0005859375             111             108
45100             250               3     0.048828125    0.0005859375             111             108
45200             250               3     0.048828125    0.0005859375             111             108
45300             252               2      0.04921875     0.000390625             111             109
45400             250               3     0.048828125    0.0005859375             112             109
45500             250               3     0.048828125    0.0005859375             112             109
45600             250               3     0.048828125    0.0005859375             112             109
45700             250               3     0.048828125    0.0005859375             112             109
45800             248               4       0.0484375      0.00078125             113             109
45900             248               4       0.0484375      0.00078125             113             109
46000             246               5     0.048046875    0.0009765625             114             109
46100             246               5     0.048046875    0.0009765625             114             109
46200             246               5     0.048046875    0.0009765625             114             109
46300             246               5     0.048046875    0.0009765625             114             109
46400             248               4       0.0484375      0.00078125             114             110
46500             246               5     0.048046875    0.0009765625             115             110
46600             246               5     0.048046875    0.0009765625             115             110
46700             246               5     0.048046875    0.0009765625             116             111
46800             246               5     0.048046875    0.0009765625             116             111
46900             244               6      0.04765625     0.001171875             117             111
47000             246               5     0.048046875    0.0009765625             117             112
47100             244               6      0.04765625     0.001171875             118             112
47200             244               6      0.04765625     0.001171875             118             112
47300             246               5     0.048046875    0.0009765625             118             113
47400             246               5     0.048046875    0.0009765625             118             113
47500             248               4       0.0484375      0.00078125             118             114
47600             246               5     0.048046875    0.0009765625             119             114
47700             244               6      0.04765625     0.001171875             120             114
47800             246               5     0.048046875    0.0009765625             120             115
47900             244               6      0.04765625     0.001171875             121             115
48000             244               6      0.04765625     0.001171875             122             116
48100             244               6      0.04765625     0.001171875             122             116
48200             244               6      0.04765625     0.001171875             122             116
48300             246               5     0.048046875    0.0009765625             122             117
48400             246               5     0.048046875    0.0009765625             123             118
48500             248               4       0.0484375      0.00078125             123             119
48600             250               3     0.048828125    0.0005859375             123             120
48700             250               3     0.048828125    0.0005859375             123             120
48800             248               4       0.0484375      0.00078125             124             120
48900             248               4       0.0484375      0.00078125             124             120
49000             248               4       0.0484375      0.00078125             124             120
49100             248               4       0.0484375      0.00078125             124             120
49200             248               4       0.0484375      0.00078125             124             120
49300             248               4       0.0484375      0.00078125             124             120
49400             248               4       0.0484375      0.00078125             124             120
49500             250               3     0.048828125    0.0005859375             124             121
49600             250               3     0.048828125    0.0005859375             124             121
49700             246               5     0.048046875    0.0009765625             126             121
49800             246               5     0.048046875    0.0009765625             126             121
49900             242               7     0.047265625    0.0013671875             128             121
50000             242               7     0.047265625    0.0013671875             128             121
50100             244               6      0.04765625     0.001171875             128             122
50200             244               6      0.04765625     0.001171875             128             122
50300             244               6      0.04765625     0.001171875             128             122
50400             244               6      0.04765625     0.001171875             128             122
50500             242               7     0.047265625    0.0013671875             129             122
50600             244               6      0.04765625     0.001171875             129             123
50700             242               7     0.047265625    0.0013671875             130             123
50800             240               8        0.046875       0.0015625             131             123
50900             240               8        0.046875       0.0015625             131             123
51000             240               8        0.046875       0.0015625             132             124
51100             240               8        0.046875       0.0015625             133             125
51200             242               7     0.047265625    0.0013671875             133             126
51300             242               7     0.047265625    0.0013671875             133             126
51400             242               7     0.047265625    0.0013671875             134             127
51500             242               7     0.047265625    0.0013671875             134             127
51600             242               7     0.047265625    0.0013671875             134             127
51700             242               7     0.047265625    0.0013671875             134             127
51800             242               7     0.047265625    0.0013671875             134             127
51900             242               7     0.047265625    0.0013671875             134             127
52000             242               7     0.047265625    0.0013671875             134             127
52100             244               6      0.04765625     0.001171875             134             128
52200             246               5     0.048046875    0.0009765625             134             129
52300             246               5     0.048046875    0.0009765625             135             130
52400             246               5     0.048046875    0.0009765625             135             130
52500             246               5     0.048046875    0.0009765625             135             130
52600             246               5     0.048046875    0.0009765625             135             130
52700             244               6      0.04765625     0.001171875             136             130
52800             244               6      0.04765625     0.001171875             136             130
52900             244               6      0.04765625     0.001171875             136             130
53000             244               6      0.04765625     0.001171875             136             130
53100             244               6      0.04765625     0.001171875             136             130
53200             244               6      0.04765625     0.001171875             136             130
53300             244               6      0.04765625     0.001171875             136             130
53400             244               6      0.04765625     0.001171875             136             130
53500             246               5     0.048046875    0.0009765625             136             131
53600             250               3     0.048828125    0.0005859375             136             133
53700             250               3     0.048828125    0.0005859375             136             133
53800             250               3     0.048828125    0.0005859375             136             133
53900             250               3     0.048828125    0.0005859375             137             134
54000             246               5     0.048046875    0.0009765625             139             134
54100             244               6      0.04765625     0.001171875             140             134
54200             244               6      0.04765625     0.001171875             140             134
54300             244               6      0.04765625     0.001171875             140             134
54400             244               6      0.04765625     0.001171875             140             134
54500             244               6      0.04765625     0.001171875             140             134
54600             244               6      0.04765625     0.001171875             141             135
54700             244               6      0.04765625     0.001171875             141             135
54800             244               6      0.04765625     0.001171875             141             135
54900             246               5     0.048046875    0.0009765625             141             136
55000             248               4       0.0484375      0.00078125             141             137
55100             248               4       0.0484375      0.00078125             141             137
55200             250               3     0.048828125    0.0005859375             141             138
55300             252               2      0.04921875     0.000390625             141             139
55400             250               3     0.048828125    0.0005859375             142             139
55500             248               4       0.0484375      0.00078125             143             139
55600             248               4       0.0484375      0.00078125             143             139
55700             248               4       0.0484375      0.00078125             143             139
55800             248               4       0.0484375      0.00078125             143             139
55900             246               5     0.048046875    0.0009765625             144             139
56000             246               5     0.048046875    0.0009765625             144             139
56100             242               7     0.047265625    0.0013671875             146             139
56200             242               7     0.047265625    0.0013671875             146             139
56300             244               6      0.04765625     0.001171875             146             140
56400             246               5     0.048046875    0.0009765625             146             141
56500             248               4       0.0484375      0.00078125             146             142
56600             248               4       0.0484375      0.00078125             146             142
56700             248               4       0.0484375      0.00078125             146             142
56800             248               4       0.0484375      0.00078125             146             142
56900             248               4       0.0484375      0.00078125             146             142
57000             248               4       0.0484375      0.00078125             146             142
57100             248               4       0.0484375      0.00078125             146             142
57200             250               3     0.048828125    0.0005859375             146             143
57300             252               2      0.04921875     0.000390625             146             144
57400             252               2      0.04921875     0.000390625             146             144
57500             252               2      0.04921875     0.000390625             146             144
57600             252               2      0.04921875     0.000390625             146             144
57700             252               2      0.04921875     0.000390625             146             144
57800             250               3     0.048828125    0.0005859375             147             144
57900             250               3     0.048828125    0.0005859375             147             144
58000             250               3     0.048828125    0.0005859375             148             145
58100             250               3     0.048828125    0.0005859375             148             145
58200             250               3     0.048828125    0.0005859375             148             145
58300             250               3     0.048828125    0.0005859375             148             145
58400             250               3     0.048828125    0.0005859375             148             145
58500             250               3     0.048828125    0.0005859375             148             145
58600             250               3     0.048828125    0.0005859375             148             145
58700             250               3     0.048828125    0.0005859375             148             145
58800             248               4       0.0484375      0.00078125             149             145
58900             246               5     0.048046875    0.0009765625             150             145
59000             246               5     0.048046875    0.0009765625             150             145
59100             246               5     0.048046875    0.0009765625             150             145
59200             244               6      0.04765625     0.001171875             151             145
59300             244               6      0.04765625     0.001171875             151             145
59400             242               7     0.047265625    0.0013671875             153             146
59500             242               7     0.047265625    0.0013671875             153             146
59600             242               7     0.047265625    0.0013671875             153             146
59700             242               7     0.047265625    0.0013671875             153             146
59800             242               7     0.047265625    0.0013671875             153             146
59900             244               6      0.04765625     0.001171875             153             147
60000             244               6      0.04765625     0.001171875             153             147
60100             244               6      0.04765625     0.001171875             153             147
60200             242               7     0.047265625    0.0013671875             154             147
60300             242               7     0.047265625    0.0013671875             154             147
60400             242               7     0.047265625    0.0013671875             154             147
60500             242               7     0.047265625    0.0013671875             154             147
60600             242               7     0.047265625    0.0013671875             154             147
60700             242               7     0.047265625    0.0013671875             154             147
60800             244               6      0.04765625     0.001171875             154             148
60900             244               6      0.04765625     0.001171875             154             148
61000             248               4       0.0484375      0.00078125             154             150
61100             246               5     0.048046875    0.0009765625             155             150
61200             246               5     0.048046875    0.0009765625             155             150
61300             248               4       0.0484375      0.00078125             155             151
61400             250               3     0.048828125    0.0005859375             155             152
61500             250               3     0.048828125    0.0005859375             155             152
61600             248               4       0.0484375      0.00078125             156             152
61700             248               4       0.0484375      0.00078125             156             152
61800             248               4       0.0484375      0.00078125             156             152
61900             248               4       0.0484375      0.00078125             156             152
62000             250               3     0.048828125    0.0005859375             156             153
62100             252               2      0.04921875     0.000390625             156             154
62200             250               3     0.048828125    0.0005859375             157             154
62300             250               3     0.048828125    0.0005859375             157             154
62400             250               3     0.048828125    0.0005859375             157             154
62500             248               4       0.0484375      0.00078125             158             154
62600             246               5     0.048046875    0.0009765625             159             154
62700             246               5     0.048046875    0.0009765625             159             154
62800             246               5     0.048046875    0.0009765625             159             154
62900             248               4       0.0484375      0.00078125             159             155
63000             246               5     0.048046875    0.0009765625             160             155
63100             246               5     0.048046875    0.0009765625             160             155
63200             246               5     0.048046875    0.0009765625             160             155
63300             246               5     0.048046875    0.0009765625             160             155
63400             248               4       0.0484375      0.00078125             160             156
63500             248               4       0.0484375      0.00078125             160             156
63600             248               4       0.0484375      0.00078125             160             156
63700             248               4       0.0484375      0.00078125             160             156
63800             250               3     0.048828125    0.0005859375             160             157
63900             250               3     0.048828125    0.0005859375             160             157
64000             250               3     0.048828125    0.0005859375             160             157
64100             250               3     0.048828125    0.0005859375             160             157
64200             250               3     0.048828125    0.0005859375             160             157
64300             250               3     0.048828125    0.0005859375             160             157
64400             248               4       0.0484375      0.00078125             161             157
64500             248               4       0.0484375      0.00078125             161             157
64600             250               3     0.048828125    0.0005859375             161             158
64700             250               3     0.048828125    0.0005859375             161             158
64800             250               3     0.048828125    0.0005859375             161             158
64900             250               3     0.048828125    0.0005859375             161             158
65000             250               3     0.048828125    0.0005859375             161             158
65100             250               3     0.048828125    0.0005859375             161             158
65200             250               3     0.048828125    0.0005859375             161             158
65300             252               2      0.04921875     0.000390625             161             159
65400             252               2      0.04921875     0.000390625             161             159
65500             252               2      0.04921875     0.000390625             161             159
65600             252               2      0.04921875     0.000390625             161             159
65700             252               2      0.04921875     0.000390625             161             159
65800             252               2      0.04921875     0.000390625             161             159
65900             250               3     0.048828125    0.0005859375             162             159
66000             250               3     0.048828125    0.0005859375             162             159
66100             252               2      0.04921875     0.000390625             162             160
66200             252               2      0.04921875     0.000390625             162             160
66300             252               2      0.04921875     0.000390625             162             160
66400             252               2      0.04921875     0.000390625             162             160
66500             252               2      0.04921875     0.000390625             162             160
66600             252               2      0.04921875     0.000390625             162             160
66700             254               1     0.049609375    0.0001953125             162             161
66800             254               1     0.049609375    0.0001953125             162             161
66900             254               1     0.049609375    0.0001953125             162             161
67000             254               1     0.049609375    0.0001953125             162             161
67100             252               2      0.04921875     0.000390625             163             161
67200             252               2      0.04921875     0.000390625             163             161
67300             252               2      0.04921875     0.000390625             163             161
67400             252               2      0.04921875     0.000390625             163             161
67500             252               2      0.04921875     0.000390625             163             161
67600             252               2      0.04921875     0.000390625             163             161
67700             252               2      0.04921875     0.000390625             163             161
67800             252               2      0.04921875     0.000390625             163             161
67900             252               2      0.04921875     0.000390625             163             161
68000             252               2      0.04921875     0.000390625             163             161
68100             252               2      0.04921875     0.000390625             163             161
68200             252               2      0.04921875     0.000390625             163             161
68300             254               1     0.049609375    0.0001953125             163             162
68400             254               1     0.049609375    0.0001953125             163             162
68500             254               1     0.049609375    0.0001953125             163             162
68600             252               2      0.04921875     0.000390625             164             162
68700             252               2      0.04921875     0.000390625             164             162
68800             252               2      0.04921875     0.000390625             165             163
68900             252               2      0.04921875     0.000390625             165             163
69000             252               2      0.04921875     0.000390625             165             163
69100             252               2      0.04921875     0.000390625             165             163
69200             252               2      0.04921875     0.000390625             166             164
69300             252               2      0.04921875     0.000390625             166             164
69400             252               2      0.04921875     0.000390625             166             164
69500             252               2      0.04921875     0.000390625             166             164
69600             252               2      0.04921875     0.000390625             166             164
69700             254               1     0.049609375    0.0001953125             166             165
69800             254               1     0.049609375    0.0001953125             166             165
69900             254               1     0.049609375    0.0001953125             166             165
70000             252               2      0.04921875     0.000390625             167             165
70100             252               2      0.04921875     0.000390625             167             165
70200             252               2      0.04921875     0.000390625             167             165
70300             250               3     0.048828125    0.0005859375             168             165
70400             250               3     0.048828125    0.0005859375             168             165
70500             250               3     0.048828125    0.0005859375             168             165
70600             250               3     0.048828125    0.0005859375             168             165
70700             250               3     0.048828125    0.0005859375             168             165
70800             248               4       0.0484375      0.00078125             169             165
70900             246               5     0.048046875    0.0009765625             170             165
71000             246               5     0.048046875    0.0009765625             170             165
71100             246               5     0.048046875    0.0009765625             171             166
71200             246               5     0.048046875    0.0009765625             171             166
71300             248               4       0.0484375      0.00078125             171             167
71400             248               4       0.0484375      0.00078125             171             167
71500             248               4       0.0484375      0.00078125             171             167
71600             248               4       0.0484375      0.00078125             171             167
71700             252               2      0.04921875     0.000390625             171             169
71800             252               2      0.04921875     0.000390625             171             169
71900             250               3     0.048828125    0.0005859375             173             170
72000             248               4       0.0484375      0.00078125             174             170
72100             248               4       0.0484375      0.00078125             174             170
72200             248               4       0.0484375      0.00078125             174             170
72300             248               4       0.0484375      0.00078125             174             170
72400             248               4       0.0484375      0.00078125             174             170
72500             246               5     0.048046875    0.0009765625             175             170
72600             246               5     0.048046875    0.0009765625             175             170
72700             248               4       0.0484375      0.00078125             175             171
72800             250               3     0.048828125    0.0005859375             175             172
72900             250               3     0.048828125    0.0005859375             175             172
73000             248               4       0.0484375      0.00078125             176             172
73100             248               4       0.0484375      0.00078125             176             172
73200             248               4       0.0484375      0.00078125             176             172
73300             248               4       0.0484375      0.00078125             176             172
73400             248               4       0.0484375      0.00078125             176             172
73500             248               4       0.0484375      0.00078125             176             172
73600             248               4       0.0484375      0.00078125             176             172
73700             248               4       0.0484375      0.00078125             176             172
73800             248               4       0.0484375      0.00078125             176             172
73900             250               3     0.048828125    0.0005859375             177             174
74000             250               3     0.048828125    0.0005859375             177             174
74100             250               3     0.048828125    0.0005859375             177             174
74200             250               3     0.048828125    0.0005859375             177             174
74300             246               5     0.048046875    0.0009765625             179             174
74400             246               5     0.048046875    0.0009765625             179             174
74500             248               4       0.0484375      0.00078125             179             175
74600             248               4       0.0484375      0.00078125             179             175
74700             248               4       0.0484375      0.00078125             179             175
74800             248               4       0.0484375      0.00078125             179             175
74900             250               3     0.048828125    0.0005859375             179             176
75000             250               3     0.048828125    0.0005859375             179             176
75100             250               3     0.048828125    0.0005859375             179             176
75200             248               4       0.0484375      0.00078125             180             176
75300             252               2      0.04921875     0.000390625             180             178
75400             252               2      0.04921875     0.000390625             181             179
75500             250               3     0.048828125    0.0005859375             182             179
75600             250               3     0.048828125    0.0005859375             182             179
75700             250               3     0.048828125    0.0005859375             182             179
75800             250               3     0.048828125    0.0005859375             182             179
75900             250               3     0.048828125    0.0005859375             182             179
76000             250               3     0.048828125    0.0005859375             182             179
76100             250               3     0.048828125    0.0005859375             182             179
76200             252               2      0.04921875     0.000390625             182             180
76300             250               3     0.048828125    0.0005859375             183             180
76400             248               4       0.0484375      0.00078125             184             180
76500             248               4       0.0484375      0.00078125             184             180
76600             250               3     0.048828125    0.0005859375             185             182
76700             252               2      0.04921875     0.000390625             185             183
76800             252               2      0.04921875     0.000390625             185             183
76900             252               2      0.04921875     0.000390625             185             183
77000             252               2      0.04921875     0.000390625             186             184
77100             252               2      0.04921875     0.000390625             186             184
77200             252               2      0.04921875     0.000390625             186             184
77300             254               1     0.049609375    0.0001953125             186             185
77400             252               2      0.04921875     0.000390625             187             185
77500             252               2      0.04921875     0.000390625             187             185
77600             252               2      0.04921875     0.000390625             187             185
77700             250               3     0.048828125    0.0005859375             188             185
77800             248               4       0.0484375      0.00078125             189             185
77900             248               4       0.0484375      0.00078125             189             185
78000             248               4       0.0484375      0.00078125             189             185
78100             248               4       0.0484375      0.00078125             189             185
78200             248               4       0.0484375      0.00078125             189             185
78300             246               5     0.048046875    0.0009765625             190             185
78400             246               5     0.048046875    0.0009765625             190             185
78500             246               5     0.048046875    0.0009765625             190             185
78600             246               5     0.048046875    0.0009765625             190             185
78700             244               6      0.04765625     0.001171875             191             185
78800             242               7     0.047265625    0.0013671875             192             185
78900             242               7     0.047265625    0.0013671875             192             185
79000             242               7     0.047265625    0.0013671875             192             185
79100             242               7     0.047265625    0.0013671875             192             185
79200             246               5     0.048046875    0.0009765625             192             187
79300             248               4       0.0484375      0.00078125             192             188
79400             250               3     0.048828125    0.0005859375             192             189
79500             252               2      0.04921875     0.000390625             192             190
79600             252               2      0.04921875     0.000390625             192             190
79700             252               2      0.04921875     0.000390625             192             190
79800             252               2      0.04921875     0.000390625             192             190
79900             250               3     0.048828125    0.0005859375             193             190
80000             248               4       0.0484375      0.00078125             194             190
80100             250               3     0.048828125    0.0005859375             194             191
80200             250               3     0.048828125    0.0005859375             194             191
80300             250               3     0.048828125    0.0005859375             194             191
80400             248               4       0.0484375      0.00078125             195             191
80500             248               4       0.0484375      0.00078125             195             191
80600             246               5     0.048046875    0.0009765625             196             191
80700             244               6      0.04765625     0.001171875             198             192
80800             244               6      0.04765625     0.001171875             198             192
80900             244               6      0.04765625     0.001171875             198             192
81000             242               7     0.047265625    0.0013671875             199             192
81100             242               7     0.047265625    0.0013671875             199             192
81200             244               6      0.04765625     0.001171875             199             193
81300             244               6      0.04765625     0.001171875             199             193
81400             244               6      0.04765625     0.001171875             199             193
81500             244               6      0.04765625     0.001171875             199             193
81600             240               8        0.046875       0.0015625             201             193
81700             242               7     0.047265625    0.0013671875             201             194
81800             242               7     0.047265625    0.0013671875             202             195
81900             240               8        0.046875       0.0015625             203             195
82000             240               8        0.046875       0.0015625             203             195
82100             240               8        0.046875       0.0015625             203             195
82200             240               8        0.046875       0.0015625             203             195
82300             240               8        0.046875       0.0015625             203             195
82400             242               7     0.047265625    0.0013671875             203             196
82500             246               5     0.048046875    0.0009765625             203             198
82600             246               5     0.048046875    0.0009765625             203             198
82700             250               3     0.048828125    0.0005859375             203             200
82800             252               2      0.04921875     0.000390625             203             201
82900             252               2      0.04921875     0.000390625             203             201
83000             252               2      0.04921875     0.000390625             203             201
83100             254               1     0.049609375    0.0001953125             203             202
83200             254               1     0.049609375    0.0001953125             203             202
83300             254               1     0.049609375    0.0001953125             203             202
83400             254               1     0.049609375    0.0001953125             203             202
83500             252               2      0.04921875     0.000390625             204             202
83600             252               2      0.04921875     0.000390625             204             202
83700             254               1     0.049609375    0.0001953125             204             203
83800             254               1     0.049609375    0.0001953125             204             203
83900             256               0            0.05               0             204             204
84000             254               1     0.049609375    0.0001953125             205             204
84100             252               2      0.04921875     0.000390625             206             204
84200             254               1     0.049609375    0.0001953125             206             205
84300             250               3     0.048828125    0.0005859375             208             205
84400             250               3     0.048828125    0.0005859375             208             205
84500             250               3     0.048828125    0.0005859375             208             205
84600             250               3     0.048828125    0.0005859375             208             205
84700             250               3     0.048828125    0.0005859375             208             205
84800             248               4       0.0484375      0.00078125             209             205
84900             248               4       0.0484375      0.00078125             209             205
85000             248               4       0.0484375      0.00078125             210             206
85100             248               4       0.0484375      0.00078125             210             206
85200             248               4       0.0484375      0.00078125             210             206
85300             248               4       0.0484375      0.00078125             210             206
85400             250               3     0.048828125    0.0005859375             210             207
85500             250               3     0.048828125    0.0005859375             210             207
85600             250               3     0.048828125    0.0005859375             210             207
85700             250               3     0.048828125    0.0005859375             210             207
85800             248               4       0.0484375      0.00078125             211             207
85900             248               4       0.0484375      0.00078125             211             207
86000             248               4       0.0484375      0.00078125             211             207
86100             248               4       0.0484375      0.00078125             211             207
86200             246               5     0.048046875    0.0009765625             212             207
86300             246               5     0.048046875    0.0009765625             212             207
86400             244               6      0.04765625     0.001171875             213             207
86500             244               6      0.04765625     0.001171875             214             208
86600             244               6      0.04765625     0.001171875             214             208
86700             242               7     0.047265625    0.0013671875             215             208
86800             240               8        0.046875       0.0015625             216             208
86900             244               6      0.04765625     0.001171875             216             210
87000             244               6      0.04765625     0.001171875             216             210
87100             246               5     0.048046875    0.0009765625             216             211
87200             248               4       0.0484375      0.00078125             216             212
87300             248               4       0.0484375      0.00078125             216             212
87400             248               4       0.0484375      0.00078125             216             212
87500             250               3     0.048828125    0.0005859375             216             213
87600             250               3     0.048828125    0.0005859375             216             213
87700             248               4       0.0484375      0.00078125             217             213
87800             246               5     0.048046875    0.0009765625             218             213
87900             246               5     0.048046875    0.0009765625             218             213
88000             248               4       0.0484375      0.00078125             218             214
88100             248               4       0.0484375      0.00078125             219             215
88200             248               4       0.0484375      0.00078125             220             216
88300             248               4       0.0484375      0.00078125             220             216
88400             246               5     0.048046875    0.0009765625             221             216
88500             246               5     0.048046875    0.0009765625             221             216
88600             246               5     0.048046875    0.0009765625             222             217
88700             246               5     0.048046875    0.0009765625             222             217
88800             246               5     0.048046875    0.0009765625             222             217
88900             246               5     0.048046875    0.0009765625             222             217
89000             246               5     0.048046875    0.0009765625             222             217
89100             250               3     0.048828125    0.0005859375             222             219
89200             250               3     0.048828125    0.0005859375             222             219
89300             250               3     0.048828125    0.0005859375             223             220
89400             248               4       0.0484375      0.00078125             224             220
89500             248               4       0.0484375      0.00078125             224             220
89600             248               4       0.0484375      0.00078125             224             220
89700             248               4       0.0484375      0.00078125             224             220
89800             248               4       0.0484375      0.00078125             224             220
89900             250               3     0.048828125    0.0005859375             224             221
90000             250               3     0.048828125    0.0005859375             224             221
90100             250               3     0.048828125    0.0005859375             224             221
90200             250               3     0.048828125    0.0005859375             224             221
90300             250               3     0.048828125    0.0005859375             224             221
90400             250               3     0.048828125    0.0005859375             224             221
90500             250               3     0.048828125    0.0005859375             224             221
90600             250               3     0.048828125    0.0005859375             224             221
90700             252               2      0.04921875     0.000390625             224             222
90800             252               2      0.04921875     0.000390625             224             222
90900             252               2      0.04921875     0.000390625             224             222
91000             252               2      0.04921875     0.000390625             224             222
91100             252               2      0.04921875     0.000390625             224             222
91200             252               2      0.04921875     0.000390625             224             222
91300             250               3     0.048828125    0.0005859375             225             222
91400             250               3     0.048828125    0.0005859375             225             222
91500             250               3     0.048828125    0.0005859375             225             222
91600             250               3     0.048828125    0.0005859375             225             222
91700             250               3     0.048828125    0.0005859375             225             222
91800             250               3     0.048828125    0.0005859375             225             222
91900             248               4       0.0484375      0.00078125             226             222
92000             246               5     0.048046875    0.0009765625             227             222
92100             244               6      0.04765625     0.001171875             228             222
92200             244               6      0.04765625     0.001171875             228             222
92300             244               6      0.04765625     0.001171875             228             222
92400             244               6      0.04765625     0.001171875             228             222
92500             246               5     0.048046875    0.0009765625             228             223
92600             246               5     0.048046875    0.0009765625             228             223
92700             246               5     0.048046875    0.0009765625             228             223
92800             246               5     0.048046875    0.0009765625             228             223
92900             244               6      0.04765625     0.001171875             229             223
93000             246               5     0.048046875    0.0009765625             229             224
93100             246               5     0.048046875    0.0009765625             229             224
93200             244               6      0.04765625     0.001171875             230             224
93300             244               6      0.04765625     0.001171875             230             224
93400             246               5     0.048046875    0.0009765625             230             225
93500             248               4       0.0484375      0.00078125             230             226
93600             248               4       0.0484375      0.00078125             230             226
93700             252               2      0.04921875     0.000390625             230             228
93800             254               1     0.049609375    0.0001953125             230             229
93900             254               1     0.049609375    0.0001953125             230             229
94000             254               1     0.049609375    0.0001953125             230             229
94100             254               1     0.049609375    0.0001953125             230             229
94200             252               2      0.04921875     0.000390625             231             229
94300             252               2      0.04921875     0.000390625             231             229
94400             252               2      0.04921875     0.000390625             231             229
94500             252               2      0.04921875     0.000390625             231             229
94600             250               3     0.048828125    0.0005859375             232             229
94700             246               5     0.048046875    0.0009765625             234             229
94800             244               6      0.04765625     0.001171875             235             229
94900             242               7     0.047265625    0.0013671875             236             229
95000             244               6      0.04765625     0.001171875             236             230
95100             244               6      0.04765625     0.001171875             237             231
95200             244               6      0.04765625     0.001171875             237             231
95300             244               6      0.04765625     0.001171875             237             231
95400             246               5     0.048046875    0.0009765625             237             232
95500             244               6      0.04765625     0.001171875             238             232
95600             246               5     0.048046875    0.0009765625             238             233
95700             246               5     0.048046875    0.0009765625             238             233
95800             246               5     0.048046875    0.0009765625             238             233
95900             244               6      0.04765625     0.001171875             239             233
96000             244               6      0.04765625     0.001171875             239             233
96100             244               6      0.04765625     0.001171875             239             233
96200             244               6      0.04765625     0.001171875             239             233
96300             246               5     0.048046875    0.0009765625             239             234
96400             246               5     0.048046875    0.0009765625             239             234
96500             246               5     0.048046875    0.0009765625             239             234
96600             246               5     0.048046875    0.0009765625             239             234
96700             246               5     0.048046875    0.0009765625             239             234
96800             244               6      0.04765625     0.001171875             240             234
96900             244               6      0.04765625     0.001171875             240             234
97000             244               6      0.04765625     0.001171875             241             235
97100             244               6      0.04765625     0.001171875             241             235
97200             246               5     0.048046875    0.0009765625             241             236
97300             246               5     0.048046875    0.0009765625             241             236
97400             244               6      0.04765625     0.001171875             242             236
97500             242               7     0.047265625    0.0013671875             243             236
97600             240               8        0.046875       0.0015625             245             237
97700             240               8        0.046875       0.0015625             246             238
97800             240               8        0.046875       0.0015625             246             238
97900             240               8        0.046875       0.0015625             246             238
98000             240               8        0.046875       0.0015625             246             238
98100             244               6      0.04765625     0.001171875             246             240
98200             244               6      0.04765625     0.001171875             246             240
98300             244               6      0.04765625     0.001171875             246             240
98400             246               5     0.048046875    0.0009765625             246             241
98500             246               5     0.048046875    0.0009765625             246             241
98600             248               4       0.0484375      0.00078125             246             242
98700             248               4       0.0484375      0.00078125             246             242
98800             248               4       0.0484375      0.00078125             246             242
98900             248               4       0.0484375      0.00078125             246             242
99000             248               4       0.0484375      0.00078125             247             243
99100             248               4       0.0484375      0.00078125             247             243
99200             246               5     0.048046875    0.0009765625             248             243
99300             246               5     0.048046875    0.0009765625             249             244
99400             248               4       0.0484375      0.00078125             249             245
99500             248               4       0.0484375      0.00078125             250             246
99600             248               4       0.0484375      0.00078125             250             246
99700             248               4       0.0484375      0.00078125             250             246
99800             248               4       0.0484375      0.00078125             250             246
99900             246               5     0.048046875    0.0009765625             251             246
100000             246               5     0.048046875    0.0009765625             251             246
