# Time-averaged data for fix observ
# TimeStep v_nfree v_ndimer v_cfree v_cdimer f_kinetics[2] f_kinetics[3]
0             256               0            0.05               0               0               0
100             256               0            0.05               0               0               0
200             254               1     0.049609375    0.0001953125               1               0
300             254               1     0.049609375    0.0001953125               1               0
400             254               1     0.049609375    0.0001953125               2               1
500             254               1     0.049609375    0.0001953125               2               1
600             254               1     0.049609375    0.0001953125               2               1
700             254               1     0.049609375    0.0001953125               2               1
800             252               2      0.04921875     0.000390625               3               1
900             252               2      0.04921875     0.000390625               3               1
1000             250               3     0.048828125    0.0005859375               4               1
1100             250               3     0.048828125    0.0005859375               4               1
1200             248               4       0.0484375      0.00078125               6               2
1300             248               4       0.0484375      0.00078125               6               2
1400             246               5     0.048046875    0.0009765625               7               2
1500             246               5     0.048046875    0.0009765625               7               2
1600             244               6      0.04765625     0.001171875               8               2
1700             244               6      0.04765625     0.001171875               8               2
1800             244               6      0.04765625     0.001171875               8               2
1900             244               6      0.04765625     0.001171875               8               2
2000             242               7     0.047265625    0.0013671875               9               2
2100             242               7     0.047265625    0.0013671875               9               2
2200             242               7     0.047265625    0.0013671875              10               3
2300             242               7     0.047265625    0.0013671875              10               3
2400             240               8        0.046875       0.0015625              11               3
2500             240               8        0.046875       0.0015625              11               3
2600             238               9     0.046484375    0.0017578125              12               3
2700             238               9     0.046484375    0.0017578125              12               3
2800             234              11     0.045703125    0.0021484375              15               4
2900             234              11     0.045703125    0.0021484375              15               4
3000             230              13     0.044921875    0.0025390625              17               4
3100             230              13     0.044921875    0.0025390625              17               4
3200             224              16         0.04375        0.003125              20               4
3300             224              16         0.04375        0.003125              20               4
3400             222              17     0.043359375    0.0033203125              22               5
3500             222              17     0.043359375    0.0033203125              22               5
3600             218              19     0.042578125    0.0037109375              24               5
3700             218              19     0.042578125    0.0037109375              24               5
3800             216              20       0.0421875      0.00390625              25               5
3900             216              20       0.0421875      0.00390625              25               5
4000             220              18      0.04296875     0.003515625              25               7
4100             220              18      0.04296875     0.003515625              25               7
4200             222              17     0.043359375    0.0033203125              25               8
4300             222              17     0.043359375    0.0033203125              25               8
4400             218              19     0.042578125    0.0037109375              28               9
4500             218              19     0.042578125    0.0037109375              28               9
4600             218              19     0.042578125    0.0037109375              29              10
4700             218              19     0.042578125    0.0037109375              29              10
4800             218              19     0.042578125    0.0037109375              30              11
4900             218              19     0.042578125    0.0037109375              30              11
5000             218              19     0.042578125    0.0037109375              30              11
5100             218              19     0.042578125    0.0037109375              30              11
5200             216              20       0.0421875      0.00390625              31              11
5300             216              20       0.0421875      0.00390625              31              11
5400             216              20       0.0421875      0.00390625              31              11
5500             216              20       0.0421875      0.00390625              31              11
5600             220              18      0.04296875     0.003515625              31              13
5700             220              18      0.04296875     0.003515625              31              13
5800             224              16         0.04375        0.003125              31              15
5900             224              16         0.04375        0.003125              31              15
6000             222              17     0.043359375    0.0033203125              32              15
6100             222              17     0.043359375    0.0033203125              32              15
6200             224              16         0.04375        0.003125              32              16
6300             224              16         0.04375        0.003125              32              16
6400             222              17     0.043359375    0.0033203125              33              16
6500             222              17     0.043359375    0.0033203125              33              16
6600             226              15     0.044140625    0.0029296875              33              18
6700             226              15     0.044140625    0.0029296875              33              18
6800             226              15     0.044140625    0.0029296875              33              18
6900             226              15     0.044140625    0.0029296875              33              18
7000             224              16         0.04375        0.003125              34              18
7100             224              16         0.04375        0.003125              34              18
7200             220              18      0.04296875     0.003515625              36              18
7300             220              18      0.04296875     0.003515625              36              18
7400             220              18      0.04296875     0.003515625              36              18
7500             220              18      0.04296875     0.003515625              36              18
7600             222              17     0.043359375    0.0033203125              37              20
7700             222              17     0.043359375    0.0033203125              37              20
7800             222              17     0.043359375    0.0033203125              37              20
7900             222              17     0.043359375    0.0033203125              37              20
8000             220              18      0.04296875     0.003515625              38              20
8100             220              18      0.04296875     0.003515625              38              20
8200             220              18      0.04296875     0.003515625              39              21
8300             220              18      0.04296875     0.003515625              39              21
8400             220              18      0.04296875     0.003515625              40              22
8500             220              18      0.04296875     0.003515625              40              22
8600             222              17     0.043359375    0.0033203125              40              23
8700             222              17     0.043359375    0.0033203125              40              23
8800             220              18      0.04296875     0.003515625              42              24
8900             220              18      0.04296875     0.003515625              42              24
9000             220              18      0.04296875     0.003515625              43              25
9100             220              18      0.04296875     0.003515625              43              25
9200             220              18      0.04296875     0.003515625              45              27
9300             220              18      0.04296875     0.003515625              45              27
9400             218              19     0.042578125    0.0037109375              46              27
9500             218              19     0.042578125    0.0037109375              46              27
9600             216              20       0.0421875      0.00390625              47              27
9700             216              20       0.0421875      0.00390625              47              27
9800             210              23     0.041015625    0.0044921875              50              27
9900             210              23     0.041015625    0.0044921875              50              27
10000             212              22      0.04140625     0.004296875              50              28
10100             212              22      0.04140625     0.004296875              50              28
10200             210              23     0.041015625    0.0044921875              52              29
10300             210              23     0.041015625    0.0044921875              52              29
10400             212              22      0.04140625     0.004296875              52              30
10500             212              22      0.04140625     0.004296875              52              30
10600             208              24        0.040625       0.0046875              54              30
10700             208              24        0.040625       0.0046875              54              30
10800             196              30      0.03828125     0.005859375              61              31
10900             196              30      0.03828125     0.005859375              61              31
11000             194              31     0.037890625    0.0060546875              62              31
11100             194              31     0.037890625    0.0060546875              62              31
11200             200              28       0.0390625      0.00546875              62              34
11300             200              28       0.0390625      0.00546875              62              34
11400             200              28       0.0390625      0.00546875              62              34
11500             200              28       0.0390625      0.00546875              62              34
11600             198              29     0.038671875    0.0056640625              63              34
11700             198              29     0.038671875    0.0056640625              63              34
11800             200              28       0.0390625      0.00546875              64              36
11900             200              28       0.0390625      0.00546875              64              36
12000             196              30      0.03828125     0.005859375              66              36
12100             196              30      0.03828125     0.005859375              66              36
12200             198              29     0.038671875    0.0056640625              67              38
12300             198              29     0.038671875    0.0056640625              67              38
12400             202              27     0.039453125    0.0052734375              67              40
12500             202              27     0.039453125    0.0052734375              67              40
12600             200              28       0.0390625      0.00546875              69              41
12700             200              28       0.0390625      0.00546875              69              41
12800             200              28       0.0390625      0.00546875              71              43
12900             200              28       0.0390625      0.00546875              71              43
13000             206              25     0.040234375    0.0048828125              71              46
13100             206              25     0.040234375    0.0048828125              71              46
13200             206              25     0.040234375    0.0048828125              71              46
13300             206              25     0.040234375    0.0048828125              71              46
13400             206              25     0.040234375    0.0048828125              72              47
13500             206              25     0.040234375    0.0048828125              72              47
13600             204              26      0.03984375     0.005078125              73              47
13700             204              26      0.03984375     0.005078125              73              47
13800             208              24        0.040625       0.0046875              73              49
13900             208              24        0.040625       0.0046875              73              49
14000             204              26      0.03984375     0.005078125              75              49
14100             204              26      0.03984375     0.005078125              75              49
14200             208              24        0.040625       0.0046875              75              51
14300             208              24        0.040625       0.0046875              75              51
14400             210              23     0.041015625    0.0044921875              75              52
14500             210              23     0.041015625    0.0044921875              75              52
14600             210              23     0.041015625    0.0044921875              76              53
14700             210              23     0.041015625    0.0044921875              76              53
14800             208              24        0.040625       0.0046875              77              53
14900             208              24        0.040625       0.0046875              77              53
15000             208              24        0.040625       0.0046875              77              53
15100             208              24        0.040625       0.0046875              77              53
15200             208              24        0.040625       0.0046875              79              55
15300             208              24        0.040625       0.0046875              79              55
15400             208              24        0.040625       0.0046875              79              55
15500             208              24        0.040625       0.0046875              79              55
15600             212              22      0.04140625     0.004296875              79              57
15700             212              22      0.04140625     0.004296875              79              57
15800             210              23     0.041015625    0.0044921875              80              57
15900             210              23     0.041015625    0.0044921875              80              57
16000             212              22      0.04140625     0.004296875              80              58
16100             212              22      0.04140625     0.004296875              80              58
16200             208              24        0.040625       0.0046875              82              58
16300             208              24        0.040625       0.0046875              82              58
16400             204              26      0.03984375     0.005078125              84              58
16500             204              26      0.03984375     0.005078125              84              58
16600             204              26      0.03984375     0.005078125              84              58
16700             204              26      0.03984375     0.005078125              84              58
16800             204              26      0.03984375     0.005078125              87              61
16900             204              26      0.03984375     0.005078125              87              61
17000             202              27     0.039453125    0.0052734375              88              61
17100             202              27     0.039453125    0.0052734375              88              61
17200             202              27     0.039453125    0.0052734375              88              61
17300             202              27     0.039453125    0.0052734375              88              61
17400             202              27     0.039453125    0.0052734375              88              61
17500             202              27     0.039453125    0.0052734375              88              61
17600             206              25     0.040234375    0.0048828125              88              63
17700             206              25     0.040234375    0.0048828125              88              63
17800             208              24        0.040625       0.0046875              88              64
17900             208              24        0.040625       0.0046875              88              64
18000             206              25     0.040234375    0.0048828125              90              65
18100             206              25     0.040234375    0.0048828125              90              65
18200             204              26      0.03984375     0.005078125              91              65
18300             204              26      0.03984375     0.005078125              91              65
18400             204              26      0.03984375     0.005078125              91              65
18500             204              26      0.03984375     0.005078125              91              65
18600             204              26      0.03984375     0.005078125              93              67
18700             204              26      0.03984375     0.005078125              93              67
18800             208              24        0.040625       0.0046875              93              69
18900             208              24        0.040625       0.0046875              93              69
19000             208              24        0.040625       0.0046875              93              69
19100             208              24        0.040625       0.0046875              93              69
19200             206              25     0.040234375    0.0048828125              94              69
19300             206              25     0.040234375    0.0048828125              94              69
19400             202              27     0.039453125    0.0052734375              96              69
19500             202              27     0.039453125    0.0052734375              96              69
19600             202              27     0.039453125    0.0052734375              96              69
19700             202              27     0.039453125    0.0052734375              96              69
19800             202              27     0.039453125    0.0052734375              97              70
19900             202              27     0.039453125    0.0052734375              97              70
20000             204              26      0.03984375     0.005078125              99              73
20100             204              26      0.03984375     0.005078125              99              73
20200             204              26      0.03984375     0.005078125              99              73
20300             204              26      0.03984375     0.005078125              99              73
20400             206              25     0.040234375    0.0048828125              99              74
20500             206              25     0.040234375    0.0048828125              99              74
20600             208              24        0.040625       0.0046875              99              75
20700             208              24        0.040625       0.0046875              99              75
20800             210              23     0.041015625    0.0044921875              99              76
20900             210              23     0.041015625    0.0044921875              99              76
21000             210              23     0.041015625    0.0044921875              99              76
21100             210              23     0.041015625    0.0044921875              99              76
21200             208              24        0.040625       0.0046875             100              76
21300             208              24        0.040625       0.0046875             100              76
21400             208              24        0.040625       0.0046875             101              77
21500             208              24        0.040625       0.0046875             101              77
21600             208              24        0.040625       0.0046875             101              77
21700             208              24        0.040625       0.0046875             101              77
21800             214              21     0.041796875    0.0041015625             101              80
21900             214              21     0.041796875    0.0041015625             101              80
22000             216              20       0.0421875      0.00390625             101              81
22100             216              20       0.0421875      0.00390625             101              81
22200             214              21     0.041796875    0.0041015625             102              81
22300             214              21     0.041796875    0.0041015625             102              81
22400             212              22      0.04140625     0.004296875             103              81
22500             212              22      0.04140625     0.004296875             103              81
22600             212              22      0.04140625     0.004296875             104              82
22700             212              22      0.04140625     0.004296875             104              82
22800             212              22      0.04140625     0.004296875             104              82
22900             212              22      0.04140625     0.004296875             104              82
23000             212              22      0.04140625     0.004296875             104              82
23100             212              22      0.04140625     0.004296875             104              82
23200             212              22      0.04140625     0.004296875             104              82
23300             212              22      0.04140625     0.004296875             104              82
23400             210              23     0.041015625    0.0044921875             105              82
23500             210              23     0.041015625    0.0044921875             105              82
23600             212              22      0.04140625     0.004296875             106              84
23700             212              22      0.04140625     0.004296875             106              84
23800             210              23     0.041015625    0.0044921875             107              84
23900             210              23     0.041015625    0.0044921875             107              84
24000             214              21     0.041796875    0.0041015625             108              87
24100             214              21     0.041796875    0.0041015625             108              87
24200             216              20       0.0421875      0.00390625             108              88
24300             216              20       0.0421875      0.00390625             108              88
24400             214              21     0.041796875    0.0041015625             109              88
24500             214              21     0.041796875    0.0041015625             109              88
24600             218              19     0.042578125    0.0037109375             109              90
24700             218              19     0.042578125    0.0037109375             109              90
24800             218              19     0.042578125    0.0037109375             109              90
24900             218              19     0.042578125    0.0037109375             109              90
25000             212              22      0.04140625     0.004296875             112              90
25100             212              22      0.04140625     0.004296875             112              90
25200             214              21     0.041796875    0.0041015625             112              91
25300             214              21     0.041796875    0.0041015625             112              91
25400             214              21     0.041796875    0.0041015625             112              91
25500             214              21     0.041796875    0.0041015625             112              91
25600             216              20       0.0421875      0.00390625             112              92
25700             216              20       0.0421875      0.00390625             112              92
25800             214              21     0.041796875    0.0041015625             113              92
25900             214              21     0.041796875    0.0041015625             113              92
26000             210              23     0.041015625    0.0044921875             115              92
26100             210              23     0.041015625    0.0044921875             115              92
26200             210              23     0.041015625    0.0044921875             116              93
26300             210              23     0.041015625    0.0044921875             116              93
26400             210              23     0.041015625    0.0044921875             116              93
26500             210              23     0.041015625    0.0044921875             116              93
26600             212              22      0.04140625     0.004296875             117              95
26700             212              22      0.04140625     0.004296875             117              95
26800             214              21     0.041796875    0.0041015625             117              96
26900             214              21     0.041796875    0.0041015625             117              96
27000             216              20       0.0421875      0.00390625             117              97
27100             216              20       0.0421875      0.00390625             117              97
27200             216              20       0.0421875      0.00390625             117              97
27300             216              20       0.0421875      0.00390625             117              97
27400             212              22      0.04140625     0.004296875             119              97
27500             212              22      0.04140625     0.004296875             119              97
27600             212              22      0.04140625     0.004296875             119              97
27700             212              22      0.04140625     0.004296875             119              97
27800             212              22      0.04140625     0.004296875             119              97
27900             212              22      0.04140625     0.004296875             119              97
28000             214              21     0.041796875    0.0041015625             120              99
28100             214              21     0.041796875    0.0041015625             120              99
28200             210              23     0.041015625    0.0044921875             122              99
28300             210              23     0.041015625    0.0044921875             122              99
28400             210              23     0.041015625    0.0044921875             124             101
28500             210              23     0.041015625    0.0044921875             124             101
28600             210              23     0.041015625    0.0044921875             125             102
28700             210              23     0.041015625    0.0044921875             125             102
28800             206              25     0.040234375    0.0048828125             127             102
28900             206              25     0.040234375    0.0048828125             127             102
29000             204              26      0.03984375     0.005078125             128             102
29100             204              26      0.03984375     0.005078125             128             102
29200             208              24        0.040625       0.0046875             128             104
29300             208              24        0.040625       0.0046875             128             104
29400             206              25     0.040234375    0.0048828125             129             104
29500             206              25     0.040234375    0.0048828125             129             104
29600             202              27     0.039453125    0.0052734375             131             104
29700             202              27     0.039453125    0.0052734375             131             104
29800             202              27     0.039453125    0.0052734375             131             104
29900             202              27     0.039453125    0.0052734375             131             104
30000             204              26      0.03984375     0.005078125             132             106
30100             204              26      0.03984375     0.005078125             132             106
30200             204              26      0.03984375     0.005078125             132             106
30300             204              26      0.03984375     0.005078125             132             106
30400             202              27     0.039453125    0.0052734375             133             106
30500             202              27     0.039453125    0.0052734375             133             106
30600             204              26      0.03984375     0.005078125             133             107
30700             204              26      0.03984375     0.005078125             133             107
30800             210              23     0.041015625    0.0044921875             133             110
30900             210              23     0.041015625    0.0044921875             133             110
31000             208              24        0.040625       0.0046875             134             110
31100             208              24        0.040625       0.0046875             134             110
31200             206              25     0.040234375    0.0048828125             135             110
31300             206              25     0.040234375    0.0048828125             135             110
31400             206              25     0.040234375    0.0048828125             136             111
31500             206              25     0.040234375    0.0048828125             136             111
31600             206              25     0.040234375    0.0048828125             136             111
31700             206              25     0.040234375    0.0048828125             136             111
31800             206              25     0.040234375    0.0048828125             136             111
31900             206              25     0.040234375    0.0048828125             136             111
32000             208              24        0.040625       0.0046875             137             113
32100             208              24        0.040625       0.0046875             137             113
32200             206              25     0.040234375    0.0048828125             139             114
32300             206              25     0.040234375    0.0048828125             139             114
32400             212              22      0.04140625     0.004296875             139             117
32500             212              22      0.04140625     0.004296875             139             117
32600             212              22      0.04140625     0.004296875             139             117
32700             212              22      0.04140625     0.004296875             139             117
32800             212              22      0.04140625     0.004296875             140             118
32900             212              22      0.04140625     0.004296875             140             118
33000             212              22      0.04140625     0.004296875             140             118
33100             212              22      0.04140625     0.004296875             140             118
33200             210              23     0.041015625    0.0044921875             142             119
33300             210              23     0.041015625    0.0044921875             142             119
33400             214              21     0.041796875    0.0041015625             142             121
33500             214              21     0.041796875    0.0041015625             142             121
33600             214              21     0.041796875    0.0041015625             142             121
33700             214              21     0.041796875    0.0041015625             142             121
33800             216              20       0.0421875      0.00390625             142             122
33900             216              20       0.0421875      0.00390625             142             122
34000             216              20       0.0421875      0.00390625             142             122
34100             216              20       0.0421875      0.00390625             142             122
34200             218              19     0.042578125    0.0037109375             143             124
34300             218              19     0.042578125    0.0037109375             143             124
34400             218              19     0.042578125    0.0037109375             143             124
34500             218              19     0.042578125    0.0037109375             143             124
34600             216              20       0.0421875      0.00390625             144             124
34700             216              20       0.0421875      0.00390625             144             124
34800             216              20       0.0421875      0.00390625             145             125
34900             216              20       0.0421875      0.00390625             145             125
35000             214              21     0.041796875    0.0041015625             147             126
35100             214              21     0.041796875    0.0041015625             147             126
35200             214              21     0.041796875    0.0041015625             148             127
35300             214              21     0.041796875    0.0041015625             148             127
35400             216              20       0.0421875      0.00390625             148             128
35500             216              20       0.0421875      0.00390625             148             128
35600             216              20       0.0421875      0.00390625             149             129
35700             216              20       0.0421875      0.00390625             149             129
35800             216              20       0.0421875      0.00390625             149             129
35900             216              20       0.0421875      0.00390625             149             129
36000             216              20       0.0421875      0.00390625             150             130
36100             216              20       0.0421875      0.00390625             150             130
36200             216              20       0.0421875      0.00390625             151             131
36300             216              20       0.0421875      0.00390625             151             131
36400             216              20       0.0421875      0.00390625             152             132
36500             216              20       0.0421875      0.00390625             152             132
36600             216              20       0.0421875      0.00390625             152             132
36700             216              20       0.0421875      0.00390625             152             132
36800             218              19     0.042578125    0.0037109375             153             134
36900             218              19     0.042578125    0.0037109375             153             134
37000             220              18      0.04296875     0.003515625             154             136
37100             220              18      0.04296875     0.003515625             154             136
37200             216              20       0.0421875      0.00390625             156             136
37300             216              20       0.0421875      0.00390625             156             136
37400             216              20       0.0421875      0.00390625             157             137
37500             216              20       0.0421875      0.00390625             157             137
37600             216              20       0.0421875      0.00390625             157             137
37700             216              20       0.0421875      0.00390625             157             137
37800             218              19     0.042578125    0.0037109375             157             138
37900             218              19     0.042578125    0.0037109375             157             138
38000             216              20       0.0421875      0.00390625             158             138
38100             216              20       0.0421875      0.00390625             158             138
38200             214              21     0.041796875    0.0041015625             159             138
38300             214              21     0.041796875    0.0041015625             159             138
38400             216              20       0.0421875      0.00390625             160             140
38500             216              20       0.0421875      0.00390625             160             140
38600             214              21     0.041796875    0.0041015625             161             140
38700             214              21     0.041796875    0.0041015625             161             140
38800             210              23     0.041015625    0.0044921875             163             140
38900             210              23     0.041015625    0.0044921875             163             140
39000             212              22      0.04140625     0.004296875             163             141
39100             212              22      0.04140625     0.004296875             163             141
39200             214              21     0.041796875    0.0041015625             164             143
39300             214              21     0.041796875    0.0041015625             164             143
39400             212              22      0.04140625     0.004296875             166             144
39500             212              22      0.04140625     0.004296875             166             144
39600             214              21     0.041796875    0.0041015625             166             145
39700             214              21     0.041796875    0.0041015625             166             145
39800             214              21     0.041796875    0.0041015625             166             145
39900             214              21     0.041796875    0.0041015625             166             145
40000             212              22      0.04140625     0.004296875             167             145
40100             212              22      0.04140625     0.004296875             167             145
40200             212              22      0.04140625     0.004296875             168             146
40300             212              22      0.04140625     0.004296875             168             146
40400             210              23     0.041015625    0.0044921875             170             147
40500             210              23     0.041015625    0.0044921875             170             147
40600             212              22      0.04140625     0.004296875             172             150
40700             212              22      0.04140625     0.004296875             172             150
40800             210              23     0.041015625    0.0044921875             174             151
40900             210              23     0.041015625    0.0044921875             174             151
41000             210              23     0.041015625    0.0044921875             175             152
41100             210              23     0.041015625    0.0044921875             175             152
41200             210              23     0.041015625    0.0044921875             176             153
41300             210              23     0.041015625    0.0044921875             176             153
41400             212              22      0.04140625     0.004296875             176             154
41500             212              22      0.04140625     0.004296875             176             154
41600             212              22      0.04140625     0.004296875             176             154
41700             212              22      0.04140625     0.004296875             176             154
41800             212              22      0.04140625     0.004296875             177             155
41900             212              22      0.04140625     0.004296875             177             155
42000             210              23     0.041015625    0.0044921875             179             156
42100             210              23     0.041015625    0.0044921875             179             156
42200             208              24        0.040625       0.0046875             180             156
42300             208              24        0.040625       0.0046875             180             156
42400             208              24        0.040625       0.0046875             180             156
42500             208              24        0.040625       0.0046875             180             156
42600             210              23     0.041015625    0.0044921875             180             157
42700             210              23     0.041015625    0.0044921875             180             157
42800             208              24        0.040625       0.0046875             182             158
42900             208              24        0.040625       0.0046875             182             158
43000             208              24        0.040625       0.0046875             182             158
43100             208              24        0.040625       0.0046875             182             158
43200             206              25     0.040234375    0.0048828125             184             159
43300             206              25     0.040234375    0.0048828125             184             159
43400             208              24        0.040625       0.0046875             184             160
43500             208              24        0.040625       0.0046875             184             160
43600             210              23     0.041015625    0.0044921875             185             162
43700             210              23     0.041015625    0.0044921875             185             162
43800             210              23     0.041015625    0.0044921875             186             163
43900             210              23     0.041015625    0.0044921875             186             163
44000             210              23     0.041015625    0.0044921875             186             163
44100             210              23     0.041015625    0.0044921875             186             163
44200             212              22      0.04140625     0.004296875             186             164
44300             212              22      0.04140625     0.004296875             186             164
44400             214              21     0.041796875    0.0041015625             186             165
44500             214              21     0.041796875    0.0041015625             186             165
44600             212              22      0.04140625     0.004296875             188             166
44700             212              22      0.04140625     0.004296875             188             166
44800             214              21     0.041796875    0.0041015625             188             167
44900             214              21     0.041796875    0.0041015625             188             167
45000             216              20       0.0421875      0.00390625             189             169
45100             216              20       0.0421875      0.00390625             189             169
45200             218              19     0.042578125    0.0037109375             189             170
45300             218              19     0.042578125    0.0037109375             189             170
45400             218              19     0.042578125    0.0037109375             189             170
45500             218              19     0.042578125    0.0037109375             189             170
45600             216              20       0.0421875      0.00390625             190             170
45700             216              20       0.0421875      0.00390625             190             170
45800             216              20       0.0421875      0.00390625             190             170
45900             216              20       0.0421875      0.00390625             190             170
46000             216              20       0.0421875      0.00390625             190             170
46100             216              20       0.0421875      0.00390625             190             170
46200             214              21     0.041796875    0.0041015625             191             170
46300             214              21     0.041796875    0.0041015625             191             170
46400             214              21     0.041796875    0.0041015625             192             171
46500             214              21     0.041796875    0.0041015625             192             171
46600             208              24        0.040625       0.0046875             195             171
46700             208              24        0.040625       0.0046875             195             171
46800             206              25     0.040234375    0.0048828125             196             171
46900             206              25     0.040234375    0.0048828125             196             171
47000             206              25     0.040234375    0.0048828125             196             171
47100             206              25     0.040234375    0.0048828125             196             171
47200             208              24        0.040625       0.0046875             196             172
47300             208              24        0.040625       0.0046875             196             172
47400             208              24        0.040625       0.0046875             197             173
47500             208              24        0.040625       0.0046875             197             173
47600             208              24        0.040625       0.0046875             197             173
47700             208              24        0.040625       0.0046875             197             173
47800             208              24        0.040625       0.0046875             198             174
47900             208              24        0.040625       0.0046875             198             174
48000             208              24        0.040625       0.0046875             199             175
48100             208              24        0.040625       0.0046875             199             175
48200             210              23     0.041015625    0.0044921875             199             176
48300             210              23     0.041015625    0.0044921875             199             176
48400             212              22      0.04140625     0.004296875             200             178
48500             212              22      0.04140625     0.004296875             200             178
48600             208              24        0.040625       0.0046875             202             178
48700             208              24        0.040625       0.0046875             202             178
48800             206              25     0.040234375    0.0048828125             203             178
48900             206              25     0.040234375    0.0048828125             203             178
49000             206              25     0.040234375    0.0048828125             203             178
49100             206              25     0.040234375    0.0048828125             203             178
49200             204              26      0.03984375     0.005078125             204             178
49300             204              26      0.03984375     0.005078125             204             178
49400             204              26      0.03984375     0.005078125             205             179
49500             204              26      0.03984375     0.005078125             205             179
49600             202              27     0.039453125    0.0052734375             206             179
49700             202              27     0.039453125    0.0052734375             206             179
49800             202              27     0.039453125    0.0052734375             206             179
49900             202              27     0.039453125    0.0052734375             206             179
50000             198              29     0.038671875    0.0056640625             208             179
50100             198              29     0.038671875    0.0056640625             208             179
50200             200              28       0.0390625      0.00546875             208             180
50300             200              28       0.0390625      0.00546875             208             180
50400             200              28       0.0390625      0.00546875             209             181
50500             200              28       0.0390625      0.00546875             209             181
50600             202              27     0.039453125    0.0052734375             209             182
50700             202              27     0.039453125    0.0052734375             209             182
50800             204              26      0.03984375     0.005078125             209             183
50900             204              26      0.03984375     0.005078125             209             183
51000             206              25     0.040234375    0.0048828125             209             184
51100             206              25     0.040234375    0.0048828125             209             184
51200             206              25     0.040234375    0.0048828125             209             184
51300             206              25     0.040234375    0.0048828125             209             184
51400             208              24        0.040625       0.0046875             209             185
51500             208              24        0.040625       0.0046875             209             185
51600             210              23     0.041015625    0.0044921875             209             186
51700             210              23     0.041015625    0.0044921875             209             186
51800             210              23     0.041015625    0.0044921875             209             186
51900             210              23     0.041015625    0.0044921875             209             186
52000             208              24        0.040625       0.0046875             210             186
52100             208              24        0.040625       0.0046875             210             186
52200             212              22      0.04140625     0.004296875             210             188
52300             212              22      0.04140625     0.004296875             210             188
52400             212              22      0.04140625     0.004296875             211             189
52500             212              22      0.04140625     0.004296875             211             189
52600             212              22      0.04140625     0.004296875             212             190
52700             212              22      0.04140625     0.004296875             212             190
52800             214              21     0.041796875    0.0041015625             212             191
52900             214              21     0.041796875    0.0041015625             212             191
53000             216              20       0.0421875      0.00390625             212             192
53100             216              20       0.0421875      0.00390625             212             192
53200             220              18      0.04296875     0.003515625             213             195
53300             220              18      0.04296875     0.003515625             213             195
53400             226              15     0.044140625    0.0029296875             213             198
53500             226              15     0.044140625    0.0029296875             213             198
53600             224              16         0.04375        0.003125             214             198
53700             224              16         0.04375        0.003125             214             198
53800             226              15     0.044140625    0.0029296875             214             199
53900             226              15     0.044140625    0.0029296875             214             199
54000             224              16         0.04375        0.003125             215             199
54100             224              16         0.04375        0.003125             215             199
54200             222              17     0.043359375    0.0033203125             216             199
54300             222              17     0.043359375    0.0033203125             216             199
54400             224              16         0.04375        0.003125             216             200
54500             224              16         0.04375        0.003125             216             200
54600             224              16         0.04375        0.003125             216             200
54700             224              16         0.04375        0.003125             216             200
54800             224              16         0.04375        0.003125             216             200
54900             224              16         0.04375        0.003125             216             200
55000             222              17     0.043359375    0.0033203125             217             200
55100             222              17     0.043359375    0.0033203125             217             200
55200             222              17     0.043359375    0.0033203125             217             200
55300             222              17     0.043359375    0.0033203125             217             200
55400             220              18      0.04296875     0.003515625             218             200
55500             220              18      0.04296875     0.003515625             218             200
55600             218              19     0.042578125    0.0037109375             219             200
55700             218              19     0.042578125    0.0037109375             219             200
55800             218              19     0.042578125    0.0037109375             220             201
55900             218              19     0.042578125    0.0037109375             220             201
56000             220              18      0.04296875     0.003515625             220             202
56100             220              18      0.04296875     0.003515625             220             202
56200             220              18      0.04296875     0.003515625             220             202
56300             220              18      0.04296875     0.003515625             220             202
56400             220              18      0.04296875     0.003515625             221             203
56500             220              18      0.04296875     0.003515625             221             203
56600             216              20       0.0421875      0.00390625             224             204
56700             216              20       0.0421875      0.00390625             224             204
56800             216              20       0.0421875      0.00390625             225             205
56900             216              20       0.0421875      0.00390625             225             205
57000             216              20       0.0421875      0.00390625             226             206
57100             216              20       0.0421875      0.00390625             226             206
57200             220              18      0.04296875     0.003515625             226             208
57300             220              18      0.04296875     0.003515625             226             208
57400             220              18      0.04296875     0.003515625             227             209
57500             220              18      0.04296875     0.003515625             227             209
57600             222              17     0.043359375    0.0033203125             227             210
57700             222              17     0.043359375    0.0033203125             227             210
57800             222              17     0.043359375    0.0033203125             227             210
57900             222              17     0.043359375    0.0033203125             227             210
58000             222              17     0.043359375    0.0033203125             227             210
58100             222              17     0.043359375    0.0033203125             227             210
58200             218              19     0.042578125    0.0037109375             230             211
58300             218              19     0.042578125    0.0037109375             230             211
58400             218              19     0.042578125    0.0037109375             231             212
58500             218              19     0.042578125    0.0037109375             231             212
58600             220              18      0.04296875     0.003515625             232             214
58700             220              18      0.04296875     0.003515625             232             214
58800             222              17     0.043359375    0.0033203125             232             215
58900             222              17     0.043359375    0.0033203125             232             215
59000             222              17     0.043359375    0.0033203125             232             215
59100             222              17     0.043359375    0.0033203125             232             215
59200             218              19     0.042578125    0.0037109375             234             215
59300             218              19     0.042578125    0.0037109375             234             215
59400             218              19     0.042578125    0.0037109375             234             215
59500             218              19     0.042578125    0.0037109375             234             215
59600             218              19     0.042578125    0.0037109375             234             215
59700             218              19     0.042578125    0.0037109375             234             215
59800             216              20       0.0421875      0.00390625             235             215
59900             216              20       0.0421875      0.00390625             235             215
60000             218              19     0.042578125    0.0037109375             235             216
60100             218              19     0.042578125    0.0037109375             235             216
60200             220              18      0.04296875     0.003515625             235             217
60300             220              18      0.04296875     0.003515625             235             217
60400             216              20       0.0421875      0.00390625             237             217
60500             216              20       0.0421875      0.00390625             237             217
60600             216              20       0.0421875      0.00390625             237             217
60700             216              20       0.0421875      0.00390625             237             217
60800             216              20       0.0421875      0.00390625             237             217
60900             216              20       0.0421875      0.00390625             237             217
61000             216              20       0.0421875      0.00390625             237             217
61100             216              20       0.0421875      0.00390625             237             217
61200             220              18      0.04296875     0.003515625             237             219
61300             220              18      0.04296875     0.003515625             237             219
61400             218              19     0.042578125    0.0037109375             238             219
61500             218              19     0.042578125    0.0037109375             238             219
61600             216              20       0.0421875      0.00390625             239             219
61700             216              20       0.0421875      0.00390625             239             219
61800             216              20       0.0421875      0.00390625             241             221
61900             216              20       0.0421875      0.00390625             241             221
62000             218              19     0.042578125    0.0037109375             241             222
62100             218              19     0.042578125    0.0037109375             241             222
62200             216              20       0.0421875      0.00390625             243             223
62300             216              20       0.0421875      0.00390625             243             223
62400             214              21     0.041796875    0.0041015625             244             223
62500             214              21     0.041796875    0.0041015625             244             223
62600             214              21     0.041796875    0.0041015625             244             223
62700             214              21     0.041796875    0.0041015625             244             223
62800             210              23     0.041015625    0.0044921875             246             223
62900             210              23     0.041015625    0.0044921875             246             223
63000             212              22      0.04140625     0.004296875             246             224
63100             212              22      0.04140625     0.004296875             246             224
63200             214              21     0.041796875    0.0041015625             246             225
63300             214              21     0.041796875    0.0041015625             246             225
63400             214              21     0.041796875    0.0041015625             246             225
63500             214              21     0.041796875    0.0041015625             246             225
63600             218              19     0.042578125    0.0037109375             246             227
63700             218              19     0.042578125    0.0037109375             246             227
63800             218              19     0.042578125    0.0037109375             247             228
63900             218              19     0.042578125    0.0037109375             247             228
64000             216              20       0.0421875      0.00390625             248             228
64100             216              20       0.0421875      0.00390625             248             228
64200             216              20       0.0421875      0.00390625             249             229
64300             216              20       0.0421875      0.00390625             249             229
64400             216              20       0.0421875      0.00390625             249             229
64500             216              20       0.0421875      0.00390625             249             229
64600             214              21     0.041796875    0.0041015625             250             229
64700             214              21     0.041796875    0.0041015625             250             229
64800             216              20       0.0421875      0.00390625             250             230
64900             216              20       0.0421875      0.00390625             250             230
65000             218              19     0.042578125    0.0037109375             250             231
65100             218              19     0.042578125    0.0037109375             250             231
65200             218              19     0.042578125    0.0037109375             251             232
65300             218              19     0.042578125    0.0037109375             251             232
65400             220              18      0.04296875     0.003515625             251             233
65500             220              18      0.04296875     0.003515625             251             233
65600             222              17     0.043359375    0.0033203125             252             235
65700             222              17     0.043359375    0.0033203125             252             235
65800             220              18      0.04296875     0.003515625             254             236
65900             220              18      0.04296875     0.003515625             254             236
66000             218              19     0.042578125    0.0037109375             256             237
66100             218              19     0.042578125    0.0037109375             256             237
66200             216              20       0.0421875      0.00390625             257             237
66300             216              20       0.0421875      0.00390625             257             237
66400             218              19     0.042578125    0.0037109375             257             238
66500             218              19     0.042578125    0.0037109375             257             238
66600             216              20       0.0421875      0.00390625             258             238
66700             216              20       0.0421875      0.00390625             258             238
66800             214              21     0.041796875    0.0041015625             259             238
66900             214              21     0.041796875    0.0041015625             259             238
67000             214              21     0.041796875    0.0041015625             259             238
67100             214              21     0.041796875    0.0041015625             259             238
67200             216              20       0.0421875      0.00390625             259             239
67300             216              20       0.0421875      0.00390625             259             239
67400             214              21     0.041796875    0.0041015625             261             240
67500             214              21     0.041796875    0.0041015625             261             240
67600             212              22      0.04140625     0.004296875             263             241
67700             212              22      0.04140625     0.004296875             263             241
67800             216              20       0.0421875      0.00390625             263             243
67900             216              20       0.0421875      0.00390625             263             243
68000             214              21     0.041796875    0.0041015625             265             244
68100             214              21     0.041796875    0.0041015625             265             244
68200             214              21     0.041796875    0.0041015625             265             244
68300             214              21     0.041796875    0.0041015625             265             244
68400             216              20       0.0421875      0.00390625             265             245
68500             216              20       0.0421875      0.00390625             265             245
68600             212              22      0.04140625     0.004296875             267             245
68700             212              22      0.04140625     0.004296875             267             245
68800             216              20       0.0421875      0.00390625             268             248
68900             216              20       0.0421875      0.00390625             268             248
69000             218              19     0.042578125    0.0037109375             268             249
69100             218              19     0.042578125    0.0037109375             268             249
69200             220              18      0.04296875     0.003515625             268             250
69300             220              18      0.04296875     0.003515625             268             250
69400             220              18      0.04296875     0.003515625             270             252
69500             220              18      0.04296875     0.003515625             270             252
69600             222              17     0.043359375    0.0033203125             270             253
69700             222              17     0.043359375    0.0033203125             270             253
69800             222              17     0.043359375    0.0033203125             270             253
69900             222              17     0.043359375    0.0033203125             270             253
70000             220              18      0.04296875     0.003515625             271             253
70100             220              18      0.04296875     0.003515625             271             253
70200             216              20       0.0421875      0.00390625             273             253
70300             216              20       0.0421875      0.00390625             273             253
70400             216              20       0.0421875      0.00390625             273             253
70500             216              20       0.0421875      0.00390625             273             253
70600             214              21     0.041796875    0.0041015625             274             253
70700             214              21     0.041796875    0.0041015625             274             253
70800             210              23     0.041015625    0.0044921875             276             253
70900             210              23     0.041015625    0.0044921875             276             253
71000             216              20       0.0421875      0.00390625             276             256
71100             216              20       0.0421875      0.00390625             276             256
71200             218              19     0.042578125    0.0037109375             276             257
71300             218              19     0.042578125    0.0037109375             276             257
71400             220              18      0.04296875     0.003515625             276             258
71500             220              18      0.04296875     0.003515625             276             258
71600             220              18      0.04296875     0.003515625             276             258
71700             220              18      0.04296875     0.003515625             276             258
71800             218              19     0.042578125    0.0037109375             277             258
71900             218              19     0.042578125    0.0037109375             277             258
72000             218              19     0.042578125    0.0037109375             277             258
72100             218              19     0.042578125    0.0037109375             277             258
72200             218              19     0.042578125    0.0037109375             277             258
72300             218              19     0.042578125    0.0037109375             277             258
72400             224              16         0.04375        0.003125             277             261
72500             224              16         0.04375        0.003125             277             261
72600             222              17     0.043359375    0.0033203125             278             261
72700             222              17     0.043359375    0.0033203125             278             261
72800             218              19     0.042578125    0.0037109375             280             261
72900             218              19     0.042578125    0.0037109375             280             261
73000             216              20       0.0421875      0.00390625             281             261
73100             216              20       0.0421875      0.00390625             281             261
73200             210              23     0.041015625    0.0044921875             284             261
73300             210              23     0.041015625    0.0044921875             284             261
73400             212              22      0.04140625     0.004296875             284             262
73500             212              22      0.04140625     0.004296875             284             262
73600             212              22      0.04140625     0.004296875             285             263
73700             212              22      0.04140625     0.004296875             285             263
73800             212              22      0.04140625     0.004296875             287             265
73900             212              22      0.04140625     0.004296875             287             265
74000             212              22      0.04140625     0.004296875             288             266
74100             212              22      0.04140625     0.004296875             288             266
74200             216              20       0.0421875      0.00390625             288             268
74300             216              20       0.0421875      0.00390625             288             268
74400             214              21     0.041796875    0.0041015625             289             268
74500             214              21     0.041796875    0.0041015625             289             268
74600             210              23     0.041015625    0.0044921875             291             268
74700             210              23     0.041015625    0.0044921875             291             268
74800             212              22      0.04140625     0.004296875             291             269
74900             212              22      0.04140625     0.004296875             291             269
75000             216              20       0.0421875      0.00390625             291             271
75100             216              20       0.0421875      0.00390625             291             271
75200             216              20       0.0421875      0.00390625             291             271
75300             216              20       0.0421875      0.00390625             291             271
75400             214              21     0.041796875    0.0041015625             292             271
75500             214              21     0.041796875    0.0041015625             292             271
75600             208              24        0.040625       0.0046875             295             271
75700             208              24        0.040625       0.0046875             295             271
75800             206              25     0.040234375    0.0048828125             296             271
75900             206              25     0.040234375    0.0048828125             296             271
76000             208              24        0.040625       0.0046875             296             272
76100             208              24        0.040625       0.0046875             296             272
76200             210              23     0.041015625    0.0044921875             296             273
76300             210              23     0.041015625    0.0044921875             296             273
76400             208              24        0.040625       0.0046875             297             273
76500             208              24        0.040625       0.0046875             297             273
76600             210              23     0.041015625    0.0044921875             297             274
76700             210              23     0.041015625    0.0044921875             297             274
76800             210              23     0.041015625    0.0044921875             297             274
76900             210              23     0.041015625    0.0044921875             297             274
77000             210              23     0.041015625    0.0044921875             299             276
77100             210              23     0.041015625    0.0044921875             299             276
77200             208              24        0.040625       0.0046875             300             276
77300             208              24        0.040625       0.0046875             300             276
77400             208              24        0.040625       0.0046875             300             276
77500             208              24        0.040625       0.0046875             300             276
77600             204              26      0.03984375     0.005078125             302             276
77700             204              26      0.03984375     0.005078125             302             276
77800             202              27     0.039453125    0.0052734375             303             276
77900             202              27     0.039453125    0.0052734375             303             276
78000             202              27     0.039453125    0.0052734375             303             276
78100             202              27     0.039453125    0.0052734375             303             276
78200             204              26      0.03984375     0.005078125             303             277
78300             204              26      0.03984375     0.005078125             303             277
78400             208              24        0.040625       0.0046875             303             279
78500             208              24        0.040625       0.0046875             303             279
78600             210              23     0.041015625    0.0044921875             304             281
78700             210              23     0.041015625    0.0044921875             304             281
78800             210              23     0.041015625    0.0044921875             305             282
78900             210              23     0.041015625    0.0044921875             305             282
79000             206              25     0.040234375    0.0048828125             307             282
79100             206              25     0.040234375    0.0048828125             307             282
79200             206              25     0.040234375    0.0048828125             307             282
79300             206              25     0.040234375    0.0048828125             307             282
79400             202              27     0.039453125    0.0052734375             309             282
79500             202              27     0.039453125    0.0052734375             309             282
79600             200              28       0.0390625      0.00546875             311             283
79700             200              28       0.0390625      0.00546875             311             283
79800             204              26      0.03984375     0.005078125             311             285
79900             204              26      0.03984375     0.005078125             311             285
80000             206              25     0.040234375    0.0048828125             311             286
80100             206              25     0.040234375    0.0048828125             311             286
80200             206              25     0.040234375    0.0048828125             312             287
80300             206              25     0.040234375    0.0048828125             312             287
80400             206              25     0.040234375    0.0048828125             314             289
80500             206              25     0.040234375    0.0048828125             314             289
80600             206              25     0.040234375    0.0048828125             315             290
80700             206              25     0.040234375    0.0048828125             315             290
80800             212              22      0.04140625     0.004296875             316             294
80900             212              22      0.04140625     0.004296875             316             294
81000             210              23     0.041015625    0.0044921875             317             294
81100             210              23     0.041015625    0.0044921875             317             294
81200             204              26      0.03984375     0.005078125             320             294
81300             204              26      0.03984375     0.005078125             320             294
81400             204              26      0.03984375     0.005078125             320             294
81500             204              26      0.03984375     0.005078125             320             294
81600             208              24        0.040625       0.0046875             321             297
81700             208              24        0.040625       0.0046875             321             297
81800             208              24        0.040625       0.0046875             322             298
81900             208              24        0.040625       0.0046875             322             298
82000             212              22      0.04140625     0.004296875             323             301
82100             212              22      0.04140625     0.004296875             323             301
82200             214              21     0.041796875    0.0041015625             323             302
82300             214              21     0.041796875    0.0041015625             323             302
82400             214              21     0.041796875    0.0041015625             325             304
82500             214              21     0.041796875    0.0041015625             325             304
82600             216              20       0.0421875      0.00390625             325             305
82700             216              20       0.0421875      0.00390625             325             305
82800             216              20       0.0421875      0.00390625             325             305
82900             216              20       0.0421875      0.00390625             325             305
83000             222              17     0.043359375    0.0033203125             325             308
83100             222              17     0.043359375    0.0033203125             325             308
83200             222              17     0.043359375    0.0033203125             325             308
83300             222              17     0.043359375    0.0033203125             325             308
83400             222              17     0.043359375    0.0033203125             325             308
83500             222              17     0.043359375    0.0033203125             325             308
83600             218              19     0.042578125    0.0037109375             327             308
83700             218              19     0.042578125    0.0037109375             327             308
83800             216              20       0.0421875      0.00390625             328             308
83900             216              20       0.0421875      0.00390625             328             308
84000             212              22      0.04140625     0.004296875             330             308
84100             212              22      0.04140625     0.004296875             330             308
84200             214              21     0.041796875    0.0041015625             330             309
84300             214              21     0.041796875    0.0041015625             330             309
84400             212              22      0.04140625     0.004296875             331             309
84500             212              22      0.04140625     0.004296875             331             309
84600             212              22      0.04140625     0.004296875             332             310
84700             212              22      0.04140625     0.004296875             332             310
84800             214              21     0.041796875    0.0041015625             332             311
84900             214              21     0.041796875    0.0041015625             332             311
85000             212              22      0.04140625     0.004296875             333             311
85100             212              22      0.04140625     0.004296875             333             311
85200             206              25     0.040234375    0.0048828125             336             311
85300             206              25     0.040234375    0.0048828125             336             311
85400             208              24        0.040625       0.0046875             336             312
85500             208              24        0.040625       0.0046875             336             312
85600             210              23     0.041015625    0.0044921875             336             313
85700             210              23     0.041015625    0.0044921875             336             313
85800             212              22      0.04140625     0.004296875             336             314
85900             212              22      0.04140625     0.004296875             336             314
86000             212              22      0.04140625     0.004296875             336             314
86100             212              22      0.04140625     0.004296875             336             314
86200             214              21     0.041796875    0.0041015625             336             315
86300             214              21     0.041796875    0.0041015625             336             315
86400             212              22      0.04140625     0.004296875             338             316
86500             212              22      0.04140625     0.004296875             338             316
86600             210              23     0.041015625    0.0044921875             339             316
86700             210              23     0.041015625    0.0044921875             339             316
86800             212              22      0.04140625     0.004296875             339             317
86900             212              22      0.04140625     0.004296875             339             317
87000             214              21     0.041796875    0.0041015625             339             318
87100             214              21     0.041796875    0.0041015625             339             318
87200             214              21     0.041796875    0.0041015625             339             318
87300             214              21     0.041796875    0.0041015625             339             318
87400             214              21     0.041796875    0.0041015625             339             318
87500             214              21     0.041796875    0.0041015625             339             318
87600             214              21     0.041796875    0.0041015625             339             318
87700             214              21     0.041796875    0.0041015625             339             318
87800             214              21     0.041796875    0.0041015625             339             318
87900             214              21     0.041796875    0.0041015625             339             318
88000             220              18      0.04296875     0.003515625             339             321
88100             220              18      0.04296875     0.003515625             339             321
88200             220              18      0.04296875     0.003515625             339             321
88300             220              18      0.04296875     0.003515625             339             321
88400             220              18      0.04296875     0.003515625             341             323
88500             220              18      0.04296875     0.003515625             341             323
88600             220              18      0.04296875     0.003515625             342             324
88700             220              18      0.04296875     0.003515625             342             324
88800             220              18      0.04296875     0.003515625             342             324
88900             220              18      0.04296875     0.003515625             342             324
89000             226              15     0.044140625    0.0029296875             342             327
89100             226              15     0.044140625    0.0029296875             342             327
89200             224              16         0.04375        0.003125             343             327
89300             224              16         0.04375        0.003125             343             327
89400             226              15     0.044140625    0.0029296875             344             329
89500             226              15     0.044140625    0.0029296875             344             329
89600             224              16         0.04375        0.003125             345             329
89700             224              16         0.04375        0.003125             345             329
89800             222              17     0.043359375    0.0033203125             346             329
89900             222              17     0.043359375    0.0033203125             346             329
90000             224              16         0.04375        0.003125             346             330
90100             224              16         0.04375        0.003125             346             330
90200             226              15     0.044140625    0.0029296875             346             331
90300             226              15     0.044140625    0.0029296875             346             331
90400             228              14      0.04453125     0.002734375             346             332
90500             228              14      0.04453125     0.002734375             346             332
90600             230              13     0.044921875    0.0025390625             346             333
90700             230              13     0.044921875    0.0025390625             346             333
90800             230              13     0.044921875    0.0025390625             347             334
90900             230              13     0.044921875    0.0025390625             347             334
91000             230              13     0.044921875    0.0025390625             347             334
91100             230              13     0.044921875    0.0025390625             347             334
91200             228              14      0.04453125     0.002734375             348             334
91300             228              14      0.04453125     0.002734375             348             334
91400             230              13     0.044921875    0.0025390625             348             335
91500             230              13     0.044921875    0.0025390625             348             335
91600             220              18      0.04296875     0.003515625             354             336
91700             220              18      0.04296875     0.003515625             354             336
91800             222              17     0.043359375    0.0033203125             355             338
91900             222              17     0.043359375    0.0033203125             355             338
92000             218              19     0.042578125    0.0037109375             357             338
92100             218              19     0.042578125    0.0037109375             357             338
92200             220              18      0.04296875     0.003515625             358             340
92300             220              18      0.04296875     0.003515625             358             340
92400             216              20       0.0421875      0.00390625             360             340
92500             216              20       0.0421875      0.00390625             360             340
92600             214              21     0.041796875    0.0041015625             361             340
92700             214              21     0.041796875    0.0041015625             361             340
92800             210              23     0.041015625    0.0044921875             363             340
92900             210              23     0.041015625    0.0044921875             363             340
93000             210              23     0.041015625    0.0044921875             363             340
93100             210              23     0.041015625    0.0044921875             363             340
93200             208              24        0.040625       0.0046875             364             340
93300             208              24        0.040625       0.0046875             364             340
93400             210              23     0.041015625    0.0044921875             364             341
93500             210              23     0.041015625    0.0044921875             364             341
93600             214              21     0.041796875    0.0041015625             364             343
93700             214              21     0.041796875    0.0041015625             364             343
93800             212              22      0.04140625     0.004296875             366             344
93900             212              22      0.04140625     0.004296875             366             344
94000             212              22      0.04140625     0.004296875             367             345
94100             212              22      0.04140625     0.004296875             367             345
94200             214              21     0.041796875    0.0041015625             368             347
94300             214              21     0.041796875    0.0041015625             368             347
94400             214              21     0.041796875    0.0041015625             368             347
94500             214              21     0.041796875    0.0041015625             368             347
94600             214              21     0.041796875    0.0041015625             369             348
94700             214              21     0.041796875    0.0041015625             369             348
94800             210              23     0.041015625    0.0044921875             371             348
94900             210              23     0.041015625    0.0044921875             371             348
95000             214              21     0.041796875    0.0041015625             371             350
95100             214              21     0.041796875    0.0041015625             371             350
95200             214              21     0.041796875    0.0041015625             371             350
95300             214              21     0.041796875    0.0041015625             371             350
95400             216              20       0.0421875      0.00390625             371             351
95500             216              20       0.0421875      0.00390625             371             351
95600             214              21     0.041796875    0.0041015625             372             351
95700             214              21     0.041796875    0.0041015625             372             351
95800             214              21     0.041796875    0.0041015625             374             353
95900             214              21     0.041796875    0.0041015625             374             353
96000             212              22      0.04140625     0.004296875             375             353
96100             212              22      0.04140625     0.004296875             375             353
96200             210              23     0.041015625    0.0044921875             376             353
96300             210              23     0.041015625    0.0044921875             376             353
96400             206              25     0.040234375    0.0048828125             378             353
96500             206              25     0.040234375    0.0048828125             378             353
96600             208              24        0.040625       0.0046875             380             356
96700             208              24        0.040625       0.0046875             380             356
96800             206              25     0.040234375    0.0048828125             381             356
96900             206              25     0.040234375    0.0048828125             381             356
97000             206              25     0.040234375    0.0048828125             381             356
97100             206              25     0.040234375    0.0048828125             381             356
97200             208              24        0.040625       0.0046875             382             358
97300             208              24        0.040625       0.0046875             382             358
97400             208              24        0.040625       0.0046875             382             358
97500             208              24        0.040625       0.0046875             382             358
97600             208              24        0.040625       0.0046875             384             360
97700             208              24        0.040625       0.0046875             384             360
97800             212              22      0.04140625     0.004296875             384             362
97900             212              22      0.04140625     0.004296875             384             362
98000             214              21     0.041796875    0.0041015625             384             363
98100             214              21     0.041796875    0.0041015625             384             363
98200             212              22      0.04140625     0.004296875             385             363
98300             212              22      0.04140625     0.004296875             385             363
98400             212              22      0.04140625     0.004296875             386             364
98500             212              22      0.04140625     0.004296875             386             364
98600             216              20       0.0421875      0.00390625             386             366
98700             216              20       0.0421875      0.00390625             386             366
98800             214              21     0.041796875    0.0041015625             388             367
98900             214              21     0.041796875    0.0041015625             388             367
99000             216              20       0.0421875      0.00390625             389             369
99100             216              20       0.0421875      0.00390625             389             369
99200             212              22      0.04140625     0.004296875             391             369
99300             212              22      0.04140625     0.004296875             391             369
99400             212              22      0.04140625     0.004296875             391             369
99500             212              22      0.04140625     0.004296875             391             369
99600             214              21     0.041796875    0.0041015625             392             371
99700             214              21     0.041796875    0.0041015625             392             371
99800             212              22      0.04140625     0.004296875             393             371
99900             212              22      0.04140625     0.004296875             393             371
100000             212              22      0.04140625     0.004296875             393             371
