# Time-averaged data for fix observ
# TimeStep v_nfree v_ndimer v_cfree v_cdimer f_kinetics[2] f_kinetics[3]
0             256               0            0.05               0               0               0
100             256               0            0.05               0               0               0
200             256               0            0.05               0               0               0
300             254               1     0.049609375    0.0001953125               1               0
400             254               1     0.049609375    0.0001953125               1               0
500             254               1     0.049609375    0.0001953125               1               0
600             254               1     0.049609375    0.0001953125               1               0
700             250               3     0.048828125    0.0005859375               3               0
800             250               3     0.048828125    0.0005859375               3               0
900             250               3     0.048828125    0.0005859375               3               0
1000             250               3     0.048828125    0.0005859375               3               0
1100             248               4       0.0484375      0.00078125               4               0
1200             248               4       0.0484375      0.00078125               4               0
1300             248               4       0.0484375      0.00078125               4               0
1400             242               7     0.047265625    0.0013671875               7               0
1500             240               8        0.046875       0.0015625               8               0
1600             240               8        0.046875       0.0015625               8               0
1700             236              10      0.04609375     0.001953125              10               0
1800             236              10      0.04609375     0.001953125              11               1
1900             232              12       0.0453125      0.00234375              13               1
2000             230              13     0.044921875    0.0025390625              14               1
2100             228              14      0.04453125     0.002734375              15               1
2200             228              14      0.04453125     0.002734375              15               1
2300             228              14      0.04453125     0.002734375              15               1
2400             228              14      0.04453125     0.002734375              15               1
2500             228              14      0.04453125     0.002734375              15               1
2600             228              14      0.04453125     0.002734375              16               2
2700             226              15     0.044140625    0.0029296875              17               2
2800             226              15     0.044140625    0.0029296875              17               2
2900             226              15     0.044140625    0.0029296875              17               2
3000             224              16         0.04375        0.003125              18               2
3100             222              17     0.043359375    0.0033203125              19               2
3200             224              16         0.04375        0.003125              19               3
3300             226              15     0.044140625    0.0029296875              19               4
3400             226              15     0.044140625    0.0029296875              19               4
3500             226              15     0.044140625    0.0029296875              20               5
3600             226              15     0.044140625    0.0029296875              20               5
3700             226              15     0.044140625    0.0029296875              20               5
3800             226              15     0.044140625    0.0029296875              20               5
3900             224              16         0.04375        0.003125              21               5
4000             224              16         0.04375        0.003125              21               5
4100             222              17     0.043359375    0.0033203125              23               6
4200             220              18      0.04296875     0.003515625              24               6
4300             218              19     0.042578125    0.0037109375              25               6
4400             216              20       0.0421875      0.00390625              26               6
4500             216              20       0.0421875      0.00390625              26               6
4600             216              20       0.0421875      0.00390625              26               6
4700             216              20       0.0421875      0.00390625              26               6
4800             216              20       0.0421875      0.00390625              26               6
4900             216              20       0.0421875      0.00390625              26               6
5000             216              20       0.0421875      0.00390625              26               6
5100             216              20       0.0421875      0.00390625              26               6
5200             216              20       0.0421875      0.00390625              26               6
5300             218              19     0.042578125    0.0037109375              26               7
5400             218              19     0.042578125    0.0037109375              26               7
5500             216              20       0.0421875      0.00390625              27               7
5600             214              21     0.041796875    0.0041015625              28               7
5700             216              20       0.0421875      0.00390625              28               8
5800             222              17     0.043359375    0.0033203125              28              11
5900             220              18      0.04296875     0.003515625              30              12
6000             218              19     0.042578125    0.0037109375              31              12
6100             218              19     0.042578125    0.0037109375              32              13
6200             216              20       0.0421875      0.00390625              34              14
6300             214              21     0.041796875    0.0041015625              35              14
6400             214              21     0.041796875    0.0041015625              36              15
6500             214              21     0.041796875    0.0041015625              36              15
6600             216              20       0.0421875      0.00390625              36              16
6700             218              19     0.042578125    0.0037109375              37              18
6800             220              18      0.04296875     0.003515625              37              19
6900             220              18      0.04296875     0.003515625              37              19
7000             220              18      0.04296875     0.003515625              38              20
7100             220              18      0.04296875     0.003515625              39              21
7200             220              18      0.04296875     0.003515625              39              21
7300             220              18      0.04296875     0.003515625              39              21
7400             220              18      0.04296875     0.003515625              40              22
7500             220              18      0.04296875     0.003515625              40              22
7600             224              16         0.04375        0.003125              40              24
7700             226              15     0.044140625    0.0029296875              40              25
7800             230              13     0.044921875    0.0025390625              41              28
7900             232              12       0.0453125      0.00234375              41              29
8000             234              11     0.045703125    0.0021484375              41              30
8100             234              11     0.045703125    0.0021484375              42              31
8200             234              11     0.045703125    0.0021484375              42              31
8300             234              11     0.045703125    0.0021484375              42              31
8400             234              11     0.045703125    0.0021484375              42              31
8500             232              12       0.0453125      0.00234375              43              31
8600             232              12       0.0453125      0.00234375              43              31
8700             232              12       0.0453125      0.00234375              43              31
8800             232              12       0.0453125      0.00234375              43              31
8900             232              12       0.0453125      0.00234375              43              31
9000             232              12       0.0453125      0.00234375              43              31
9100             232              12       0.0453125      0.00234375              43              31
9200             234              11     0.045703125    0.0021484375              43              32
9300             232              12       0.0453125      0.00234375              44              32
9400             232              12       0.0453125      0.00234375              44              32
9500             230              13     0.044921875    0.0025390625              45              32
9600             230              13     0.044921875    0.0025390625              45              32
9700             230              13     0.044921875    0.0025390625              45              32
9800             222              17     0.043359375    0.0033203125              49              32
9900             222              17     0.043359375    0.0033203125              49              32
10000             222              17     0.043359375    0.0033203125              49              32
10100             222              17     0.043359375    0.0033203125              49              32
10200             222              17     0.043359375    0.0033203125              49              32
10300             224              16         0.04375        0.003125              49              33
10400             224              16         0.04375        0.003125              49              33
10500             224              16         0.04375        0.003125              49              33
10600             224              16         0.04375        0.003125              49              33
10700             224              16         0.04375        0.003125              49              33
10800             222              17     0.043359375    0.0033203125              51              34
10900             218              19     0.042578125    0.0037109375              53              34
11000             216              20       0.0421875      0.00390625              54              34
11100             214              21     0.041796875    0.0041015625              55              34
11200             216              20       0.0421875      0.00390625              55              35
11300             214              21     0.041796875    0.0041015625              56              35
11400             216              20       0.0421875      0.00390625              56              36
11500             216              20       0.0421875      0.00390625              56              36
11600             216              20       0.0421875      0.00390625              56              36
11700             216              20       0.0421875      0.00390625              56              36
11800             216              20       0.0421875      0.00390625              56              36
11900             216              20       0.0421875      0.00390625              56              36
12000             214              21     0.041796875    0.0041015625              57              36
12100             212              22      0.04140625     0.004296875              58              36
12200             212              22      0.04140625     0.004296875              58              36
12300             210              23     0.041015625    0.0044921875              60              37
12400             210              23     0.041015625    0.0044921875              60              37
12500             210              23     0.041015625    0.0044921875              60              37
12600             210              23     0.041015625    0.0044921875              60              37
12700             210              23     0.041015625    0.0044921875              60              37
12800             210              23     0.041015625    0.0044921875              60              37
12900             212              22      0.04140625     0.004296875              60              38
13000             212              22      0.04140625     0.004296875              60              38
13100             212              22      0.04140625     0.004296875              60              38
13200             210              23     0.041015625    0.0044921875              61              38
13300             210              23     0.041015625    0.0044921875              63              40
13400             212              22      0.04140625     0.004296875              64              42
13500             212              22      0.04140625     0.004296875              64              42
13600             212              22      0.04140625     0.004296875              64              42
13700             214              21     0.041796875    0.0041015625              64              43
13800             216              20       0.0421875      0.00390625              64              44
13900             216              20       0.0421875      0.00390625              65              45
14000             218              19     0.042578125    0.0037109375              65              46
14100             218              19     0.042578125    0.0037109375              65              46
14200             218              19     0.042578125    0.0037109375              65              46
14300             216              20       0.0421875      0.00390625              66              46
14400             218              19     0.042578125    0.0037109375              66              47
14500             218              19     0.042578125    0.0037109375              66              47
14600             220              18      0.04296875     0.003515625              66              48
14700             220              18      0.04296875     0.003515625              66              48
14800             220              18      0.04296875     0.003515625              66              48
14900             218              19     0.042578125    0.0037109375              67              48
15000             218              19     0.042578125    0.0037109375              67              48
15100             218              19     0.042578125    0.0037109375              67              48
15200             216              20       0.0421875      0.00390625              68              48
15300             212              22      0.04140625     0.004296875              70              48
15400             212              22      0.04140625     0.004296875              71              49
15500             210              23     0.041015625    0.0044921875              73              50
15600             210              23     0.041015625    0.0044921875              73              50
15700             210              23     0.041015625    0.0044921875              73              50
15800             210              23     0.041015625    0.0044921875              73              50
15900             210              23     0.041015625    0.0044921875              73              50
16000             210              23     0.041015625    0.0044921875              73              50
16100             210              23     0.041015625    0.0044921875              73              50
16200             208              24        0.040625       0.0046875              74              50
16300             208              24        0.040625       0.0046875              74              50
16400             206              25     0.040234375    0.0048828125              75              50
16500             208              24        0.040625       0.0046875              75              51
16600             208              24        0.040625       0.0046875              75              51
16700             208              24        0.040625       0.0046875              75              51
16800             208              24        0.040625       0.0046875              75              51
16900             208              24        0.040625       0.0046875              75              51
17000             212              22      0.04140625     0.004296875              75              53
17100             212              22      0.04140625     0.004296875              75              53
17200             212              22      0.04140625     0.004296875              75              53
17300             214              21     0.041796875    0.0041015625              75              54
17400             208              24        0.040625       0.0046875              78              54
17500             206              25     0.040234375    0.0048828125              79              54
17600             208              24        0.040625       0.0046875              79              55
17700             206              25     0.040234375    0.0048828125              80              55
17800             204              26      0.03984375     0.005078125              81              55
17900             206              25     0.040234375    0.0048828125              81              56
18000             208              24        0.040625       0.0046875              81              57
18100             208              24        0.040625       0.0046875              81              57
18200             210              23     0.041015625    0.0044921875              81              58
18300             210              23     0.041015625    0.0044921875              81              58
18400             210              23     0.041015625    0.0044921875              81              58
18500             208              24        0.040625       0.0046875              82              58
18600             208              24        0.040625       0.0046875              82              58
18700             206              25     0.040234375    0.0048828125              84              59
18800             206              25     0.040234375    0.0048828125              84              59
18900             208              24        0.040625       0.0046875              84              60
19000             208              24        0.040625       0.0046875              84              60
19100             208              24        0.040625       0.0046875              84              60
19200             208              24        0.040625       0.0046875              84              60
19300             208              24        0.040625       0.0046875              84              60
19400             208              24        0.040625       0.0046875              84              60
19500             208              24        0.040625       0.0046875              84              60
19600             210              23     0.041015625    0.0044921875              84              61
19700             206              25     0.040234375    0.0048828125              86              61
19800             200              28       0.0390625      0.00546875              89              61
19900             200              28       0.0390625      0.00546875              90              62
20000             200              28       0.0390625      0.00546875              91              63
20100             202              27     0.039453125    0.0052734375              91              64
20200             202              27     0.039453125    0.0052734375              92              65
20300             200              28       0.0390625      0.00546875              93              65
20400             200              28       0.0390625      0.00546875              95              67
20500             200              28       0.0390625      0.00546875              95              67
20600             200              28       0.0390625      0.00546875              95              67
20700             200              28       0.0390625      0.00546875              95              67
20800             200              28       0.0390625      0.00546875              95              67
20900             202              27     0.039453125    0.0052734375              95              68
21000             202              27     0.039453125    0.0052734375              95              68
21100             200              28       0.0390625      0.00546875              96              68
21200             198              29     0.038671875    0.0056640625              97              68
21300             198              29     0.038671875    0.0056640625              97              68
21400             198              29     0.038671875    0.0056640625              98              69
21500             198              29     0.038671875    0.0056640625              98              69
21600             198              29     0.038671875    0.0056640625              98              69
21700             196              30      0.03828125     0.005859375              99              69
21800             196              30      0.03828125     0.005859375              99              69
21900             196              30      0.03828125     0.005859375              99              69
22000             196              30      0.03828125     0.005859375             100              70
22100             198              29     0.038671875    0.0056640625             100              71
22200             196              30      0.03828125     0.005859375             101              71
22300             200              28       0.0390625      0.00546875             101              73
22400             198              29     0.038671875    0.0056640625             102              73
22500             196              30      0.03828125     0.005859375             103              73
22600             196              30      0.03828125     0.005859375             103              73
22700             196              30      0.03828125     0.005859375             103              73
22800             196              30      0.03828125     0.005859375             103              73
22900             200              28       0.0390625      0.00546875             103              75
23000             200              28       0.0390625      0.00546875             103              75
23100             202              27     0.039453125    0.0052734375             103              76
23200             202              27     0.039453125    0.0052734375             104              77
23300             202              27     0.039453125    0.0052734375             104              77
23400             202              27     0.039453125    0.0052734375             104              77
23500             202              27     0.039453125    0.0052734375             104              77
23600             200              28       0.0390625      0.00546875             105              77
23700             204              26      0.03984375     0.005078125             105              79
23800             204              26      0.03984375     0.005078125             106              80
23900             204              26      0.03984375     0.005078125             106              80
24000             206              25     0.040234375    0.0048828125             106              81
24100             206              25     0.040234375    0.0048828125             106              81
24200             208              24        0.040625       0.0046875             106              82
24300             208              24        0.040625       0.0046875             106              82
24400             206              25     0.040234375    0.0048828125             107              82
24500             208              24        0.040625       0.0046875             107              83
24600             208              24        0.040625       0.0046875             107              83
24700             204              26      0.03984375     0.005078125             109              83
24800             206              25     0.040234375    0.0048828125             109              84
24900             204              26      0.03984375     0.005078125             110              84
25000             204              26      0.03984375     0.005078125             110              84
25100             204              26      0.03984375     0.005078125             110              84
25200             206              25     0.040234375    0.0048828125             110              85
25300             206              25     0.040234375    0.0048828125             110              85
25400             204              26      0.03984375     0.005078125             111              85
25500             204              26      0.03984375     0.005078125             111              85
25600             204              26      0.03984375     0.005078125             111              85
25700             204              26      0.03984375     0.005078125             111              85
25800             204              26      0.03984375     0.005078125             112              86
25900             206              25     0.040234375    0.0048828125             112              87
26000             214              21     0.041796875    0.0041015625             112              91
26100             214              21     0.041796875    0.0041015625             112              91
26200             214              21     0.041796875    0.0041015625             112              91
26300             216              20       0.0421875      0.00390625             112              92
26400             216              20       0.0421875      0.00390625             112              92
26500             218              19     0.042578125    0.0037109375             113              94
26600             216              20       0.0421875      0.00390625             114              94
26700             214              21     0.041796875    0.0041015625             115              94
26800             212              22      0.04140625     0.004296875             116              94
26900             212              22      0.04140625     0.004296875             116              94
27000             214              21     0.041796875    0.0041015625             117              96
27100             212              22      0.04140625     0.004296875             118              96
27200             210              23     0.041015625    0.0044921875             119              96
27300             210              23     0.041015625    0.0044921875             119              96
27400             210              23     0.041015625    0.0044921875             119              96
27500             210              23     0.041015625    0.0044921875             119              96
27600             212              22      0.04140625     0.004296875             120              98
27700             210              23     0.041015625    0.0044921875             121              98
27800             210              23     0.041015625    0.0044921875             122              99
27900             208              24        0.040625       0.0046875             123              99
28000             212              22      0.04140625     0.004296875             123             101
28100             212              22      0.04140625     0.004296875             124             102
28200             212              22      0.04140625     0.004296875             124             102
28300             214              21     0.041796875    0.0041015625             125             104
28400             214              21     0.041796875    0.0041015625             127             106
28500             214              21     0.041796875    0.0041015625             127             106
28600             218              19     0.042578125    0.0037109375             127             108
28700             218              19     0.042578125    0.0037109375             128             109
28800             218              19     0.042578125    0.0037109375             128             109
28900             216              20       0.0421875      0.00390625             129             109
29000             216              20       0.0421875      0.00390625             129             109
29100             214              21     0.041796875    0.0041015625             131             110
29200             214              21     0.041796875    0.0041015625             131             110
29300             212              22      0.04140625     0.004296875             132             110
29400             212              22      0.04140625     0.004296875             132             110
29500             212              22      0.04140625     0.004296875             132             110
29600             214              21     0.041796875    0.0041015625             132             111
29700             216              20       0.0421875      0.00390625             132             112
29800             216              20       0.0421875      0.00390625             132             112
29900             216              20       0.0421875      0.00390625             132             112
30000             216              20       0.0421875      0.00390625             132             112
30100             214              21     0.041796875    0.0041015625             133             112
30200             214              21     0.041796875    0.0041015625             134             113
30300             214              21     0.041796875    0.0041015625             134             113
30400             216              20       0.0421875      0.00390625             134             114
30500             218              19     0.042578125    0.0037109375             134             115
30600             216              20       0.0421875      0.00390625             135             115
30700             214              21     0.041796875    0.0041015625             136             115
30800             212              22      0.04140625     0.004296875             138             116
30900             208              24        0.040625       0.0046875             140             116
31000             206              25     0.040234375    0.0048828125             141             116
31100             208              24        0.040625       0.0046875             141             117
31200             208              24        0.040625       0.0046875             141             117
31300             208              24        0.040625       0.0046875             141             117
31400             210              23     0.041015625    0.0044921875             141             118
31500             210              23     0.041015625    0.0044921875             142             119
31600             214              21     0.041796875    0.0041015625             142             121
31700             216              20       0.0421875      0.00390625             142             122
31800             214              21     0.041796875    0.0041015625             143             122
31900             216              20       0.0421875      0.00390625             143             123
32000             214              21     0.041796875    0.0041015625             144             123
32100             212              22      0.04140625     0.004296875             145             123
32200             214              21     0.041796875    0.0041015625             145             124
32300             214              21     0.041796875    0.0041015625             145             124
32400             212              22      0.04140625     0.004296875             146             124
32500             212              22      0.04140625     0.004296875             146             124
32600             212              22      0.04140625     0.004296875             146             124
32700             208              24        0.040625       0.0046875             148             124
32800             208              24        0.040625       0.0046875             148             124
32900             210              23     0.041015625    0.0044921875             148             125
33000             212              22      0.04140625     0.004296875             148             126
33100             210              23     0.041015625    0.0044921875             149             126
33200             210              23     0.041015625    0.0044921875             149             126
33300             210              23     0.041015625    0.0044921875             150             127
33400             210              23     0.041015625    0.0044921875             150             127
33500             210              23     0.041015625    0.0044921875             151             128
33600             210              23     0.041015625    0.0044921875             151             128
33700             204              26      0.03984375     0.005078125             154             128
33800             202              27     0.039453125    0.0052734375             155             128
33900             202              27     0.039453125    0.0052734375             155             128
34000             200              28       0.0390625      0.00546875             156             128
34100             198              29     0.038671875    0.0056640625             157             128
34200             198              29     0.038671875    0.0056640625             157             128
34300             198              29     0.038671875    0.0056640625             157             128
34400             200              28       0.0390625      0.00546875             158             130
34500             202              27     0.039453125    0.0052734375             159             132
34600             200              28       0.0390625      0.00546875             160             132
34700             202              27     0.039453125    0.0052734375             161             134
34800             204              26      0.03984375     0.005078125             161             135
34900             204              26      0.03984375     0.005078125             161             135
35000             204              26      0.03984375     0.005078125             161             135
35100             202              27     0.039453125    0.0052734375             162             135
35200             202              27     0.039453125    0.0052734375             162             135
35300             204              26      0.03984375     0.005078125             162             136
35400             202              27     0.039453125    0.0052734375             163             136
35500             202              27     0.039453125    0.0052734375             163             136
35600             204              26      0.03984375     0.005078125             163             137
35700             204              26      0.03984375     0.005078125             163             137
35800             206              25     0.040234375    0.0048828125             163             138
35900             206              25     0.040234375    0.0048828125             163             138
36000             208              24        0.040625       0.0046875             164             140
36100             210              23     0.041015625    0.0044921875             164             141
36200             212              22      0.04140625     0.004296875             164             142
36300             214              21     0.041796875    0.0041015625             164             143
36400             212              22      0.04140625     0.004296875             165             143
36500             216              20       0.0421875      0.00390625             165             145
36600             216              20       0.0421875      0.00390625             165             145
36700             210              23     0.041015625    0.0044921875             168             145
36800             214              21     0.041796875    0.0041015625             168             147
36900             214              21     0.041796875    0.0041015625             168             147
37000             214              21     0.041796875    0.0041015625             168             147
37100             212              22      0.04140625     0.004296875             169             147
37200             214              21     0.041796875    0.0041015625             169             148
37300             214              21     0.041796875    0.0041015625             169             148
37400             214              21     0.041796875    0.0041015625             169             148
37500             214              21     0.041796875    0.0041015625             169             148
37600             214              21     0.041796875    0.0041015625             169             148
37700             214              21     0.041796875    0.0041015625             169             148
37800             212              22      0.04140625     0.004296875             170             148
37900             208              24        0.040625       0.0046875             172             148
38000             208              24        0.040625       0.0046875             172             148
38100             208              24        0.040625       0.0046875             172             148
38200             208              24        0.040625       0.0046875             172             148
38300             212              22      0.04140625     0.004296875             172             150
38400             212              22      0.04140625     0.004296875             172             150
38500             216              20       0.0421875      0.00390625             172             152
38600             218              19     0.042578125    0.0037109375             172             153
38700             216              20       0.0421875      0.00390625             173             153
38800             216              20       0.0421875      0.00390625             173             153
38900             216              20       0.0421875      0.00390625             173             153
39000             214              21     0.041796875    0.0041015625             174             153
39100             214              21     0.041796875    0.0041015625             174             153
39200             214              21     0.041796875    0.0041015625             174             153
39300             214              21     0.041796875    0.0041015625             174             153
39400             212              22      0.04140625     0.004296875             175             153
39500             216              20       0.0421875      0.00390625             175             155
39600             216              20       0.0421875      0.00390625             175             155
39700             216              20       0.0421875      0.00390625             175             155
39800             216              20       0.0421875      0.00390625             175             155
39900             218              19     0.042578125    0.0037109375             175             156
40000             216              20       0.0421875      0.00390625             176             156
40100             216              20       0.0421875      0.00390625             176             156
40200             220              18      0.04296875     0.003515625             177             159
40300             220              18      0.04296875     0.003515625             177             159
40400             220              18      0.04296875     0.003515625             177             159
40500             220              18      0.04296875     0.003515625             177             159
40600             220              18      0.04296875     0.003515625             177             159
40700             220              18      0.04296875     0.003515625             178             160
40800             220              18      0.04296875     0.003515625             179             161
40900             220              18      0.04296875     0.003515625             179             161
41000             220              18      0.04296875     0.003515625             179             161
41100             220              18      0.04296875     0.003515625             179             161
41200             220              18      0.04296875     0.003515625             179             161
41300             218              19     0.042578125    0.0037109375             180             161
41400             218              19     0.042578125    0.0037109375             180             161
41500             218              19     0.042578125    0.0037109375             180             161
41600             218              19     0.042578125    0.0037109375             180             161
41700             218              19     0.042578125    0.0037109375             180             161
41800             218              19     0.042578125    0.0037109375             180             161
41900             218              19     0.042578125    0.0037109375             180             161
42000             218              19     0.042578125    0.0037109375             180             161
42100             218              19     0.042578125    0.0037109375             180             161
42200             218              19     0.042578125    0.0037109375             180             161
42300             214              21     0.041796875    0.0041015625             182             161
42400             212              22      0.04140625     0.004296875             183             161
42500             210              23     0.041015625    0.0044921875             184             161
42600             210              23     0.041015625    0.0044921875             185             162
42700             210              23     0.041015625    0.0044921875             185             162
42800             210              23     0.041015625    0.0044921875             186             163
42900             212              22      0.04140625     0.004296875             186             164
43000             212              22      0.04140625     0.004296875             186             164
43100             210              23     0.041015625    0.0044921875             187             164
43200             212              22      0.04140625     0.004296875             188             166
43300             208              24        0.040625       0.0046875             191             167
43400             210              23     0.041015625    0.0044921875             191             168
43500             210              23     0.041015625    0.0044921875             191             168
43600             206              25     0.040234375    0.0048828125             194             169
43700             206              25     0.040234375    0.0048828125             194             169
43800             204              26      0.03984375     0.005078125             195             169
43900             204              26      0.03984375     0.005078125             195             169
44000             206              25     0.040234375    0.0048828125             195             170
44100             206              25     0.040234375    0.0048828125             195             170
44200             206              25     0.040234375    0.0048828125             195             170
44300             206              25     0.040234375    0.0048828125             195             170
44400             206              25     0.040234375    0.0048828125             195             170
44500             206              25     0.040234375    0.0048828125             195             170
44600             206              25     0.040234375    0.0048828125             195             170
44700             208              24        0.040625       0.0046875             195             171
44800             208              24        0.040625       0.0046875             196             172
44900             210              23     0.041015625    0.0044921875             196             173
45000             210              23     0.041015625    0.0044921875             196             173
45100             210              23     0.041015625    0.0044921875             197             174
45200             210              23     0.041015625    0.0044921875             197             174
45300             214              21     0.041796875    0.0041015625             197             176
45400             214              21     0.041796875    0.0041015625             197             176
45500             214              21     0.041796875    0.0041015625             197             176
45600             212              22      0.04140625     0.004296875             198             176
45700             210              23     0.041015625    0.0044921875             199             176
45800             210              23     0.041015625    0.0044921875             200             177
45900             210              23     0.041015625    0.0044921875             200             177
46000             206              25     0.040234375    0.0048828125             202             177
46100             208              24        0.040625       0.0046875             202             178
46200             206              25     0.040234375    0.0048828125             203             178
46300             204              26      0.03984375     0.005078125             204             178
46400             202              27     0.039453125    0.0052734375             205             178
46500             204              26      0.03984375     0.005078125             205             179
46600             204              26      0.03984375     0.005078125             205             179
46700             204              26      0.03984375     0.005078125             205             179
46800             206              25     0.040234375    0.0048828125             205             180
46900             206              25     0.040234375    0.0048828125             205             180
47000             206              25     0.040234375    0.0048828125             205             180
47100             204              26      0.03984375     0.005078125             206             180
47200             202              27     0.039453125    0.0052734375             208             181
47300             206              25     0.040234375    0.0048828125             208             183
47400             206              25     0.040234375    0.0048828125             208             183
47500             208              24        0.040625       0.0046875             208             184
47600             206              25     0.040234375    0.0048828125             209             184
47700             206              25     0.040234375    0.0048828125             209             184
47800             206              25     0.040234375    0.0048828125             209             184
47900             210              23     0.041015625    0.0044921875             209             186
48000             210              23     0.041015625    0.0044921875             209             186
48100             210              23     0.041015625    0.0044921875             210             187
48200             210              23     0.041015625    0.0044921875             210             187
48300             210              23     0.041015625    0.0044921875             210             187
48400             212              22      0.04140625     0.004296875             211             189
48500             216              20       0.0421875      0.00390625             211             191
48600             218              19     0.042578125    0.0037109375             211             192
48700             216              20       0.0421875      0.00390625             212             192
48800             214              21     0.041796875    0.0041015625             213             192
48900             210              23     0.041015625    0.0044921875             216             193
49000             212              22      0.04140625     0.004296875             216             194
49100             212              22      0.04140625     0.004296875             216             194
49200             214              21     0.041796875    0.0041015625             216             195
49300             214              21     0.041796875    0.0041015625             216             195
49400             212              22      0.04140625     0.004296875             218             196
49500             214              21     0.041796875    0.0041015625             218             197
49600             220              18      0.04296875     0.003515625             218             200
49700             220              18      0.04296875     0.003515625             219             201
49800             222              17     0.043359375    0.0033203125             219             202
49900             224              16         0.04375        0.003125             219             203
50000             224              16         0.04375        0.003125             219             203
50100             220              18      0.04296875     0.003515625             221             203
50200             220              18      0.04296875     0.003515625             221             203
50300             222              17     0.043359375    0.0033203125             221             204
50400             222              17     0.043359375    0.0033203125             222             205
50500             222              17     0.043359375    0.0033203125             223             206
50600             224              16         0.04375        0.003125             223             207
50700             224              16         0.04375        0.003125             223             207
50800             224              16         0.04375        0.003125             223             207
50900             222              17     0.043359375    0.0033203125             224             207
51000             222              17     0.043359375    0.0033203125             224             207
51100             222              17     0.043359375    0.0033203125             224             207
51200             224              16         0.04375        0.003125             224             208
51300             222              17     0.043359375    0.0033203125             225             208
51400             222              17     0.043359375    0.0033203125             226             209
51500             222              17     0.043359375    0.0033203125             226             209
51600             222              17     0.043359375    0.0033203125             227             210
51700             224              16         0.04375        0.003125             227             211
51800             224              16         0.04375        0.003125             228             212
51900             222              17     0.043359375    0.0033203125             229             212
52000             222              17     0.043359375    0.0033203125             229             212
52100             222              17     0.043359375    0.0033203125             230             213
52200             222              17     0.043359375    0.0033203125             230             213
52300             224              16         0.04375        0.003125             230             214
52400             224              16         0.04375        0.003125             231             215
52500             224              16         0.04375        0.003125             231             215
52600             220              18      0.04296875     0.003515625             233             215
52700             216              20       0.0421875      0.00390625             235             215
52800             216              20       0.0421875      0.00390625             235             215
52900             216              20       0.0421875      0.00390625             235             215
53000             220              18      0.04296875     0.003515625             235             217
53100             224              16         0.04375        0.003125             235             219
53200             224              16         0.04375        0.003125             236             220
53300             222              17     0.043359375    0.0033203125             237             220
53400             220              18      0.04296875     0.003515625             238             220
53500             220              18      0.04296875     0.003515625             238             220
53600             220              18      0.04296875     0.003515625             238             220
53700             222              17     0.043359375    0.0033203125             238             221
53800             222              17     0.043359375    0.0033203125             238             221
53900             222              17     0.043359375    0.0033203125             238             221
54000             220              18      0.04296875     0.003515625             239             221
54100             222              17     0.043359375    0.0033203125             239             222
54200             222              17     0.043359375    0.0033203125             239             222
54300             222              17     0.043359375    0.0033203125             239             222
54400             224              16         0.04375        0.003125             239             223
54500             224              16         0.04375        0.003125             239             223
54600             226              15     0.044140625    0.0029296875             239             224
54700             222              17     0.043359375    0.0033203125             241             224
54800             224              16         0.04375        0.003125             241             225
54900             224              16         0.04375        0.003125             241             225
55000             220              18      0.04296875     0.003515625             243             225
55100             218              19     0.042578125    0.0037109375             244             225
55200             220              18      0.04296875     0.003515625             244             226
55300             218              19     0.042578125    0.0037109375             245             226
55400             216              20       0.0421875      0.00390625             246             226
55500             216              20       0.0421875      0.00390625             246             226
55600             216              20       0.0421875      0.00390625             247             227
55700             214              21     0.041796875    0.0041015625             248             227
55800             214              21     0.041796875    0.0041015625             248             227
55900             216              20       0.0421875      0.00390625             248             228
56000             218              19     0.042578125    0.0037109375             248             229
56100             218              19     0.042578125    0.0037109375             248             229
56200             216              20       0.0421875      0.00390625             249             229
56300             216              20       0.0421875      0.00390625             249             229
56400             218              19     0.042578125    0.0037109375             249             230
56500             218              19     0.042578125    0.0037109375             249             230
56600             220              18      0.04296875     0.003515625             249             231
56700             220              18      0.04296875     0.003515625             249             231
56800             220              18      0.04296875     0.003515625             249             231
56900             220              18      0.04296875     0.003515625             249             231
57000             216              20       0.0421875      0.00390625             251             231
57100             212              22      0.04140625     0.004296875             253             231
57200             212              22      0.04140625     0.004296875             253             231
57300             212              22      0.04140625     0.004296875             253             231
57400             212              22      0.04140625     0.004296875             253             231
57500             210              23     0.041015625    0.0044921875             255             232
57600             212              22      0.04140625     0.004296875             255             233
57700             214              21     0.041796875    0.0041015625             255             234
57800             214              21     0.041796875    0.0041015625             255             234
57900             214              21     0.041796875    0.0041015625             256             235
58000             214              21     0.041796875    0.0041015625             256             235
58100             214              21     0.041796875    0.0041015625             256             235
58200             214              21     0.041796875    0.0041015625             256             235
58300             212              22      0.04140625     0.004296875             257             235
58400             212              22      0.04140625     0.004296875             257             235
58500             214              21     0.041796875    0.0041015625             257             236
58600             214              21     0.041796875    0.0041015625             258             237
58700             214              21     0.041796875    0.0041015625             258             237
58800             214              21     0.041796875    0.0041015625             259             238
58900             212              22      0.04140625     0.004296875             260             238
59000             214              21     0.041796875    0.0041015625             260             239
59100             216              20       0.0421875      0.00390625             260             240
59200             214              21     0.041796875    0.0041015625             261             240
59300             216              20       0.0421875      0.00390625             261             241
59400             216              20       0.0421875      0.00390625             261             241
59500             214              21     0.041796875    0.0041015625             262             241
59600             214              21     0.041796875    0.0041015625             262             241
59700             216              20       0.0421875      0.00390625             262             242
59800             216              20       0.0421875      0.00390625             262             242
59900             214              21     0.041796875    0.0041015625             263             242
60000             214              21     0.041796875    0.0041015625             264             243
60100             216              20       0.0421875      0.00390625             264             244
60200             216              20       0.0421875      0.00390625             265             245
60300             212              22      0.04140625     0.004296875             267             245
60400             214              21     0.041796875    0.0041015625             267             246
60500             212              22      0.04140625     0.004296875             268             246
60600             210              23     0.041015625    0.0044921875             269             246
60700             210              23     0.041015625    0.0044921875             269             246
60800             210              23     0.041015625    0.0044921875             269             246
60900             210              23     0.041015625    0.0044921875             269             246
61000             210              23     0.041015625    0.0044921875             269             246
61100             214              21     0.041796875    0.0041015625             269             248
61200             212              22      0.04140625     0.004296875             270             248
61300             212              22      0.04140625     0.004296875             270             248
61400             212              22      0.04140625     0.004296875             270             248
61500             212              22      0.04140625     0.004296875             270             248
61600             210              23     0.041015625    0.0044921875             271             248
61700             212              22      0.04140625     0.004296875             271             249
61800             212              22      0.04140625     0.004296875             271             249
61900             216              20       0.0421875      0.00390625             271             251
62000             216              20       0.0421875      0.00390625             272             252
62100             216              20       0.0421875      0.00390625             272             252
62200             212              22      0.04140625     0.004296875             275             253
62300             212              22      0.04140625     0.004296875             276             254
62400             214              21     0.041796875    0.0041015625             276             255
62500             218              19     0.042578125    0.0037109375             276             257
62600             218              19     0.042578125    0.0037109375             276             257
62700             214              21     0.041796875    0.0041015625             278             257
62800             216              20       0.0421875      0.00390625             278             258
62900             216              20       0.0421875      0.00390625             278             258
63000             214              21     0.041796875    0.0041015625             279             258
63100             214              21     0.041796875    0.0041015625             279             258
63200             212              22      0.04140625     0.004296875             280             258
63300             210              23     0.041015625    0.0044921875             281             258
63400             214              21     0.041796875    0.0041015625             281             260
63500             214              21     0.041796875    0.0041015625             281             260
63600             214              21     0.041796875    0.0041015625             281             260
63700             216              20       0.0421875      0.00390625             281             261
63800             214              21     0.041796875    0.0041015625             282             261
63900             216              20       0.0421875      0.00390625             282             262
64000             218              19     0.042578125    0.0037109375             282             263
64100             216              20       0.0421875      0.00390625             283             263
64200             212              22      0.04140625     0.004296875             285             263
64300             210              23     0.041015625    0.0044921875             286             263
64400             210              23     0.041015625    0.0044921875             286             263
64500             208              24        0.040625       0.0046875             287             263
64600             210              23     0.041015625    0.0044921875             287             264
64700             206              25     0.040234375    0.0048828125             289             264
64800             206              25     0.040234375    0.0048828125             290             265
64900             204              26      0.03984375     0.005078125             292             266
65000             204              26      0.03984375     0.005078125             292             266
65100             204              26      0.03984375     0.005078125             292             266
65200             204              26      0.03984375     0.005078125             292             266
65300             204              26      0.03984375     0.005078125             292             266
65400             202              27     0.039453125    0.0052734375             293             266
65500             202              27     0.039453125    0.0052734375             293             266
65600             206              25     0.040234375    0.0048828125             293             268
65700             204              26      0.03984375     0.005078125             294             268
65800             204              26      0.03984375     0.005078125             294             268
65900             204              26      0.03984375     0.005078125             294             268
66000             204              26      0.03984375     0.005078125             294             268
66100             200              28       0.0390625      0.00546875             296             268
66200             200              28       0.0390625      0.00546875             296             268
66300             206              25     0.040234375    0.0048828125             296             271
66400             206              25     0.040234375    0.0048828125             297             272
66500             206              25     0.040234375    0.0048828125             297             272
66600             206              25     0.040234375    0.0048828125             297             272
66700             204              26      0.03984375     0.005078125             298             272
66800             198              29     0.038671875    0.0056640625             301             272
66900             198              29     0.038671875    0.0056640625             301             272
67000             200              28       0.0390625      0.00546875             302             274
67100             200              28       0.0390625      0.00546875             302             274
67200             196              30      0.03828125     0.005859375             304             274
67300             198              29     0.038671875    0.0056640625             304             275
67400             198              29     0.038671875    0.0056640625             304             275
67500             200              28       0.0390625      0.00546875             304             276
67600             198              29     0.038671875    0.0056640625             305             276
67700             200              28       0.0390625      0.00546875             305             277
67800             200              28       0.0390625      0.00546875             305             277
67900             198              29     0.038671875    0.0056640625             306             277
68000             198              29     0.038671875    0.0056640625             307             278
68100             196              30      0.03828125     0.005859375             308             278
68200             198              29     0.038671875    0.0056640625             308             279
68300             198              29     0.038671875    0.0056640625             309             280
68400             202              27     0.039453125    0.0052734375             309             282
68500             202              27     0.039453125    0.0052734375             309             282
68600             200              28       0.0390625      0.00546875             311             283
68700             198              29     0.038671875    0.0056640625             312             283
68800             198              29     0.038671875    0.0056640625             312             283
68900             198              29     0.038671875    0.0056640625             312             283
69000             198              29     0.038671875    0.0056640625             313             284
69100             202              27     0.039453125    0.0052734375             313             286
69200             202              27     0.039453125    0.0052734375             313             286
69300             202              27     0.039453125    0.0052734375             315             288
69400             202              27     0.039453125    0.0052734375             316             289
69500             202              27     0.039453125    0.0052734375             316             289
69600             204              26      0.03984375     0.005078125             316             290
69700             206              25     0.040234375    0.0048828125             316             291
69800             204              26      0.03984375     0.005078125             317             291
69900             204              26      0.03984375     0.005078125             317             291
70000             204              26      0.03984375     0.005078125             317             291
70100             204              26      0.03984375     0.005078125             318             292
70200             206              25     0.040234375    0.0048828125             318             293
70300             206              25     0.040234375    0.0048828125             318             293
70400             206              25     0.040234375    0.0048828125             318             293
70500             208              24        0.040625       0.0046875             318             294
70600             210              23     0.041015625    0.0044921875             318             295
70700             210              23     0.041015625    0.0044921875             319             296
70800             210              23     0.041015625    0.0044921875             319             296
70900             210              23     0.041015625    0.0044921875             319             296
71000             210              23     0.041015625    0.0044921875             319             296
71100             212              22      0.04140625     0.004296875             319             297
71200             216              20       0.0421875      0.00390625             320             300
71300             212              22      0.04140625     0.004296875             322             300
71400             214              21     0.041796875    0.0041015625             322             301
71500             216              20       0.0421875      0.00390625             322             302
71600             218              19     0.042578125    0.0037109375             322             303
71700             218              19     0.042578125    0.0037109375             322             303
71800             218              19     0.042578125    0.0037109375             322             303
71900             218              19     0.042578125    0.0037109375             322             303
72000             216              20       0.0421875      0.00390625             323             303
72100             216              20       0.0421875      0.00390625             323             303
72200             216              20       0.0421875      0.00390625             324             304
72300             216              20       0.0421875      0.00390625             324             304
72400             218              19     0.042578125    0.0037109375             325             306
72500             220              18      0.04296875     0.003515625             325             307
72600             224              16         0.04375        0.003125             325             309
72700             222              17     0.043359375    0.0033203125             326             309
72800             222              17     0.043359375    0.0033203125             326             309
72900             220              18      0.04296875     0.003515625             327             309
73000             220              18      0.04296875     0.003515625             327             309
73100             222              17     0.043359375    0.0033203125             327             310
73200             224              16         0.04375        0.003125             327             311
73300             224              16         0.04375        0.003125             327             311
73400             224              16         0.04375        0.003125             327             311
73500             222              17     0.043359375    0.0033203125             328             311
73600             220              18      0.04296875     0.003515625             329             311
73700             222              17     0.043359375    0.0033203125             329             312
73800             222              17     0.043359375    0.0033203125             329             312
73900             222              17     0.043359375    0.0033203125             329             312
74000             224              16         0.04375        0.003125             329             313
74100             224              16         0.04375        0.003125             329             313
74200             224              16         0.04375        0.003125             329             313
74300             224              16         0.04375        0.003125             329             313
74400             224              16         0.04375        0.003125             329             313
74500             222              17     0.043359375    0.0033203125             330             313
74600             222              17     0.043359375    0.0033203125             330             313
74700             220              18      0.04296875     0.003515625             331             313
74800             220              18      0.04296875     0.003515625             331             313
74900             220              18      0.04296875     0.003515625             331             313
75000             220              18      0.04296875     0.003515625             331             313
75100             220              18      0.04296875     0.003515625             331             313
75200             220              18      0.04296875     0.003515625             332             314
75300             220              18      0.04296875     0.003515625             332             314
75400             220              18      0.04296875     0.003515625             332             314
75500             222              17     0.043359375    0.0033203125             332             315
75600             222              17     0.043359375    0.0033203125             332             315
75700             222              17     0.043359375    0.0033203125             332             315
75800             220              18      0.04296875     0.003515625             333             315
75900             220              18      0.04296875     0.003515625             333             315
76000             218              19     0.042578125    0.0037109375             334             315
76100             220              18      0.04296875     0.003515625             334             316
76200             218              19     0.042578125    0.0037109375             335             316
76300             218              19     0.042578125    0.0037109375             335             316
76400             218              19     0.042578125    0.0037109375             335             316
76500             218              19     0.042578125    0.0037109375             335             316
76600             218              19     0.042578125    0.0037109375             335             316
76700             214              21     0.041796875    0.0041015625             338             317
76800             216              20       0.0421875      0.00390625             338             318
76900             214              21     0.041796875    0.0041015625             339             318
77000             214              21     0.041796875    0.0041015625             339             318
77100             214              21     0.041796875    0.0041015625             339             318
77200             210              23     0.041015625    0.0044921875             341             318
77300             210              23     0.041015625    0.0044921875             341             318
77400             206              25     0.040234375    0.0048828125             343             318
77500             204              26      0.03984375     0.005078125             344             318
77600             202              27     0.039453125    0.0052734375             345             318
77700             198              29     0.038671875    0.0056640625             347             318
77800             198              29     0.038671875    0.0056640625             347             318
77900             196              30      0.03828125     0.005859375             348             318
78000             196              30      0.03828125     0.005859375             349             319
78100             198              29     0.038671875    0.0056640625             349             320
78200             198              29     0.038671875    0.0056640625             349             320
78300             198              29     0.038671875    0.0056640625             349             320
78400             200              28       0.0390625      0.00546875             349             321
78500             198              29     0.038671875    0.0056640625             350             321
78600             200              28       0.0390625      0.00546875             350             322
78700             196              30      0.03828125     0.005859375             352             322
78800             196              30      0.03828125     0.005859375             353             323
78900             198              29     0.038671875    0.0056640625             353             324
79000             198              29     0.038671875    0.0056640625             353             324
79100             198              29     0.038671875    0.0056640625             353             324
79200             198              29     0.038671875    0.0056640625             353             324
79300             198              29     0.038671875    0.0056640625             353             324
79400             198              29     0.038671875    0.0056640625             353             324
79500             200              28       0.0390625      0.00546875             354             326
79600             200              28       0.0390625      0.00546875             354             326
79700             202              27     0.039453125    0.0052734375             354             327
79800             202              27     0.039453125    0.0052734375             354             327
79900             206              25     0.040234375    0.0048828125             354             329
80000             206              25     0.040234375    0.0048828125             354             329
80100             206              25     0.040234375    0.0048828125             354             329
80200             204              26      0.03984375     0.005078125             355             329
80300             208              24        0.040625       0.0046875             355             331
80400             212              22      0.04140625     0.004296875             355             333
80500             214              21     0.041796875    0.0041015625             355             334
80600             216              20       0.0421875      0.00390625             355             335
80700             218              19     0.042578125    0.0037109375             355             336
80800             218              19     0.042578125    0.0037109375             355             336
80900             218              19     0.042578125    0.0037109375             355             336
81000             216              20       0.0421875      0.00390625             356             336
81100             214              21     0.041796875    0.0041015625             357             336
81200             214              21     0.041796875    0.0041015625             357             336
81300             214              21     0.041796875    0.0041015625             357             336
81400             214              21     0.041796875    0.0041015625             357             336
81500             212              22      0.04140625     0.004296875             358             336
81600             212              22      0.04140625     0.004296875             358             336
81700             212              22      0.04140625     0.004296875             358             336
81800             210              23     0.041015625    0.0044921875             359             336
81900             208              24        0.040625       0.0046875             360             336
82000             206              25     0.040234375    0.0048828125             361             336
82100             204              26      0.03984375     0.005078125             362             336
82200             206              25     0.040234375    0.0048828125             362             337
82300             206              25     0.040234375    0.0048828125             363             338
82400             206              25     0.040234375    0.0048828125             363             338
82500             204              26      0.03984375     0.005078125             365             339
82600             204              26      0.03984375     0.005078125             365             339
82700             206              25     0.040234375    0.0048828125             365             340
82800             204              26      0.03984375     0.005078125             366             340
82900             202              27     0.039453125    0.0052734375             367             340
83000             202              27     0.039453125    0.0052734375             367             340
83100             202              27     0.039453125    0.0052734375             367             340
83200             202              27     0.039453125    0.0052734375             367             340
83300             202              27     0.039453125    0.0052734375             368             341
83400             198              29     0.038671875    0.0056640625             370             341
83500             198              29     0.038671875    0.0056640625             370             341
83600             198              29     0.038671875    0.0056640625             370             341
83700             200              28       0.0390625      0.00546875             371             343
83800             202              27     0.039453125    0.0052734375             371             344
83900             204              26      0.03984375     0.005078125             371             345
84000             202              27     0.039453125    0.0052734375             373             346
84100             204              26      0.03984375     0.005078125             373             347
84200             206              25     0.040234375    0.0048828125             373             348
84300             206              25     0.040234375    0.0048828125             373             348
84400             208              24        0.040625       0.0046875             373             349
84500             208              24        0.040625       0.0046875             373             349
84600             210              23     0.041015625    0.0044921875             373             350
84700             210              23     0.041015625    0.0044921875             373             350
84800             210              23     0.041015625    0.0044921875             373             350
84900             210              23     0.041015625    0.0044921875             373             350
85000             212              22      0.04140625     0.004296875             373             351
85100             214              21     0.041796875    0.0041015625             373             352
85200             214              21     0.041796875    0.0041015625             373             352
85300             214              21     0.041796875    0.0041015625             373             352
85400             212              22      0.04140625     0.004296875             374             352
85500             212              22      0.04140625     0.004296875             374             352
85600             210              23     0.041015625    0.0044921875             375             352
85700             208              24        0.040625       0.0046875             376             352
85800             208              24        0.040625       0.0046875             377             353
85900             206              25     0.040234375    0.0048828125             378             353
86000             206              25     0.040234375    0.0048828125             378             353
86100             206              25     0.040234375    0.0048828125             378             353
86200             206              25     0.040234375    0.0048828125             378             353
86300             206              25     0.040234375    0.0048828125             378             353
86400             206              25     0.040234375    0.0048828125             379             354
86500             208              24        0.040625       0.0046875             379             355
86600             210              23     0.041015625    0.0044921875             379             356
86700             210              23     0.041015625    0.0044921875             380             357
86800             210              23     0.041015625    0.0044921875             381             358
86900             210              23     0.041015625    0.0044921875             381             358
87000             212              22      0.04140625     0.004296875             381             359
87100             216              20       0.0421875      0.00390625             381             361
87200             218              19     0.042578125    0.0037109375             381             362
87300             216              20       0.0421875      0.00390625             382             362
87400             216              20       0.0421875      0.00390625             382             362
87500             216              20       0.0421875      0.00390625             382             362
87600             216              20       0.0421875      0.00390625             382             362
87700             216              20       0.0421875      0.00390625             382             362
87800             212              22      0.04140625     0.004296875             384             362
87900             208              24        0.040625       0.0046875             386             362
88000             208              24        0.040625       0.0046875             386             362
88100             208              24        0.040625       0.0046875             388             364
88200             208              24        0.040625       0.0046875             389             365
88300             208              24        0.040625       0.0046875             389             365
88400             208              24        0.040625       0.0046875             389             365
88500             210              23     0.041015625    0.0044921875             389             366
88600             212              22      0.04140625     0.004296875             389             367
88700             210              23     0.041015625    0.0044921875             390             367
88800             212              22      0.04140625     0.004296875             390             368
88900             212              22      0.04140625     0.004296875             390             368
89000             212              22      0.04140625     0.004296875             390             368
89100             212              22      0.04140625     0.004296875             390             368
89200             212              22      0.04140625     0.004296875             391             369
89300             212              22      0.04140625     0.004296875             392             370
89400             210              23     0.041015625    0.0044921875             393             370
89500             208              24        0.040625       0.0046875             394             370
89600             210              23     0.041015625    0.0044921875             394             371
89700             208              24        0.040625       0.0046875             395             371
89800             210              23     0.041015625    0.0044921875             395             372
89900             212              22      0.04140625     0.004296875             395             373
90000             216              20       0.0421875      0.00390625             395             375
90100             216              20       0.0421875      0.00390625             395             375
90200             214              21     0.041796875    0.0041015625             397             376
90300             220              18      0.04296875     0.003515625             397             379
90400             222              17     0.043359375    0.0033203125             397             380
90500             222              17     0.043359375    0.0033203125             397             380
90600             224              16         0.04375        0.003125             397             381
90700             224              16         0.04375        0.003125             397             381
90800             222              17     0.043359375    0.0033203125             398             381
90900             218              19     0.042578125    0.0037109375             400             381
91000             216              20       0.0421875      0.00390625             401             381
91100             216              20       0.0421875      0.00390625             402             382
91200             216              20       0.0421875      0.00390625             402             382
91300             214              21     0.041796875    0.0041015625             403             382
91400             216              20       0.0421875      0.00390625             403             383
91500             214              21     0.041796875    0.0041015625             404             383
91600             216              20       0.0421875      0.00390625             404             384
91700             216              20       0.0421875      0.00390625             404             384
91800             216              20       0.0421875      0.00390625             405             385
91900             218              19     0.042578125    0.0037109375             405             386
92000             216              20       0.0421875      0.00390625             406             386
92100             214              21     0.041796875    0.0041015625             407             386
92200             214              21     0.041796875    0.0041015625             407             386
92300             214              21     0.041796875    0.0041015625             407             386
92400             214              21     0.041796875    0.0041015625             407             386
92500             216              20       0.0421875      0.00390625             407             387
92600             216              20       0.0421875      0.00390625             407             387
92700             218              19     0.042578125    0.0037109375             407             388
92800             216              20       0.0421875      0.00390625             408             388
92900             214              21     0.041796875    0.0041015625             409             388
93000             214              21     0.041796875    0.0041015625             409             388
93100             214              21     0.041796875    0.0041015625             409             388
93200             214              21     0.041796875    0.0041015625             409             388
93300             214              21     0.041796875    0.0041015625             409             388
93400             214              21     0.041796875    0.0041015625             409             388
93500             214              21     0.041796875    0.0041015625             409             388
93600             216              20       0.0421875      0.00390625             409             389
93700             214              21     0.041796875    0.0041015625             410             389
93800             212              22      0.04140625     0.004296875             411             389
93900             212              22      0.04140625     0.004296875             411             389
94000             212              22      0.04140625     0.004296875             411             389
94100             210              23     0.041015625    0.0044921875             412             389
94200             208              24        0.040625       0.0046875             413             389
94300             208              24        0.040625       0.0046875             413             389
94400             210              23     0.041015625    0.0044921875             413             390
94500             208              24        0.040625       0.0046875             414             390
94600             208              24        0.040625       0.0046875             414             390
94700             212              22      0.04140625     0.004296875             414             392
94800             210              23     0.041015625    0.0044921875             415             392
94900             212              22      0.04140625     0.004296875             415             393
95000             208              24        0.040625       0.0046875             417             393
95100             208              24        0.040625       0.0046875             418             394
95200             208              24        0.040625       0.0046875             418             394
95300             206              25     0.040234375    0.0048828125             419             394
95400             206              25     0.040234375    0.0048828125             420             395
95500             208              24        0.040625       0.0046875             420             396
95600             208              24        0.040625       0.0046875             420             396
95700             210              23     0.041015625    0.0044921875             420             397
95800             212              22      0.04140625     0.004296875             420             398
95900             212              22      0.04140625     0.004296875             420             398
96000             212              22      0.04140625     0.004296875             420             398
96100             210              23     0.041015625    0.0044921875             421             398
96200             212              22      0.04140625     0.004296875             421             399
96300             212              22      0.04140625     0.004296875             421             399
96400             210              23     0.041015625    0.0044921875             422             399
96500             212              22      0.04140625     0.004296875             422             400
96600             210              23     0.041015625    0.0044921875             423             400
96700             210              23     0.041015625    0.0044921875             423             400
96800             208              24        0.040625       0.0046875             424             400
96900             208              24        0.040625       0.0046875             424             400
97000             210              23     0.041015625    0.0044921875             424             401
97100             214              21     0.041796875    0.0041015625             424             403
97200             208              24        0.040625       0.0046875             427             403
97300             208              24        0.040625       0.0046875             427             403
97400             208              24        0.040625       0.0046875             427             403
97500             208              24        0.040625       0.0046875             427             403
97600             212              22      0.04140625     0.004296875             427             405
97700             206              25     0.040234375    0.0048828125             430             405
97800             204              26      0.03984375     0.005078125             431             405
97900             204              26      0.03984375     0.005078125             433             407
98000             206              25     0.040234375    0.0048828125             433             408
98100             206              25     0.040234375    0.0048828125             434             409
98200             206              25     0.040234375    0.0048828125             434             409
98300             208              24        0.040625       0.0046875             434             410
98400             206              25     0.040234375    0.0048828125             435             410
98500             206              25     0.040234375    0.0048828125             435             410
98600             206              25     0.040234375    0.0048828125             435             410
98700             206              25     0.040234375    0.0048828125             435             410
98800             206              25     0.040234375    0.0048828125             435             410
98900             206              25     0.040234375    0.0048828125             435             410
99000             200              28       0.0390625      0.00546875             438             410
99100             200              28       0.0390625      0.00546875             439             411
99200             200              28       0.0390625      0.00546875             439             411
99300             198              29     0.038671875    0.0056640625             440             411
99400             196              30      0.03828125     0.005859375             441             411
99500             200              28       0.0390625      0.00546875             441             413
99600             200              28       0.0390625      0.00546875             441             413
99700             200              28       0.0390625      0.00546875             441             413
99800             204              26      0.03984375     0.005078125             441             415
99900             204              26      0.03984375     0.005078125             441             415
100000             206              25     0.040234375    0.0048828125             441             416
