# Time-averaged data for fix observ
# TimeStep v_nfree v_ndimer v_cfree v_cdimer f_kinetics[2] f_kinetics[3]
0             256               0            0.05               0               0               0
100             254               1     0.049609375    0.0001953125               1               0
200             252               2      0.04921875     0.000390625               2               0
300             248               4       0.0484375      0.00078125               4               0
400             246               5     0.048046875    0.0009765625               5               0
500             246               5     0.048046875    0.0009765625               5               0
600             244               6      0.04765625     0.001171875               6               0
700             240               8        0.046875       0.0015625               8               0
800             240               8        0.046875       0.0015625               8               0
900             236              10      0.04609375     0.001953125              10               0
1000             236              10      0.04609375     0.001953125              10               0
1100             234              11     0.045703125    0.0021484375              11               0
1200             232              12       0.0453125      0.00234375              12               0
1300             226              15     0.044140625    0.0029296875              15               0
1400             224              16         0.04375        0.003125              16               0
1500             224              16         0.04375        0.003125              16               0
1600             218              19     0.042578125    0.0037109375              19               0
1700             218              19     0.042578125    0.0037109375              19               0
1800             212              22      0.04140625     0.004296875              22               0
1900             208              24        0.040625       0.0046875              24               0
2000             204              26      0.03984375     0.005078125              26               0
2100             202              27     0.039453125    0.0052734375              27               0
2200             198              29     0.038671875    0.0056640625              29               0
2300             196              30      0.03828125     0.005859375              30               0
2400             196              30      0.03828125     0.005859375              30               0
2500             194              31     0.037890625    0.0060546875              31               0
2600             190              33     0.037109375    0.0064453125              33               0
2700             186              35     0.036328125    0.0068359375              35               0
2800             186              35     0.036328125    0.0068359375              35               0
2900             186              35     0.036328125    0.0068359375              35               0
3000             182              37     0.035546875    0.0072265625              37               0
3100             180              38      0.03515625     0.007421875              38               0
3200             178              39     0.034765625    0.0076171875              39               0
3300             176              40        0.034375       0.0078125              41               1
3400             174              41     0.033984375    0.0080078125              42               1
3500             174              41     0.033984375    0.0080078125              42               1
3600             174              41     0.033984375    0.0080078125              42               1
3700             172              42      0.03359375     0.008203125              43               1
3800             172              42      0.03359375     0.008203125              43               1
3900             172              42      0.03359375     0.008203125              43               1
4000             168              44       0.0328125      0.00859375              45               1
4100             168              44       0.0328125      0.00859375              45               1
4200             168              44       0.0328125      0.00859375              45               1
4300             168              44       0.0328125      0.00859375              45               1
4400             166              45     0.032421875    0.0087890625              46               1
4500             166              45     0.032421875    0.0087890625              46               1
4600             166              45     0.032421875    0.0087890625              46               1
4700             166              45     0.032421875    0.0087890625              46               1
4800             164              46      0.03203125     0.008984375              47               1
4900             164              46      0.03203125     0.008984375              47               1
5000             162              47     0.031640625    0.0091796875              48               1
5100             160              48         0.03125        0.009375              49               1
5200             160              48         0.03125        0.009375              49               1
5300             154              51     0.030078125    0.0099609375              52               1
5400             154              51     0.030078125    0.0099609375              52               1
5500             154              51     0.030078125    0.0099609375              52               1
5600             152              52       0.0296875      0.01015625              53               1
5700             152              52       0.0296875      0.01015625              53               1
5800             146              55     0.028515625    0.0107421875              56               1
5900             146              55     0.028515625    0.0107421875              56               1
6000             142              57     0.027734375    0.0111328125              58               1
6100             144              56        0.028125       0.0109375              58               2
6200             142              57     0.027734375    0.0111328125              59               2
6300             140              58      0.02734375     0.011328125              60               2
6400             138              59     0.026953125    0.0115234375              61               2
6500             138              59     0.026953125    0.0115234375              61               2
6600             138              59     0.026953125    0.0115234375              61               2
6700             138              59     0.026953125    0.0115234375              61               2
6800             138              59     0.026953125    0.0115234375              61               2
6900             138              59     0.026953125    0.0115234375              61               2
7000             138              59     0.026953125    0.0115234375              61               2
7100             138              59     0.026953125    0.0115234375              61               2
7200             138              59     0.026953125    0.0115234375              61               2
7300             136              60       0.0265625      0.01171875              62               2
7400             136              60       0.0265625      0.01171875              62               2
7500             134              61     0.026171875    0.0119140625              63               2
7600             134              61     0.026171875    0.0119140625              63               2
7700             130              63     0.025390625    0.0123046875              65               2
7800             128              64           0.025          0.0125              66               2
7900             128              64           0.025          0.0125              66               2
8000             128              64           0.025          0.0125              66               2
8100             128              64           0.025          0.0125              66               2
8200             128              64           0.025          0.0125              66               2
8300             128              64           0.025          0.0125              66               2
8400             126              65     0.024609375    0.0126953125              67               2
8500             126              65     0.024609375    0.0126953125              67               2
8600             126              65     0.024609375    0.0126953125              67               2
8700             126              65     0.024609375    0.0126953125              67               2
8800             126              65     0.024609375    0.0126953125              67               2
8900             124              66      0.02421875     0.012890625              68               2
9000             122              67     0.023828125    0.0130859375              69               2
9100             120              68       0.0234375      0.01328125              70               2
9200             120              68       0.0234375      0.01328125              70               2
9300             118              69     0.023046875    0.0134765625              71               2
9400             118              69     0.023046875    0.0134765625              71               2
9500             118              69     0.023046875    0.0134765625              71               2
9600             118              69     0.023046875    0.0134765625              71               2
9700             118              69     0.023046875    0.0134765625              71               2
9800             118              69     0.023046875    0.0134765625              71               2
9900             118              69     0.023046875    0.0134765625              71               2
10000             118              69     0.023046875    0.0134765625              71               2
10100             118              69     0.023046875    0.0134765625              71               2
10200             118              69     0.023046875    0.0134765625              71               2
10300             118              69     0.023046875    0.0134765625              71               2
10400             118              69     0.023046875    0.0134765625              71               2
10500             118              69     0.023046875    0.0134765625              71               2
10600             118              69     0.023046875    0.0134765625              71               2
10700             118              69     0.023046875    0.0134765625              71               2
10800             118              69     0.023046875    0.0134765625              71               2
10900             118              69     0.023046875    0.0134765625              71               2
11000             118              69     0.023046875    0.0134765625              71               2
11100             118              69     0.023046875    0.0134765625              71               2
11200             114              71     0.022265625    0.0138671875              73               2
11300             114              71     0.022265625    0.0138671875              73               2
11400             112              72        0.021875       0.0140625              74               2
11500             112              72        0.021875       0.0140625              74               2
11600             112              72        0.021875       0.0140625              74               2
11700             110              73     0.021484375    0.0142578125              75               2
11800             112              72        0.021875       0.0140625              75               3
11900             110              73     0.021484375    0.0142578125              76               3
12000             110              73     0.021484375    0.0142578125              76               3
12100             110              73     0.021484375    0.0142578125              76               3
12200             110              73     0.021484375    0.0142578125              76               3
12300             108              74      0.02109375     0.014453125              77               3
12400             108              74      0.02109375     0.014453125              77               3
12500             110              73     0.021484375    0.0142578125              77               4
12600             110              73     0.021484375    0.0142578125              77               4
12700             108              74      0.02109375     0.014453125              78               4
12800             108              74      0.02109375     0.014453125              78               4
12900             104              76       0.0203125      0.01484375              80               4
13000              98              79     0.019140625    0.0154296875              83               4
13100              98              79     0.019140625    0.0154296875              83               4
13200             100              78      0.01953125     0.015234375              83               5
13300             100              78      0.01953125     0.015234375              83               5
13400             100              78      0.01953125     0.015234375              83               5
13500             100              78      0.01953125     0.015234375              83               5
13600              98              79     0.019140625    0.0154296875              84               5
13700              98              79     0.019140625    0.0154296875              84               5
13800              98              79     0.019140625    0.0154296875              84               5
13900              98              79     0.019140625    0.0154296875              84               5
14000              98              79     0.019140625    0.0154296875              84               5
14100              96              80         0.01875        0.015625              85               5
14200              98              79     0.019140625    0.0154296875              85               6
14300              96              80         0.01875        0.015625              86               6
14400              96              80         0.01875        0.015625              86               6
14500              96              80         0.01875        0.015625              86               6
14600              96              80         0.01875        0.015625              86               6
14700              96              80         0.01875        0.015625              86               6
14800              96              80         0.01875        0.015625              86               6
14900              96              80         0.01875        0.015625              86               6
15000              96              80         0.01875        0.015625              86               6
15100              94              81     0.018359375    0.0158203125              87               6
15200              94              81     0.018359375    0.0158203125              87               6
15300              96              80         0.01875        0.015625              87               7
15400              96              80         0.01875        0.015625              87               7
15500              92              82      0.01796875     0.016015625              89               7
15600              92              82      0.01796875     0.016015625              89               7
15700              94              81     0.018359375    0.0158203125              89               8
15800              92              82      0.01796875     0.016015625              90               8
15900              92              82      0.01796875     0.016015625              90               8
16000              92              82      0.01796875     0.016015625              90               8
16100              90              83     0.017578125    0.0162109375              91               8
16200              90              83     0.017578125    0.0162109375              91               8
16300              90              83     0.017578125    0.0162109375              91               8
16400              90              83     0.017578125    0.0162109375              91               8
16500              90              83     0.017578125    0.0162109375              91               8
16600              90              83     0.017578125    0.0162109375              91               8
16700              90              83     0.017578125    0.0162109375              91               8
16800              88              84       0.0171875      0.01640625              92               8
16900              88              84       0.0171875      0.01640625              92               8
17000              86              85     0.016796875    0.0166015625              93               8
17100              84              86      0.01640625     0.016796875              94               8
17200              84              86      0.01640625     0.016796875              94               8
17300              84              86      0.01640625     0.016796875              94               8
17400              86              85     0.016796875    0.0166015625              94               9
17500              86              85     0.016796875    0.0166015625              94               9
17600              86              85     0.016796875    0.0166015625              94               9
17700              86              85     0.016796875    0.0166015625              94               9
17800              86              85     0.016796875    0.0166015625              94               9
17900              88              84       0.0171875      0.01640625              94              10
18000              86              85     0.016796875    0.0166015625              95              10
18100              86              85     0.016796875    0.0166015625              95              10
18200              86              85     0.016796875    0.0166015625              95              10
18300              86              85     0.016796875    0.0166015625              95              10
18400              86              85     0.016796875    0.0166015625              95              10
18500              86              85     0.016796875    0.0166015625              95              10
18600              86              85     0.016796875    0.0166015625              95              10
18700              86              85     0.016796875    0.0166015625              95              10
18800              88              84       0.0171875      0.01640625              95              11
18900              88              84       0.0171875      0.01640625              95              11
19000              88              84       0.0171875      0.01640625              95              11
19100              88              84       0.0171875      0.01640625              95              11
19200              88              84       0.0171875      0.01640625              95              11
19300              86              85     0.016796875    0.0166015625              96              11
19400              86              85     0.016796875    0.0166015625              96              11
19500              86              85     0.016796875    0.0166015625              96              11
19600              86              85     0.016796875    0.0166015625              96              11
19700              86              85     0.016796875    0.0166015625              96              11
19800              86              85     0.016796875    0.0166015625              96              11
19900              84              86      0.01640625     0.016796875              97              11
20000              84              86      0.01640625     0.016796875              97              11
20100              84              86      0.01640625     0.016796875              97              11
20200              84              86      0.01640625     0.016796875              97              11
20300              82              87     0.016015625    0.0169921875              98              11
20400              82              87     0.016015625    0.0169921875              98              11
20500              80              88        0.015625       0.0171875              99              11
20600              80              88        0.015625       0.0171875              99              11
20700              80              88        0.015625       0.0171875              99              11
20800              80              88        0.015625       0.0171875              99              11
20900              80              88        0.015625       0.0171875              99              11
21000              80              88        0.015625       0.0171875              99              11
21100              80              88        0.015625       0.0171875              99              11
21200              80              88        0.015625       0.0171875              99              11
21300              78              89     0.015234375    0.0173828125             100              11
21400              78              89     0.015234375    0.0173828125             100              11
21500              78              89     0.015234375    0.0173828125             100              11
21600              78              89     0.015234375    0.0173828125             100              11
21700              78              89     0.015234375    0.0173828125             100              11
21800              78              89     0.015234375    0.0173828125             100              11
21900              78              89     0.015234375    0.0173828125             100              11
22000              76              90      0.01484375     0.017578125             101              11
22100              76              90      0.01484375     0.017578125             101              11
22200              74              91     0.014453125    0.0177734375             102              11
22300              74              91     0.014453125    0.0177734375             102              11
22400              74              91     0.014453125    0.0177734375             103              12
22500              74              91     0.014453125    0.0177734375             103              12
22600              74              91     0.014453125    0.0177734375             103              12
22700              74              91     0.014453125    0.0177734375             103              12
22800              74              91     0.014453125    0.0177734375             103              12
22900              74              91     0.014453125    0.0177734375             103              12
23000              74              91     0.014453125    0.0177734375             103              12
23100              74              91     0.014453125    0.0177734375             103              12
23200              74              91     0.014453125    0.0177734375             103              12
23300              76              90      0.01484375     0.017578125             103              13
23400              76              90      0.01484375     0.017578125             103              13
23500              76              90      0.01484375     0.017578125             103              13
23600              76              90      0.01484375     0.017578125             103              13
23700              76              90      0.01484375     0.017578125             103              13
23800              76              90      0.01484375     0.017578125             103              13
23900              74              91     0.014453125    0.0177734375             104              13
24000              74              91     0.014453125    0.0177734375             104              13
24100              74              91     0.014453125    0.0177734375             104              13
24200              74              91     0.014453125    0.0177734375             104              13
24300              74              91     0.014453125    0.0177734375             104              13
24400              74              91     0.014453125    0.0177734375             104              13
24500              74              91     0.014453125    0.0177734375             104              13
24600              74              91     0.014453125    0.0177734375             104              13
24700              74              91     0.014453125    0.0177734375             104              13
24800              74              91     0.014453125    0.0177734375             104              13
24900              74              91     0.014453125    0.0177734375             104              13
25000              74              91     0.014453125    0.0177734375             104              13
25100              74              91     0.014453125    0.0177734375             104              13
25200              74              91     0.014453125    0.0177734375             104              13
25300              74              91     0.014453125    0.0177734375             104              13
25400              74              91     0.014453125    0.0177734375             104              13
25500              74              91     0.014453125    0.0177734375             104              13
25600              72              92       0.0140625      0.01796875             105              13
25700              72              92       0.0140625      0.01796875             105              13
25800              72              92       0.0140625      0.01796875             105              13
25900              72              92       0.0140625      0.01796875             105              13
26000              72              92       0.0140625      0.01796875             105              13
26100              72              92       0.0140625      0.01796875             105              13
26200              72              92       0.0140625      0.01796875             105              13
26300              72              92       0.0140625      0.01796875             105              13
26400              72              92       0.0140625      0.01796875             105              13
26500              72              92       0.0140625      0.01796875             105              13
26600              72              92       0.0140625      0.01796875             105              13
26700              72              92       0.0140625      0.01796875             105              13
26800              70              93     0.013671875    0.0181640625             106              13
26900              68              94      0.01328125     0.018359375             107              13
27000              70              93     0.013671875    0.0181640625             107              14
27100              68              94      0.01328125     0.018359375             108              14
27200              66              95     0.012890625    0.0185546875             109              14
27300              66              95     0.012890625    0.0185546875             109              14
27400              66              95     0.012890625    0.0185546875             109              14
27500              66              95     0.012890625    0.0185546875             109              14
27600              68              94      0.01328125     0.018359375             109              15
27700              68              94      0.01328125     0.018359375             109              15
27800              68              94      0.01328125     0.018359375             109              15
27900              68              94      0.01328125     0.018359375             109              15
28000              68              94      0.01328125     0.018359375             109              15
28100              66              95     0.012890625    0.0185546875             110              15
28200              66              95     0.012890625    0.0185546875             110              15
28300              66              95     0.012890625    0.0185546875             110              15
28400              66              95     0.012890625    0.0185546875             110              15
28500              66              95     0.012890625    0.0185546875             110              15
28600              66              95     0.012890625    0.0185546875             110              15
28700              66              95     0.012890625    0.0185546875             110              15
28800              66              95     0.012890625    0.0185546875             110              15
28900              66              95     0.012890625    0.0185546875             110              15
29000              66              95     0.012890625    0.0185546875             110              15
29100              66              95     0.012890625    0.0185546875             110              15
29200              66              95     0.012890625    0.0185546875             110              15
29300              66              95     0.012890625    0.0185546875             110              15
29400              68              94      0.01328125     0.018359375             110              16
29500              68              94      0.01328125     0.018359375             110              16
29600              68              94      0.01328125     0.018359375             110              16
29700              68              94      0.01328125     0.018359375             110              16
29800              68              94      0.01328125     0.018359375             110              16
29900              68              94      0.01328125     0.018359375             110              16
30000              68              94      0.01328125     0.018359375             110              16
30100              68              94      0.01328125     0.018359375             110              16
30200              68              94      0.01328125     0.018359375             110              16
30300              68              94      0.01328125     0.018359375             110              16
30400              68              94      0.01328125     0.018359375             110              16
30500              68              94      0.01328125     0.018359375             110              16
30600              68              94      0.01328125     0.018359375             110              16
30700              68              94      0.01328125     0.018359375             110              16
30800              68              94      0.01328125     0.018359375             110              16
30900              66              95     0.012890625    0.0185546875             111              16
31000              66              95     0.012890625    0.0185546875             111              16
31100              66              95     0.012890625    0.0185546875             111              16
31200              66              95     0.012890625    0.0185546875             111              16
31300              66              95     0.012890625    0.0185546875             111              16
31400              66              95     0.012890625    0.0185546875             111              16
31500              66              95     0.012890625    0.0185546875             111              16
31600              66              95     0.012890625    0.0185546875             111              16
31700              66              95     0.012890625    0.0185546875             111              16
31800              66              95     0.012890625    0.0185546875             111              16
31900              66              95     0.012890625    0.0185546875             111              16
32000              66              95     0.012890625    0.0185546875             111              16
32100              66              95     0.012890625    0.0185546875             111              16
32200              66              95     0.012890625    0.0185546875             111              16
32300              64              96          0.0125         0.01875             112              16
32400              64              96          0.0125         0.01875             112              16
32500              64              96          0.0125         0.01875             112              16
32600              62              97     0.012109375    0.0189453125             113              16
32700              62              97     0.012109375    0.0189453125             113              16
32800              62              97     0.012109375    0.0189453125             113              16
32900              62              97     0.012109375    0.0189453125             113              16
33000              62              97     0.012109375    0.0189453125             113              16
33100              62              97     0.012109375    0.0189453125             113              16
33200              62              97     0.012109375    0.0189453125             113              16
33300              62              97     0.012109375    0.0189453125             113              16
33400              62              97     0.012109375    0.0189453125             113              16
33500              60              98      0.01171875     0.019140625             114              16
33600              60              98      0.01171875     0.019140625             114              16
33700              60              98      0.01171875     0.019140625             114              16
33800              62              97     0.012109375    0.0189453125             114              17
33900              62              97     0.012109375    0.0189453125             114              17
34000              62              97     0.012109375    0.0189453125             114              17
34100              62              97     0.012109375    0.0189453125             114              17
34200              62              97     0.012109375    0.0189453125             114              17
34300              62              97     0.012109375    0.0189453125             114              17
34400              62              97     0.012109375    0.0189453125             114              17
34500              62              97     0.012109375    0.0189453125             114              17
34600              62              97     0.012109375    0.0189453125             114              17
34700              62              97     0.012109375    0.0189453125             114              17
34800              62              97     0.012109375    0.0189453125             114              17
34900              62              97     0.012109375    0.0189453125             114              17
35000              62              97     0.012109375    0.0189453125             114              17
35100              62              97     0.012109375    0.0189453125             114              17
35200              62              97     0.012109375    0.0189453125             114              17
35300              62              97     0.012109375    0.0189453125             114              17
35400              62              97     0.012109375    0.0189453125             114              17
35500              64              96          0.0125         0.01875             114              18
35600              66              95     0.012890625    0.0185546875             114              19
35700              66              95     0.012890625    0.0185546875             114              19
35800              66              95     0.012890625    0.0185546875             114              19
35900              66              95     0.012890625    0.0185546875             114              19
36000              66              95     0.012890625    0.0185546875             114              19
36100              66              95     0.012890625    0.0185546875             114              19
36200              66              95     0.012890625    0.0185546875             114              19
36300              66              95     0.012890625    0.0185546875             114              19
36400              66              95     0.012890625    0.0185546875             114              19
36500              66              95     0.012890625    0.0185546875             114              19
36600              66              95     0.012890625    0.0185546875             114              19
36700              66              95     0.012890625    0.0185546875             114              19
36800              68              94      0.01328125     0.018359375             114              20
36900              68              94      0.01328125     0.018359375             114              20
37000              68              94      0.01328125     0.018359375             114              20
37100              68              94      0.01328125     0.018359375             114              20
37200              68              94      0.01328125     0.018359375             114              20
37300              68              94      0.01328125     0.018359375             114              20
37400              68              94      0.01328125     0.018359375             114              20
37500              68              94      0.01328125     0.018359375             114              20
37600              68              94      0.01328125     0.018359375             114              20
37700              66              95     0.012890625    0.0185546875             115              20
37800              66              95     0.012890625    0.0185546875             115              20
37900              68              94      0.01328125     0.018359375             115              21
38000              68              94      0.01328125     0.018359375             115              21
38100              68              94      0.01328125     0.018359375             115              21
38200              68              94      0.01328125     0.018359375             115              21
38300              68              94      0.01328125     0.018359375             115              21
38400              68              94      0.01328125     0.018359375             115              21
38500              68              94      0.01328125     0.018359375             115              21
38600              66              95     0.012890625    0.0185546875             116              21
38700              68              94      0.01328125     0.018359375             116              22
38800              68              94      0.01328125     0.018359375             117              23
38900              68              94      0.01328125     0.018359375             117              23
39000              68              94      0.01328125     0.018359375             117              23
39100              68              94      0.01328125     0.018359375             117              23
39200              68              94      0.01328125     0.018359375             117              23
39300              68              94      0.01328125     0.018359375             117              23
39400              68              94      0.01328125     0.018359375             117              23
39500              70              93     0.013671875    0.0181640625             117              24
39600              70              93     0.013671875    0.0181640625             117              24
39700              70              93     0.013671875    0.0181640625             117              24
39800              72              92       0.0140625      0.01796875             117              25
39900              72              92       0.0140625      0.01796875             117              25
40000              72              92       0.0140625      0.01796875             117              25
40100              72              92       0.0140625      0.01796875             117              25
40200              72              92       0.0140625      0.01796875             117              25
40300              72              92       0.0140625      0.01796875             117              25
40400              72              92       0.0140625      0.01796875             117              25
40500              72              92       0.0140625      0.01796875             117              25
40600              72              92       0.0140625      0.01796875             117              25
40700              72              92       0.0140625      0.01796875             117              25
40800              72              92       0.0140625      0.01796875             117              25
40900              72              92       0.0140625      0.01796875             117              25
41000              72              92       0.0140625      0.01796875             117              25
41100              72              92       0.0140625      0.01796875             117              25
41200              72              92       0.0140625      0.01796875             117              25
41300              70              93     0.013671875    0.0181640625             118              25
41400              70              93     0.013671875    0.0181640625             118              25
41500              70              93     0.013671875    0.0181640625             118              25
41600              70              93     0.013671875    0.0181640625             118              25
41700              70              93     0.013671875    0.0181640625             118              25
41800              70              93     0.013671875    0.0181640625             118              25
41900              72              92       0.0140625      0.01796875             118              26
42000              72              92       0.0140625      0.01796875             118              26
42100              72              92       0.0140625      0.01796875             118              26
42200              72              92       0.0140625      0.01796875             118              26
42300              72              92       0.0140625      0.01796875             118              26
42400              74              91     0.014453125    0.0177734375             118              27
42500              74              91     0.014453125    0.0177734375             118              27
42600              74              91     0.014453125    0.0177734375             118              27
42700              74              91     0.014453125    0.0177734375             118              27
42800              74              91     0.014453125    0.0177734375             118              27
42900              74              91     0.014453125    0.0177734375             118              27
43000              74              91     0.014453125    0.0177734375             118              27
43100              74              91     0.014453125    0.0177734375             118              27
43200              74              91     0.014453125    0.0177734375             118              27
43300              74              91     0.014453125    0.0177734375             118              27
43400              74              91     0.014453125    0.0177734375             118              27
43500              74              91     0.014453125    0.0177734375             118              27
43600              74              91     0.014453125    0.0177734375             118              27
43700              74              91     0.014453125    0.0177734375             118              27
43800              72              92       0.0140625      0.01796875             119              27
43900              72              92       0.0140625      0.01796875             119              27
44000              72              92       0.0140625      0.01796875             119              27
44100              72              92       0.0140625      0.01796875             119              27
44200              72              92       0.0140625      0.01796875             119              27
44300              72              92       0.0140625      0.01796875             119              27
44400              72              92       0.0140625      0.01796875             119              27
44500              72              92       0.0140625      0.01796875             119              27
44600              70              93     0.013671875    0.0181640625             120              27
44700              70              93     0.013671875    0.0181640625             120              27
44800              70              93     0.013671875    0.0181640625             120              27
44900              72              92       0.0140625      0.01796875             120              28
45000              72              92       0.0140625      0.01796875             120              28
45100              72              92       0.0140625      0.01796875             120              28
45200              72              92       0.0140625      0.01796875             120              28
45300              72              92       0.0140625      0.01796875             120              28
45400              72              92       0.0140625      0.01796875             120              28
45500              72              92       0.0140625      0.01796875             120              28
45600              72              92       0.0140625      0.01796875             120              28
45700              70              93     0.013671875    0.0181640625             121              28
45800              70              93     0.013671875    0.0181640625             121              28
45900              70              93     0.013671875    0.0181640625             121              28
46000              70              93     0.013671875    0.0181640625             121              28
46100              72              92       0.0140625      0.01796875             121              29
46200              72              92       0.0140625      0.01796875             121              29
46300              72              92       0.0140625      0.01796875             121              29
46400              72              92       0.0140625      0.01796875             121              29
46500              70              93     0.013671875    0.0181640625             122              29
46600              70              93     0.013671875    0.0181640625             122              29
46700              70              93     0.013671875    0.0181640625             123              30
46800              70              93     0.013671875    0.0181640625             123              30
46900              70              93     0.013671875    0.0181640625             123              30
47000              70              93     0.013671875    0.0181640625             123              30
47100              70              93     0.013671875    0.0181640625             123              30
47200              70              93     0.013671875    0.0181640625             123              30
47300              68              94      0.01328125     0.018359375             124              30
47400              68              94      0.01328125     0.018359375             124              30
47500              68              94      0.01328125     0.018359375             124              30
47600              68              94      0.01328125     0.018359375             124              30
47700              68              94      0.01328125     0.018359375             124              30
47800              68              94      0.01328125     0.018359375             124              30
47900              68              94      0.01328125     0.018359375             124              30
48000              68              94      0.01328125     0.018359375             124              30
48100              68              94      0.01328125     0.018359375             124              30
48200              68              94      0.01328125     0.018359375             124              30
48300              68              94      0.01328125     0.018359375             124              30
48400              68              94      0.01328125     0.018359375             124              30
48500              68              94      0.01328125     0.018359375             124              30
48600              68              94      0.01328125     0.018359375             124              30
48700              68              94      0.01328125     0.018359375             124              30
48800              66              95     0.012890625    0.0185546875             125              30
48900              66              95     0.012890625    0.0185546875             125              30
49000              66              95     0.012890625    0.0185546875             125              30
49100              68              94      0.01328125     0.018359375             125              31
49200              68              94      0.01328125     0.018359375             125              31
49300              68              94      0.01328125     0.018359375             125              31
49400              68              94      0.01328125     0.018359375             125              31
49500              68              94      0.01328125     0.018359375             125              31
49600              68              94      0.01328125     0.018359375             125              31
49700              70              93     0.013671875    0.0181640625             125              32
49800              70              93     0.013671875    0.0181640625             125              32
49900              68              94      0.01328125     0.018359375             126              32
50000              68              94      0.01328125     0.018359375             126              32
50100              68              94      0.01328125     0.018359375             126              32
50200              66              95     0.012890625    0.0185546875             127              32
50300              66              95     0.012890625    0.0185546875             127              32
50400              66              95     0.012890625    0.0185546875             127              32
50500              66              95     0.012890625    0.0185546875             127              32
50600              66              95     0.012890625    0.0185546875             127              32
50700              66              95     0.012890625    0.0185546875             127              32
50800              68              94      0.01328125     0.018359375             127              33
50900              68              94      0.01328125     0.018359375             127              33
51000              68              94      0.01328125     0.018359375             127              33
51100              68              94      0.01328125     0.018359375             127              33
51200              66              95     0.012890625    0.0185546875             128              33
51300              66              95     0.012890625    0.0185546875             128              33
51400              66              95     0.012890625    0.0185546875             128              33
51500              66              95     0.012890625    0.0185546875             128              33
51600              66              95     0.012890625    0.0185546875             128              33
51700              66              95     0.012890625    0.0185546875             128              33
51800              66              95     0.012890625    0.0185546875             128              33
51900              66              95     0.012890625    0.0185546875             128              33
52000              66              95     0.012890625    0.0185546875             128              33
52100              66              95     0.012890625    0.0185546875             128              33
52200              66              95     0.012890625    0.0185546875             128              33
52300              66              95     0.012890625    0.0185546875             128              33
52400              66              95     0.012890625    0.0185546875             128              33
52500              66              95     0.012890625    0.0185546875             128              33
52600              68              94      0.01328125     0.018359375             128              34
52700              72              92       0.0140625      0.01796875             128              36
52800              70              93     0.013671875    0.0181640625             129              36
52900              70              93     0.013671875    0.0181640625             129              36
53000              70              93     0.013671875    0.0181640625             129              36
53100              70              93     0.013671875    0.0181640625             129              36
53200              70              93     0.013671875    0.0181640625             129              36
53300              70              93     0.013671875    0.0181640625             129              36
53400              70              93     0.013671875    0.0181640625             129              36
53500              70              93     0.013671875    0.0181640625             129              36
53600              70              93     0.013671875    0.0181640625             129              36
53700              70              93     0.013671875    0.0181640625             129              36
53800              70              93     0.013671875    0.0181640625             129              36
53900              70              93     0.013671875    0.0181640625             129              36
54000              70              93     0.013671875    0.0181640625             129              36
54100              68              94      0.01328125     0.018359375             130              36
54200              68              94      0.01328125     0.018359375             130              36
54300              68              94      0.01328125     0.018359375             130              36
54400              68              94      0.01328125     0.018359375             130              36
54500              68              94      0.01328125     0.018359375             130              36
54600              68              94      0.01328125     0.018359375             130              36
54700              68              94      0.01328125     0.018359375             130              36
54800              68              94      0.01328125     0.018359375             130              36
54900              68              94      0.01328125     0.018359375             130              36
55000              68              94      0.01328125     0.018359375             130              36
55100              68              94      0.01328125     0.018359375             130              36
55200              68              94      0.01328125     0.018359375             130              36
55300              68              94      0.01328125     0.018359375             130              36
55400              68              94      0.01328125     0.018359375             130              36
55500              68              94      0.01328125     0.018359375             130              36
55600              66              95     0.012890625    0.0185546875             131              36
55700              64              96          0.0125         0.01875             132              36
55800              64              96          0.0125         0.01875             132              36
55900              64              96          0.0125         0.01875             132              36
56000              64              96          0.0125         0.01875             132              36
56100              64              96          0.0125         0.01875             132              36
56200              64              96          0.0125         0.01875             132              36
56300              64              96          0.0125         0.01875             132              36
56400              64              96          0.0125         0.01875             132              36
56500              64              96          0.0125         0.01875             132              36
56600              64              96          0.0125         0.01875             132              36
56700              64              96          0.0125         0.01875             132              36
56800              64              96          0.0125         0.01875             132              36
56900              64              96          0.0125         0.01875             132              36
57000              64              96          0.0125         0.01875             132              36
57100              64              96          0.0125         0.01875             133              37
57200              64              96          0.0125         0.01875             133              37
57300              64              96          0.0125         0.01875             133              37
57400              62              97     0.012109375    0.0189453125             134              37
57500              60              98      0.01171875     0.019140625             135              37
57600              60              98      0.01171875     0.019140625             135              37
57700              60              98      0.01171875     0.019140625             135              37
57800              62              97     0.012109375    0.0189453125             135              38
57900              62              97     0.012109375    0.0189453125             135              38
58000              62              97     0.012109375    0.0189453125             135              38
58100              62              97     0.012109375    0.0189453125             135              38
58200              60              98      0.01171875     0.019140625             136              38
58300              60              98      0.01171875     0.019140625             136              38
58400              62              97     0.012109375    0.0189453125             136              39
58500              62              97     0.012109375    0.0189453125             136              39
58600              62              97     0.012109375    0.0189453125             136              39
58700              62              97     0.012109375    0.0189453125             136              39
58800              62              97     0.012109375    0.0189453125             136              39
58900              62              97     0.012109375    0.0189453125             136              39
59000              62              97     0.012109375    0.0189453125             136              39
59100              62              97     0.012109375    0.0189453125             136              39
59200              62              97     0.012109375    0.0189453125             136              39
59300              60              98      0.01171875     0.019140625             137              39
59400              60              98      0.01171875     0.019140625             137              39
59500              60              98      0.01171875     0.019140625             137              39
59600              60              98      0.01171875     0.019140625             137              39
59700              60              98      0.01171875     0.019140625             137              39
59800              60              98      0.01171875     0.019140625             137              39
59900              60              98      0.01171875     0.019140625             137              39
60000              60              98      0.01171875     0.019140625             137              39
60100              60              98      0.01171875     0.019140625             137              39
60200              60              98      0.01171875     0.019140625             137              39
60300              62              97     0.012109375    0.0189453125             137              40
60400              62              97     0.012109375    0.0189453125             137              40
60500              62              97     0.012109375    0.0189453125             137              40
60600              62              97     0.012109375    0.0189453125             137              40
60700              62              97     0.012109375    0.0189453125             137              40
60800              62              97     0.012109375    0.0189453125             137              40
60900              62              97     0.012109375    0.0189453125             137              40
61000              62              97     0.012109375    0.0189453125             137              40
61100              62              97     0.012109375    0.0189453125             137              40
61200              62              97     0.012109375    0.0189453125             137              40
61300              62              97     0.012109375    0.0189453125             137              40
61400              62              97     0.012109375    0.0189453125             137              40
61500              62              97     0.012109375    0.0189453125             137              40
61600              64              96          0.0125         0.01875             137              41
61700              64              96          0.0125         0.01875             137              41
61800              64              96          0.0125         0.01875             137              41
61900              64              96          0.0125         0.01875             137              41
62000              64              96          0.0125         0.01875             137              41
62100              64              96          0.0125         0.01875             137              41
62200              64              96          0.0125         0.01875             137              41
62300              62              97     0.012109375    0.0189453125             138              41
62400              62              97     0.012109375    0.0189453125             138              41
62500              62              97     0.012109375    0.0189453125             138              41
62600              64              96          0.0125         0.01875             138              42
62700              64              96          0.0125         0.01875             138              42
62800              64              96          0.0125         0.01875             138              42
62900              64              96          0.0125         0.01875             138              42
63000              64              96          0.0125         0.01875             138              42
63100              64              96          0.0125         0.01875             138              42
63200              64              96          0.0125         0.01875             138              42
63300              64              96          0.0125         0.01875             138              42
63400              64              96          0.0125         0.01875             138              42
63500              64              96          0.0125         0.01875             138              42
63600              64              96          0.0125         0.01875             138              42
63700              64              96          0.0125         0.01875             139              43
63800              64              96          0.0125         0.01875             139              43
63900              64              96          0.0125         0.01875             139              43
64000              64              96          0.0125         0.01875             139              43
64100              64              96          0.0125         0.01875             139              43
64200              64              96          0.0125         0.01875             139              43
64300              64              96          0.0125         0.01875             139              43
64400              66              95     0.012890625    0.0185546875             139              44
64500              66              95     0.012890625    0.0185546875             139              44
64600              66              95     0.012890625    0.0185546875             139              44
64700              66              95     0.012890625    0.0185546875             139              44
64800              66              95     0.012890625    0.0185546875             139              44
64900              66              95     0.012890625    0.0185546875             139              44
65000              66              95     0.012890625    0.0185546875             139              44
65100              66              95     0.012890625    0.0185546875             139              44
65200              66              95     0.012890625    0.0185546875             139              44
65300              64              96          0.0125         0.01875             140              44
65400              64              96          0.0125         0.01875             140              44
65500              64              96          0.0125         0.01875             140              44
65600              64              96          0.0125         0.01875             140              44
65700              62              97     0.012109375    0.0189453125             141              44
65800              62              97     0.012109375    0.0189453125             142              45
65900              62              97     0.012109375    0.0189453125             142              45
66000              62              97     0.012109375    0.0189453125             142              45
66100              62              97     0.012109375    0.0189453125             142              45
66200              60              98      0.01171875     0.019140625             143              45
66300              62              97     0.012109375    0.0189453125             143              46
66400              64              96          0.0125         0.01875             143              47
66500              64              96          0.0125         0.01875             143              47
66600              64              96          0.0125         0.01875             143              47
66700              64              96          0.0125         0.01875             143              47
66800              64              96          0.0125         0.01875             143              47
66900              64              96          0.0125         0.01875             143              47
67000              64              96          0.0125         0.01875             143              47
67100              64              96          0.0125         0.01875             143              47
67200              64              96          0.0125         0.01875             143              47
67300              64              96          0.0125         0.01875             143              47
67400              66              95     0.012890625    0.0185546875             143              48
67500              66              95     0.012890625    0.0185546875             143              48
67600              66              95     0.012890625    0.0185546875             143              48
67700              66              95     0.012890625    0.0185546875             143              48
67800              66              95     0.012890625    0.0185546875             143              48
67900              66              95     0.012890625    0.0185546875             143              48
68000              66              95     0.012890625    0.0185546875             143              48
68100              66              95     0.012890625    0.0185546875             143              48
68200              66              95     0.012890625    0.0185546875             143              48
68300              64              96          0.0125         0.01875             144              48
68400              62              97     0.012109375    0.0189453125             145              48
68500              60              98      0.01171875     0.019140625             146              48
68600              60              98      0.01171875     0.019140625             146              48
68700              60              98      0.01171875     0.019140625             146              48
68800              60              98      0.01171875     0.019140625             146              48
68900              60              98      0.01171875     0.019140625             146              48
69000              60              98      0.01171875     0.019140625             146              48
69100              60              98      0.01171875     0.019140625             146              48
69200              58              99     0.011328125    0.0193359375             147              48
69300              58              99     0.011328125    0.0193359375             147              48
69400              58              99     0.011328125    0.0193359375             147              48
69500              60              98      0.01171875     0.019140625             147              49
69600              58              99     0.011328125    0.0193359375             148              49
69700              58              99     0.011328125    0.0193359375             148              49
69800              56             100       0.0109375      0.01953125             149              49
69900              56             100       0.0109375      0.01953125             149              49
70000              56             100       0.0109375      0.01953125             149              49
70100              56             100       0.0109375      0.01953125             149              49
70200              56             100       0.0109375      0.01953125             149              49
70300              56             100       0.0109375      0.01953125             149              49
70400              56             100       0.0109375      0.01953125             149              49
70500              56             100       0.0109375      0.01953125             149              49
70600              56             100       0.0109375      0.01953125             149              49
70700              56             100       0.0109375      0.01953125             149              49
70800              56             100       0.0109375      0.01953125             149              49
70900              56             100       0.0109375      0.01953125             149              49
71000              56             100       0.0109375      0.01953125             149              49
71100              58              99     0.011328125    0.0193359375             149              50
71200              58              99     0.011328125    0.0193359375             149              50
71300              58              99     0.011328125    0.0193359375             149              50
71400              60              98      0.01171875     0.019140625             149              51
71500              60              98      0.01171875     0.019140625             149              51
71600              60              98      0.01171875     0.019140625             149              51
71700              62              97     0.012109375    0.0189453125             149              52
71800              62              97     0.012109375    0.0189453125             149              52
71900              62              97     0.012109375    0.0189453125             149              52
72000              62              97     0.012109375    0.0189453125             149              52
72100              62              97     0.012109375    0.0189453125             149              52
72200              62              97     0.012109375    0.0189453125             149              52
72300              62              97     0.012109375    0.0189453125             149              52
72400              62              97     0.012109375    0.0189453125             149              52
72500              62              97     0.012109375    0.0189453125             149              52
72600              62              97     0.012109375    0.0189453125             149              52
72700              62              97     0.012109375    0.0189453125             149              52
72800              62              97     0.012109375    0.0189453125             149              52
72900              62              97     0.012109375    0.0189453125             149              52
73000              62              97     0.012109375    0.0189453125             149              52
73100              62              97     0.012109375    0.0189453125             149              52
73200              62              97     0.012109375    0.0189453125             149              52
73300              62              97     0.012109375    0.0189453125             149              52
73400              62              97     0.012109375    0.0189453125             149              52
73500              62              97     0.012109375    0.0189453125             149              52
73600              62              97     0.012109375    0.0189453125             149              52
73700              62              97     0.012109375    0.0189453125             149              52
73800              62              97     0.012109375    0.0189453125             149              52
73900              62              97     0.012109375    0.0189453125             149              52
74000              62              97     0.012109375    0.0189453125             149              52
74100              64              96          0.0125         0.01875             149              53
74200              64              96          0.0125         0.01875             149              53
74300              64              96          0.0125         0.01875             149              53
74400              64              96          0.0125         0.01875             149              53
74500              64              96          0.0125         0.01875             149              53
74600              62              97     0.012109375    0.0189453125             150              53
74700              62              97     0.012109375    0.0189453125             150              53
74800              62              97     0.012109375    0.0189453125             150              53
74900              62              97     0.012109375    0.0189453125             150              53
75000              62              97     0.012109375    0.0189453125             150              53
75100              64              96          0.0125         0.01875             150              54
75200              66              95     0.012890625    0.0185546875             150              55
75300              66              95     0.012890625    0.0185546875             150              55
75400              66              95     0.012890625    0.0185546875             150              55
75500              66              95     0.012890625    0.0185546875             150              55
75600              68              94      0.01328125     0.018359375             150              56
75700              70              93     0.013671875    0.0181640625             150              57
75800              68              94      0.01328125     0.018359375             151              57
75900              70              93     0.013671875    0.0181640625             151              58
76000              68              94      0.01328125     0.018359375             152              58
76100              66              95     0.012890625    0.0185546875             153              58
76200              66              95     0.012890625    0.0185546875             153              58
76300              66              95     0.012890625    0.0185546875             153              58
76400              66              95     0.012890625    0.0185546875             153              58
76500              66              95     0.012890625    0.0185546875             153              58
76600              66              95     0.012890625    0.0185546875             153              58
76700              66              95     0.012890625    0.0185546875             153              58
76800              66              95     0.012890625    0.0185546875             153              58
76900              66              95     0.012890625    0.0185546875             153              58
77000              66              95     0.012890625    0.0185546875             153              58
77100              66              95     0.012890625    0.0185546875             153              58
77200              64              96          0.0125         0.01875             154              58
77300              66              95     0.012890625    0.0185546875             154              59
77400              66              95     0.012890625    0.0185546875             154              59
77500              66              95     0.012890625    0.0185546875             154              59
77600              66              95     0.012890625    0.0185546875             154              59
77700              64              96          0.0125         0.01875             155              59
77800              64              96          0.0125         0.01875             155              59
77900              64              96          0.0125         0.01875             155              59
78000              64              96          0.0125         0.01875             155              59
78100              64              96          0.0125         0.01875             155              59
78200              62              97     0.012109375    0.0189453125             156              59
78300              62              97     0.012109375    0.0189453125             156              59
78400              62              97     0.012109375    0.0189453125             156              59
78500              62              97     0.012109375    0.0189453125             156              59
78600              60              98      0.01171875     0.019140625             157              59
78700              60              98      0.01171875     0.019140625             157              59
78800              60              98      0.01171875     0.019140625             157              59
78900              58              99     0.011328125    0.0193359375             158              59
79000              58              99     0.011328125    0.0193359375             158              59
79100              58              99     0.011328125    0.0193359375             158              59
79200              58              99     0.011328125    0.0193359375             158              59
79300              58              99     0.011328125    0.0193359375             158              59
79400              58              99     0.011328125    0.0193359375             158              59
79500              56             100       0.0109375      0.01953125             159              59
79600              56             100       0.0109375      0.01953125             159              59
79700              56             100       0.0109375      0.01953125             159              59
79800              56             100       0.0109375      0.01953125             159              59
79900              56             100       0.0109375      0.01953125             159              59
80000              56             100       0.0109375      0.01953125             159              59
80100              56             100       0.0109375      0.01953125             159              59
80200              58              99     0.011328125    0.0193359375             159              60
80300              58              99     0.011328125    0.0193359375             159              60
80400              60              98      0.01171875     0.019140625             159              61
80500              60              98      0.01171875     0.019140625             159              61
80600              60              98      0.01171875     0.019140625             159              61
80700              62              97     0.012109375    0.0189453125             159              62
80800              62              97     0.012109375    0.0189453125             159              62
80900              62              97     0.012109375    0.0189453125             159              62
81000              62              97     0.012109375    0.0189453125             159              62
81100              62              97     0.012109375    0.0189453125             159              62
81200              62              97     0.012109375    0.0189453125             159              62
81300              62              97     0.012109375    0.0189453125             159              62
81400              62              97     0.012109375    0.0189453125             159              62
81500              62              97     0.012109375    0.0189453125             159              62
81600              62              97     0.012109375    0.0189453125             159              62
81700              62              97     0.012109375    0.0189453125             159              62
81800              60              98      0.01171875     0.019140625             160              62
81900              60              98      0.01171875     0.019140625             160              62
82000              60              98      0.01171875     0.019140625             160              62
82100              60              98      0.01171875     0.019140625             160              62
82200              60              98      0.01171875     0.019140625             160              62
82300              60              98      0.01171875     0.019140625             160              62
82400              60              98      0.01171875     0.019140625             160              62
82500              60              98      0.01171875     0.019140625             160              62
82600              60              98      0.01171875     0.019140625             160              62
82700              60              98      0.01171875     0.019140625             160              62
82800              60              98      0.01171875     0.019140625             160              62
82900              60              98      0.01171875     0.019140625             160              62
83000              60              98      0.01171875     0.019140625             160              62
83100              60              98      0.01171875     0.019140625             160              62
83200              60              98      0.01171875     0.019140625             160              62
83300              60              98      0.01171875     0.019140625             160              62
83400              58              99     0.011328125    0.0193359375             161              62
83500              58              99     0.011328125    0.0193359375             161              62
83600              60              98      0.01171875     0.019140625             161              63
83700              62              97     0.012109375    0.0189453125             161              64
83800              62              97     0.012109375    0.0189453125             161              64
83900              64              96          0.0125         0.01875             161              65
84000              62              97     0.012109375    0.0189453125             162              65
84100              62              97     0.012109375    0.0189453125             162              65
84200              64              96          0.0125         0.01875             162              66
84300              64              96          0.0125         0.01875             162              66
84400              64              96          0.0125         0.01875             162              66
84500              66              95     0.012890625    0.0185546875             162              67
84600              66              95     0.012890625    0.0185546875             162              67
84700              66              95     0.012890625    0.0185546875             162              67
84800              66              95     0.012890625    0.0185546875             162              67
84900              66              95     0.012890625    0.0185546875             162              67
85000              66              95     0.012890625    0.0185546875             162              67
85100              70              93     0.013671875    0.0181640625             162              69
85200              70              93     0.013671875    0.0181640625             162              69
85300              70              93     0.013671875    0.0181640625             162              69
85400              70              93     0.013671875    0.0181640625             162              69
85500              70              93     0.013671875    0.0181640625             162              69
85600              70              93     0.013671875    0.0181640625             162              69
85700              70              93     0.013671875    0.0181640625             162              69
85800              70              93     0.013671875    0.0181640625             162              69
85900              70              93     0.013671875    0.0181640625             162              69
86000              70              93     0.013671875    0.0181640625             162              69
86100              70              93     0.013671875    0.0181640625             162              69
86200              72              92       0.0140625      0.01796875             162              70
86300              70              93     0.013671875    0.0181640625             163              70
86400              70              93     0.013671875    0.0181640625             163              70
86500              70              93     0.013671875    0.0181640625             163              70
86600              70              93     0.013671875    0.0181640625             163              70
86700              70              93     0.013671875    0.0181640625             163              70
86800              70              93     0.013671875    0.0181640625             163              70
86900              70              93     0.013671875    0.0181640625             163              70
87000              70              93     0.013671875    0.0181640625             163              70
87100              70              93     0.013671875    0.0181640625             163              70
87200              70              93     0.013671875    0.0181640625             163              70
87300              70              93     0.013671875    0.0181640625             163              70
87400              70              93     0.013671875    0.0181640625             163              70
87500              70              93     0.013671875    0.0181640625             163              70
87600              70              93     0.013671875    0.0181640625             163              70
87700              70              93     0.013671875    0.0181640625             163              70
87800              70              93     0.013671875    0.0181640625             163              70
87900              70              93     0.013671875    0.0181640625             163              70
88000              70              93     0.013671875    0.0181640625             163              70
88100              70              93     0.013671875    0.0181640625             163              70
88200              70              93     0.013671875    0.0181640625             163              70
88300              74              91     0.014453125    0.0177734375             163              72
88400              74              91     0.014453125    0.0177734375             163              72
88500              72              92       0.0140625      0.01796875             164              72
88600              72              92       0.0140625      0.01796875             164              72
88700              72              92       0.0140625      0.01796875             164              72
88800              72              92       0.0140625      0.01796875             164              72
88900              72              92       0.0140625      0.01796875             164              72
89000              74              91     0.014453125    0.0177734375             164              73
89100              74              91     0.014453125    0.0177734375             164              73
89200              74              91     0.014453125    0.0177734375             164              73
89300              74              91     0.014453125    0.0177734375             164              73
89400              74              91     0.014453125    0.0177734375             164              73
89500              74              91     0.014453125    0.0177734375             164              73
89600              74              91     0.014453125    0.0177734375             164              73
89700              74              91     0.014453125    0.0177734375             164              73
89800              74              91     0.014453125    0.0177734375             164              73
89900              74              91     0.014453125    0.0177734375             164              73
90000              74              91     0.014453125    0.0177734375             164              73
90100              74              91     0.014453125    0.0177734375             164              73
90200              74              91     0.014453125    0.0177734375             164              73
90300              74              91     0.014453125    0.0177734375             164              73
90400              74              91     0.014453125    0.0177734375             164              73
90500              74              91     0.014453125    0.0177734375             164              73
90600              74              91     0.014453125    0.0177734375             164              73
90700              74              91     0.014453125    0.0177734375             164              73
90800              74              91     0.014453125    0.0177734375             164              73
90900              74              91     0.014453125    0.0177734375             164              73
91000              74              91     0.014453125    0.0177734375             164              73
91100              74              91     0.014453125    0.0177734375             164              73
91200              74              91     0.014453125    0.0177734375             164              73
91300              72              92       0.0140625      0.01796875             165              73
91400              72              92       0.0140625      0.01796875             165              73
91500              70              93     0.013671875    0.0181640625             166              73
91600              70              93     0.013671875    0.0181640625             166              73
91700              70              93     0.013671875    0.0181640625             166              73
91800              68              94      0.01328125     0.018359375             167              73
91900              68              94      0.01328125     0.018359375             167              73
92000              68              94      0.01328125     0.018359375             167              73
92100              68              94      0.01328125     0.018359375             167              73
92200              68              94      0.01328125     0.018359375             167              73
92300              66              95     0.012890625    0.0185546875             168              73
92400              66              95     0.012890625    0.0185546875             168              73
92500              66              95     0.012890625    0.0185546875             168              73
92600              66              95     0.012890625    0.0185546875             168              73
92700              66              95     0.012890625    0.0185546875             168              73
92800              66              95     0.012890625    0.0185546875             168              73
92900              66              95     0.012890625    0.0185546875             168              73
93000              66              95     0.012890625    0.0185546875             168              73
93100              66              95     0.012890625    0.0185546875             168              73
93200              66              95     0.012890625    0.0185546875             168              73
93300              66              95     0.012890625    0.0185546875             168              73
93400              66              95     0.012890625    0.0185546875             168              73
93500              68              94      0.01328125     0.018359375             168              74
93600              72              92       0.0140625      0.01796875             168              76
93700              70              93     0.013671875    0.0181640625             169              76
93800              70              93     0.013671875    0.0181640625             169              76
93900              70              93     0.013671875    0.0181640625             169              76
94000              70              93     0.013671875    0.0181640625             169              76
94100              70              93     0.013671875    0.0181640625             169              76
94200              70              93     0.013671875    0.0181640625             169              76
94300              70              93     0.013671875    0.0181640625             169              76
94400              70              93     0.013671875    0.0181640625             169              76
94500              70              93     0.013671875    0.0181640625             169              76
94600              70              93     0.013671875    0.0181640625             169              76
94700              70              93     0.013671875    0.0181640625             169              76
94800              70              93     0.013671875    0.0181640625             169              76
94900              70              93     0.013671875    0.0181640625             169              76
95000              72              92       0.0140625      0.01796875             169              77
95100              74              91     0.014453125    0.0177734375             169              78
95200              74              91     0.014453125    0.0177734375             169              78
95300              74              91     0.014453125    0.0177734375             169              78
95400              74              91     0.014453125    0.0177734375             169              78
95500              72              92       0.0140625      0.01796875             170              78
95600              72              92       0.0140625      0.01796875             170              78
95700              72              92       0.0140625      0.01796875             170              78
95800              70              93     0.013671875    0.0181640625             171              78
95900              70              93     0.013671875    0.0181640625             171              78
96000              70              93     0.013671875    0.0181640625             171              78
96100              70              93     0.013671875    0.0181640625             171              78
96200              70              93     0.013671875    0.0181640625             172              79
96300              70              93     0.013671875    0.0181640625             172              79
96400              68              94      0.01328125     0.018359375             173              79
96500              68              94      0.01328125     0.018359375             173              79
96600              68              94      0.01328125     0.018359375             173              79
96700              68              94      0.01328125     0.018359375             173              79
96800              68              94      0.01328125     0.018359375             173              79
96900              68              94      0.01328125     0.018359375             173              79
97000              68              94      0.01328125     0.018359375             173              79
97100              70              93     0.013671875    0.0181640625             173              80
97200              70              93     0.013671875    0.0181640625             173              80
97300              70              93     0.013671875    0.0181640625             173              80
97400              70              93     0.013671875    0.0181640625             173              80
97500              70              93     0.013671875    0.0181640625             173              80
97600              70              93     0.013671875    0.0181640625             173              80
97700              70              93     0.013671875    0.0181640625             173              80
97800              68              94      0.01328125     0.018359375             174              80
97900              68              94      0.01328125     0.018359375             174              80
98000              68              94      0.01328125     0.018359375             174              80
98100              68              94      0.01328125     0.018359375             174              80
98200              68              94      0.01328125     0.018359375             174              80
98300              68              94      0.01328125     0.018359375             174              80
98400              68              94      0.01328125     0.018359375             174              80
98500              68              94      0.01328125     0.018359375             174              80
98600              68              94      0.01328125     0.018359375             174              80
98700              68              94      0.01328125     0.018359375             174              80
98800              68              94      0.01328125     0.018359375             174              80
98900              68              94      0.01328125     0.018359375             174              80
99000              68              94      0.01328125     0.018359375             174              80
99100              68              94      0.01328125     0.018359375             174              80
99200              70              93     0.013671875    0.0181640625             174              81
99300              70              93     0.013671875    0.0181640625             175              82
99400              70              93     0.013671875    0.0181640625             175              82
99500              70              93     0.013671875    0.0181640625             175              82
99600              70              93     0.013671875    0.0181640625             175              82
99700              70              93     0.013671875    0.0181640625             175              82
99800              70              93     0.013671875    0.0181640625             175              82
99900              70              93     0.013671875    0.0181640625             175              82
100000              70              93     0.013671875    0.0181640625             175              82
