# Time-averaged data for fix observ
# TimeStep v_nfree v_ndimer v_cfree v_cdimer f_kinetics[2] f_kinetics[3]
0             256               0            0.05               0               0               0
100             256               0            0.05               0               0               0
200             256               0            0.05               0               0               0
300             250               3     0.048828125    0.0005859375               3               0
400             246               5     0.048046875    0.0009765625               5               0
500             244               6      0.04765625     0.001171875               6               0
600             240               8        0.046875       0.0015625               8               0
700             238               9     0.046484375    0.0017578125               9               0
800             238               9     0.046484375    0.0017578125               9               0
900             236              10      0.04609375     0.001953125              10               0
1000             234              11     0.045703125    0.0021484375              11               0
1100             234              11     0.045703125    0.0021484375              11               0
1200             230              13     0.044921875    0.0025390625              13               0
1300             232              12       0.0453125      0.00234375              13               1
1400             234              11     0.045703125    0.0021484375              13               2
1500             234              11     0.045703125    0.0021484375              14               3
1600             232              12       0.0453125      0.00234375              15               3
1700             232              12       0.0453125      0.00234375              15               3
1800             234              11     0.045703125    0.0021484375              15               4
1900             234              11     0.045703125    0.0021484375              15               4
2000             234              11     0.045703125    0.0021484375              15               4
2100             232              12       0.0453125      0.00234375              16               4
2200             232              12       0.0453125      0.00234375              16               4
2300             232              12       0.0453125      0.00234375              16               4
2400             232              12       0.0453125      0.00234375              16               4
2500             226              15     0.044140625    0.0029296875              19               4
2600             226              15     0.044140625    0.0029296875              19               4
2700             226              15     0.044140625    0.0029296875              19               4
2800             226              15     0.044140625    0.0029296875              19               4
2900             226              15     0.044140625    0.0029296875              19               4
3000             226              15     0.044140625    0.0029296875              19               4
3100             224              16         0.04375        0.003125              20               4
3200             222              17     0.043359375    0.0033203125              21               4
3300             222              17     0.043359375    0.0033203125              22               5
3400             216              20       0.0421875      0.00390625              25               5
3500             210              23     0.041015625    0.0044921875              28               5
3600             208              24        0.040625       0.0046875              29               5
3700             206              25     0.040234375    0.0048828125              30               5
3800             208              24        0.040625       0.0046875              30               6
3900             210              23     0.041015625    0.0044921875              30               7
4000             210              23     0.041015625    0.0044921875              30               7
4100             208              24        0.040625       0.0046875              31               7
4200             208              24        0.040625       0.0046875              31               7
4300             206              25     0.040234375    0.0048828125              32               7
4400             206              25     0.040234375    0.0048828125              32               7
4500             204              26      0.03984375     0.005078125              33               7
4600             204              26      0.03984375     0.005078125              33               7
4700             204              26      0.03984375     0.005078125              33               7
4800             204              26      0.03984375     0.005078125              33               7
4900             200              28       0.0390625      0.00546875              35               7
5000             200              28       0.0390625      0.00546875              36               8
5100             200              28       0.0390625      0.00546875              36               8
5200             200              28       0.0390625      0.00546875              36               8
5300             198              29     0.038671875    0.0056640625              38               9
5400             196              30      0.03828125     0.005859375              39               9
5500             196              30      0.03828125     0.005859375              39               9
5600             194              31     0.037890625    0.0060546875              40               9
5700             192              32          0.0375         0.00625              41               9
5800             190              33     0.037109375    0.0064453125              42               9
5900             190              33     0.037109375    0.0064453125              42               9
6000             190              33     0.037109375    0.0064453125              42               9
6100             190              33     0.037109375    0.0064453125              42               9
6200             188              34      0.03671875     0.006640625              43               9
6300             188              34      0.03671875     0.006640625              43               9
6400             186              35     0.036328125    0.0068359375              45              10
6500             186              35     0.036328125    0.0068359375              45              10
6600             188              34      0.03671875     0.006640625              45              11
6700             188              34      0.03671875     0.006640625              45              11
6800             188              34      0.03671875     0.006640625              45              11
6900             188              34      0.03671875     0.006640625              45              11
7000             188              34      0.03671875     0.006640625              45              11
7100             188              34      0.03671875     0.006640625              45              11
7200             186              35     0.036328125    0.0068359375              46              11
7300             186              35     0.036328125    0.0068359375              46              11
7400             184              36       0.0359375      0.00703125              47              11
7500             184              36       0.0359375      0.00703125              47              11
7600             184              36       0.0359375      0.00703125              47              11
7700             184              36       0.0359375      0.00703125              47              11
7800             186              35     0.036328125    0.0068359375              47              12
7900             186              35     0.036328125    0.0068359375              47              12
8000             184              36       0.0359375      0.00703125              48              12
8100             184              36       0.0359375      0.00703125              48              12
8200             184              36       0.0359375      0.00703125              48              12
8300             184              36       0.0359375      0.00703125              48              12
8400             184              36       0.0359375      0.00703125              48              12
8500             182              37     0.035546875    0.0072265625              49              12
8600             182              37     0.035546875    0.0072265625              49              12
8700             184              36       0.0359375      0.00703125              49              13
8800             184              36       0.0359375      0.00703125              50              14
8900             184              36       0.0359375      0.00703125              50              14
9000             188              34      0.03671875     0.006640625              50              16
9100             190              33     0.037109375    0.0064453125              50              17
9200             190              33     0.037109375    0.0064453125              50              17
9300             190              33     0.037109375    0.0064453125              50              17
9400             190              33     0.037109375    0.0064453125              50              17
9500             190              33     0.037109375    0.0064453125              50              17
9600             186              35     0.036328125    0.0068359375              52              17
9700             186              35     0.036328125    0.0068359375              53              18
9800             188              34      0.03671875     0.006640625              53              19
9900             184              36       0.0359375      0.00703125              55              19
10000             182              37     0.035546875    0.0072265625              56              19
10100             182              37     0.035546875    0.0072265625              56              19
10200             180              38      0.03515625     0.007421875              57              19
10300             176              40        0.034375       0.0078125              59              19
10400             176              40        0.034375       0.0078125              59              19
10500             174              41     0.033984375    0.0080078125              60              19
10600             170              43     0.033203125    0.0083984375              62              19
10700             166              45     0.032421875    0.0087890625              64              19
10800             166              45     0.032421875    0.0087890625              64              19
10900             164              46      0.03203125     0.008984375              65              19
11000             164              46      0.03203125     0.008984375              66              20
11100             168              44       0.0328125      0.00859375              66              22
11200             166              45     0.032421875    0.0087890625              67              22
11300             166              45     0.032421875    0.0087890625              67              22
11400             162              47     0.031640625    0.0091796875              69              22
11500             160              48         0.03125        0.009375              70              22
11600             162              47     0.031640625    0.0091796875              70              23
11700             164              46      0.03203125     0.008984375              70              24
11800             162              47     0.031640625    0.0091796875              71              24
11900             160              48         0.03125        0.009375              72              24
12000             160              48         0.03125        0.009375              72              24
12100             160              48         0.03125        0.009375              72              24
12200             160              48         0.03125        0.009375              72              24
12300             162              47     0.031640625    0.0091796875              72              25
12400             160              48         0.03125        0.009375              73              25
12500             160              48         0.03125        0.009375              73              25
12600             158              49     0.030859375    0.0095703125              74              25
12700             158              49     0.030859375    0.0095703125              74              25
12800             158              49     0.030859375    0.0095703125              74              25
12900             158              49     0.030859375    0.0095703125              74              25
13000             158              49     0.030859375    0.0095703125              74              25
13100             158              49     0.030859375    0.0095703125              74              25
13200             158              49     0.030859375    0.0095703125              74              25
13300             158              49     0.030859375    0.0095703125              74              25
13400             158              49     0.030859375    0.0095703125              74              25
13500             158              49     0.030859375    0.0095703125              74              25
13600             158              49     0.030859375    0.0095703125              74              25
13700             156              50      0.03046875     0.009765625              75              25
13800             154              51     0.030078125    0.0099609375              76              25
13900             154              51     0.030078125    0.0099609375              76              25
14000             154              51     0.030078125    0.0099609375              76              25
14100             156              50      0.03046875     0.009765625              77              27
14200             156              50      0.03046875     0.009765625              77              27
14300             156              50      0.03046875     0.009765625              77              27
14400             156              50      0.03046875     0.009765625              78              28
14500             156              50      0.03046875     0.009765625              78              28
14600             156              50      0.03046875     0.009765625              78              28
14700             152              52       0.0296875      0.01015625              80              28
14800             152              52       0.0296875      0.01015625              80              28
14900             152              52       0.0296875      0.01015625              80              28
15000             152              52       0.0296875      0.01015625              80              28
15100             152              52       0.0296875      0.01015625              80              28
15200             152              52       0.0296875      0.01015625              80              28
15300             152              52       0.0296875      0.01015625              80              28
15400             152              52       0.0296875      0.01015625              80              28
15500             152              52       0.0296875      0.01015625              80              28
15600             152              52       0.0296875      0.01015625              80              28
15700             150              53     0.029296875    0.0103515625              81              28
15800             150              53     0.029296875    0.0103515625              81              28
15900             146              55     0.028515625    0.0107421875              83              28
16000             142              57     0.027734375    0.0111328125              85              28
16100             144              56        0.028125       0.0109375              85              29
16200             144              56        0.028125       0.0109375              85              29
16300             142              57     0.027734375    0.0111328125              86              29
16400             142              57     0.027734375    0.0111328125              86              29
16500             142              57     0.027734375    0.0111328125              86              29
16600             140              58      0.02734375     0.011328125              87              29
16700             140              58      0.02734375     0.011328125              87              29
16800             140              58      0.02734375     0.011328125              87              29
16900             140              58      0.02734375     0.011328125              87              29
17000             142              57     0.027734375    0.0111328125              87              30
17100             140              58      0.02734375     0.011328125              88              30
17200             140              58      0.02734375     0.011328125              88              30
17300             140              58      0.02734375     0.011328125              89              31
17400             140              58      0.02734375     0.011328125              89              31
17500             138              59     0.026953125    0.0115234375              90              31
17600             138              59     0.026953125    0.0115234375              90              31
17700             138              59     0.026953125    0.0115234375              90              31
17800             138              59     0.026953125    0.0115234375              90              31
17900             140              58      0.02734375     0.011328125              90              32
18000             140              58      0.02734375     0.011328125              90              32
18100             142              57     0.027734375    0.0111328125              90              33
18200             142              57     0.027734375    0.0111328125              90              33
18300             140              58      0.02734375     0.011328125              91              33
18400             140              58      0.02734375     0.011328125              91              33
18500             140              58      0.02734375     0.011328125              91              33
18600             138              59     0.026953125    0.0115234375              92              33
18700             132              62      0.02578125     0.012109375              95              33
18800             132              62      0.02578125     0.012109375              95              33
18900             134              61     0.026171875    0.0119140625              95              34
19000             134              61     0.026171875    0.0119140625              95              34
19100             134              61     0.026171875    0.0119140625              95              34
19200             132              62      0.02578125     0.012109375              96              34
19300             132              62      0.02578125     0.012109375              96              34
19400             132              62      0.02578125     0.012109375              96              34
19500             132              62      0.02578125     0.012109375              97              35
19600             132              62      0.02578125     0.012109375              97              35
19700             132              62      0.02578125     0.012109375              97              35
19800             132              62      0.02578125     0.012109375              97              35
19900             132              62      0.02578125     0.012109375              97              35
20000             132              62      0.02578125     0.012109375              97              35
20100             132              62      0.02578125     0.012109375              97              35
20200             132              62      0.02578125     0.012109375              97              35
20300             132              62      0.02578125     0.012109375              97              35
20400             134              61     0.026171875    0.0119140625              97              36
20500             136              60       0.0265625      0.01171875              97              37
20600             136              60       0.0265625      0.01171875              97              37
20700             134              61     0.026171875    0.0119140625              98              37
20800             134              61     0.026171875    0.0119140625              98              37
20900             134              61     0.026171875    0.0119140625              98              37
21000             134              61     0.026171875    0.0119140625              98              37
21100             136              60       0.0265625      0.01171875              98              38
21200             136              60       0.0265625      0.01171875              99              39
21300             136              60       0.0265625      0.01171875             100              40
21400             136              60       0.0265625      0.01171875             101              41
21500             132              62      0.02578125     0.012109375             103              41
21600             132              62      0.02578125     0.012109375             103              41
21700             132              62      0.02578125     0.012109375             103              41
21800             130              63     0.025390625    0.0123046875             104              41
21900             130              63     0.025390625    0.0123046875             104              41
22000             128              64           0.025          0.0125             105              41
22100             128              64           0.025          0.0125             105              41
22200             128              64           0.025          0.0125             105              41
22300             126              65     0.024609375    0.0126953125             106              41
22400             126              65     0.024609375    0.0126953125             106              41
22500             126              65     0.024609375    0.0126953125             106              41
22600             124              66      0.02421875     0.012890625             107              41
22700             124              66      0.02421875     0.012890625             107              41
22800             124              66      0.02421875     0.012890625             107              41
22900             124              66      0.02421875     0.012890625             107              41
23000             124              66      0.02421875     0.012890625             107              41
23100             126              65     0.024609375    0.0126953125             107              42
23200             126              65     0.024609375    0.0126953125             107              42
23300             126              65     0.024609375    0.0126953125             107              42
23400             126              65     0.024609375    0.0126953125             107              42
23500             126              65     0.024609375    0.0126953125             107              42
23600             126              65     0.024609375    0.0126953125             107              42
23700             126              65     0.024609375    0.0126953125             107              42
23800             126              65     0.024609375    0.0126953125             107              42
23900             126              65     0.024609375    0.0126953125             107              42
24000             124              66      0.02421875     0.012890625             108              42
24100             124              66      0.02421875     0.012890625             108              42
24200             126              65     0.024609375    0.0126953125             108              43
24300             126              65     0.024609375    0.0126953125             108              43
24400             126              65     0.024609375    0.0126953125             108              43
24500             128              64           0.025          0.0125             108              44
24600             128              64           0.025          0.0125             108              44
24700             128              64           0.025          0.0125             108              44
24800             132              62      0.02578125     0.012109375             108              46
24900             134              61     0.026171875    0.0119140625             108              47
25000             134              61     0.026171875    0.0119140625             108              47
25100             134              61     0.026171875    0.0119140625             108              47
25200             132              62      0.02578125     0.012109375             109              47
25300             132              62      0.02578125     0.012109375             109              47
25400             128              64           0.025          0.0125             111              47
25500             128              64           0.025          0.0125             111              47
25600             128              64           0.025          0.0125             111              47
25700             130              63     0.025390625    0.0123046875             111              48
25800             130              63     0.025390625    0.0123046875             111              48
25900             130              63     0.025390625    0.0123046875             111              48
26000             130              63     0.025390625    0.0123046875             111              48
26100             128              64           0.025          0.0125             112              48
26200             124              66      0.02421875     0.012890625             114              48
26300             124              66      0.02421875     0.012890625             114              48
26400             124              66      0.02421875     0.012890625             114              48
26500             122              67     0.023828125    0.0130859375             115              48
26600             120              68       0.0234375      0.01328125             116              48
26700             120              68       0.0234375      0.01328125             116              48
26800             116              70      0.02265625     0.013671875             118              48
26900             116              70      0.02265625     0.013671875             118              48
27000             116              70      0.02265625     0.013671875             119              49
27100             116              70      0.02265625     0.013671875             119              49
27200             116              70      0.02265625     0.013671875             119              49
27300             116              70      0.02265625     0.013671875             119              49
27400             116              70      0.02265625     0.013671875             119              49
27500             116              70      0.02265625     0.013671875             119              49
27600             112              72        0.021875       0.0140625             121              49
27700             114              71     0.022265625    0.0138671875             121              50
27800             114              71     0.022265625    0.0138671875             121              50
27900             116              70      0.02265625     0.013671875             121              51
28000             118              69     0.023046875    0.0134765625             121              52
28100             118              69     0.023046875    0.0134765625             121              52
28200             118              69     0.023046875    0.0134765625             121              52
28300             118              69     0.023046875    0.0134765625             121              52
28400             116              70      0.02265625     0.013671875             122              52
28500             116              70      0.02265625     0.013671875             122              52
28600             116              70      0.02265625     0.013671875             122              52
28700             114              71     0.022265625    0.0138671875             123              52
28800             114              71     0.022265625    0.0138671875             123              52
28900             114              71     0.022265625    0.0138671875             123              52
29000             114              71     0.022265625    0.0138671875             123              52
29100             112              72        0.021875       0.0140625             124              52
29200             116              70      0.02265625     0.013671875             124              54
29300             114              71     0.022265625    0.0138671875             125              54
29400             112              72        0.021875       0.0140625             126              54
29500             114              71     0.022265625    0.0138671875             126              55
29600             118              69     0.023046875    0.0134765625             126              57
29700             120              68       0.0234375      0.01328125             126              58
29800             120              68       0.0234375      0.01328125             126              58
29900             118              69     0.023046875    0.0134765625             127              58
30000             118              69     0.023046875    0.0134765625             127              58
30100             118              69     0.023046875    0.0134765625             127              58
30200             118              69     0.023046875    0.0134765625             127              58
30300             120              68       0.0234375      0.01328125             127              59
30400             118              69     0.023046875    0.0134765625             128              59
30500             114              71     0.022265625    0.0138671875             131              60
30600             114              71     0.022265625    0.0138671875             131              60
30700             114              71     0.022265625    0.0138671875             131              60
30800             116              70      0.02265625     0.013671875             131              61
30900             118              69     0.023046875    0.0134765625             131              62
31000             118              69     0.023046875    0.0134765625             132              63
31100             118              69     0.023046875    0.0134765625             132              63
31200             120              68       0.0234375      0.01328125             132              64
31300             120              68       0.0234375      0.01328125             132              64
31400             122              67     0.023828125    0.0130859375             132              65
31500             122              67     0.023828125    0.0130859375             132              65
31600             122              67     0.023828125    0.0130859375             133              66
31700             122              67     0.023828125    0.0130859375             133              66
31800             122              67     0.023828125    0.0130859375             133              66
31900             122              67     0.023828125    0.0130859375             133              66
32000             122              67     0.023828125    0.0130859375             133              66
32100             122              67     0.023828125    0.0130859375             133              66
32200             122              67     0.023828125    0.0130859375             133              66
32300             122              67     0.023828125    0.0130859375             133              66
32400             122              67     0.023828125    0.0130859375             134              67
32500             122              67     0.023828125    0.0130859375             134              67
32600             122              67     0.023828125    0.0130859375             134              67
32700             122              67     0.023828125    0.0130859375             134              67
32800             120              68       0.0234375      0.01328125             135              67
32900             118              69     0.023046875    0.0134765625             136              67
33000             118              69     0.023046875    0.0134765625             136              67
33100             120              68       0.0234375      0.01328125             136              68
33200             120              68       0.0234375      0.01328125             136              68
33300             122              67     0.023828125    0.0130859375             136              69
33400             122              67     0.023828125    0.0130859375             136              69
33500             124              66      0.02421875     0.012890625             136              70
33600             124              66      0.02421875     0.012890625             136              70
33700             124              66      0.02421875     0.012890625             137              71
33800             124              66      0.02421875     0.012890625             137              71
33900             126              65     0.024609375    0.0126953125             137              72
34000             124              66      0.02421875     0.012890625             138              72
34100             124              66      0.02421875     0.012890625             138              72
34200             122              67     0.023828125    0.0130859375             139              72
34300             124              66      0.02421875     0.012890625             139              73
34400             124              66      0.02421875     0.012890625             139              73
34500             124              66      0.02421875     0.012890625             139              73
34600             122              67     0.023828125    0.0130859375             140              73
34700             124              66      0.02421875     0.012890625             140              74
34800             126              65     0.024609375    0.0126953125             140              75
34900             126              65     0.024609375    0.0126953125             140              75
35000             128              64           0.025          0.0125             140              76
35100             128              64           0.025          0.0125             140              76
35200             126              65     0.024609375    0.0126953125             141              76
35300             126              65     0.024609375    0.0126953125             141              76
35400             126              65     0.024609375    0.0126953125             141              76
35500             124              66      0.02421875     0.012890625             142              76
35600             122              67     0.023828125    0.0130859375             143              76
35700             124              66      0.02421875     0.012890625             143              77
35800             122              67     0.023828125    0.0130859375             144              77
35900             122              67     0.023828125    0.0130859375             144              77
36000             124              66      0.02421875     0.012890625             145              79
36100             120              68       0.0234375      0.01328125             147              79
36200             120              68       0.0234375      0.01328125             147              79
36300             120              68       0.0234375      0.01328125             147              79
36400             120              68       0.0234375      0.01328125             147              79
36500             120              68       0.0234375      0.01328125             147              79
36600             118              69     0.023046875    0.0134765625             148              79
36700             118              69     0.023046875    0.0134765625             148              79
36800             116              70      0.02265625     0.013671875             149              79
36900             116              70      0.02265625     0.013671875             149              79
37000             116              70      0.02265625     0.013671875             149              79
37100             120              68       0.0234375      0.01328125             149              81
37200             120              68       0.0234375      0.01328125             149              81
37300             120              68       0.0234375      0.01328125             149              81
37400             122              67     0.023828125    0.0130859375             149              82
37500             120              68       0.0234375      0.01328125             150              82
37600             120              68       0.0234375      0.01328125             150              82
37700             120              68       0.0234375      0.01328125             150              82
37800             120              68       0.0234375      0.01328125             150              82
37900             122              67     0.023828125    0.0130859375             150              83
38000             122              67     0.023828125    0.0130859375             150              83
38100             124              66      0.02421875     0.012890625             150              84
38200             124              66      0.02421875     0.012890625             150              84
38300             126              65     0.024609375    0.0126953125             150              85
38400             128              64           0.025          0.0125             150              86
38500             128              64           0.025          0.0125             150              86
38600             128              64           0.025          0.0125             150              86
38700             128              64           0.025          0.0125             150              86
38800             128              64           0.025          0.0125             150              86
38900             128              64           0.025          0.0125             150              86
39000             128              64           0.025          0.0125             150              86
39100             128              64           0.025          0.0125             150              86
39200             128              64           0.025          0.0125             150              86
39300             128              64           0.025          0.0125             150              86
39400             128              64           0.025          0.0125             150              86
39500             128              64           0.025          0.0125             150              86
39600             128              64           0.025          0.0125             150              86
39700             128              64           0.025          0.0125             150              86
39800             130              63     0.025390625    0.0123046875             150              87
39900             134              61     0.026171875    0.0119140625             150              89
40000             136              60       0.0265625      0.01171875             150              90
40100             136              60       0.0265625      0.01171875             150              90
40200             134              61     0.026171875    0.0119140625             151              90
40300             134              61     0.026171875    0.0119140625             151              90
40400             132              62      0.02578125     0.012109375             152              90
40500             132              62      0.02578125     0.012109375             152              90
40600             132              62      0.02578125     0.012109375             152              90
40700             132              62      0.02578125     0.012109375             152              90
40800             128              64           0.025          0.0125             154              90
40900             126              65     0.024609375    0.0126953125             155              90
41000             126              65     0.024609375    0.0126953125             155              90
41100             126              65     0.024609375    0.0126953125             155              90
41200             126              65     0.024609375    0.0126953125             155              90
41300             124              66      0.02421875     0.012890625             156              90
41400             124              66      0.02421875     0.012890625             156              90
41500             124              66      0.02421875     0.012890625             156              90
41600             122              67     0.023828125    0.0130859375             157              90
41700             126              65     0.024609375    0.0126953125             157              92
41800             130              63     0.025390625    0.0123046875             157              94
41900             130              63     0.025390625    0.0123046875             157              94
42000             130              63     0.025390625    0.0123046875             157              94
42100             130              63     0.025390625    0.0123046875             157              94
42200             130              63     0.025390625    0.0123046875             157              94
42300             132              62      0.02578125     0.012109375             157              95
42400             134              61     0.026171875    0.0119140625             157              96
42500             134              61     0.026171875    0.0119140625             157              96
42600             134              61     0.026171875    0.0119140625             157              96
42700             132              62      0.02578125     0.012109375             158              96
42800             130              63     0.025390625    0.0123046875             159              96
42900             130              63     0.025390625    0.0123046875             159              96
43000             132              62      0.02578125     0.012109375             159              97
43100             132              62      0.02578125     0.012109375             159              97
43200             132              62      0.02578125     0.012109375             159              97
43300             130              63     0.025390625    0.0123046875             160              97
43400             126              65     0.024609375    0.0126953125             162              97
43500             126              65     0.024609375    0.0126953125             162              97
43600             126              65     0.024609375    0.0126953125             162              97
43700             126              65     0.024609375    0.0126953125             162              97
43800             128              64           0.025          0.0125             162              98
43900             128              64           0.025          0.0125             162              98
44000             128              64           0.025          0.0125             162              98
44100             126              65     0.024609375    0.0126953125             163              98
44200             126              65     0.024609375    0.0126953125             163              98
44300             126              65     0.024609375    0.0126953125             163              98
44400             126              65     0.024609375    0.0126953125             163              98
44500             126              65     0.024609375    0.0126953125             163              98
44600             126              65     0.024609375    0.0126953125             163              98
44700             126              65     0.024609375    0.0126953125             163              98
44800             126              65     0.024609375    0.0126953125             163              98
44900             126              65     0.024609375    0.0126953125             163              98
45000             128              64           0.025          0.0125             163              99
45100             132              62      0.02578125     0.012109375             163             101
45200             130              63     0.025390625    0.0123046875             165             102
45300             128              64           0.025          0.0125             166             102
45400             128              64           0.025          0.0125             166             102
45500             126              65     0.024609375    0.0126953125             167             102
45600             124              66      0.02421875     0.012890625             168             102
45700             124              66      0.02421875     0.012890625             168             102
45800             124              66      0.02421875     0.012890625             168             102
45900             124              66      0.02421875     0.012890625             168             102
46000             126              65     0.024609375    0.0126953125             168             103
46100             126              65     0.024609375    0.0126953125             168             103
46200             128              64           0.025          0.0125             168             104
46300             128              64           0.025          0.0125             168             104
46400             126              65     0.024609375    0.0126953125             169             104
46500             126              65     0.024609375    0.0126953125             169             104
46600             126              65     0.024609375    0.0126953125             169             104
46700             128              64           0.025          0.0125             169             105
46800             128              64           0.025          0.0125             169             105
46900             128              64           0.025          0.0125             169             105
47000             126              65     0.024609375    0.0126953125             170             105
47100             126              65     0.024609375    0.0126953125             170             105
47200             128              64           0.025          0.0125             170             106
47300             130              63     0.025390625    0.0123046875             170             107
47400             130              63     0.025390625    0.0123046875             170             107
47500             134              61     0.026171875    0.0119140625             170             109
47600             132              62      0.02578125     0.012109375             171             109
47700             132              62      0.02578125     0.012109375             171             109
47800             132              62      0.02578125     0.012109375             171             109
47900             132              62      0.02578125     0.012109375             171             109
48000             132              62      0.02578125     0.012109375             171             109
48100             132              62      0.02578125     0.012109375             171             109
48200             130              63     0.025390625    0.0123046875             172             109
48300             130              63     0.025390625    0.0123046875             172             109
48400             128              64           0.025          0.0125             173             109
48500             128              64           0.025          0.0125             173             109
48600             126              65     0.024609375    0.0126953125             174             109
48700             126              65     0.024609375    0.0126953125             174             109
48800             126              65     0.024609375    0.0126953125             174             109
48900             126              65     0.024609375    0.0126953125             174             109
49000             126              65     0.024609375    0.0126953125             174             109
49100             126              65     0.024609375    0.0126953125             174             109
49200             126              65     0.024609375    0.0126953125             174             109
49300             124              66      0.02421875     0.012890625             175             109
49400             124              66      0.02421875     0.012890625             175             109
49500             126              65     0.024609375    0.0126953125             175             110
49600             126              65     0.024609375    0.0126953125             175             110
49700             126              65     0.024609375    0.0126953125             175             110
49800             128              64           0.025          0.0125             175             111
49900             128              64           0.025          0.0125             175             111
50000             128              64           0.025          0.0125             175             111
50100             126              65     0.024609375    0.0126953125             176             111
50200             126              65     0.024609375    0.0126953125             176             111
50300             126              65     0.024609375    0.0126953125             177             112
50400             128              64           0.025          0.0125             177             113
50500             126              65     0.024609375    0.0126953125             178             113
50600             130              63     0.025390625    0.0123046875             178             115
50700             130              63     0.025390625    0.0123046875             178             115
50800             132              62      0.02578125     0.012109375             178             116
50900             134              61     0.026171875    0.0119140625             178             117
51000             134              61     0.026171875    0.0119140625             178             117
51100             134              61     0.026171875    0.0119140625             178             117
51200             134              61     0.026171875    0.0119140625             178             117
51300             136              60       0.0265625      0.01171875             178             118
51400             134              61     0.026171875    0.0119140625             179             118
51500             134              61     0.026171875    0.0119140625             179             118
51600             134              61     0.026171875    0.0119140625             179             118
51700             134              61     0.026171875    0.0119140625             179             118
51800             134              61     0.026171875    0.0119140625             180             119
51900             132              62      0.02578125     0.012109375             181             119
52000             130              63     0.025390625    0.0123046875             182             119
52100             130              63     0.025390625    0.0123046875             182             119
52200             130              63     0.025390625    0.0123046875             182             119
52300             126              65     0.024609375    0.0126953125             184             119
52400             126              65     0.024609375    0.0126953125             184             119
52500             126              65     0.024609375    0.0126953125             184             119
52600             128              64           0.025          0.0125             184             120
52700             130              63     0.025390625    0.0123046875             184             121
52800             130              63     0.025390625    0.0123046875             184             121
52900             130              63     0.025390625    0.0123046875             184             121
53000             130              63     0.025390625    0.0123046875             184             121
53100             130              63     0.025390625    0.0123046875             184             121
53200             128              64           0.025          0.0125             185             121
53300             126              65     0.024609375    0.0126953125             186             121
53400             126              65     0.024609375    0.0126953125             186             121
53500             128              64           0.025          0.0125             186             122
53600             128              64           0.025          0.0125             186             122
53700             128              64           0.025          0.0125             187             123
53800             128              64           0.025          0.0125             187             123
53900             128              64           0.025          0.0125             187             123
54000             130              63     0.025390625    0.0123046875             187             124
54100             130              63     0.025390625    0.0123046875             187             124
54200             130              63     0.025390625    0.0123046875             187             124
54300             128              64           0.025          0.0125             188             124
54400             126              65     0.024609375    0.0126953125             189             124
54500             126              65     0.024609375    0.0126953125             189             124
54600             126              65     0.024609375    0.0126953125             189             124
54700             126              65     0.024609375    0.0126953125             189             124
54800             128              64           0.025          0.0125             189             125
54900             130              63     0.025390625    0.0123046875             189             126
55000             128              64           0.025          0.0125             190             126
55100             128              64           0.025          0.0125             190             126
55200             128              64           0.025          0.0125             190             126
55300             128              64           0.025          0.0125             190             126
55400             128              64           0.025          0.0125             190             126
55500             124              66      0.02421875     0.012890625             192             126
55600             124              66      0.02421875     0.012890625             192             126
55700             126              65     0.024609375    0.0126953125             192             127
55800             126              65     0.024609375    0.0126953125             192             127
55900             126              65     0.024609375    0.0126953125             192             127
56000             126              65     0.024609375    0.0126953125             192             127
56100             126              65     0.024609375    0.0126953125             192             127
56200             124              66      0.02421875     0.012890625             193             127
56300             124              66      0.02421875     0.012890625             193             127
56400             124              66      0.02421875     0.012890625             193             127
56500             124              66      0.02421875     0.012890625             194             128
56600             126              65     0.024609375    0.0126953125             194             129
56700             126              65     0.024609375    0.0126953125             194             129
56800             128              64           0.025          0.0125             194             130
56900             128              64           0.025          0.0125             195             131
57000             128              64           0.025          0.0125             195             131
57100             128              64           0.025          0.0125             196             132
57200             126              65     0.024609375    0.0126953125             197             132
57300             128              64           0.025          0.0125             197             133
57400             128              64           0.025          0.0125             197             133
57500             128              64           0.025          0.0125             197             133
57600             128              64           0.025          0.0125             197             133
57700             126              65     0.024609375    0.0126953125             198             133
57800             126              65     0.024609375    0.0126953125             198             133
57900             126              65     0.024609375    0.0126953125             198             133
58000             126              65     0.024609375    0.0126953125             198             133
58100             126              65     0.024609375    0.0126953125             198             133
58200             126              65     0.024609375    0.0126953125             198             133
58300             128              64           0.025          0.0125             198             134
58400             128              64           0.025          0.0125             198             134
58500             130              63     0.025390625    0.0123046875             198             135
58600             134              61     0.026171875    0.0119140625             198             137
58700             134              61     0.026171875    0.0119140625             198             137
58800             134              61     0.026171875    0.0119140625             198             137
58900             134              61     0.026171875    0.0119140625             198             137
59000             132              62      0.02578125     0.012109375             199             137
59100             134              61     0.026171875    0.0119140625             199             138
59200             134              61     0.026171875    0.0119140625             199             138
59300             134              61     0.026171875    0.0119140625             200             139
59400             134              61     0.026171875    0.0119140625             200             139
59500             136              60       0.0265625      0.01171875             200             140
59600             136              60       0.0265625      0.01171875             200             140
59700             136              60       0.0265625      0.01171875             200             140
59800             134              61     0.026171875    0.0119140625             201             140
59900             132              62      0.02578125     0.012109375             202             140
60000             132              62      0.02578125     0.012109375             202             140
60100             132              62      0.02578125     0.012109375             202             140
60200             132              62      0.02578125     0.012109375             202             140
60300             132              62      0.02578125     0.012109375             202             140
60400             132              62      0.02578125     0.012109375             202             140
60500             134              61     0.026171875    0.0119140625             202             141
60600             134              61     0.026171875    0.0119140625             202             141
60700             134              61     0.026171875    0.0119140625             203             142
60800             134              61     0.026171875    0.0119140625             203             142
60900             134              61     0.026171875    0.0119140625             203             142
61000             134              61     0.026171875    0.0119140625             203             142
61100             134              61     0.026171875    0.0119140625             203             142
61200             134              61     0.026171875    0.0119140625             203             142
61300             134              61     0.026171875    0.0119140625             203             142
61400             138              59     0.026953125    0.0115234375             203             144
61500             144              56        0.028125       0.0109375             203             147
61600             146              55     0.028515625    0.0107421875             203             148
61700             146              55     0.028515625    0.0107421875             203             148
61800             148              54      0.02890625     0.010546875             203             149
61900             148              54      0.02890625     0.010546875             203             149
62000             146              55     0.028515625    0.0107421875             204             149
62100             148              54      0.02890625     0.010546875             204             150
62200             144              56        0.028125       0.0109375             206             150
62300             146              55     0.028515625    0.0107421875             206             151
62400             146              55     0.028515625    0.0107421875             206             151
62500             146              55     0.028515625    0.0107421875             206             151
62600             146              55     0.028515625    0.0107421875             206             151
62700             148              54      0.02890625     0.010546875             206             152
62800             148              54      0.02890625     0.010546875             206             152
62900             148              54      0.02890625     0.010546875             206             152
63000             148              54      0.02890625     0.010546875             206             152
63100             146              55     0.028515625    0.0107421875             207             152
63200             146              55     0.028515625    0.0107421875             208             153
63300             148              54      0.02890625     0.010546875             208             154
63400             148              54      0.02890625     0.010546875             208             154
63500             148              54      0.02890625     0.010546875             208             154
63600             146              55     0.028515625    0.0107421875             209             154
63700             146              55     0.028515625    0.0107421875             209             154
63800             146              55     0.028515625    0.0107421875             209             154
63900             144              56        0.028125       0.0109375             210             154
64000             144              56        0.028125       0.0109375             210             154
64100             140              58      0.02734375     0.011328125             213             155
64200             138              59     0.026953125    0.0115234375             214             155
64300             138              59     0.026953125    0.0115234375             215             156
64400             138              59     0.026953125    0.0115234375             216             157
64500             138              59     0.026953125    0.0115234375             216             157
64600             140              58      0.02734375     0.011328125             216             158
64700             138              59     0.026953125    0.0115234375             217             158
64800             138              59     0.026953125    0.0115234375             217             158
64900             140              58      0.02734375     0.011328125             217             159
65000             140              58      0.02734375     0.011328125             217             159
65100             138              59     0.026953125    0.0115234375             218             159
65200             138              59     0.026953125    0.0115234375             218             159
65300             140              58      0.02734375     0.011328125             218             160
65400             136              60       0.0265625      0.01171875             220             160
65500             132              62      0.02578125     0.012109375             222             160
65600             132              62      0.02578125     0.012109375             222             160
65700             132              62      0.02578125     0.012109375             222             160
65800             130              63     0.025390625    0.0123046875             223             160
65900             130              63     0.025390625    0.0123046875             223             160
66000             130              63     0.025390625    0.0123046875             223             160
66100             130              63     0.025390625    0.0123046875             223             160
66200             128              64           0.025          0.0125             224             160
66300             130              63     0.025390625    0.0123046875             224             161
66400             130              63     0.025390625    0.0123046875             224             161
66500             130              63     0.025390625    0.0123046875             224             161
66600             132              62      0.02578125     0.012109375             224             162
66700             132              62      0.02578125     0.012109375             224             162
66800             134              61     0.026171875    0.0119140625             224             163
66900             134              61     0.026171875    0.0119140625             225             164
67000             134              61     0.026171875    0.0119140625             225             164
67100             132              62      0.02578125     0.012109375             226             164
67200             130              63     0.025390625    0.0123046875             227             164
67300             128              64           0.025          0.0125             228             164
67400             130              63     0.025390625    0.0123046875             228             165
67500             130              63     0.025390625    0.0123046875             228             165
67600             126              65     0.024609375    0.0126953125             230             165
67700             126              65     0.024609375    0.0126953125             230             165
67800             126              65     0.024609375    0.0126953125             231             166
67900             126              65     0.024609375    0.0126953125             231             166
68000             122              67     0.023828125    0.0130859375             233             166
68100             126              65     0.024609375    0.0126953125             233             168
68200             126              65     0.024609375    0.0126953125             233             168
68300             128              64           0.025          0.0125             233             169
68400             130              63     0.025390625    0.0123046875             233             170
68500             128              64           0.025          0.0125             234             170
68600             128              64           0.025          0.0125             235             171
68700             128              64           0.025          0.0125             236             172
68800             128              64           0.025          0.0125             236             172
68900             128              64           0.025          0.0125             236             172
69000             130              63     0.025390625    0.0123046875             236             173
69100             130              63     0.025390625    0.0123046875             236             173
69200             130              63     0.025390625    0.0123046875             236             173
69300             134              61     0.026171875    0.0119140625             236             175
69400             134              61     0.026171875    0.0119140625             236             175
69500             132              62      0.02578125     0.012109375             237             175
69600             132              62      0.02578125     0.012109375             237             175
69700             132              62      0.02578125     0.012109375             238             176
69800             134              61     0.026171875    0.0119140625             238             177
69900             136              60       0.0265625      0.01171875             238             178
70000             136              60       0.0265625      0.01171875             238             178
70100             136              60       0.0265625      0.01171875             238             178
70200             136              60       0.0265625      0.01171875             238             178
70300             136              60       0.0265625      0.01171875             238             178
70400             136              60       0.0265625      0.01171875             238             178
70500             136              60       0.0265625      0.01171875             238             178
70600             136              60       0.0265625      0.01171875             238             178
70700             136              60       0.0265625      0.01171875             238             178
70800             134              61     0.026171875    0.0119140625             239             178
70900             134              61     0.026171875    0.0119140625             239             178
71000             134              61     0.026171875    0.0119140625             239             178
71100             134              61     0.026171875    0.0119140625             239             178
71200             136              60       0.0265625      0.01171875             239             179
71300             136              60       0.0265625      0.01171875             239             179
71400             138              59     0.026953125    0.0115234375             239             180
71500             138              59     0.026953125    0.0115234375             239             180
71600             136              60       0.0265625      0.01171875             240             180
71700             134              61     0.026171875    0.0119140625             242             181
71800             132              62      0.02578125     0.012109375             243             181
71900             134              61     0.026171875    0.0119140625             243             182
72000             136              60       0.0265625      0.01171875             243             183
72100             136              60       0.0265625      0.01171875             243             183
72200             134              61     0.026171875    0.0119140625             244             183
72300             136              60       0.0265625      0.01171875             244             184
72400             136              60       0.0265625      0.01171875             244             184
72500             136              60       0.0265625      0.01171875             244             184
72600             132              62      0.02578125     0.012109375             246             184
72700             134              61     0.026171875    0.0119140625             246             185
72800             138              59     0.026953125    0.0115234375             246             187
72900             130              63     0.025390625    0.0123046875             250             187
73000             128              64           0.025          0.0125             251             187
73100             130              63     0.025390625    0.0123046875             251             188
73200             128              64           0.025          0.0125             252             188
73300             126              65     0.024609375    0.0126953125             254             189
73400             124              66      0.02421875     0.012890625             255             189
73500             124              66      0.02421875     0.012890625             255             189
73600             124              66      0.02421875     0.012890625             255             189
73700             126              65     0.024609375    0.0126953125             255             190
73800             128              64           0.025          0.0125             255             191
73900             128              64           0.025          0.0125             255             191
74000             130              63     0.025390625    0.0123046875             255             192
74100             130              63     0.025390625    0.0123046875             255             192
74200             130              63     0.025390625    0.0123046875             255             192
74300             132              62      0.02578125     0.012109375             255             193
74400             132              62      0.02578125     0.012109375             255             193
74500             132              62      0.02578125     0.012109375             255             193
74600             132              62      0.02578125     0.012109375             255             193
74700             134              61     0.026171875    0.0119140625             255             194
74800             136              60       0.0265625      0.01171875             255             195
74900             136              60       0.0265625      0.01171875             255             195
75000             134              61     0.026171875    0.0119140625             256             195
75100             134              61     0.026171875    0.0119140625             256             195
75200             132              62      0.02578125     0.012109375             257             195
75300             132              62      0.02578125     0.012109375             257             195
75400             134              61     0.026171875    0.0119140625             257             196
75500             136              60       0.0265625      0.01171875             257             197
75600             136              60       0.0265625      0.01171875             257             197
75700             136              60       0.0265625      0.01171875             257             197
75800             136              60       0.0265625      0.01171875             257             197
75900             134              61     0.026171875    0.0119140625             258             197
76000             134              61     0.026171875    0.0119140625             258             197
76100             134              61     0.026171875    0.0119140625             258             197
76200             134              61     0.026171875    0.0119140625             258             197
76300             134              61     0.026171875    0.0119140625             258             197
76400             130              63     0.025390625    0.0123046875             260             197
76500             132              62      0.02578125     0.012109375             260             198
76600             130              63     0.025390625    0.0123046875             262             199
76700             132              62      0.02578125     0.012109375             262             200
76800             132              62      0.02578125     0.012109375             263             201
76900             132              62      0.02578125     0.012109375             263             201
77000             132              62      0.02578125     0.012109375             263             201
77100             130              63     0.025390625    0.0123046875             264             201
77200             130              63     0.025390625    0.0123046875             264             201
77300             126              65     0.024609375    0.0126953125             266             201
77400             126              65     0.024609375    0.0126953125             266             201
77500             126              65     0.024609375    0.0126953125             266             201
77600             128              64           0.025          0.0125             266             202
77700             124              66      0.02421875     0.012890625             268             202
77800             126              65     0.024609375    0.0126953125             268             203
77900             128              64           0.025          0.0125             268             204
78000             130              63     0.025390625    0.0123046875             268             205
78100             130              63     0.025390625    0.0123046875             268             205
78200             130              63     0.025390625    0.0123046875             268             205
78300             128              64           0.025          0.0125             269             205
78400             128              64           0.025          0.0125             270             206
78500             128              64           0.025          0.0125             270             206
78600             128              64           0.025          0.0125             270             206
78700             130              63     0.025390625    0.0123046875             270             207
78800             130              63     0.025390625    0.0123046875             270             207
78900             130              63     0.025390625    0.0123046875             270             207
79000             130              63     0.025390625    0.0123046875             270             207
79100             130              63     0.025390625    0.0123046875             270             207
79200             130              63     0.025390625    0.0123046875             270             207
79300             128              64           0.025          0.0125             271             207
79400             128              64           0.025          0.0125             271             207
79500             128              64           0.025          0.0125             271             207
79600             126              65     0.024609375    0.0126953125             272             207
79700             126              65     0.024609375    0.0126953125             272             207
79800             126              65     0.024609375    0.0126953125             272             207
79900             124              66      0.02421875     0.012890625             273             207
80000             124              66      0.02421875     0.012890625             273             207
80100             126              65     0.024609375    0.0126953125             273             208
80200             126              65     0.024609375    0.0126953125             273             208
80300             126              65     0.024609375    0.0126953125             273             208
80400             126              65     0.024609375    0.0126953125             273             208
80500             130              63     0.025390625    0.0123046875             273             210
80600             130              63     0.025390625    0.0123046875             273             210
80700             130              63     0.025390625    0.0123046875             273             210
80800             128              64           0.025          0.0125             274             210
80900             128              64           0.025          0.0125             274             210
81000             128              64           0.025          0.0125             274             210
81100             126              65     0.024609375    0.0126953125             275             210
81200             122              67     0.023828125    0.0130859375             277             210
81300             122              67     0.023828125    0.0130859375             277             210
81400             122              67     0.023828125    0.0130859375             277             210
81500             124              66      0.02421875     0.012890625             277             211
81600             126              65     0.024609375    0.0126953125             277             212
81700             126              65     0.024609375    0.0126953125             278             213
81800             124              66      0.02421875     0.012890625             279             213
81900             124              66      0.02421875     0.012890625             279             213
82000             124              66      0.02421875     0.012890625             279             213
82100             126              65     0.024609375    0.0126953125             279             214
82200             126              65     0.024609375    0.0126953125             279             214
82300             126              65     0.024609375    0.0126953125             279             214
82400             126              65     0.024609375    0.0126953125             279             214
82500             126              65     0.024609375    0.0126953125             279             214
82600             126              65     0.024609375    0.0126953125             279             214
82700             126              65     0.024609375    0.0126953125             279             214
82800             126              65     0.024609375    0.0126953125             279             214
82900             126              65     0.024609375    0.0126953125             279             214
83000             126              65     0.024609375    0.0126953125             279             214
83100             128              64           0.025          0.0125             279             215
83200             126              65     0.024609375    0.0126953125             280             215
83300             128              64           0.025          0.0125             280             216
83400             128              64           0.025          0.0125             280             216
83500             128              64           0.025          0.0125             280             216
83600             128              64           0.025          0.0125             280             216
83700             128              64           0.025          0.0125             280             216
83800             126              65     0.024609375    0.0126953125             281             216
83900             126              65     0.024609375    0.0126953125             281             216
84000             126              65     0.024609375    0.0126953125             281             216
84100             130              63     0.025390625    0.0123046875             281             218
84200             130              63     0.025390625    0.0123046875             281             218
84300             130              63     0.025390625    0.0123046875             281             218
84400             132              62      0.02578125     0.012109375             281             219
84500             132              62      0.02578125     0.012109375             281             219
84600             134              61     0.026171875    0.0119140625             281             220
84700             134              61     0.026171875    0.0119140625             281             220
84800             132              62      0.02578125     0.012109375             282             220
84900             134              61     0.026171875    0.0119140625             282             221
85000             136              60       0.0265625      0.01171875             282             222
85100             136              60       0.0265625      0.01171875             282             222
85200             134              61     0.026171875    0.0119140625             283             222
85300             134              61     0.026171875    0.0119140625             283             222
85400             136              60       0.0265625      0.01171875             283             223
85500             136              60       0.0265625      0.01171875             283             223
85600             134              61     0.026171875    0.0119140625             284             223
85700             138              59     0.026953125    0.0115234375             284             225
85800             138              59     0.026953125    0.0115234375             284             225
85900             140              58      0.02734375     0.011328125             284             226
86000             140              58      0.02734375     0.011328125             284             226
86100             140              58      0.02734375     0.011328125             284             226
86200             138              59     0.026953125    0.0115234375             285             226
86300             140              58      0.02734375     0.011328125             285             227
86400             136              60       0.0265625      0.01171875             287             227
86500             134              61     0.026171875    0.0119140625             288             227
86600             134              61     0.026171875    0.0119140625             288             227
86700             134              61     0.026171875    0.0119140625             288             227
86800             136              60       0.0265625      0.01171875             288             228
86900             136              60       0.0265625      0.01171875             288             228
87000             138              59     0.026953125    0.0115234375             288             229
87100             136              60       0.0265625      0.01171875             289             229
87200             136              60       0.0265625      0.01171875             289             229
87300             134              61     0.026171875    0.0119140625             290             229
87400             134              61     0.026171875    0.0119140625             290             229
87500             134              61     0.026171875    0.0119140625             290             229
87600             134              61     0.026171875    0.0119140625             290             229
87700             134              61     0.026171875    0.0119140625             290             229
87800             134              61     0.026171875    0.0119140625             290             229
87900             136              60       0.0265625      0.01171875             290             230
88000             136              60       0.0265625      0.01171875             290             230
88100             138              59     0.026953125    0.0115234375             290             231
88200             136              60       0.0265625      0.01171875             291             231
88300             132              62      0.02578125     0.012109375             293             231
88400             132              62      0.02578125     0.012109375             293             231
88500             134              61     0.026171875    0.0119140625             293             232
88600             134              61     0.026171875    0.0119140625             293             232
88700             132              62      0.02578125     0.012109375             294             232
88800             132              62      0.02578125     0.012109375             294             232
88900             132              62      0.02578125     0.012109375             294             232
89000             130              63     0.025390625    0.0123046875             295             232
89100             130              63     0.025390625    0.0123046875             295             232
89200             132              62      0.02578125     0.012109375             295             233
89300             130              63     0.025390625    0.0123046875             296             233
89400             130              63     0.025390625    0.0123046875             296             233
89500             128              64           0.025          0.0125             297             233
89600             130              63     0.025390625    0.0123046875             297             234
89700             130              63     0.025390625    0.0123046875             297             234
89800             130              63     0.025390625    0.0123046875             297             234
89900             132              62      0.02578125     0.012109375             297             235
90000             132              62      0.02578125     0.012109375             297             235
90100             132              62      0.02578125     0.012109375             297             235
90200             132              62      0.02578125     0.012109375             297             235
90300             130              63     0.025390625    0.0123046875             298             235
90400             130              63     0.025390625    0.0123046875             298             235
90500             130              63     0.025390625    0.0123046875             298             235
90600             132              62      0.02578125     0.012109375             298             236
90700             132              62      0.02578125     0.012109375             298             236
90800             132              62      0.02578125     0.012109375             298             236
90900             134              61     0.026171875    0.0119140625             298             237
91000             136              60       0.0265625      0.01171875             298             238
91100             136              60       0.0265625      0.01171875             298             238
91200             138              59     0.026953125    0.0115234375             298             239
91300             138              59     0.026953125    0.0115234375             298             239
91400             140              58      0.02734375     0.011328125             298             240
91500             140              58      0.02734375     0.011328125             298             240
91600             142              57     0.027734375    0.0111328125             298             241
91700             142              57     0.027734375    0.0111328125             298             241
91800             142              57     0.027734375    0.0111328125             298             241
91900             142              57     0.027734375    0.0111328125             299             242
92000             140              58      0.02734375     0.011328125             300             242
92100             140              58      0.02734375     0.011328125             300             242
92200             142              57     0.027734375    0.0111328125             300             243
92300             144              56        0.028125       0.0109375             300             244
92400             144              56        0.028125       0.0109375             300             244
92500             142              57     0.027734375    0.0111328125             301             244
92600             142              57     0.027734375    0.0111328125             301             244
92700             142              57     0.027734375    0.0111328125             301             244
92800             142              57     0.027734375    0.0111328125             301             244
92900             140              58      0.02734375     0.011328125             302             244
93000             140              58      0.02734375     0.011328125             302             244
93100             140              58      0.02734375     0.011328125             302             244
93200             140              58      0.02734375     0.011328125             302             244
93300             142              57     0.027734375    0.0111328125             302             245
93400             142              57     0.027734375    0.0111328125             302             245
93500             144              56        0.028125       0.0109375             302             246
93600             142              57     0.027734375    0.0111328125             303             246
93700             142              57     0.027734375    0.0111328125             303             246
93800             142              57     0.027734375    0.0111328125             303             246
93900             142              57     0.027734375    0.0111328125             303             246
94000             144              56        0.028125       0.0109375             303             247
94100             144              56        0.028125       0.0109375             304             248
94200             146              55     0.028515625    0.0107421875             305             250
94300             142              57     0.027734375    0.0111328125             307             250
94400             142              57     0.027734375    0.0111328125             307             250
94500             140              58      0.02734375     0.011328125             309             251
94600             140              58      0.02734375     0.011328125             309             251
94700             142              57     0.027734375    0.0111328125             309             252
94800             142              57     0.027734375    0.0111328125             309             252
94900             144              56        0.028125       0.0109375             309             253
95000             144              56        0.028125       0.0109375             309             253
95100             144              56        0.028125       0.0109375             309             253
95200             144              56        0.028125       0.0109375             310             254
95300             144              56        0.028125       0.0109375             310             254
95400             142              57     0.027734375    0.0111328125             311             254
95500             142              57     0.027734375    0.0111328125             311             254
95600             142              57     0.027734375    0.0111328125             311             254
95700             142              57     0.027734375    0.0111328125             311             254
95800             142              57     0.027734375    0.0111328125             311             254
95900             142              57     0.027734375    0.0111328125             311             254
96000             140              58      0.02734375     0.011328125             312             254
96100             138              59     0.026953125    0.0115234375             313             254
96200             138              59     0.026953125    0.0115234375             313             254
96300             138              59     0.026953125    0.0115234375             313             254
96400             136              60       0.0265625      0.01171875             314             254
96500             136              60       0.0265625      0.01171875             314             254
96600             136              60       0.0265625      0.01171875             314             254
96700             136              60       0.0265625      0.01171875             314             254
96800             136              60       0.0265625      0.01171875             314             254
96900             136              60       0.0265625      0.01171875             314             254
97000             136              60       0.0265625      0.01171875             314             254
97100             136              60       0.0265625      0.01171875             315             255
97200             136              60       0.0265625      0.01171875             315             255
97300             136              60       0.0265625      0.01171875             315             255
97400             136              60       0.0265625      0.01171875             315             255
97500             136              60       0.0265625      0.01171875             315             255
97600             136              60       0.0265625      0.01171875             315             255
97700             136              60       0.0265625      0.01171875             315             255
97800             136              60       0.0265625      0.01171875             315             255
97900             134              61     0.026171875    0.0119140625             316             255
98000             134              61     0.026171875    0.0119140625             316             255
98100             134              61     0.026171875    0.0119140625             316             255
98200             134              61     0.026171875    0.0119140625             316             255
98300             134              61     0.026171875    0.0119140625             316             255
98400             134              61     0.026171875    0.0119140625             316             255
98500             132              62      0.02578125     0.012109375             317             255
98600             134              61     0.026171875    0.0119140625             317             256
98700             134              61     0.026171875    0.0119140625             317             256
98800             136              60       0.0265625      0.01171875             317             257
98900             136              60       0.0265625      0.01171875             317             257
99000             132              62      0.02578125     0.012109375             319             257
99100             130              63     0.025390625    0.0123046875             320             257
99200             134              61     0.026171875    0.0119140625             320             259
99300             134              61     0.026171875    0.0119140625             320             259
99400             136              60       0.0265625      0.01171875             320             260
99500             136              60       0.0265625      0.01171875             320             260
99600             136              60       0.0265625      0.01171875             320             260
99700             140              58      0.02734375     0.011328125             320             262
99800             140              58      0.02734375     0.011328125             320             262
99900             140              58      0.02734375     0.011328125             320             262
100000             140              58      0.02734375     0.011328125             320             262
