# Time-averaged data for fix observ
# TimeStep v_nfree v_ndimer v_cfree v_cdimer f_kinetics[2] f_kinetics[3]
0             256               0            0.05               0               0               0
100             254               1     0.049609375    0.0001953125               1               0
200             254               1     0.049609375    0.0001953125               1               0
300             252               2      0.04921875     0.000390625               2               0
400             252               2      0.04921875     0.000390625               2               0
500             252               2      0.04921875     0.000390625               2               0
600             252               2      0.04921875     0.000390625               2               0
700             252               2      0.04921875     0.000390625               2               0
800             250               3     0.048828125    0.0005859375               3               0
900             250               3     0.048828125    0.0005859375               3               0
1000             248               4       0.0484375      0.00078125               4               0
1100             248               4       0.0484375      0.00078125               4               0
1200             246               5     0.048046875    0.0009765625               5               0
1300             242               7     0.047265625    0.0013671875               7               0
1400             242               7     0.047265625    0.0013671875               7               0
1500             236              10      0.04609375     0.001953125              10               0
1600             236              10      0.04609375     0.001953125              11               1
1700             238               9     0.046484375    0.0017578125              11               2
1800             236              10      0.04609375     0.001953125              12               2
1900             236              10      0.04609375     0.001953125              12               2
2000             236              10      0.04609375     0.001953125              12               2
2100             236              10      0.04609375     0.001953125              13               3
2200             234              11     0.045703125    0.0021484375              14               3
2300             234              11     0.045703125    0.0021484375              14               3
2400             234              11     0.045703125    0.0021484375              14               3
2500             232              12       0.0453125      0.00234375              15               3
2600             230              13     0.044921875    0.0025390625              16               3
2700             230              13     0.044921875    0.0025390625              16               3
2800             228              14      0.04453125     0.002734375              17               3
2900             226              15     0.044140625    0.0029296875              18               3
3000             226              15     0.044140625    0.0029296875              18               3
3100             226              15     0.044140625    0.0029296875              18               3
3200             224              16         0.04375        0.003125              19               3
3300             224              16         0.04375        0.003125              19               3
3400             224              16         0.04375        0.003125              19               3
3500             220              18      0.04296875     0.003515625              21               3
3600             218              19     0.042578125    0.0037109375              22               3
3700             220              18      0.04296875     0.003515625              22               4
3800             220              18      0.04296875     0.003515625              22               4
3900             218              19     0.042578125    0.0037109375              23               4
4000             218              19     0.042578125    0.0037109375              23               4
4100             216              20       0.0421875      0.00390625              24               4
4200             218              19     0.042578125    0.0037109375              24               5
4300             218              19     0.042578125    0.0037109375              24               5
4400             218              19     0.042578125    0.0037109375              24               5
4500             220              18      0.04296875     0.003515625              24               6
4600             220              18      0.04296875     0.003515625              24               6
4700             220              18      0.04296875     0.003515625              24               6
4800             220              18      0.04296875     0.003515625              25               7
4900             218              19     0.042578125    0.0037109375              26               7
5000             222              17     0.043359375    0.0033203125              26               9
5100             224              16         0.04375        0.003125              26              10
5200             224              16         0.04375        0.003125              26              10
5300             226              15     0.044140625    0.0029296875              26              11
5400             226              15     0.044140625    0.0029296875              26              11
5500             226              15     0.044140625    0.0029296875              26              11
5600             224              16         0.04375        0.003125              27              11
5700             224              16         0.04375        0.003125              27              11
5800             226              15     0.044140625    0.0029296875              27              12
5900             228              14      0.04453125     0.002734375              27              13
6000             226              15     0.044140625    0.0029296875              28              13
6100             228              14      0.04453125     0.002734375              28              14
6200             228              14      0.04453125     0.002734375              28              14
6300             228              14      0.04453125     0.002734375              28              14
6400             228              14      0.04453125     0.002734375              28              14
6500             226              15     0.044140625    0.0029296875              29              14
6600             226              15     0.044140625    0.0029296875              29              14
6700             226              15     0.044140625    0.0029296875              29              14
6800             226              15     0.044140625    0.0029296875              29              14
6900             226              15     0.044140625    0.0029296875              29              14
7000             226              15     0.044140625    0.0029296875              29              14
7100             226              15     0.044140625    0.0029296875              29              14
7200             226              15     0.044140625    0.0029296875              29              14
7300             222              17     0.043359375    0.0033203125              31              14
7400             222              17     0.043359375    0.0033203125              31              14
7500             218              19     0.042578125    0.0037109375              33              14
7600             220              18      0.04296875     0.003515625              34              16
7700             220              18      0.04296875     0.003515625              35              17
7800             222              17     0.043359375    0.0033203125              35              18
7900             222              17     0.043359375    0.0033203125              35              18
8000             220              18      0.04296875     0.003515625              36              18
8100             220              18      0.04296875     0.003515625              36              18
8200             218              19     0.042578125    0.0037109375              37              18
8300             214              21     0.041796875    0.0041015625              39              18
8400             216              20       0.0421875      0.00390625              39              19
8500             216              20       0.0421875      0.00390625              39              19
8600             218              19     0.042578125    0.0037109375              39              20
8700             218              19     0.042578125    0.0037109375              39              20
8800             218              19     0.042578125    0.0037109375              39              20
8900             214              21     0.041796875    0.0041015625              41              20
9000             212              22      0.04140625     0.004296875              42              20
9100             214              21     0.041796875    0.0041015625              42              21
9200             214              21     0.041796875    0.0041015625              42              21
9300             216              20       0.0421875      0.00390625              42              22
9400             214              21     0.041796875    0.0041015625              44              23
9500             214              21     0.041796875    0.0041015625              44              23
9600             214              21     0.041796875    0.0041015625              44              23
9700             214              21     0.041796875    0.0041015625              44              23
9800             216              20       0.0421875      0.00390625              44              24
9900             216              20       0.0421875      0.00390625              44              24
10000             214              21     0.041796875    0.0041015625              45              24
10100             212              22      0.04140625     0.004296875              46              24
10200             214              21     0.041796875    0.0041015625              46              25
10300             212              22      0.04140625     0.004296875              47              25
10400             212              22      0.04140625     0.004296875              47              25
10500             210              23     0.041015625    0.0044921875              49              26
10600             214              21     0.041796875    0.0041015625              49              28
10700             212              22      0.04140625     0.004296875              50              28
10800             212              22      0.04140625     0.004296875              51              29
10900             208              24        0.040625       0.0046875              53              29
11000             202              27     0.039453125    0.0052734375              56              29
11100             202              27     0.039453125    0.0052734375              56              29
11200             200              28       0.0390625      0.00546875              57              29
11300             200              28       0.0390625      0.00546875              57              29
11400             202              27     0.039453125    0.0052734375              57              30
11500             202              27     0.039453125    0.0052734375              58              31
11600             204              26      0.03984375     0.005078125              58              32
11700             204              26      0.03984375     0.005078125              58              32
11800             204              26      0.03984375     0.005078125              58              32
11900             200              28       0.0390625      0.00546875              60              32
12000             202              27     0.039453125    0.0052734375              61              34
12100             200              28       0.0390625      0.00546875              62              34
12200             200              28       0.0390625      0.00546875              62              34
12300             200              28       0.0390625      0.00546875              62              34
12400             200              28       0.0390625      0.00546875              62              34
12500             200              28       0.0390625      0.00546875              62              34
12600             200              28       0.0390625      0.00546875              62              34
12700             198              29     0.038671875    0.0056640625              63              34
12800             200              28       0.0390625      0.00546875              63              35
12900             200              28       0.0390625      0.00546875              63              35
13000             200              28       0.0390625      0.00546875              63              35
13100             200              28       0.0390625      0.00546875              63              35
13200             202              27     0.039453125    0.0052734375              63              36
13300             202              27     0.039453125    0.0052734375              63              36
13400             204              26      0.03984375     0.005078125              63              37
13500             204              26      0.03984375     0.005078125              64              38
13600             202              27     0.039453125    0.0052734375              65              38
13700             204              26      0.03984375     0.005078125              65              39
13800             204              26      0.03984375     0.005078125              66              40
13900             204              26      0.03984375     0.005078125              66              40
14000             204              26      0.03984375     0.005078125              66              40
14100             204              26      0.03984375     0.005078125              66              40
14200             206              25     0.040234375    0.0048828125              66              41
14300             208              24        0.040625       0.0046875              66              42
14400             206              25     0.040234375    0.0048828125              67              42
14500             206              25     0.040234375    0.0048828125              67              42
14600             204              26      0.03984375     0.005078125              69              43
14700             204              26      0.03984375     0.005078125              69              43
14800             206              25     0.040234375    0.0048828125              69              44
14900             210              23     0.041015625    0.0044921875              70              47
15000             208              24        0.040625       0.0046875              71              47
15100             208              24        0.040625       0.0046875              71              47
15200             208              24        0.040625       0.0046875              71              47
15300             206              25     0.040234375    0.0048828125              72              47
15400             208              24        0.040625       0.0046875              72              48
15500             208              24        0.040625       0.0046875              72              48
15600             206              25     0.040234375    0.0048828125              73              48
15700             206              25     0.040234375    0.0048828125              74              49
15800             206              25     0.040234375    0.0048828125              74              49
15900             206              25     0.040234375    0.0048828125              74              49
16000             206              25     0.040234375    0.0048828125              74              49
16100             206              25     0.040234375    0.0048828125              74              49
16200             206              25     0.040234375    0.0048828125              75              50
16300             208              24        0.040625       0.0046875              75              51
16400             208              24        0.040625       0.0046875              75              51
16500             208              24        0.040625       0.0046875              75              51
16600             210              23     0.041015625    0.0044921875              75              52
16700             212              22      0.04140625     0.004296875              76              54
16800             212              22      0.04140625     0.004296875              76              54
16900             212              22      0.04140625     0.004296875              76              54
17000             214              21     0.041796875    0.0041015625              76              55
17100             214              21     0.041796875    0.0041015625              76              55
17200             216              20       0.0421875      0.00390625              77              57
17300             216              20       0.0421875      0.00390625              78              58
17400             218              19     0.042578125    0.0037109375              78              59
17500             218              19     0.042578125    0.0037109375              78              59
17600             218              19     0.042578125    0.0037109375              78              59
17700             218              19     0.042578125    0.0037109375              79              60
17800             220              18      0.04296875     0.003515625              79              61
17900             220              18      0.04296875     0.003515625              80              62
18000             220              18      0.04296875     0.003515625              80              62
18100             218              19     0.042578125    0.0037109375              81              62
18200             218              19     0.042578125    0.0037109375              82              63
18300             220              18      0.04296875     0.003515625              82              64
18400             222              17     0.043359375    0.0033203125              83              66
18500             224              16         0.04375        0.003125              83              67
18600             224              16         0.04375        0.003125              84              68
18700             224              16         0.04375        0.003125              84              68
18800             222              17     0.043359375    0.0033203125              85              68
18900             220              18      0.04296875     0.003515625              86              68
19000             218              19     0.042578125    0.0037109375              87              68
19100             218              19     0.042578125    0.0037109375              87              68
19200             218              19     0.042578125    0.0037109375              87              68
19300             218              19     0.042578125    0.0037109375              87              68
19400             216              20       0.0421875      0.00390625              88              68
19500             216              20       0.0421875      0.00390625              88              68
19600             214              21     0.041796875    0.0041015625              89              68
19700             214              21     0.041796875    0.0041015625              89              68
19800             214              21     0.041796875    0.0041015625              89              68
19900             212              22      0.04140625     0.004296875              90              68
20000             214              21     0.041796875    0.0041015625              90              69
20100             216              20       0.0421875      0.00390625              90              70
20200             216              20       0.0421875      0.00390625              90              70
20300             216              20       0.0421875      0.00390625              90              70
20400             214              21     0.041796875    0.0041015625              91              70
20500             214              21     0.041796875    0.0041015625              91              70
20600             214              21     0.041796875    0.0041015625              91              70
20700             214              21     0.041796875    0.0041015625              92              71
20800             214              21     0.041796875    0.0041015625              92              71
20900             216              20       0.0421875      0.00390625              92              72
21000             214              21     0.041796875    0.0041015625              93              72
21100             216              20       0.0421875      0.00390625              93              73
21200             214              21     0.041796875    0.0041015625              94              73
21300             214              21     0.041796875    0.0041015625              94              73
21400             214              21     0.041796875    0.0041015625              94              73
21500             216              20       0.0421875      0.00390625              94              74
21600             216              20       0.0421875      0.00390625              94              74
21700             216              20       0.0421875      0.00390625              95              75
21800             218              19     0.042578125    0.0037109375              95              76
21900             216              20       0.0421875      0.00390625              97              77
22000             218              19     0.042578125    0.0037109375              97              78
22100             218              19     0.042578125    0.0037109375              97              78
22200             218              19     0.042578125    0.0037109375              97              78
22300             220              18      0.04296875     0.003515625              97              79
22400             216              20       0.0421875      0.00390625              99              79
22500             214              21     0.041796875    0.0041015625             100              79
22600             216              20       0.0421875      0.00390625             100              80
22700             216              20       0.0421875      0.00390625             100              80
22800             216              20       0.0421875      0.00390625             100              80
22900             216              20       0.0421875      0.00390625             100              80
23000             216              20       0.0421875      0.00390625             100              80
23100             216              20       0.0421875      0.00390625             100              80
23200             212              22      0.04140625     0.004296875             102              80
23300             214              21     0.041796875    0.0041015625             102              81
23400             214              21     0.041796875    0.0041015625             103              82
23500             216              20       0.0421875      0.00390625             103              83
23600             216              20       0.0421875      0.00390625             103              83
23700             212              22      0.04140625     0.004296875             105              83
23800             214              21     0.041796875    0.0041015625             105              84
23900             214              21     0.041796875    0.0041015625             105              84
24000             212              22      0.04140625     0.004296875             106              84
24100             212              22      0.04140625     0.004296875             106              84
24200             212              22      0.04140625     0.004296875             106              84
24300             212              22      0.04140625     0.004296875             106              84
24400             212              22      0.04140625     0.004296875             106              84
24500             212              22      0.04140625     0.004296875             106              84
24600             212              22      0.04140625     0.004296875             106              84
24700             214              21     0.041796875    0.0041015625             106              85
24800             212              22      0.04140625     0.004296875             107              85
24900             212              22      0.04140625     0.004296875             107              85
25000             214              21     0.041796875    0.0041015625             107              86
25100             214              21     0.041796875    0.0041015625             107              86
25200             214              21     0.041796875    0.0041015625             107              86
25300             212              22      0.04140625     0.004296875             108              86
25400             216              20       0.0421875      0.00390625             108              88
25500             216              20       0.0421875      0.00390625             108              88
25600             216              20       0.0421875      0.00390625             108              88
25700             216              20       0.0421875      0.00390625             108              88
25800             218              19     0.042578125    0.0037109375             108              89
25900             218              19     0.042578125    0.0037109375             108              89
26000             216              20       0.0421875      0.00390625             109              89
26100             216              20       0.0421875      0.00390625             109              89
26200             218              19     0.042578125    0.0037109375             109              90
26300             218              19     0.042578125    0.0037109375             109              90
26400             218              19     0.042578125    0.0037109375             109              90
26500             216              20       0.0421875      0.00390625             110              90
26600             216              20       0.0421875      0.00390625             110              90
26700             216              20       0.0421875      0.00390625             110              90
26800             214              21     0.041796875    0.0041015625             111              90
26900             214              21     0.041796875    0.0041015625             111              90
27000             214              21     0.041796875    0.0041015625             111              90
27100             214              21     0.041796875    0.0041015625             111              90
27200             214              21     0.041796875    0.0041015625             112              91
27300             212              22      0.04140625     0.004296875             113              91
27400             212              22      0.04140625     0.004296875             113              91
27500             212              22      0.04140625     0.004296875             113              91
27600             212              22      0.04140625     0.004296875             113              91
27700             214              21     0.041796875    0.0041015625             113              92
27800             212              22      0.04140625     0.004296875             114              92
27900             214              21     0.041796875    0.0041015625             114              93
28000             210              23     0.041015625    0.0044921875             116              93
28100             210              23     0.041015625    0.0044921875             116              93
28200             210              23     0.041015625    0.0044921875             116              93
28300             210              23     0.041015625    0.0044921875             116              93
28400             212              22      0.04140625     0.004296875             116              94
28500             212              22      0.04140625     0.004296875             117              95
28600             210              23     0.041015625    0.0044921875             119              96
28700             208              24        0.040625       0.0046875             120              96
28800             214              21     0.041796875    0.0041015625             120              99
28900             216              20       0.0421875      0.00390625             120             100
29000             214              21     0.041796875    0.0041015625             121             100
29100             214              21     0.041796875    0.0041015625             121             100
29200             214              21     0.041796875    0.0041015625             122             101
29300             214              21     0.041796875    0.0041015625             122             101
29400             216              20       0.0421875      0.00390625             123             103
29500             216              20       0.0421875      0.00390625             123             103
29600             218              19     0.042578125    0.0037109375             123             104
29700             220              18      0.04296875     0.003515625             123             105
29800             218              19     0.042578125    0.0037109375             124             105
29900             222              17     0.043359375    0.0033203125             124             107
30000             220              18      0.04296875     0.003515625             125             107
30100             218              19     0.042578125    0.0037109375             126             107
30200             220              18      0.04296875     0.003515625             126             108
30300             222              17     0.043359375    0.0033203125             127             110
30400             222              17     0.043359375    0.0033203125             128             111
30500             222              17     0.043359375    0.0033203125             128             111
30600             222              17     0.043359375    0.0033203125             128             111
30700             220              18      0.04296875     0.003515625             129             111
30800             220              18      0.04296875     0.003515625             129             111
30900             220              18      0.04296875     0.003515625             129             111
31000             218              19     0.042578125    0.0037109375             130             111
31100             214              21     0.041796875    0.0041015625             132             111
31200             214              21     0.041796875    0.0041015625             132             111
31300             212              22      0.04140625     0.004296875             133             111
31400             212              22      0.04140625     0.004296875             134             112
31500             216              20       0.0421875      0.00390625             134             114
31600             220              18      0.04296875     0.003515625             134             116
31700             212              22      0.04140625     0.004296875             138             116
31800             212              22      0.04140625     0.004296875             140             118
31900             216              20       0.0421875      0.00390625             140             120
32000             216              20       0.0421875      0.00390625             140             120
32100             216              20       0.0421875      0.00390625             140             120
32200             218              19     0.042578125    0.0037109375             140             121
32300             218              19     0.042578125    0.0037109375             140             121
32400             220              18      0.04296875     0.003515625             140             122
32500             218              19     0.042578125    0.0037109375             142             123
32600             216              20       0.0421875      0.00390625             143             123
32700             218              19     0.042578125    0.0037109375             143             124
32800             214              21     0.041796875    0.0041015625             145             124
32900             210              23     0.041015625    0.0044921875             147             124
33000             208              24        0.040625       0.0046875             149             125
33100             208              24        0.040625       0.0046875             149             125
33200             212              22      0.04140625     0.004296875             149             127
33300             216              20       0.0421875      0.00390625             149             129
33400             216              20       0.0421875      0.00390625             149             129
33500             210              23     0.041015625    0.0044921875             152             129
33600             212              22      0.04140625     0.004296875             152             130
33700             220              18      0.04296875     0.003515625             152             134
33800             218              19     0.042578125    0.0037109375             153             134
33900             218              19     0.042578125    0.0037109375             153             134
34000             218              19     0.042578125    0.0037109375             153             134
34100             216              20       0.0421875      0.00390625             154             134
34200             216              20       0.0421875      0.00390625             154             134
34300             216              20       0.0421875      0.00390625             154             134
34400             216              20       0.0421875      0.00390625             154             134
34500             218              19     0.042578125    0.0037109375             155             136
34600             214              21     0.041796875    0.0041015625             157             136
34700             212              22      0.04140625     0.004296875             159             137
34800             212              22      0.04140625     0.004296875             159             137
34900             212              22      0.04140625     0.004296875             159             137
35000             212              22      0.04140625     0.004296875             159             137
35100             214              21     0.041796875    0.0041015625             159             138
35200             212              22      0.04140625     0.004296875             160             138
35300             216              20       0.0421875      0.00390625             160             140
35400             216              20       0.0421875      0.00390625             160             140
35500             216              20       0.0421875      0.00390625             160             140
35600             218              19     0.042578125    0.0037109375             160             141
35700             218              19     0.042578125    0.0037109375             160             141
35800             214              21     0.041796875    0.0041015625             162             141
35900             210              23     0.041015625    0.0044921875             164             141
36000             212              22      0.04140625     0.004296875             164             142
36100             214              21     0.041796875    0.0041015625             164             143
36200             212              22      0.04140625     0.004296875             165             143
36300             212              22      0.04140625     0.004296875             165             143
36400             214              21     0.041796875    0.0041015625             165             144
36500             214              21     0.041796875    0.0041015625             165             144
36600             216              20       0.0421875      0.00390625             165             145
36700             220              18      0.04296875     0.003515625             165             147
36800             220              18      0.04296875     0.003515625             165             147
36900             220              18      0.04296875     0.003515625             165             147
37000             220              18      0.04296875     0.003515625             165             147
37100             220              18      0.04296875     0.003515625             165             147
37200             220              18      0.04296875     0.003515625             166             148
37300             218              19     0.042578125    0.0037109375             167             148
37400             214              21     0.041796875    0.0041015625             169             148
37500             212              22      0.04140625     0.004296875             170             148
37600             212              22      0.04140625     0.004296875             170             148
37700             210              23     0.041015625    0.0044921875             171             148
37800             210              23     0.041015625    0.0044921875             172             149
37900             210              23     0.041015625    0.0044921875             172             149
38000             208              24        0.040625       0.0046875             174             150
38100             206              25     0.040234375    0.0048828125             175             150
38200             206              25     0.040234375    0.0048828125             175             150
38300             206              25     0.040234375    0.0048828125             175             150
38400             204              26      0.03984375     0.005078125             176             150
38500             202              27     0.039453125    0.0052734375             177             150
38600             202              27     0.039453125    0.0052734375             177             150
38700             202              27     0.039453125    0.0052734375             177             150
38800             200              28       0.0390625      0.00546875             178             150
38900             200              28       0.0390625      0.00546875             178             150
39000             200              28       0.0390625      0.00546875             178             150
39100             202              27     0.039453125    0.0052734375             178             151
39200             204              26      0.03984375     0.005078125             178             152
39300             204              26      0.03984375     0.005078125             178             152
39400             202              27     0.039453125    0.0052734375             179             152
39500             200              28       0.0390625      0.00546875             181             153
39600             202              27     0.039453125    0.0052734375             181             154
39700             202              27     0.039453125    0.0052734375             181             154
39800             200              28       0.0390625      0.00546875             182             154
39900             200              28       0.0390625      0.00546875             182             154
40000             202              27     0.039453125    0.0052734375             182             155
40100             202              27     0.039453125    0.0052734375             182             155
40200             202              27     0.039453125    0.0052734375             182             155
40300             202              27     0.039453125    0.0052734375             182             155
40400             202              27     0.039453125    0.0052734375             182             155
40500             202              27     0.039453125    0.0052734375             182             155
40600             202              27     0.039453125    0.0052734375             182             155
40700             202              27     0.039453125    0.0052734375             182             155
40800             200              28       0.0390625      0.00546875             183             155
40900             198              29     0.038671875    0.0056640625             184             155
41000             198              29     0.038671875    0.0056640625             184             155
41100             198              29     0.038671875    0.0056640625             184             155
41200             196              30      0.03828125     0.005859375             185             155
41300             196              30      0.03828125     0.005859375             185             155
41400             198              29     0.038671875    0.0056640625             185             156
41500             200              28       0.0390625      0.00546875             185             157
41600             202              27     0.039453125    0.0052734375             185             158
41700             204              26      0.03984375     0.005078125             185             159
41800             202              27     0.039453125    0.0052734375             186             159
41900             200              28       0.0390625      0.00546875             187             159
42000             202              27     0.039453125    0.0052734375             187             160
42100             208              24        0.040625       0.0046875             187             163
42200             210              23     0.041015625    0.0044921875             187             164
42300             210              23     0.041015625    0.0044921875             187             164
42400             214              21     0.041796875    0.0041015625             187             166
42500             212              22      0.04140625     0.004296875             188             166
42600             212              22      0.04140625     0.004296875             188             166
42700             214              21     0.041796875    0.0041015625             188             167
42800             216              20       0.0421875      0.00390625             188             168
42900             222              17     0.043359375    0.0033203125             189             172
43000             224              16         0.04375        0.003125             189             173
43100             226              15     0.044140625    0.0029296875             189             174
43200             228              14      0.04453125     0.002734375             189             175
43300             226              15     0.044140625    0.0029296875             190             175
43400             226              15     0.044140625    0.0029296875             190             175
43500             226              15     0.044140625    0.0029296875             191             176
43600             228              14      0.04453125     0.002734375             192             178
43700             228              14      0.04453125     0.002734375             192             178
43800             228              14      0.04453125     0.002734375             192             178
43900             228              14      0.04453125     0.002734375             192             178
44000             226              15     0.044140625    0.0029296875             193             178
44100             226              15     0.044140625    0.0029296875             193             178
44200             230              13     0.044921875    0.0025390625             194             181
44300             232              12       0.0453125      0.00234375             194             182
44400             230              13     0.044921875    0.0025390625             195             182
44500             230              13     0.044921875    0.0025390625             195             182
44600             230              13     0.044921875    0.0025390625             195             182
44700             228              14      0.04453125     0.002734375             196             182
44800             228              14      0.04453125     0.002734375             196             182
44900             228              14      0.04453125     0.002734375             196             182
45000             226              15     0.044140625    0.0029296875             197             182
45100             224              16         0.04375        0.003125             198             182
45200             228              14      0.04453125     0.002734375             198             184
45300             226              15     0.044140625    0.0029296875             199             184
45400             224              16         0.04375        0.003125             201             185
45500             220              18      0.04296875     0.003515625             203             185
45600             220              18      0.04296875     0.003515625             203             185
45700             226              15     0.044140625    0.0029296875             203             188
45800             226              15     0.044140625    0.0029296875             203             188
45900             228              14      0.04453125     0.002734375             203             189
46000             226              15     0.044140625    0.0029296875             204             189
46100             222              17     0.043359375    0.0033203125             206             189
46200             222              17     0.043359375    0.0033203125             206             189
46300             224              16         0.04375        0.003125             206             190
46400             222              17     0.043359375    0.0033203125             207             190
46500             224              16         0.04375        0.003125             207             191
46600             224              16         0.04375        0.003125             207             191
46700             226              15     0.044140625    0.0029296875             207             192
46800             226              15     0.044140625    0.0029296875             207             192
46900             228              14      0.04453125     0.002734375             207             193
47000             228              14      0.04453125     0.002734375             207             193
47100             228              14      0.04453125     0.002734375             207             193
47200             228              14      0.04453125     0.002734375             207             193
47300             228              14      0.04453125     0.002734375             208             194
47400             224              16         0.04375        0.003125             210             194
47500             224              16         0.04375        0.003125             211             195
47600             220              18      0.04296875     0.003515625             213             195
47700             220              18      0.04296875     0.003515625             213             195
47800             220              18      0.04296875     0.003515625             213             195
47900             220              18      0.04296875     0.003515625             213             195
48000             222              17     0.043359375    0.0033203125             213             196
48100             218              19     0.042578125    0.0037109375             215             196
48200             220              18      0.04296875     0.003515625             215             197
48300             218              19     0.042578125    0.0037109375             216             197
48400             218              19     0.042578125    0.0037109375             216             197
48500             220              18      0.04296875     0.003515625             216             198
48600             220              18      0.04296875     0.003515625             216             198
48700             220              18      0.04296875     0.003515625             216             198
48800             222              17     0.043359375    0.0033203125             216             199
48900             220              18      0.04296875     0.003515625             217             199
49000             220              18      0.04296875     0.003515625             217             199
49100             220              18      0.04296875     0.003515625             218             200
49200             220              18      0.04296875     0.003515625             218             200
49300             218              19     0.042578125    0.0037109375             219             200
49400             216              20       0.0421875      0.00390625             220             200
49500             218              19     0.042578125    0.0037109375             220             201
49600             216              20       0.0421875      0.00390625             221             201
49700             218              19     0.042578125    0.0037109375             221             202
49800             218              19     0.042578125    0.0037109375             221             202
49900             220              18      0.04296875     0.003515625             221             203
50000             222              17     0.043359375    0.0033203125             221             204
50100             220              18      0.04296875     0.003515625             222             204
50200             220              18      0.04296875     0.003515625             222             204
50300             218              19     0.042578125    0.0037109375             223             204
50400             216              20       0.0421875      0.00390625             224             204
50500             216              20       0.0421875      0.00390625             224             204
50600             216              20       0.0421875      0.00390625             224             204
50700             218              19     0.042578125    0.0037109375             224             205
50800             218              19     0.042578125    0.0037109375             225             206
50900             220              18      0.04296875     0.003515625             225             207
51000             222              17     0.043359375    0.0033203125             225             208
51100             222              17     0.043359375    0.0033203125             225             208
51200             222              17     0.043359375    0.0033203125             225             208
51300             220              18      0.04296875     0.003515625             226             208
51400             216              20       0.0421875      0.00390625             228             208
51500             214              21     0.041796875    0.0041015625             229             208
51600             216              20       0.0421875      0.00390625             229             209
51700             216              20       0.0421875      0.00390625             229             209
51800             216              20       0.0421875      0.00390625             229             209
51900             216              20       0.0421875      0.00390625             229             209
52000             216              20       0.0421875      0.00390625             229             209
52100             216              20       0.0421875      0.00390625             230             210
52200             216              20       0.0421875      0.00390625             230             210
52300             214              21     0.041796875    0.0041015625             231             210
52400             216              20       0.0421875      0.00390625             231             211
52500             214              21     0.041796875    0.0041015625             233             212
52600             212              22      0.04140625     0.004296875             234             212
52700             212              22      0.04140625     0.004296875             235             213
52800             214              21     0.041796875    0.0041015625             235             214
52900             214              21     0.041796875    0.0041015625             235             214
53000             214              21     0.041796875    0.0041015625             235             214
53100             212              22      0.04140625     0.004296875             236             214
53200             212              22      0.04140625     0.004296875             237             215
53300             216              20       0.0421875      0.00390625             237             217
53400             214              21     0.041796875    0.0041015625             238             217
53500             214              21     0.041796875    0.0041015625             239             218
53600             214              21     0.041796875    0.0041015625             239             218
53700             214              21     0.041796875    0.0041015625             240             219
53800             214              21     0.041796875    0.0041015625             240             219
53900             216              20       0.0421875      0.00390625             241             221
54000             218              19     0.042578125    0.0037109375             241             222
54100             212              22      0.04140625     0.004296875             244             222
54200             212              22      0.04140625     0.004296875             244             222
54300             214              21     0.041796875    0.0041015625             244             223
54400             216              20       0.0421875      0.00390625             244             224
54500             216              20       0.0421875      0.00390625             244             224
54600             216              20       0.0421875      0.00390625             244             224
54700             214              21     0.041796875    0.0041015625             245             224
54800             214              21     0.041796875    0.0041015625             245             224
54900             214              21     0.041796875    0.0041015625             245             224
55000             210              23     0.041015625    0.0044921875             247             224
55100             210              23     0.041015625    0.0044921875             247             224
55200             212              22      0.04140625     0.004296875             247             225
55300             214              21     0.041796875    0.0041015625             247             226
55400             216              20       0.0421875      0.00390625             247             227
55500             218              19     0.042578125    0.0037109375             247             228
55600             218              19     0.042578125    0.0037109375             247             228
55700             218              19     0.042578125    0.0037109375             247             228
55800             218              19     0.042578125    0.0037109375             247             228
55900             218              19     0.042578125    0.0037109375             247             228
56000             218              19     0.042578125    0.0037109375             247             228
56100             218              19     0.042578125    0.0037109375             248             229
56200             216              20       0.0421875      0.00390625             249             229
56300             212              22      0.04140625     0.004296875             251             229
56400             214              21     0.041796875    0.0041015625             251             230
56500             216              20       0.0421875      0.00390625             251             231
56600             216              20       0.0421875      0.00390625             251             231
56700             216              20       0.0421875      0.00390625             251             231
56800             216              20       0.0421875      0.00390625             251             231
56900             216              20       0.0421875      0.00390625             251             231
57000             216              20       0.0421875      0.00390625             251             231
57100             218              19     0.042578125    0.0037109375             251             232
57200             220              18      0.04296875     0.003515625             251             233
57300             220              18      0.04296875     0.003515625             251             233
57400             220              18      0.04296875     0.003515625             251             233
57500             220              18      0.04296875     0.003515625             251             233
57600             218              19     0.042578125    0.0037109375             253             234
57700             220              18      0.04296875     0.003515625             253             235
57800             218              19     0.042578125    0.0037109375             254             235
57900             220              18      0.04296875     0.003515625             254             236
58000             218              19     0.042578125    0.0037109375             256             237
58100             222              17     0.043359375    0.0033203125             256             239
58200             222              17     0.043359375    0.0033203125             256             239
58300             222              17     0.043359375    0.0033203125             256             239
58400             222              17     0.043359375    0.0033203125             257             240
58500             218              19     0.042578125    0.0037109375             259             240
58600             216              20       0.0421875      0.00390625             260             240
58700             214              21     0.041796875    0.0041015625             261             240
58800             214              21     0.041796875    0.0041015625             261             240
58900             214              21     0.041796875    0.0041015625             261             240
59000             206              25     0.040234375    0.0048828125             265             240
59100             204              26      0.03984375     0.005078125             266             240
59200             206              25     0.040234375    0.0048828125             266             241
59300             206              25     0.040234375    0.0048828125             266             241
59400             206              25     0.040234375    0.0048828125             267             242
59500             206              25     0.040234375    0.0048828125             268             243
59600             206              25     0.040234375    0.0048828125             268             243
59700             206              25     0.040234375    0.0048828125             268             243
59800             206              25     0.040234375    0.0048828125             268             243
59900             206              25     0.040234375    0.0048828125             268             243
60000             206              25     0.040234375    0.0048828125             268             243
60100             206              25     0.040234375    0.0048828125             269             244
60200             206              25     0.040234375    0.0048828125             269             244
60300             204              26      0.03984375     0.005078125             270             244
60400             204              26      0.03984375     0.005078125             270             244
60500             204              26      0.03984375     0.005078125             270             244
60600             202              27     0.039453125    0.0052734375             271             244
60700             202              27     0.039453125    0.0052734375             271             244
60800             204              26      0.03984375     0.005078125             271             245
60900             202              27     0.039453125    0.0052734375             272             245
61000             202              27     0.039453125    0.0052734375             272             245
61100             202              27     0.039453125    0.0052734375             273             246
61200             200              28       0.0390625      0.00546875             274             246
61300             200              28       0.0390625      0.00546875             274             246
61400             198              29     0.038671875    0.0056640625             275             246
61500             198              29     0.038671875    0.0056640625             276             247
61600             198              29     0.038671875    0.0056640625             276             247
61700             200              28       0.0390625      0.00546875             276             248
61800             200              28       0.0390625      0.00546875             276             248
61900             200              28       0.0390625      0.00546875             276             248
62000             200              28       0.0390625      0.00546875             276             248
62100             200              28       0.0390625      0.00546875             276             248
62200             200              28       0.0390625      0.00546875             276             248
62300             200              28       0.0390625      0.00546875             276             248
62400             200              28       0.0390625      0.00546875             276             248
62500             200              28       0.0390625      0.00546875             277             249
62600             202              27     0.039453125    0.0052734375             277             250
62700             204              26      0.03984375     0.005078125             277             251
62800             206              25     0.040234375    0.0048828125             277             252
62900             208              24        0.040625       0.0046875             277             253
63000             204              26      0.03984375     0.005078125             279             253
63100             202              27     0.039453125    0.0052734375             280             253
63200             204              26      0.03984375     0.005078125             280             254
63300             206              25     0.040234375    0.0048828125             280             255
63400             204              26      0.03984375     0.005078125             281             255
63500             204              26      0.03984375     0.005078125             282             256
63600             204              26      0.03984375     0.005078125             282             256
63700             204              26      0.03984375     0.005078125             282             256
63800             204              26      0.03984375     0.005078125             283             257
63900             204              26      0.03984375     0.005078125             283             257
64000             202              27     0.039453125    0.0052734375             284             257
64100             202              27     0.039453125    0.0052734375             284             257
64200             200              28       0.0390625      0.00546875             285             257
64300             200              28       0.0390625      0.00546875             285             257
64400             202              27     0.039453125    0.0052734375             285             258
64500             206              25     0.040234375    0.0048828125             285             260
64600             206              25     0.040234375    0.0048828125             285             260
64700             204              26      0.03984375     0.005078125             286             260
64800             206              25     0.040234375    0.0048828125             286             261
64900             208              24        0.040625       0.0046875             286             262
65000             206              25     0.040234375    0.0048828125             287             262
65100             206              25     0.040234375    0.0048828125             287             262
65200             206              25     0.040234375    0.0048828125             287             262
65300             206              25     0.040234375    0.0048828125             288             263
65400             206              25     0.040234375    0.0048828125             288             263
65500             206              25     0.040234375    0.0048828125             289             264
65600             206              25     0.040234375    0.0048828125             289             264
65700             206              25     0.040234375    0.0048828125             289             264
65800             206              25     0.040234375    0.0048828125             289             264
65900             208              24        0.040625       0.0046875             289             265
66000             210              23     0.041015625    0.0044921875             290             267
66100             212              22      0.04140625     0.004296875             291             269
66200             214              21     0.041796875    0.0041015625             291             270
66300             214              21     0.041796875    0.0041015625             292             271
66400             212              22      0.04140625     0.004296875             293             271
66500             212              22      0.04140625     0.004296875             294             272
66600             212              22      0.04140625     0.004296875             294             272
66700             212              22      0.04140625     0.004296875             294             272
66800             214              21     0.041796875    0.0041015625             294             273
66900             214              21     0.041796875    0.0041015625             295             274
67000             216              20       0.0421875      0.00390625             295             275
67100             220              18      0.04296875     0.003515625             295             277
67200             218              19     0.042578125    0.0037109375             296             277
67300             218              19     0.042578125    0.0037109375             296             277
67400             218              19     0.042578125    0.0037109375             296             277
67500             218              19     0.042578125    0.0037109375             296             277
67600             220              18      0.04296875     0.003515625             296             278
67700             216              20       0.0421875      0.00390625             298             278
67800             216              20       0.0421875      0.00390625             298             278
67900             218              19     0.042578125    0.0037109375             298             279
68000             220              18      0.04296875     0.003515625             298             280
68100             220              18      0.04296875     0.003515625             298             280
68200             218              19     0.042578125    0.0037109375             299             280
68300             216              20       0.0421875      0.00390625             300             280
68400             216              20       0.0421875      0.00390625             300             280
68500             218              19     0.042578125    0.0037109375             300             281
68600             218              19     0.042578125    0.0037109375             301             282
68700             218              19     0.042578125    0.0037109375             301             282
68800             220              18      0.04296875     0.003515625             301             283
68900             220              18      0.04296875     0.003515625             301             283
69000             222              17     0.043359375    0.0033203125             301             284
69100             224              16         0.04375        0.003125             301             285
69200             224              16         0.04375        0.003125             301             285
69300             224              16         0.04375        0.003125             301             285
69400             222              17     0.043359375    0.0033203125             302             285
69500             222              17     0.043359375    0.0033203125             302             285
69600             218              19     0.042578125    0.0037109375             304             285
69700             216              20       0.0421875      0.00390625             305             285
69800             216              20       0.0421875      0.00390625             305             285
69900             216              20       0.0421875      0.00390625             305             285
70000             216              20       0.0421875      0.00390625             305             285
70100             216              20       0.0421875      0.00390625             305             285
70200             216              20       0.0421875      0.00390625             305             285
70300             214              21     0.041796875    0.0041015625             307             286
70400             214              21     0.041796875    0.0041015625             307             286
70500             214              21     0.041796875    0.0041015625             307             286
70600             214              21     0.041796875    0.0041015625             307             286
70700             214              21     0.041796875    0.0041015625             308             287
70800             214              21     0.041796875    0.0041015625             308             287
70900             214              21     0.041796875    0.0041015625             308             287
71000             214              21     0.041796875    0.0041015625             308             287
71100             214              21     0.041796875    0.0041015625             308             287
71200             214              21     0.041796875    0.0041015625             309             288
71300             214              21     0.041796875    0.0041015625             309             288
71400             218              19     0.042578125    0.0037109375             309             290
71500             216              20       0.0421875      0.00390625             310             290
71600             216              20       0.0421875      0.00390625             310             290
71700             216              20       0.0421875      0.00390625             310             290
71800             216              20       0.0421875      0.00390625             311             291
71900             216              20       0.0421875      0.00390625             311             291
72000             210              23     0.041015625    0.0044921875             314             291
72100             214              21     0.041796875    0.0041015625             314             293
72200             216              20       0.0421875      0.00390625             314             294
72300             214              21     0.041796875    0.0041015625             316             295
72400             212              22      0.04140625     0.004296875             317             295
72500             214              21     0.041796875    0.0041015625             317             296
72600             212              22      0.04140625     0.004296875             318             296
72700             218              19     0.042578125    0.0037109375             318             299
72800             214              21     0.041796875    0.0041015625             320             299
72900             214              21     0.041796875    0.0041015625             320             299
73000             218              19     0.042578125    0.0037109375             320             301
73100             220              18      0.04296875     0.003515625             320             302
73200             222              17     0.043359375    0.0033203125             320             303
73300             222              17     0.043359375    0.0033203125             320             303
73400             220              18      0.04296875     0.003515625             321             303
73500             222              17     0.043359375    0.0033203125             321             304
73600             222              17     0.043359375    0.0033203125             321             304
73700             224              16         0.04375        0.003125             321             305
73800             224              16         0.04375        0.003125             321             305
73900             222              17     0.043359375    0.0033203125             322             305
74000             222              17     0.043359375    0.0033203125             322             305
74100             222              17     0.043359375    0.0033203125             322             305
74200             220              18      0.04296875     0.003515625             323             305
74300             220              18      0.04296875     0.003515625             323             305
74400             220              18      0.04296875     0.003515625             323             305
74500             220              18      0.04296875     0.003515625             324             306
74600             222              17     0.043359375    0.0033203125             324             307
74700             222              17     0.043359375    0.0033203125             325             308
74800             220              18      0.04296875     0.003515625             326             308
74900             220              18      0.04296875     0.003515625             327             309
75000             220              18      0.04296875     0.003515625             327             309
75100             220              18      0.04296875     0.003515625             327             309
75200             220              18      0.04296875     0.003515625             327             309
75300             216              20       0.0421875      0.00390625             329             309
75400             216              20       0.0421875      0.00390625             329             309
75500             216              20       0.0421875      0.00390625             329             309
75600             220              18      0.04296875     0.003515625             329             311
75700             218              19     0.042578125    0.0037109375             330             311
75800             218              19     0.042578125    0.0037109375             330             311
75900             218              19     0.042578125    0.0037109375             330             311
76000             218              19     0.042578125    0.0037109375             330             311
76100             220              18      0.04296875     0.003515625             330             312
76200             218              19     0.042578125    0.0037109375             331             312
76300             218              19     0.042578125    0.0037109375             331             312
76400             218              19     0.042578125    0.0037109375             331             312
76500             218              19     0.042578125    0.0037109375             331             312
76600             220              18      0.04296875     0.003515625             331             313
76700             220              18      0.04296875     0.003515625             331             313
76800             220              18      0.04296875     0.003515625             331             313
76900             220              18      0.04296875     0.003515625             332             314
77000             218              19     0.042578125    0.0037109375             333             314
77100             218              19     0.042578125    0.0037109375             333             314
77200             218              19     0.042578125    0.0037109375             333             314
77300             216              20       0.0421875      0.00390625             334             314
77400             216              20       0.0421875      0.00390625             334             314
77500             218              19     0.042578125    0.0037109375             334             315
77600             214              21     0.041796875    0.0041015625             336             315
77700             214              21     0.041796875    0.0041015625             336             315
77800             216              20       0.0421875      0.00390625             336             316
77900             216              20       0.0421875      0.00390625             336             316
78000             216              20       0.0421875      0.00390625             336             316
78100             212              22      0.04140625     0.004296875             338             316
78200             212              22      0.04140625     0.004296875             338             316
78300             214              21     0.041796875    0.0041015625             338             317
78400             212              22      0.04140625     0.004296875             339             317
78500             212              22      0.04140625     0.004296875             339             317
78600             210              23     0.041015625    0.0044921875             340             317
78700             210              23     0.041015625    0.0044921875             340             317
78800             208              24        0.040625       0.0046875             341             317
78900             208              24        0.040625       0.0046875             342             318
79000             208              24        0.040625       0.0046875             342             318
79100             208              24        0.040625       0.0046875             342             318
79200             208              24        0.040625       0.0046875             342             318
79300             210              23     0.041015625    0.0044921875             342             319
79400             210              23     0.041015625    0.0044921875             342             319
79500             208              24        0.040625       0.0046875             343             319
79600             204              26      0.03984375     0.005078125             345             319
79700             206              25     0.040234375    0.0048828125             345             320
79800             206              25     0.040234375    0.0048828125             345             320
79900             208              24        0.040625       0.0046875             345             321
80000             214              21     0.041796875    0.0041015625             345             324
80100             214              21     0.041796875    0.0041015625             345             324
80200             214              21     0.041796875    0.0041015625             345             324
80300             214              21     0.041796875    0.0041015625             345             324
80400             214              21     0.041796875    0.0041015625             346             325
80500             212              22      0.04140625     0.004296875             347             325
80600             212              22      0.04140625     0.004296875             347             325
80700             212              22      0.04140625     0.004296875             347             325
80800             212              22      0.04140625     0.004296875             347             325
80900             212              22      0.04140625     0.004296875             347             325
81000             210              23     0.041015625    0.0044921875             348             325
81100             212              22      0.04140625     0.004296875             348             326
81200             212              22      0.04140625     0.004296875             348             326
81300             212              22      0.04140625     0.004296875             348             326
81400             212              22      0.04140625     0.004296875             348             326
81500             212              22      0.04140625     0.004296875             348             326
81600             212              22      0.04140625     0.004296875             348             326
81700             212              22      0.04140625     0.004296875             348             326
81800             214              21     0.041796875    0.0041015625             348             327
81900             216              20       0.0421875      0.00390625             348             328
82000             216              20       0.0421875      0.00390625             348             328
82100             214              21     0.041796875    0.0041015625             349             328
82200             208              24        0.040625       0.0046875             352             328
82300             208              24        0.040625       0.0046875             353             329
82400             208              24        0.040625       0.0046875             354             330
82500             210              23     0.041015625    0.0044921875             354             331
82600             210              23     0.041015625    0.0044921875             354             331
82700             208              24        0.040625       0.0046875             355             331
82800             206              25     0.040234375    0.0048828125             356             331
82900             208              24        0.040625       0.0046875             356             332
83000             206              25     0.040234375    0.0048828125             357             332
83100             202              27     0.039453125    0.0052734375             359             332
83200             202              27     0.039453125    0.0052734375             359             332
83300             204              26      0.03984375     0.005078125             359             333
83400             204              26      0.03984375     0.005078125             359             333
83500             200              28       0.0390625      0.00546875             361             333
83600             202              27     0.039453125    0.0052734375             361             334
83700             200              28       0.0390625      0.00546875             363             335
83800             198              29     0.038671875    0.0056640625             364             335
83900             196              30      0.03828125     0.005859375             365             335
84000             198              29     0.038671875    0.0056640625             365             336
84100             202              27     0.039453125    0.0052734375             365             338
84200             202              27     0.039453125    0.0052734375             365             338
84300             202              27     0.039453125    0.0052734375             365             338
84400             200              28       0.0390625      0.00546875             366             338
84500             200              28       0.0390625      0.00546875             366             338
84600             200              28       0.0390625      0.00546875             366             338
84700             200              28       0.0390625      0.00546875             367             339
84800             200              28       0.0390625      0.00546875             367             339
84900             200              28       0.0390625      0.00546875             367             339
85000             198              29     0.038671875    0.0056640625             368             339
85100             204              26      0.03984375     0.005078125             368             342
85200             204              26      0.03984375     0.005078125             368             342
85300             204              26      0.03984375     0.005078125             368             342
85400             206              25     0.040234375    0.0048828125             368             343
85500             210              23     0.041015625    0.0044921875             368             345
85600             210              23     0.041015625    0.0044921875             368             345
85700             208              24        0.040625       0.0046875             369             345
85800             206              25     0.040234375    0.0048828125             370             345
85900             208              24        0.040625       0.0046875             370             346
86000             208              24        0.040625       0.0046875             370             346
86100             208              24        0.040625       0.0046875             370             346
86200             208              24        0.040625       0.0046875             370             346
86300             208              24        0.040625       0.0046875             371             347
86400             206              25     0.040234375    0.0048828125             372             347
86500             206              25     0.040234375    0.0048828125             372             347
86600             206              25     0.040234375    0.0048828125             372             347
86700             208              24        0.040625       0.0046875             372             348
86800             208              24        0.040625       0.0046875             372             348
86900             208              24        0.040625       0.0046875             372             348
87000             212              22      0.04140625     0.004296875             373             351
87100             210              23     0.041015625    0.0044921875             374             351
87200             210              23     0.041015625    0.0044921875             374             351
87300             210              23     0.041015625    0.0044921875             374             351
87400             210              23     0.041015625    0.0044921875             375             352
87500             212              22      0.04140625     0.004296875             375             353
87600             212              22      0.04140625     0.004296875             375             353
87700             212              22      0.04140625     0.004296875             375             353
87800             212              22      0.04140625     0.004296875             375             353
87900             214              21     0.041796875    0.0041015625             375             354
88000             212              22      0.04140625     0.004296875             376             354
88100             212              22      0.04140625     0.004296875             377             355
88200             214              21     0.041796875    0.0041015625             377             356
88300             214              21     0.041796875    0.0041015625             377             356
88400             214              21     0.041796875    0.0041015625             377             356
88500             216              20       0.0421875      0.00390625             377             357
88600             216              20       0.0421875      0.00390625             377             357
88700             216              20       0.0421875      0.00390625             377             357
88800             216              20       0.0421875      0.00390625             377             357
88900             218              19     0.042578125    0.0037109375             377             358
89000             218              19     0.042578125    0.0037109375             378             359
89100             218              19     0.042578125    0.0037109375             378             359
89200             218              19     0.042578125    0.0037109375             378             359
89300             218              19     0.042578125    0.0037109375             379             360
89400             220              18      0.04296875     0.003515625             379             361
89500             220              18      0.04296875     0.003515625             379             361
89600             218              19     0.042578125    0.0037109375             380             361
89700             218              19     0.042578125    0.0037109375             381             362
89800             216              20       0.0421875      0.00390625             382             362
89900             216              20       0.0421875      0.00390625             382             362
90000             214              21     0.041796875    0.0041015625             384             363
90100             214              21     0.041796875    0.0041015625             384             363
90200             214              21     0.041796875    0.0041015625             385             364
90300             214              21     0.041796875    0.0041015625             386             365
90400             216              20       0.0421875      0.00390625             386             366
90500             214              21     0.041796875    0.0041015625             387             366
90600             214              21     0.041796875    0.0041015625             388             367
90700             216              20       0.0421875      0.00390625             389             369
90800             218              19     0.042578125    0.0037109375             389             370
90900             216              20       0.0421875      0.00390625             390             370
91000             216              20       0.0421875      0.00390625             391             371
91100             218              19     0.042578125    0.0037109375             391             372
91200             216              20       0.0421875      0.00390625             392             372
91300             216              20       0.0421875      0.00390625             392             372
91400             216              20       0.0421875      0.00390625             392             372
91500             216              20       0.0421875      0.00390625             392             372
91600             214              21     0.041796875    0.0041015625             393             372
91700             214              21     0.041796875    0.0041015625             393             372
91800             214              21     0.041796875    0.0041015625             393             372
91900             216              20       0.0421875      0.00390625             393             373
92000             216              20       0.0421875      0.00390625             393             373
92100             216              20       0.0421875      0.00390625             393             373
92200             218              19     0.042578125    0.0037109375             393             374
92300             216              20       0.0421875      0.00390625             394             374
92400             216              20       0.0421875      0.00390625             394             374
92500             214              21     0.041796875    0.0041015625             395             374
92600             214              21     0.041796875    0.0041015625             395             374
92700             212              22      0.04140625     0.004296875             396             374
92800             212              22      0.04140625     0.004296875             396             374
92900             212              22      0.04140625     0.004296875             397             375
93000             210              23     0.041015625    0.0044921875             398             375
93100             210              23     0.041015625    0.0044921875             398             375
93200             212              22      0.04140625     0.004296875             398             376
93300             214              21     0.041796875    0.0041015625             399             378
93400             214              21     0.041796875    0.0041015625             399             378
93500             214              21     0.041796875    0.0041015625             400             379
93600             214              21     0.041796875    0.0041015625             400             379
93700             214              21     0.041796875    0.0041015625             400             379
93800             214              21     0.041796875    0.0041015625             400             379
93900             214              21     0.041796875    0.0041015625             400             379
94000             214              21     0.041796875    0.0041015625             400             379
94100             214              21     0.041796875    0.0041015625             400             379
94200             214              21     0.041796875    0.0041015625             401             380
94300             216              20       0.0421875      0.00390625             401             381
94400             214              21     0.041796875    0.0041015625             402             381
94500             214              21     0.041796875    0.0041015625             402             381
94600             216              20       0.0421875      0.00390625             402             382
94700             216              20       0.0421875      0.00390625             402             382
94800             214              21     0.041796875    0.0041015625             403             382
94900             214              21     0.041796875    0.0041015625             403             382
95000             214              21     0.041796875    0.0041015625             404             383
95100             220              18      0.04296875     0.003515625             404             386
95200             218              19     0.042578125    0.0037109375             405             386
95300             218              19     0.042578125    0.0037109375             406             387
95400             218              19     0.042578125    0.0037109375             406             387
95500             220              18      0.04296875     0.003515625             406             388
95600             220              18      0.04296875     0.003515625             406             388
95700             220              18      0.04296875     0.003515625             407             389
95800             220              18      0.04296875     0.003515625             407             389
95900             220              18      0.04296875     0.003515625             407             389
96000             224              16         0.04375        0.003125             407             391
96100             224              16         0.04375        0.003125             407             391
96200             224              16         0.04375        0.003125             408             392
96300             222              17     0.043359375    0.0033203125             409             392
96400             222              17     0.043359375    0.0033203125             409             392
96500             222              17     0.043359375    0.0033203125             410             393
96600             220              18      0.04296875     0.003515625             411             393
96700             220              18      0.04296875     0.003515625             411             393
96800             222              17     0.043359375    0.0033203125             411             394
96900             222              17     0.043359375    0.0033203125             411             394
97000             220              18      0.04296875     0.003515625             412             394
97100             220              18      0.04296875     0.003515625             412             394
97200             222              17     0.043359375    0.0033203125             412             395
97300             220              18      0.04296875     0.003515625             413             395
97400             220              18      0.04296875     0.003515625             414             396
97500             220              18      0.04296875     0.003515625             414             396
97600             220              18      0.04296875     0.003515625             414             396
97700             218              19     0.042578125    0.0037109375             415             396
97800             218              19     0.042578125    0.0037109375             415             396
97900             218              19     0.042578125    0.0037109375             415             396
98000             218              19     0.042578125    0.0037109375             415             396
98100             216              20       0.0421875      0.00390625             416             396
98200             214              21     0.041796875    0.0041015625             417             396
98300             214              21     0.041796875    0.0041015625             417             396
98400             214              21     0.041796875    0.0041015625             417             396
98500             214              21     0.041796875    0.0041015625             417             396
98600             210              23     0.041015625    0.0044921875             419             396
98700             208              24        0.040625       0.0046875             420             396
98800             204              26      0.03984375     0.005078125             422             396
98900             204              26      0.03984375     0.005078125             422             396
99000             204              26      0.03984375     0.005078125             422             396
99100             204              26      0.03984375     0.005078125             423             397
99200             208              24        0.040625       0.0046875             423             399
99300             208              24        0.040625       0.0046875             424             400
99400             210              23     0.041015625    0.0044921875             424             401
99500             210              23     0.041015625    0.0044921875             424             401
99600             208              24        0.040625       0.0046875             425             401
99700             206              25     0.040234375    0.0048828125             426             401
99800             206              25     0.040234375    0.0048828125             426             401
99900             208              24        0.040625       0.0046875             427             403
100000             206              25     0.040234375    0.0048828125             428             403
