# Time-averaged data for fix observ
# TimeStep v_nfree v_ndimer v_cfree v_cdimer f_kinetics[2] f_kinetics[3]
0             256               0            0.05               0               0               0
100             256               0            0.05               0               0               0
200             256               0            0.05               0               0               0
300             256               0            0.05               0               0               0
400             256               0            0.05               0               0               0
500             256               0            0.05               0               0               0
600             254               1     0.049609375    0.0001953125               1               0
700             254               1     0.049609375    0.0001953125               1               0
800             250               3     0.048828125    0.0005859375               3               0
900             250               3     0.048828125    0.0005859375               3               0
1000             250               3     0.048828125    0.0005859375               3               0
1100             250               3     0.048828125    0.0005859375               3               0
1200             248               4       0.0484375      0.00078125               4               0
1300             246               5     0.048046875    0.0009765625               5               0
1400             248               4       0.0484375      0.00078125               5               1
1500             248               4       0.0484375      0.00078125               5               1
1600             248               4       0.0484375      0.00078125               5               1
1700             248               4       0.0484375      0.00078125               5               1
1800             246               5     0.048046875    0.0009765625               6               1
1900             246               5     0.048046875    0.0009765625               6               1
2000             246               5     0.048046875    0.0009765625               6               1
2100             246               5     0.048046875    0.0009765625               6               1
2200             246               5     0.048046875    0.0009765625               6               1
2300             244               6      0.04765625     0.001171875               7               1
2400             244               6      0.04765625     0.001171875               8               2
2500             244               6      0.04765625     0.001171875               8               2
2600             244               6      0.04765625     0.001171875               8               2
2700             244               6      0.04765625     0.001171875               8               2
2800             244               6      0.04765625     0.001171875               8               2
2900             244               6      0.04765625     0.001171875               8               2
3000             244               6      0.04765625     0.001171875               8               2
3100             244               6      0.04765625     0.001171875               8               2
3200             244               6      0.04765625     0.001171875               8               2
3300             242               7     0.047265625    0.0013671875               9               2
3400             242               7     0.047265625    0.0013671875               9               2
3500             242               7     0.047265625    0.0013671875               9               2
3600             242               7     0.047265625    0.0013671875               9               2
3700             242               7     0.047265625    0.0013671875               9               2
3800             240               8        0.046875       0.0015625              10               2
3900             240               8        0.046875       0.0015625              10               2
4000             240               8        0.046875       0.0015625              10               2
4100             240               8        0.046875       0.0015625              10               2
4200             240               8        0.046875       0.0015625              10               2
4300             240               8        0.046875       0.0015625              10               2
4400             240               8        0.046875       0.0015625              10               2
4500             240               8        0.046875       0.0015625              10               2
4600             242               7     0.047265625    0.0013671875              10               3
4700             242               7     0.047265625    0.0013671875              10               3
4800             244               6      0.04765625     0.001171875              10               4
4900             244               6      0.04765625     0.001171875              10               4
5000             244               6      0.04765625     0.001171875              10               4
5100             244               6      0.04765625     0.001171875              10               4
5200             244               6      0.04765625     0.001171875              10               4
5300             244               6      0.04765625     0.001171875              10               4
5400             244               6      0.04765625     0.001171875              10               4
5500             244               6      0.04765625     0.001171875              10               4
5600             244               6      0.04765625     0.001171875              10               4
5700             244               6      0.04765625     0.001171875              10               4
5800             244               6      0.04765625     0.001171875              10               4
5900             244               6      0.04765625     0.001171875              10               4
6000             244               6      0.04765625     0.001171875              10               4
6100             244               6      0.04765625     0.001171875              10               4
6200             244               6      0.04765625     0.001171875              10               4
6300             242               7     0.047265625    0.0013671875              11               4
6400             242               7     0.047265625    0.0013671875              11               4
6500             242               7     0.047265625    0.0013671875              11               4
6600             242               7     0.047265625    0.0013671875              11               4
6700             242               7     0.047265625    0.0013671875              11               4
6800             242               7     0.047265625    0.0013671875              11               4
6900             242               7     0.047265625    0.0013671875              11               4
7000             242               7     0.047265625    0.0013671875              11               4
7100             242               7     0.047265625    0.0013671875              11               4
7200             244               6      0.04765625     0.001171875              11               5
7300             242               7     0.047265625    0.0013671875              12               5
7400             240               8        0.046875       0.0015625              13               5
7500             240               8        0.046875       0.0015625              13               5
7600             234              11     0.045703125    0.0021484375              16               5
7700             234              11     0.045703125    0.0021484375              16               5
7800             234              11     0.045703125    0.0021484375              16               5
7900             234              11     0.045703125    0.0021484375              16               5
8000             234              11     0.045703125    0.0021484375              16               5
8100             234              11     0.045703125    0.0021484375              16               5
8200             234              11     0.045703125    0.0021484375              16               5
8300             232              12       0.0453125      0.00234375              17               5
8400             232              12       0.0453125      0.00234375              17               5
8500             232              12       0.0453125      0.00234375              17               5
8600             232              12       0.0453125      0.00234375              18               6
8700             232              12       0.0453125      0.00234375              18               6
8800             232              12       0.0453125      0.00234375              18               6
8900             232              12       0.0453125      0.00234375              18               6
9000             232              12       0.0453125      0.00234375              18               6
9100             232              12       0.0453125      0.00234375              18               6
9200             228              14      0.04453125     0.002734375              20               6
9300             228              14      0.04453125     0.002734375              20               6
9400             228              14      0.04453125     0.002734375              20               6
9500             228              14      0.04453125     0.002734375              20               6
9600             228              14      0.04453125     0.002734375              20               6
9700             228              14      0.04453125     0.002734375              20               6
9800             228              14      0.04453125     0.002734375              20               6
9900             228              14      0.04453125     0.002734375              20               6
10000             228              14      0.04453125     0.002734375              20               6
10100             226              15     0.044140625    0.0029296875              21               6
10200             226              15     0.044140625    0.0029296875              21               6
10300             226              15     0.044140625    0.0029296875              21               6
10400             226              15     0.044140625    0.0029296875              21               6
10500             226              15     0.044140625    0.0029296875              21               6
10600             226              15     0.044140625    0.0029296875              21               6
10700             226              15     0.044140625    0.0029296875              22               7
10800             226              15     0.044140625    0.0029296875              22               7
10900             226              15     0.044140625    0.0029296875              22               7
11000             226              15     0.044140625    0.0029296875              22               7
11100             226              15     0.044140625    0.0029296875              22               7
11200             224              16         0.04375        0.003125              23               7
11300             224              16         0.04375        0.003125              23               7
11400             224              16         0.04375        0.003125              23               7
11500             224              16         0.04375        0.003125              23               7
11600             224              16         0.04375        0.003125              23               7
11700             224              16         0.04375        0.003125              23               7
11800             224              16         0.04375        0.003125              23               7
11900             224              16         0.04375        0.003125              23               7
12000             224              16         0.04375        0.003125              23               7
12100             224              16         0.04375        0.003125              23               7
12200             224              16         0.04375        0.003125              23               7
12300             224              16         0.04375        0.003125              23               7
12400             222              17     0.043359375    0.0033203125              24               7
12500             220              18      0.04296875     0.003515625              25               7
12600             220              18      0.04296875     0.003515625              25               7
12700             220              18      0.04296875     0.003515625              25               7
12800             220              18      0.04296875     0.003515625              25               7
12900             222              17     0.043359375    0.0033203125              25               8
13000             220              18      0.04296875     0.003515625              26               8
13100             220              18      0.04296875     0.003515625              26               8
13200             220              18      0.04296875     0.003515625              26               8
13300             220              18      0.04296875     0.003515625              26               8
13400             220              18      0.04296875     0.003515625              26               8
13500             220              18      0.04296875     0.003515625              26               8
13600             220              18      0.04296875     0.003515625              26               8
13700             222              17     0.043359375    0.0033203125              26               9
13800             220              18      0.04296875     0.003515625              27               9
13900             220              18      0.04296875     0.003515625              28              10
14000             220              18      0.04296875     0.003515625              28              10
14100             220              18      0.04296875     0.003515625              28              10
14200             220              18      0.04296875     0.003515625              28              10
14300             220              18      0.04296875     0.003515625              28              10
14400             220              18      0.04296875     0.003515625              28              10
14500             220              18      0.04296875     0.003515625              28              10
14600             220              18      0.04296875     0.003515625              28              10
14700             218              19     0.042578125    0.0037109375              29              10
14800             218              19     0.042578125    0.0037109375              29              10
14900             218              19     0.042578125    0.0037109375              29              10
15000             218              19     0.042578125    0.0037109375              29              10
15100             218              19     0.042578125    0.0037109375              29              10
15200             218              19     0.042578125    0.0037109375              29              10
15300             218              19     0.042578125    0.0037109375              29              10
15400             218              19     0.042578125    0.0037109375              29              10
15500             218              19     0.042578125    0.0037109375              29              10
15600             218              19     0.042578125    0.0037109375              29              10
15700             218              19     0.042578125    0.0037109375              29              10
15800             218              19     0.042578125    0.0037109375              29              10
15900             218              19     0.042578125    0.0037109375              29              10
16000             218              19     0.042578125    0.0037109375              29              10
16100             214              21     0.041796875    0.0041015625              31              10
16200             216              20       0.0421875      0.00390625              31              11
16300             216              20       0.0421875      0.00390625              31              11
16400             212              22      0.04140625     0.004296875              33              11
16500             212              22      0.04140625     0.004296875              33              11
16600             212              22      0.04140625     0.004296875              33              11
16700             212              22      0.04140625     0.004296875              33              11
16800             212              22      0.04140625     0.004296875              33              11
16900             212              22      0.04140625     0.004296875              33              11
17000             212              22      0.04140625     0.004296875              33              11
17100             212              22      0.04140625     0.004296875              33              11
17200             212              22      0.04140625     0.004296875              33              11
17300             212              22      0.04140625     0.004296875              33              11
17400             214              21     0.041796875    0.0041015625              33              12
17500             212              22      0.04140625     0.004296875              34              12
17600             212              22      0.04140625     0.004296875              34              12
17700             210              23     0.041015625    0.0044921875              35              12
17800             208              24        0.040625       0.0046875              36              12
17900             208              24        0.040625       0.0046875              36              12
18000             208              24        0.040625       0.0046875              36              12
18100             210              23     0.041015625    0.0044921875              36              13
18200             212              22      0.04140625     0.004296875              36              14
18300             212              22      0.04140625     0.004296875              36              14
18400             214              21     0.041796875    0.0041015625              36              15
18500             214              21     0.041796875    0.0041015625              36              15
18600             214              21     0.041796875    0.0041015625              36              15
18700             214              21     0.041796875    0.0041015625              36              15
18800             216              20       0.0421875      0.00390625              36              16
18900             216              20       0.0421875      0.00390625              36              16
19000             216              20       0.0421875      0.00390625              36              16
19100             216              20       0.0421875      0.00390625              36              16
19200             218              19     0.042578125    0.0037109375              36              17
19300             218              19     0.042578125    0.0037109375              36              17
19400             218              19     0.042578125    0.0037109375              36              17
19500             218              19     0.042578125    0.0037109375              36              17
19600             220              18      0.04296875     0.003515625              36              18
19700             218              19     0.042578125    0.0037109375              37              18
19800             218              19     0.042578125    0.0037109375              37              18
19900             216              20       0.0421875      0.00390625              38              18
20000             214              21     0.041796875    0.0041015625              39              18
20100             214              21     0.041796875    0.0041015625              39              18
20200             212              22      0.04140625     0.004296875              40              18
20300             212              22      0.04140625     0.004296875              40              18
20400             212              22      0.04140625     0.004296875              40              18
20500             212              22      0.04140625     0.004296875              40              18
20600             212              22      0.04140625     0.004296875              40              18
20700             212              22      0.04140625     0.004296875              40              18
20800             212              22      0.04140625     0.004296875              40              18
20900             212              22      0.04140625     0.004296875              40              18
21000             212              22      0.04140625     0.004296875              40              18
21100             212              22      0.04140625     0.004296875              40              18
21200             212              22      0.04140625     0.004296875              40              18
21300             212              22      0.04140625     0.004296875              40              18
21400             212              22      0.04140625     0.004296875              40              18
21500             214              21     0.041796875    0.0041015625              41              20
21600             214              21     0.041796875    0.0041015625              41              20
21700             214              21     0.041796875    0.0041015625              41              20
21800             214              21     0.041796875    0.0041015625              41              20
21900             214              21     0.041796875    0.0041015625              41              20
22000             214              21     0.041796875    0.0041015625              41              20
22100             214              21     0.041796875    0.0041015625              41              20
22200             214              21     0.041796875    0.0041015625              41              20
22300             214              21     0.041796875    0.0041015625              41              20
22400             216              20       0.0421875      0.00390625              41              21
22500             216              20       0.0421875      0.00390625              41              21
22600             216              20       0.0421875      0.00390625              41              21
22700             216              20       0.0421875      0.00390625              41              21
22800             216              20       0.0421875      0.00390625              41              21
22900             216              20       0.0421875      0.00390625              41              21
23000             216              20       0.0421875      0.00390625              41              21
23100             216              20       0.0421875      0.00390625              41              21
23200             218              19     0.042578125    0.0037109375              41              22
23300             218              19     0.042578125    0.0037109375              41              22
23400             218              19     0.042578125    0.0037109375              41              22
23500             216              20       0.0421875      0.00390625              42              22
23600             216              20       0.0421875      0.00390625              42              22
23700             216              20       0.0421875      0.00390625              42              22
23800             218              19     0.042578125    0.0037109375              42              23
23900             218              19     0.042578125    0.0037109375              42              23
24000             218              19     0.042578125    0.0037109375              42              23
24100             218              19     0.042578125    0.0037109375              42              23
24200             218              19     0.042578125    0.0037109375              42              23
24300             218              19     0.042578125    0.0037109375              42              23
24400             222              17     0.043359375    0.0033203125              42              25
24500             222              17     0.043359375    0.0033203125              42              25
24600             224              16         0.04375        0.003125              42              26
24700             224              16         0.04375        0.003125              42              26
24800             224              16         0.04375        0.003125              42              26
24900             224              16         0.04375        0.003125              42              26
25000             224              16         0.04375        0.003125              42              26
25100             224              16         0.04375        0.003125              42              26
25200             224              16         0.04375        0.003125              42              26
25300             222              17     0.043359375    0.0033203125              43              26
25400             224              16         0.04375        0.003125              43              27
25500             224              16         0.04375        0.003125              43              27
25600             224              16         0.04375        0.003125              43              27
25700             224              16         0.04375        0.003125              43              27
25800             224              16         0.04375        0.003125              43              27
25900             224              16         0.04375        0.003125              43              27
26000             224              16         0.04375        0.003125              43              27
26100             226              15     0.044140625    0.0029296875              43              28
26200             226              15     0.044140625    0.0029296875              43              28
26300             226              15     0.044140625    0.0029296875              43              28
26400             226              15     0.044140625    0.0029296875              44              29
26500             226              15     0.044140625    0.0029296875              44              29
26600             226              15     0.044140625    0.0029296875              44              29
26700             226              15     0.044140625    0.0029296875              44              29
26800             226              15     0.044140625    0.0029296875              44              29
26900             228              14      0.04453125     0.002734375              44              30
27000             226              15     0.044140625    0.0029296875              45              30
27100             228              14      0.04453125     0.002734375              45              31
27200             230              13     0.044921875    0.0025390625              45              32
27300             230              13     0.044921875    0.0025390625              45              32
27400             230              13     0.044921875    0.0025390625              45              32
27500             232              12       0.0453125      0.00234375              45              33
27600             232              12       0.0453125      0.00234375              45              33
27700             228              14      0.04453125     0.002734375              47              33
27800             228              14      0.04453125     0.002734375              47              33
27900             228              14      0.04453125     0.002734375              47              33
28000             230              13     0.044921875    0.0025390625              47              34
28100             230              13     0.044921875    0.0025390625              47              34
28200             230              13     0.044921875    0.0025390625              47              34
28300             230              13     0.044921875    0.0025390625              47              34
28400             232              12       0.0453125      0.00234375              47              35
28500             232              12       0.0453125      0.00234375              47              35
28600             232              12       0.0453125      0.00234375              47              35
28700             232              12       0.0453125      0.00234375              47              35
28800             230              13     0.044921875    0.0025390625              48              35
28900             228              14      0.04453125     0.002734375              49              35
29000             228              14      0.04453125     0.002734375              49              35
29100             228              14      0.04453125     0.002734375              49              35
29200             226              15     0.044140625    0.0029296875              50              35
29300             226              15     0.044140625    0.0029296875              50              35
29400             226              15     0.044140625    0.0029296875              50              35
29500             226              15     0.044140625    0.0029296875              50              35
29600             226              15     0.044140625    0.0029296875              50              35
29700             224              16         0.04375        0.003125              51              35
29800             224              16         0.04375        0.003125              51              35
29900             224              16         0.04375        0.003125              51              35
30000             222              17     0.043359375    0.0033203125              52              35
30100             222              17     0.043359375    0.0033203125              52              35
30200             222              17     0.043359375    0.0033203125              52              35
30300             222              17     0.043359375    0.0033203125              52              35
30400             222              17     0.043359375    0.0033203125              52              35
30500             222              17     0.043359375    0.0033203125              53              36
30600             222              17     0.043359375    0.0033203125              53              36
30700             220              18      0.04296875     0.003515625              54              36
30800             218              19     0.042578125    0.0037109375              55              36
30900             218              19     0.042578125    0.0037109375              55              36
31000             218              19     0.042578125    0.0037109375              55              36
31100             218              19     0.042578125    0.0037109375              55              36
31200             218              19     0.042578125    0.0037109375              55              36
31300             218              19     0.042578125    0.0037109375              55              36
31400             218              19     0.042578125    0.0037109375              55              36
31500             218              19     0.042578125    0.0037109375              55              36
31600             218              19     0.042578125    0.0037109375              55              36
31700             218              19     0.042578125    0.0037109375              55              36
31800             218              19     0.042578125    0.0037109375              55              36
31900             218              19     0.042578125    0.0037109375              55              36
32000             216              20       0.0421875      0.00390625              56              36
32100             216              20       0.0421875      0.00390625              56              36
32200             216              20       0.0421875      0.00390625              56              36
32300             216              20       0.0421875      0.00390625              56              36
32400             216              20       0.0421875      0.00390625              56              36
32500             216              20       0.0421875      0.00390625              56              36
32600             216              20       0.0421875      0.00390625              56              36
32700             216              20       0.0421875      0.00390625              56              36
32800             216              20       0.0421875      0.00390625              56              36
32900             216              20       0.0421875      0.00390625              56              36
33000             216              20       0.0421875      0.00390625              56              36
33100             216              20       0.0421875      0.00390625              56              36
33200             216              20       0.0421875      0.00390625              56              36
33300             210              23     0.041015625    0.0044921875              59              36
33400             210              23     0.041015625    0.0044921875              59              36
33500             210              23     0.041015625    0.0044921875              59              36
33600             210              23     0.041015625    0.0044921875              59              36
33700             210              23     0.041015625    0.0044921875              59              36
33800             212              22      0.04140625     0.004296875              59              37
33900             210              23     0.041015625    0.0044921875              60              37
34000             210              23     0.041015625    0.0044921875              60              37
34100             210              23     0.041015625    0.0044921875              60              37
34200             210              23     0.041015625    0.0044921875              60              37
34300             210              23     0.041015625    0.0044921875              60              37
34400             210              23     0.041015625    0.0044921875              60              37
34500             210              23     0.041015625    0.0044921875              60              37
34600             210              23     0.041015625    0.0044921875              60              37
34700             212              22      0.04140625     0.004296875              60              38
34800             212              22      0.04140625     0.004296875              60              38
34900             212              22      0.04140625     0.004296875              60              38
35000             212              22      0.04140625     0.004296875              60              38
35100             214              21     0.041796875    0.0041015625              60              39
35200             214              21     0.041796875    0.0041015625              60              39
35300             214              21     0.041796875    0.0041015625              60              39
35400             212              22      0.04140625     0.004296875              61              39
35500             212              22      0.04140625     0.004296875              61              39
35600             212              22      0.04140625     0.004296875              61              39
35700             208              24        0.040625       0.0046875              63              39
35800             208              24        0.040625       0.0046875              63              39
35900             208              24        0.040625       0.0046875              63              39
36000             208              24        0.040625       0.0046875              63              39
36100             208              24        0.040625       0.0046875              63              39
36200             208              24        0.040625       0.0046875              63              39
36300             208              24        0.040625       0.0046875              63              39
36400             208              24        0.040625       0.0046875              63              39
36500             206              25     0.040234375    0.0048828125              64              39
36600             204              26      0.03984375     0.005078125              66              40
36700             204              26      0.03984375     0.005078125              66              40
36800             200              28       0.0390625      0.00546875              68              40
36900             200              28       0.0390625      0.00546875              68              40
37000             200              28       0.0390625      0.00546875              68              40
37100             200              28       0.0390625      0.00546875              68              40
37200             200              28       0.0390625      0.00546875              69              41
37300             202              27     0.039453125    0.0052734375              69              42
37400             204              26      0.03984375     0.005078125              69              43
37500             204              26      0.03984375     0.005078125              69              43
37600             206              25     0.040234375    0.0048828125              69              44
37700             206              25     0.040234375    0.0048828125              69              44
37800             204              26      0.03984375     0.005078125              70              44
37900             204              26      0.03984375     0.005078125              70              44
38000             204              26      0.03984375     0.005078125              70              44
38100             204              26      0.03984375     0.005078125              70              44
38200             202              27     0.039453125    0.0052734375              71              44
38300             202              27     0.039453125    0.0052734375              71              44
38400             200              28       0.0390625      0.00546875              72              44
38500             200              28       0.0390625      0.00546875              72              44
38600             200              28       0.0390625      0.00546875              72              44
38700             200              28       0.0390625      0.00546875              72              44
38800             200              28       0.0390625      0.00546875              72              44
38900             202              27     0.039453125    0.0052734375              72              45
39000             204              26      0.03984375     0.005078125              72              46
39100             204              26      0.03984375     0.005078125              72              46
39200             202              27     0.039453125    0.0052734375              73              46
39300             202              27     0.039453125    0.0052734375              73              46
39400             202              27     0.039453125    0.0052734375              73              46
39500             202              27     0.039453125    0.0052734375              73              46
39600             202              27     0.039453125    0.0052734375              73              46
39700             202              27     0.039453125    0.0052734375              73              46
39800             202              27     0.039453125    0.0052734375              73              46
39900             202              27     0.039453125    0.0052734375              73              46
40000             202              27     0.039453125    0.0052734375              73              46
40100             202              27     0.039453125    0.0052734375              74              47
40200             202              27     0.039453125    0.0052734375              74              47
40300             202              27     0.039453125    0.0052734375              74              47
40400             202              27     0.039453125    0.0052734375              74              47
40500             202              27     0.039453125    0.0052734375              74              47
40600             204              26      0.03984375     0.005078125              74              48
40700             204              26      0.03984375     0.005078125              74              48
40800             204              26      0.03984375     0.005078125              74              48
40900             202              27     0.039453125    0.0052734375              75              48
41000             200              28       0.0390625      0.00546875              76              48
41100             200              28       0.0390625      0.00546875              76              48
41200             200              28       0.0390625      0.00546875              76              48
41300             200              28       0.0390625      0.00546875              76              48
41400             198              29     0.038671875    0.0056640625              77              48
41500             198              29     0.038671875    0.0056640625              77              48
41600             198              29     0.038671875    0.0056640625              77              48
41700             198              29     0.038671875    0.0056640625              77              48
41800             196              30      0.03828125     0.005859375              78              48
41900             196              30      0.03828125     0.005859375              78              48
42000             196              30      0.03828125     0.005859375              78              48
42100             196              30      0.03828125     0.005859375              79              49
42200             196              30      0.03828125     0.005859375              79              49
42300             194              31     0.037890625    0.0060546875              80              49
42400             200              28       0.0390625      0.00546875              80              52
42500             200              28       0.0390625      0.00546875              80              52
42600             200              28       0.0390625      0.00546875              81              53
42700             200              28       0.0390625      0.00546875              81              53
42800             200              28       0.0390625      0.00546875              81              53
42900             200              28       0.0390625      0.00546875              81              53
43000             200              28       0.0390625      0.00546875              81              53
43100             200              28       0.0390625      0.00546875              81              53
43200             200              28       0.0390625      0.00546875              81              53
43300             200              28       0.0390625      0.00546875              81              53
43400             198              29     0.038671875    0.0056640625              82              53
43500             200              28       0.0390625      0.00546875              82              54
43600             202              27     0.039453125    0.0052734375              82              55
43700             202              27     0.039453125    0.0052734375              82              55
43800             202              27     0.039453125    0.0052734375              82              55
43900             204              26      0.03984375     0.005078125              82              56
44000             204              26      0.03984375     0.005078125              82              56
44100             204              26      0.03984375     0.005078125              82              56
44200             206              25     0.040234375    0.0048828125              82              57
44300             206              25     0.040234375    0.0048828125              82              57
44400             206              25     0.040234375    0.0048828125              82              57
44500             206              25     0.040234375    0.0048828125              82              57
44600             206              25     0.040234375    0.0048828125              82              57
44700             206              25     0.040234375    0.0048828125              82              57
44800             206              25     0.040234375    0.0048828125              82              57
44900             206              25     0.040234375    0.0048828125              82              57
45000             206              25     0.040234375    0.0048828125              82              57
45100             208              24        0.040625       0.0046875              82              58
45200             208              24        0.040625       0.0046875              82              58
45300             210              23     0.041015625    0.0044921875              82              59
45400             210              23     0.041015625    0.0044921875              82              59
45500             210              23     0.041015625    0.0044921875              82              59
45600             210              23     0.041015625    0.0044921875              82              59
45700             212              22      0.04140625     0.004296875              82              60
45800             212              22      0.04140625     0.004296875              82              60
45900             212              22      0.04140625     0.004296875              82              60
46000             212              22      0.04140625     0.004296875              82              60
46100             212              22      0.04140625     0.004296875              82              60
46200             214              21     0.041796875    0.0041015625              82              61
46300             216              20       0.0421875      0.00390625              82              62
46400             216              20       0.0421875      0.00390625              82              62
46500             216              20       0.0421875      0.00390625              82              62
46600             218              19     0.042578125    0.0037109375              82              63
46700             216              20       0.0421875      0.00390625              83              63
46800             216              20       0.0421875      0.00390625              83              63
46900             216              20       0.0421875      0.00390625              83              63
47000             216              20       0.0421875      0.00390625              83              63
47100             216              20       0.0421875      0.00390625              83              63
47200             216              20       0.0421875      0.00390625              83              63
47300             216              20       0.0421875      0.00390625              83              63
47400             216              20       0.0421875      0.00390625              83              63
47500             214              21     0.041796875    0.0041015625              84              63
47600             214              21     0.041796875    0.0041015625              84              63
47700             214              21     0.041796875    0.0041015625              84              63
47800             214              21     0.041796875    0.0041015625              84              63
47900             214              21     0.041796875    0.0041015625              84              63
48000             212              22      0.04140625     0.004296875              85              63
48100             214              21     0.041796875    0.0041015625              85              64
48200             214              21     0.041796875    0.0041015625              85              64
48300             214              21     0.041796875    0.0041015625              85              64
48400             214              21     0.041796875    0.0041015625              85              64
48500             214              21     0.041796875    0.0041015625              85              64
48600             216              20       0.0421875      0.00390625              85              65
48700             216              20       0.0421875      0.00390625              85              65
48800             216              20       0.0421875      0.00390625              85              65
48900             216              20       0.0421875      0.00390625              85              65
49000             216              20       0.0421875      0.00390625              85              65
49100             218              19     0.042578125    0.0037109375              85              66
49200             216              20       0.0421875      0.00390625              86              66
49300             216              20       0.0421875      0.00390625              86              66
49400             214              21     0.041796875    0.0041015625              87              66
49500             214              21     0.041796875    0.0041015625              87              66
49600             214              21     0.041796875    0.0041015625              87              66
49700             212              22      0.04140625     0.004296875              88              66
49800             212              22      0.04140625     0.004296875              88              66
49900             212              22      0.04140625     0.004296875              88              66
50000             212              22      0.04140625     0.004296875              88              66
50100             212              22      0.04140625     0.004296875              88              66
50200             212              22      0.04140625     0.004296875              88              66
50300             212              22      0.04140625     0.004296875              88              66
50400             214              21     0.041796875    0.0041015625              88              67
50500             216              20       0.0421875      0.00390625              88              68
50600             216              20       0.0421875      0.00390625              88              68
50700             216              20       0.0421875      0.00390625              88              68
50800             216              20       0.0421875      0.00390625              88              68
50900             216              20       0.0421875      0.00390625              88              68
51000             214              21     0.041796875    0.0041015625              89              68
51100             214              21     0.041796875    0.0041015625              89              68
51200             214              21     0.041796875    0.0041015625              89              68
51300             214              21     0.041796875    0.0041015625              89              68
51400             214              21     0.041796875    0.0041015625              89              68
51500             214              21     0.041796875    0.0041015625              89              68
51600             214              21     0.041796875    0.0041015625              89              68
51700             214              21     0.041796875    0.0041015625              89              68
51800             214              21     0.041796875    0.0041015625              89              68
51900             214              21     0.041796875    0.0041015625              89              68
52000             216              20       0.0421875      0.00390625              89              69
52100             216              20       0.0421875      0.00390625              89              69
52200             216              20       0.0421875      0.00390625              89              69
52300             218              19     0.042578125    0.0037109375              89              70
52400             220              18      0.04296875     0.003515625              89              71
52500             220              18      0.04296875     0.003515625              89              71
52600             220              18      0.04296875     0.003515625              89              71
52700             220              18      0.04296875     0.003515625              90              72
52800             218              19     0.042578125    0.0037109375              91              72
52900             218              19     0.042578125    0.0037109375              91              72
53000             218              19     0.042578125    0.0037109375              91              72
53100             218              19     0.042578125    0.0037109375              91              72
53200             216              20       0.0421875      0.00390625              92              72
53300             216              20       0.0421875      0.00390625              92              72
53400             218              19     0.042578125    0.0037109375              92              73
53500             218              19     0.042578125    0.0037109375              92              73
53600             218              19     0.042578125    0.0037109375              92              73
53700             218              19     0.042578125    0.0037109375              92              73
53800             218              19     0.042578125    0.0037109375              92              73
53900             218              19     0.042578125    0.0037109375              92              73
54000             218              19     0.042578125    0.0037109375              92              73
54100             218              19     0.042578125    0.0037109375              92              73
54200             220              18      0.04296875     0.003515625              92              74
54300             218              19     0.042578125    0.0037109375              93              74
54400             218              19     0.042578125    0.0037109375              93              74
54500             218              19     0.042578125    0.0037109375              93              74
54600             218              19     0.042578125    0.0037109375              93              74
54700             220              18      0.04296875     0.003515625              93              75
54800             222              17     0.043359375    0.0033203125              93              76
54900             222              17     0.043359375    0.0033203125              93              76
55000             222              17     0.043359375    0.0033203125              93              76
55100             222              17     0.043359375    0.0033203125              93              76
55200             222              17     0.043359375    0.0033203125              93              76
55300             224              16         0.04375        0.003125              93              77
55400             222              17     0.043359375    0.0033203125              94              77
55500             222              17     0.043359375    0.0033203125              94              77
55600             222              17     0.043359375    0.0033203125              94              77
55700             222              17     0.043359375    0.0033203125              94              77
55800             220              18      0.04296875     0.003515625              95              77
55900             220              18      0.04296875     0.003515625              95              77
56000             220              18      0.04296875     0.003515625              95              77
56100             222              17     0.043359375    0.0033203125              95              78
56200             222              17     0.043359375    0.0033203125              95              78
56300             222              17     0.043359375    0.0033203125              95              78
56400             222              17     0.043359375    0.0033203125              95              78
56500             222              17     0.043359375    0.0033203125              95              78
56600             222              17     0.043359375    0.0033203125              95              78
56700             222              17     0.043359375    0.0033203125              95              78
56800             222              17     0.043359375    0.0033203125              95              78
56900             220              18      0.04296875     0.003515625              96              78
57000             220              18      0.04296875     0.003515625              96              78
57100             218              19     0.042578125    0.0037109375              97              78
57200             218              19     0.042578125    0.0037109375              97              78
57300             218              19     0.042578125    0.0037109375              97              78
57400             216              20       0.0421875      0.00390625              98              78
57500             216              20       0.0421875      0.00390625              98              78
57600             216              20       0.0421875      0.00390625              98              78
57700             216              20       0.0421875      0.00390625              98              78
57800             216              20       0.0421875      0.00390625              98              78
57900             216              20       0.0421875      0.00390625              98              78
58000             216              20       0.0421875      0.00390625              98              78
58100             216              20       0.0421875      0.00390625              98              78
58200             216              20       0.0421875      0.00390625              98              78
58300             218              19     0.042578125    0.0037109375              98              79
58400             218              19     0.042578125    0.0037109375              98              79
58500             218              19     0.042578125    0.0037109375              98              79
58600             220              18      0.04296875     0.003515625              98              80
58700             220              18      0.04296875     0.003515625              98              80
58800             220              18      0.04296875     0.003515625              98              80
58900             220              18      0.04296875     0.003515625              98              80
59000             220              18      0.04296875     0.003515625              98              80
59100             220              18      0.04296875     0.003515625              98              80
59200             220              18      0.04296875     0.003515625              98              80
59300             220              18      0.04296875     0.003515625              98              80
59400             220              18      0.04296875     0.003515625              98              80
59500             220              18      0.04296875     0.003515625              98              80
59600             220              18      0.04296875     0.003515625              98              80
59700             220              18      0.04296875     0.003515625              98              80
59800             222              17     0.043359375    0.0033203125              98              81
59900             220              18      0.04296875     0.003515625              99              81
60000             218              19     0.042578125    0.0037109375             100              81
60100             216              20       0.0421875      0.00390625             101              81
60200             216              20       0.0421875      0.00390625             101              81
60300             214              21     0.041796875    0.0041015625             102              81
60400             214              21     0.041796875    0.0041015625             102              81
60500             214              21     0.041796875    0.0041015625             103              82
60600             214              21     0.041796875    0.0041015625             103              82
60700             214              21     0.041796875    0.0041015625             103              82
60800             212              22      0.04140625     0.004296875             104              82
60900             214              21     0.041796875    0.0041015625             104              83
61000             214              21     0.041796875    0.0041015625             104              83
61100             214              21     0.041796875    0.0041015625             104              83
61200             214              21     0.041796875    0.0041015625             104              83
61300             214              21     0.041796875    0.0041015625             104              83
61400             214              21     0.041796875    0.0041015625             104              83
61500             214              21     0.041796875    0.0041015625             104              83
61600             212              22      0.04140625     0.004296875             105              83
61700             212              22      0.04140625     0.004296875             105              83
61800             212              22      0.04140625     0.004296875             105              83
61900             212              22      0.04140625     0.004296875             105              83
62000             212              22      0.04140625     0.004296875             105              83
62100             210              23     0.041015625    0.0044921875             106              83
62200             210              23     0.041015625    0.0044921875             106              83
62300             208              24        0.040625       0.0046875             107              83
62400             208              24        0.040625       0.0046875             107              83
62500             208              24        0.040625       0.0046875             107              83
62600             206              25     0.040234375    0.0048828125             108              83
62700             206              25     0.040234375    0.0048828125             108              83
62800             206              25     0.040234375    0.0048828125             108              83
62900             206              25     0.040234375    0.0048828125             108              83
63000             206              25     0.040234375    0.0048828125             108              83
63100             206              25     0.040234375    0.0048828125             108              83
63200             206              25     0.040234375    0.0048828125             108              83
63300             206              25     0.040234375    0.0048828125             108              83
63400             204              26      0.03984375     0.005078125             109              83
63500             204              26      0.03984375     0.005078125             109              83
63600             202              27     0.039453125    0.0052734375             110              83
63700             202              27     0.039453125    0.0052734375             110              83
63800             200              28       0.0390625      0.00546875             111              83
63900             202              27     0.039453125    0.0052734375             111              84
64000             202              27     0.039453125    0.0052734375             111              84
64100             202              27     0.039453125    0.0052734375             111              84
64200             202              27     0.039453125    0.0052734375             111              84
64300             202              27     0.039453125    0.0052734375             111              84
64400             200              28       0.0390625      0.00546875             112              84
64500             200              28       0.0390625      0.00546875             112              84
64600             200              28       0.0390625      0.00546875             112              84
64700             198              29     0.038671875    0.0056640625             113              84
64800             198              29     0.038671875    0.0056640625             113              84
64900             198              29     0.038671875    0.0056640625             113              84
65000             198              29     0.038671875    0.0056640625             113              84
65100             198              29     0.038671875    0.0056640625             113              84
65200             198              29     0.038671875    0.0056640625             113              84
65300             198              29     0.038671875    0.0056640625             113              84
65400             198              29     0.038671875    0.0056640625             113              84
65500             198              29     0.038671875    0.0056640625             113              84
65600             200              28       0.0390625      0.00546875             113              85
65700             200              28       0.0390625      0.00546875             113              85
65800             200              28       0.0390625      0.00546875             113              85
65900             200              28       0.0390625      0.00546875             113              85
66000             202              27     0.039453125    0.0052734375             113              86
66100             204              26      0.03984375     0.005078125             113              87
66200             204              26      0.03984375     0.005078125             113              87
66300             206              25     0.040234375    0.0048828125             113              88
66400             206              25     0.040234375    0.0048828125             113              88
66500             206              25     0.040234375    0.0048828125             113              88
66600             206              25     0.040234375    0.0048828125             113              88
66700             204              26      0.03984375     0.005078125             114              88
66800             204              26      0.03984375     0.005078125             114              88
66900             206              25     0.040234375    0.0048828125             114              89
67000             206              25     0.040234375    0.0048828125             114              89
67100             208              24        0.040625       0.0046875             114              90
67200             206              25     0.040234375    0.0048828125             115              90
67300             206              25     0.040234375    0.0048828125             115              90
67400             204              26      0.03984375     0.005078125             116              90
67500             204              26      0.03984375     0.005078125             116              90
67600             204              26      0.03984375     0.005078125             116              90
67700             204              26      0.03984375     0.005078125             116              90
67800             204              26      0.03984375     0.005078125             116              90
67900             204              26      0.03984375     0.005078125             116              90
68000             204              26      0.03984375     0.005078125             116              90
68100             204              26      0.03984375     0.005078125             116              90
68200             204              26      0.03984375     0.005078125             116              90
68300             204              26      0.03984375     0.005078125             116              90
68400             204              26      0.03984375     0.005078125             116              90
68500             204              26      0.03984375     0.005078125             116              90
68600             204              26      0.03984375     0.005078125             116              90
68700             208              24        0.040625       0.0046875             116              92
68800             208              24        0.040625       0.0046875             116              92
68900             208              24        0.040625       0.0046875             116              92
69000             210              23     0.041015625    0.0044921875             116              93
69100             210              23     0.041015625    0.0044921875             116              93
69200             210              23     0.041015625    0.0044921875             116              93
69300             210              23     0.041015625    0.0044921875             116              93
69400             212              22      0.04140625     0.004296875             116              94
69500             212              22      0.04140625     0.004296875             116              94
69600             212              22      0.04140625     0.004296875             116              94
69700             216              20       0.0421875      0.00390625             116              96
69800             218              19     0.042578125    0.0037109375             116              97
69900             218              19     0.042578125    0.0037109375             116              97
70000             218              19     0.042578125    0.0037109375             116              97
70100             216              20       0.0421875      0.00390625             117              97
70200             220              18      0.04296875     0.003515625             117              99
70300             218              19     0.042578125    0.0037109375             118              99
70400             218              19     0.042578125    0.0037109375             118              99
70500             218              19     0.042578125    0.0037109375             119             100
70600             218              19     0.042578125    0.0037109375             119             100
70700             220              18      0.04296875     0.003515625             119             101
70800             220              18      0.04296875     0.003515625             119             101
70900             220              18      0.04296875     0.003515625             119             101
71000             218              19     0.042578125    0.0037109375             120             101
71100             218              19     0.042578125    0.0037109375             120             101
71200             218              19     0.042578125    0.0037109375             120             101
71300             218              19     0.042578125    0.0037109375             120             101
71400             216              20       0.0421875      0.00390625             121             101
71500             216              20       0.0421875      0.00390625             122             102
71600             216              20       0.0421875      0.00390625             122             102
71700             218              19     0.042578125    0.0037109375             122             103
71800             218              19     0.042578125    0.0037109375             122             103
71900             218              19     0.042578125    0.0037109375             122             103
72000             218              19     0.042578125    0.0037109375             122             103
72100             218              19     0.042578125    0.0037109375             122             103
72200             218              19     0.042578125    0.0037109375             122             103
72300             218              19     0.042578125    0.0037109375             122             103
72400             218              19     0.042578125    0.0037109375             122             103
72500             220              18      0.04296875     0.003515625             122             104
72600             220              18      0.04296875     0.003515625             123             105
72700             220              18      0.04296875     0.003515625             123             105
72800             218              19     0.042578125    0.0037109375             124             105
72900             218              19     0.042578125    0.0037109375             124             105
73000             218              19     0.042578125    0.0037109375             124             105
73100             218              19     0.042578125    0.0037109375             124             105
73200             218              19     0.042578125    0.0037109375             124             105
73300             218              19     0.042578125    0.0037109375             124             105
73400             218              19     0.042578125    0.0037109375             124             105
73500             218              19     0.042578125    0.0037109375             124             105
73600             218              19     0.042578125    0.0037109375             124             105
73700             218              19     0.042578125    0.0037109375             124             105
73800             220              18      0.04296875     0.003515625             124             106
73900             220              18      0.04296875     0.003515625             124             106
74000             220              18      0.04296875     0.003515625             124             106
74100             220              18      0.04296875     0.003515625             124             106
74200             220              18      0.04296875     0.003515625             124             106
74300             220              18      0.04296875     0.003515625             124             106
74400             220              18      0.04296875     0.003515625             124             106
74500             216              20       0.0421875      0.00390625             126             106
74600             214              21     0.041796875    0.0041015625             127             106
74700             214              21     0.041796875    0.0041015625             127             106
74800             214              21     0.041796875    0.0041015625             127             106
74900             216              20       0.0421875      0.00390625             127             107
75000             216              20       0.0421875      0.00390625             127             107
75100             216              20       0.0421875      0.00390625             127             107
75200             214              21     0.041796875    0.0041015625             128             107
75300             214              21     0.041796875    0.0041015625             128             107
75400             214              21     0.041796875    0.0041015625             128             107
75500             212              22      0.04140625     0.004296875             129             107
75600             214              21     0.041796875    0.0041015625             129             108
75700             214              21     0.041796875    0.0041015625             129             108
75800             216              20       0.0421875      0.00390625             129             109
75900             216              20       0.0421875      0.00390625             129             109
76000             216              20       0.0421875      0.00390625             129             109
76100             216              20       0.0421875      0.00390625             129             109
76200             216              20       0.0421875      0.00390625             129             109
76300             216              20       0.0421875      0.00390625             129             109
76400             216              20       0.0421875      0.00390625             129             109
76500             218              19     0.042578125    0.0037109375             129             110
76600             218              19     0.042578125    0.0037109375             129             110
76700             216              20       0.0421875      0.00390625             130             110
76800             216              20       0.0421875      0.00390625             130             110
76900             216              20       0.0421875      0.00390625             130             110
77000             216              20       0.0421875      0.00390625             130             110
77100             216              20       0.0421875      0.00390625             130             110
77200             216              20       0.0421875      0.00390625             130             110
77300             216              20       0.0421875      0.00390625             130             110
77400             216              20       0.0421875      0.00390625             130             110
77500             216              20       0.0421875      0.00390625             130             110
77600             216              20       0.0421875      0.00390625             130             110
77700             218              19     0.042578125    0.0037109375             131             112
77800             220              18      0.04296875     0.003515625             131             113
77900             220              18      0.04296875     0.003515625             131             113
78000             220              18      0.04296875     0.003515625             131             113
78100             220              18      0.04296875     0.003515625             131             113
78200             220              18      0.04296875     0.003515625             131             113
78300             218              19     0.042578125    0.0037109375             132             113
78400             216              20       0.0421875      0.00390625             133             113
78500             216              20       0.0421875      0.00390625             133             113
78600             214              21     0.041796875    0.0041015625             134             113
78700             216              20       0.0421875      0.00390625             134             114
78800             214              21     0.041796875    0.0041015625             135             114
78900             214              21     0.041796875    0.0041015625             135             114
79000             214              21     0.041796875    0.0041015625             135             114
79100             214              21     0.041796875    0.0041015625             135             114
79200             214              21     0.041796875    0.0041015625             135             114
79300             214              21     0.041796875    0.0041015625             135             114
79400             214              21     0.041796875    0.0041015625             135             114
79500             212              22      0.04140625     0.004296875             136             114
79600             208              24        0.040625       0.0046875             138             114
79700             208              24        0.040625       0.0046875             138             114
79800             208              24        0.040625       0.0046875             138             114
79900             206              25     0.040234375    0.0048828125             139             114
80000             206              25     0.040234375    0.0048828125             139             114
80100             206              25     0.040234375    0.0048828125             139             114
80200             208              24        0.040625       0.0046875             139             115
80300             208              24        0.040625       0.0046875             139             115
80400             208              24        0.040625       0.0046875             139             115
80500             208              24        0.040625       0.0046875             139             115
80600             208              24        0.040625       0.0046875             139             115
80700             208              24        0.040625       0.0046875             140             116
80800             208              24        0.040625       0.0046875             140             116
80900             208              24        0.040625       0.0046875             140             116
81000             208              24        0.040625       0.0046875             140             116
81100             208              24        0.040625       0.0046875             140             116
81200             210              23     0.041015625    0.0044921875             140             117
81300             210              23     0.041015625    0.0044921875             140             117
81400             210              23     0.041015625    0.0044921875             140             117
81500             212              22      0.04140625     0.004296875             140             118
81600             212              22      0.04140625     0.004296875             140             118
81700             212              22      0.04140625     0.004296875             140             118
81800             210              23     0.041015625    0.0044921875             142             119
81900             210              23     0.041015625    0.0044921875             142             119
82000             212              22      0.04140625     0.004296875             142             120
82100             210              23     0.041015625    0.0044921875             143             120
82200             208              24        0.040625       0.0046875             144             120
82300             208              24        0.040625       0.0046875             144             120
82400             208              24        0.040625       0.0046875             144             120
82500             208              24        0.040625       0.0046875             144             120
82600             208              24        0.040625       0.0046875             144             120
82700             208              24        0.040625       0.0046875             144             120
82800             208              24        0.040625       0.0046875             144             120
82900             208              24        0.040625       0.0046875             144             120
83000             208              24        0.040625       0.0046875             144             120
83100             210              23     0.041015625    0.0044921875             144             121
83200             210              23     0.041015625    0.0044921875             144             121
83300             212              22      0.04140625     0.004296875             144             122
83400             212              22      0.04140625     0.004296875             144             122
83500             212              22      0.04140625     0.004296875             144             122
83600             212              22      0.04140625     0.004296875             144             122
83700             214              21     0.041796875    0.0041015625             144             123
83800             216              20       0.0421875      0.00390625             144             124
83900             214              21     0.041796875    0.0041015625             145             124
84000             214              21     0.041796875    0.0041015625             145             124
84100             212              22      0.04140625     0.004296875             146             124
84200             212              22      0.04140625     0.004296875             146             124
84300             212              22      0.04140625     0.004296875             146             124
84400             212              22      0.04140625     0.004296875             146             124
84500             212              22      0.04140625     0.004296875             146             124
84600             212              22      0.04140625     0.004296875             146             124
84700             212              22      0.04140625     0.004296875             146             124
84800             212              22      0.04140625     0.004296875             146             124
84900             214              21     0.041796875    0.0041015625             146             125
85000             214              21     0.041796875    0.0041015625             146             125
85100             214              21     0.041796875    0.0041015625             146             125
85200             214              21     0.041796875    0.0041015625             146             125
85300             214              21     0.041796875    0.0041015625             146             125
85400             214              21     0.041796875    0.0041015625             146             125
85500             214              21     0.041796875    0.0041015625             146             125
85600             214              21     0.041796875    0.0041015625             146             125
85700             214              21     0.041796875    0.0041015625             146             125
85800             214              21     0.041796875    0.0041015625             146             125
85900             214              21     0.041796875    0.0041015625             146             125
86000             214              21     0.041796875    0.0041015625             146             125
86100             214              21     0.041796875    0.0041015625             146             125
86200             214              21     0.041796875    0.0041015625             146             125
86300             214              21     0.041796875    0.0041015625             146             125
86400             214              21     0.041796875    0.0041015625             146             125
86500             214              21     0.041796875    0.0041015625             146             125
86600             214              21     0.041796875    0.0041015625             146             125
86700             216              20       0.0421875      0.00390625             146             126
86800             214              21     0.041796875    0.0041015625             147             126
86900             214              21     0.041796875    0.0041015625             147             126
87000             214              21     0.041796875    0.0041015625             147             126
87100             214              21     0.041796875    0.0041015625             147             126
87200             214              21     0.041796875    0.0041015625             147             126
87300             214              21     0.041796875    0.0041015625             147             126
87400             214              21     0.041796875    0.0041015625             147             126
87500             214              21     0.041796875    0.0041015625             147             126
87600             214              21     0.041796875    0.0041015625             147             126
87700             214              21     0.041796875    0.0041015625             147             126
87800             214              21     0.041796875    0.0041015625             147             126
87900             214              21     0.041796875    0.0041015625             147             126
88000             214              21     0.041796875    0.0041015625             147             126
88100             214              21     0.041796875    0.0041015625             147             126
88200             216              20       0.0421875      0.00390625             147             127
88300             218              19     0.042578125    0.0037109375             147             128
88400             218              19     0.042578125    0.0037109375             147             128
88500             218              19     0.042578125    0.0037109375             147             128
88600             216              20       0.0421875      0.00390625             148             128
88700             216              20       0.0421875      0.00390625             148             128
88800             216              20       0.0421875      0.00390625             148             128
88900             216              20       0.0421875      0.00390625             148             128
89000             216              20       0.0421875      0.00390625             148             128
89100             216              20       0.0421875      0.00390625             148             128
89200             218              19     0.042578125    0.0037109375             148             129
89300             218              19     0.042578125    0.0037109375             148             129
89400             218              19     0.042578125    0.0037109375             148             129
89500             218              19     0.042578125    0.0037109375             148             129
89600             218              19     0.042578125    0.0037109375             149             130
89700             218              19     0.042578125    0.0037109375             149             130
89800             218              19     0.042578125    0.0037109375             149             130
89900             216              20       0.0421875      0.00390625             150             130
90000             216              20       0.0421875      0.00390625             150             130
90100             216              20       0.0421875      0.00390625             150             130
90200             218              19     0.042578125    0.0037109375             150             131
90300             216              20       0.0421875      0.00390625             151             131
90400             216              20       0.0421875      0.00390625             151             131
90500             216              20       0.0421875      0.00390625             151             131
90600             216              20       0.0421875      0.00390625             151             131
90700             216              20       0.0421875      0.00390625             151             131
90800             218              19     0.042578125    0.0037109375             151             132
90900             216              20       0.0421875      0.00390625             152             132
91000             216              20       0.0421875      0.00390625             152             132
91100             216              20       0.0421875      0.00390625             152             132
91200             218              19     0.042578125    0.0037109375             152             133
91300             218              19     0.042578125    0.0037109375             152             133
91400             218              19     0.042578125    0.0037109375             152             133
91500             218              19     0.042578125    0.0037109375             152             133
91600             218              19     0.042578125    0.0037109375             152             133
91700             220              18      0.04296875     0.003515625             152             134
91800             220              18      0.04296875     0.003515625             152             134
91900             220              18      0.04296875     0.003515625             152             134
92000             220              18      0.04296875     0.003515625             152             134
92100             220              18      0.04296875     0.003515625             152             134
92200             220              18      0.04296875     0.003515625             152             134
92300             220              18      0.04296875     0.003515625             152             134
92400             218              19     0.042578125    0.0037109375             153             134
92500             214              21     0.041796875    0.0041015625             155             134
92600             212              22      0.04140625     0.004296875             156             134
92700             212              22      0.04140625     0.004296875             156             134
92800             212              22      0.04140625     0.004296875             156             134
92900             212              22      0.04140625     0.004296875             156             134
93000             212              22      0.04140625     0.004296875             156             134
93100             212              22      0.04140625     0.004296875             156             134
93200             210              23     0.041015625    0.0044921875             157             134
93300             208              24        0.040625       0.0046875             158             134
93400             208              24        0.040625       0.0046875             158             134
93500             210              23     0.041015625    0.0044921875             158             135
93600             210              23     0.041015625    0.0044921875             158             135
93700             210              23     0.041015625    0.0044921875             158             135
93800             210              23     0.041015625    0.0044921875             158             135
93900             210              23     0.041015625    0.0044921875             158             135
94000             210              23     0.041015625    0.0044921875             158             135
94100             208              24        0.040625       0.0046875             159             135
94200             208              24        0.040625       0.0046875             159             135
94300             206              25     0.040234375    0.0048828125             160             135
94400             206              25     0.040234375    0.0048828125             160             135
94500             206              25     0.040234375    0.0048828125             160             135
94600             206              25     0.040234375    0.0048828125             160             135
94700             206              25     0.040234375    0.0048828125             160             135
94800             206              25     0.040234375    0.0048828125             160             135
94900             204              26      0.03984375     0.005078125             161             135
95000             204              26      0.03984375     0.005078125             161             135
95100             204              26      0.03984375     0.005078125             161             135
95200             206              25     0.040234375    0.0048828125             161             136
95300             208              24        0.040625       0.0046875             161             137
95400             206              25     0.040234375    0.0048828125             162             137
95500             206              25     0.040234375    0.0048828125             162             137
95600             206              25     0.040234375    0.0048828125             162             137
95700             206              25     0.040234375    0.0048828125             162             137
95800             206              25     0.040234375    0.0048828125             162             137
95900             206              25     0.040234375    0.0048828125             162             137
96000             206              25     0.040234375    0.0048828125             162             137
96100             208              24        0.040625       0.0046875             162             138
96200             208              24        0.040625       0.0046875             162             138
96300             208              24        0.040625       0.0046875             162             138
96400             208              24        0.040625       0.0046875             162             138
96500             208              24        0.040625       0.0046875             162             138
96600             208              24        0.040625       0.0046875             162             138
96700             206              25     0.040234375    0.0048828125             163             138
96800             204              26      0.03984375     0.005078125             164             138
96900             204              26      0.03984375     0.005078125             164             138
97000             204              26      0.03984375     0.005078125             164             138
97100             204              26      0.03984375     0.005078125             164             138
97200             204              26      0.03984375     0.005078125             164             138
97300             206              25     0.040234375    0.0048828125             164             139
97400             206              25     0.040234375    0.0048828125             164             139
97500             206              25     0.040234375    0.0048828125             164             139
97600             208              24        0.040625       0.0046875             164             140
97700             208              24        0.040625       0.0046875             164             140
97800             206              25     0.040234375    0.0048828125             165             140
97900             204              26      0.03984375     0.005078125             166             140
98000             204              26      0.03984375     0.005078125             166             140
98100             206              25     0.040234375    0.0048828125             166             141
98200             206              25     0.040234375    0.0048828125             166             141
98300             206              25     0.040234375    0.0048828125             166             141
98400             204              26      0.03984375     0.005078125             167             141
98500             204              26      0.03984375     0.005078125             167             141
98600             202              27     0.039453125    0.0052734375             168             141
98700             200              28       0.0390625      0.00546875             169             141
98800             200              28       0.0390625      0.00546875             169             141
98900             198              29     0.038671875    0.0056640625             170             141
99000             200              28       0.0390625      0.00546875             170             142
99100             202              27     0.039453125    0.0052734375             170             143
99200             202              27     0.039453125    0.0052734375             170             143
99300             200              28       0.0390625      0.00546875             171             143
99400             198              29     0.038671875    0.0056640625             172             143
99500             198              29     0.038671875    0.0056640625             173             144
99600             198              29     0.038671875    0.0056640625             173             144
99700             198              29     0.038671875    0.0056640625             173             144
99800             202              27     0.039453125    0.0052734375             174             147
99900             204              26      0.03984375     0.005078125             174             148
100000             206              25     0.040234375    0.0048828125             174             149
