# Time-averaged data for fix observ
# TimeStep v_nfree v_ndimer v_cfree v_cdimer f_kinetics[2] f_kinetics[3]
0             256               0            0.05               0               0               0
100             254               1     0.049609375    0.0001953125               1               0
200             254               1     0.049609375    0.0001953125               1               0
300             254               1     0.049609375    0.0001953125               1               0
400             254               1     0.049609375    0.0001953125               1               0
500             252               2      0.04921875     0.000390625               2               0
600             252               2      0.04921875     0.000390625               2               0
700             252               2      0.04921875     0.000390625               2               0
800             252               2      0.04921875     0.000390625               2               0
900             252               2      0.04921875     0.000390625               2               0
1000             252               2      0.04921875     0.000390625               2               0
1100             252               2      0.04921875     0.000390625               2               0
1200             250               3     0.048828125    0.0005859375               3               0
1300             250               3     0.048828125    0.0005859375               3               0
1400             252               2      0.04921875     0.000390625               3               1
1500             252               2      0.04921875     0.000390625               3               1
1600             252               2      0.04921875     0.000390625               3               1
1700             252               2      0.04921875     0.000390625               3               1
1800             252               2      0.04921875     0.000390625               3               1
1900             252               2      0.04921875     0.000390625               3               1
2000             252               2      0.04921875     0.000390625               3               1
2100             252               2      0.04921875     0.000390625               3               1
2200             252               2      0.04921875     0.000390625               3               1
2300             252               2      0.04921875     0.000390625               3               1
2400             250               3     0.048828125    0.0005859375               4               1
2500             250               3     0.048828125    0.0005859375               4               1
2600             250               3     0.048828125    0.0005859375               4               1
2700             250               3     0.048828125    0.0005859375               4               1
2800             250               3     0.048828125    0.0005859375               4               1
2900             248               4       0.0484375      0.00078125               5               1
3000             248               4       0.0484375      0.00078125               5               1
3100             250               3     0.048828125    0.0005859375               5               2
3200             250               3     0.048828125    0.0005859375               5               2
3300             250               3     0.048828125    0.0005859375               5               2
3400             252               2      0.04921875     0.000390625               5               3
3500             252               2      0.04921875     0.000390625               5               3
3600             250               3     0.048828125    0.0005859375               6               3
3700             248               4       0.0484375      0.00078125               7               3
3800             248               4       0.0484375      0.00078125               7               3
3900             250               3     0.048828125    0.0005859375               7               4
4000             250               3     0.048828125    0.0005859375               7               4
4100             250               3     0.048828125    0.0005859375               7               4
4200             250               3     0.048828125    0.0005859375               7               4
4300             252               2      0.04921875     0.000390625               7               5
4400             252               2      0.04921875     0.000390625               7               5
4500             252               2      0.04921875     0.000390625               7               5
4600             252               2      0.04921875     0.000390625               7               5
4700             252               2      0.04921875     0.000390625               7               5
4800             252               2      0.04921875     0.000390625               7               5
4900             252               2      0.04921875     0.000390625               7               5
5000             252               2      0.04921875     0.000390625               7               5
5100             252               2      0.04921875     0.000390625               7               5
5200             252               2      0.04921875     0.000390625               7               5
5300             250               3     0.048828125    0.0005859375               8               5
5400             250               3     0.048828125    0.0005859375               8               5
5500             250               3     0.048828125    0.0005859375               8               5
5600             250               3     0.048828125    0.0005859375               8               5
5700             250               3     0.048828125    0.0005859375               8               5
5800             248               4       0.0484375      0.00078125               9               5
5900             248               4       0.0484375      0.00078125               9               5
6000             248               4       0.0484375      0.00078125               9               5
6100             248               4       0.0484375      0.00078125               9               5
6200             248               4       0.0484375      0.00078125               9               5
6300             248               4       0.0484375      0.00078125               9               5
6400             246               5     0.048046875    0.0009765625              10               5
6500             246               5     0.048046875    0.0009765625              10               5
6600             246               5     0.048046875    0.0009765625              10               5
6700             246               5     0.048046875    0.0009765625              10               5
6800             246               5     0.048046875    0.0009765625              10               5
6900             246               5     0.048046875    0.0009765625              10               5
7000             244               6      0.04765625     0.001171875              11               5
7100             244               6      0.04765625     0.001171875              11               5
7200             244               6      0.04765625     0.001171875              11               5
7300             242               7     0.047265625    0.0013671875              12               5
7400             242               7     0.047265625    0.0013671875              12               5
7500             242               7     0.047265625    0.0013671875              12               5
7600             242               7     0.047265625    0.0013671875              12               5
7700             242               7     0.047265625    0.0013671875              12               5
7800             244               6      0.04765625     0.001171875              12               6
7900             244               6      0.04765625     0.001171875              12               6
8000             240               8        0.046875       0.0015625              14               6
8100             240               8        0.046875       0.0015625              14               6
8200             240               8        0.046875       0.0015625              14               6
8300             240               8        0.046875       0.0015625              14               6
8400             240               8        0.046875       0.0015625              14               6
8500             240               8        0.046875       0.0015625              14               6
8600             240               8        0.046875       0.0015625              14               6
8700             240               8        0.046875       0.0015625              14               6
8800             240               8        0.046875       0.0015625              14               6
8900             238               9     0.046484375    0.0017578125              15               6
9000             234              11     0.045703125    0.0021484375              17               6
9100             234              11     0.045703125    0.0021484375              17               6
9200             234              11     0.045703125    0.0021484375              17               6
9300             234              11     0.045703125    0.0021484375              17               6
9400             234              11     0.045703125    0.0021484375              17               6
9500             234              11     0.045703125    0.0021484375              17               6
9600             234              11     0.045703125    0.0021484375              17               6
9700             234              11     0.045703125    0.0021484375              17               6
9800             234              11     0.045703125    0.0021484375              17               6
9900             234              11     0.045703125    0.0021484375              17               6
10000             234              11     0.045703125    0.0021484375              17               6
10100             234              11     0.045703125    0.0021484375              17               6
10200             234              11     0.045703125    0.0021484375              17               6
10300             234              11     0.045703125    0.0021484375              17               6
10400             234              11     0.045703125    0.0021484375              17               6
10500             234              11     0.045703125    0.0021484375              18               7
10600             234              11     0.045703125    0.0021484375              18               7
10700             232              12       0.0453125      0.00234375              19               7
10800             232              12       0.0453125      0.00234375              19               7
10900             232              12       0.0453125      0.00234375              19               7
11000             232              12       0.0453125      0.00234375              19               7
11100             230              13     0.044921875    0.0025390625              20               7
11200             230              13     0.044921875    0.0025390625              20               7
11300             230              13     0.044921875    0.0025390625              20               7
11400             228              14      0.04453125     0.002734375              21               7
11500             228              14      0.04453125     0.002734375              21               7
11600             228              14      0.04453125     0.002734375              21               7
11700             228              14      0.04453125     0.002734375              21               7
11800             228              14      0.04453125     0.002734375              21               7
11900             228              14      0.04453125     0.002734375              21               7
12000             228              14      0.04453125     0.002734375              21               7
12100             228              14      0.04453125     0.002734375              21               7
12200             228              14      0.04453125     0.002734375              21               7
12300             228              14      0.04453125     0.002734375              21               7
12400             226              15     0.044140625    0.0029296875              22               7
12500             226              15     0.044140625    0.0029296875              22               7
12600             226              15     0.044140625    0.0029296875              22               7
12700             226              15     0.044140625    0.0029296875              22               7
12800             226              15     0.044140625    0.0029296875              22               7
12900             226              15     0.044140625    0.0029296875              22               7
13000             224              16         0.04375        0.003125              23               7
13100             224              16         0.04375        0.003125              23               7
13200             226              15     0.044140625    0.0029296875              23               8
13300             226              15     0.044140625    0.0029296875              23               8
13400             226              15     0.044140625    0.0029296875              23               8
13500             224              16         0.04375        0.003125              24               8
13600             224              16         0.04375        0.003125              24               8
13700             224              16         0.04375        0.003125              24               8
13800             226              15     0.044140625    0.0029296875              24               9
13900             228              14      0.04453125     0.002734375              24              10
14000             228              14      0.04453125     0.002734375              24              10
14100             228              14      0.04453125     0.002734375              24              10
14200             226              15     0.044140625    0.0029296875              25              10
14300             226              15     0.044140625    0.0029296875              25              10
14400             226              15     0.044140625    0.0029296875              25              10
14500             226              15     0.044140625    0.0029296875              25              10
14600             226              15     0.044140625    0.0029296875              25              10
14700             226              15     0.044140625    0.0029296875              25              10
14800             226              15     0.044140625    0.0029296875              25              10
14900             226              15     0.044140625    0.0029296875              25              10
15000             226              15     0.044140625    0.0029296875              25              10
15100             226              15     0.044140625    0.0029296875              25              10
15200             226              15     0.044140625    0.0029296875              25              10
15300             226              15     0.044140625    0.0029296875              25              10
15400             228              14      0.04453125     0.002734375              25              11
15500             228              14      0.04453125     0.002734375              25              11
15600             226              15     0.044140625    0.0029296875              26              11
15700             226              15     0.044140625    0.0029296875              26              11
15800             226              15     0.044140625    0.0029296875              26              11
15900             224              16         0.04375        0.003125              27              11
16000             222              17     0.043359375    0.0033203125              28              11
16100             222              17     0.043359375    0.0033203125              28              11
16200             224              16         0.04375        0.003125              28              12
16300             222              17     0.043359375    0.0033203125              29              12
16400             222              17     0.043359375    0.0033203125              29              12
16500             222              17     0.043359375    0.0033203125              29              12
16600             218              19     0.042578125    0.0037109375              31              12
16700             218              19     0.042578125    0.0037109375              31              12
16800             218              19     0.042578125    0.0037109375              31              12
16900             218              19     0.042578125    0.0037109375              31              12
17000             218              19     0.042578125    0.0037109375              31              12
17100             218              19     0.042578125    0.0037109375              31              12
17200             218              19     0.042578125    0.0037109375              31              12
17300             218              19     0.042578125    0.0037109375              31              12
17400             220              18      0.04296875     0.003515625              31              13
17500             222              17     0.043359375    0.0033203125              31              14
17600             222              17     0.043359375    0.0033203125              31              14
17700             222              17     0.043359375    0.0033203125              31              14
17800             220              18      0.04296875     0.003515625              32              14
17900             220              18      0.04296875     0.003515625              32              14
18000             220              18      0.04296875     0.003515625              32              14
18100             220              18      0.04296875     0.003515625              32              14
18200             218              19     0.042578125    0.0037109375              33              14
18300             218              19     0.042578125    0.0037109375              33              14
18400             218              19     0.042578125    0.0037109375              33              14
18500             218              19     0.042578125    0.0037109375              33              14
18600             218              19     0.042578125    0.0037109375              33              14
18700             218              19     0.042578125    0.0037109375              33              14
18800             218              19     0.042578125    0.0037109375              33              14
18900             220              18      0.04296875     0.003515625              33              15
19000             220              18      0.04296875     0.003515625              33              15
19100             220              18      0.04296875     0.003515625              33              15
19200             220              18      0.04296875     0.003515625              33              15
19300             220              18      0.04296875     0.003515625              33              15
19400             220              18      0.04296875     0.003515625              33              15
19500             220              18      0.04296875     0.003515625              33              15
19600             220              18      0.04296875     0.003515625              33              15
19700             220              18      0.04296875     0.003515625              33              15
19800             220              18      0.04296875     0.003515625              33              15
19900             220              18      0.04296875     0.003515625              33              15
20000             220              18      0.04296875     0.003515625              33              15
20100             220              18      0.04296875     0.003515625              33              15
20200             218              19     0.042578125    0.0037109375              34              15
20300             218              19     0.042578125    0.0037109375              34              15
20400             218              19     0.042578125    0.0037109375              34              15
20500             218              19     0.042578125    0.0037109375              35              16
20600             218              19     0.042578125    0.0037109375              35              16
20700             220              18      0.04296875     0.003515625              35              17
20800             220              18      0.04296875     0.003515625              35              17
20900             220              18      0.04296875     0.003515625              35              17
21000             220              18      0.04296875     0.003515625              36              18
21100             220              18      0.04296875     0.003515625              36              18
21200             220              18      0.04296875     0.003515625              36              18
21300             220              18      0.04296875     0.003515625              36              18
21400             220              18      0.04296875     0.003515625              36              18
21500             220              18      0.04296875     0.003515625              36              18
21600             222              17     0.043359375    0.0033203125              36              19
21700             222              17     0.043359375    0.0033203125              36              19
21800             224              16         0.04375        0.003125              36              20
21900             224              16         0.04375        0.003125              36              20
22000             224              16         0.04375        0.003125              36              20
22100             224              16         0.04375        0.003125              36              20
22200             222              17     0.043359375    0.0033203125              37              20
22300             222              17     0.043359375    0.0033203125              37              20
22400             222              17     0.043359375    0.0033203125              37              20
22500             222              17     0.043359375    0.0033203125              37              20
22600             220              18      0.04296875     0.003515625              38              20
22700             220              18      0.04296875     0.003515625              38              20
22800             220              18      0.04296875     0.003515625              38              20
22900             218              19     0.042578125    0.0037109375              39              20
23000             218              19     0.042578125    0.0037109375              39              20
23100             218              19     0.042578125    0.0037109375              39              20
23200             218              19     0.042578125    0.0037109375              39              20
23300             218              19     0.042578125    0.0037109375              39              20
23400             218              19     0.042578125    0.0037109375              39              20
23500             216              20       0.0421875      0.00390625              40              20
23600             218              19     0.042578125    0.0037109375              40              21
23700             220              18      0.04296875     0.003515625              40              22
23800             218              19     0.042578125    0.0037109375              41              22
23900             214              21     0.041796875    0.0041015625              43              22
24000             214              21     0.041796875    0.0041015625              43              22
24100             214              21     0.041796875    0.0041015625              44              23
24200             214              21     0.041796875    0.0041015625              44              23
24300             214              21     0.041796875    0.0041015625              44              23
24400             214              21     0.041796875    0.0041015625              44              23
24500             214              21     0.041796875    0.0041015625              44              23
24600             214              21     0.041796875    0.0041015625              44              23
24700             214              21     0.041796875    0.0041015625              44              23
24800             214              21     0.041796875    0.0041015625              44              23
24900             214              21     0.041796875    0.0041015625              44              23
25000             214              21     0.041796875    0.0041015625              44              23
25100             210              23     0.041015625    0.0044921875              46              23
25200             214              21     0.041796875    0.0041015625              46              25
25300             214              21     0.041796875    0.0041015625              46              25
25400             214              21     0.041796875    0.0041015625              46              25
25500             214              21     0.041796875    0.0041015625              46              25
25600             216              20       0.0421875      0.00390625              46              26
25700             218              19     0.042578125    0.0037109375              46              27
25800             214              21     0.041796875    0.0041015625              48              27
25900             214              21     0.041796875    0.0041015625              48              27
26000             214              21     0.041796875    0.0041015625              48              27
26100             214              21     0.041796875    0.0041015625              48              27
26200             214              21     0.041796875    0.0041015625              48              27
26300             210              23     0.041015625    0.0044921875              50              27
26400             210              23     0.041015625    0.0044921875              50              27
26500             210              23     0.041015625    0.0044921875              50              27
26600             210              23     0.041015625    0.0044921875              50              27
26700             210              23     0.041015625    0.0044921875              50              27
26800             210              23     0.041015625    0.0044921875              50              27
26900             210              23     0.041015625    0.0044921875              50              27
27000             210              23     0.041015625    0.0044921875              50              27
27100             212              22      0.04140625     0.004296875              50              28
27200             212              22      0.04140625     0.004296875              50              28
27300             214              21     0.041796875    0.0041015625              50              29
27400             214              21     0.041796875    0.0041015625              51              30
27500             214              21     0.041796875    0.0041015625              51              30
27600             214              21     0.041796875    0.0041015625              51              30
27700             216              20       0.0421875      0.00390625              51              31
27800             216              20       0.0421875      0.00390625              51              31
27900             216              20       0.0421875      0.00390625              51              31
28000             216              20       0.0421875      0.00390625              51              31
28100             216              20       0.0421875      0.00390625              51              31
28200             216              20       0.0421875      0.00390625              51              31
28300             214              21     0.041796875    0.0041015625              52              31
28400             214              21     0.041796875    0.0041015625              52              31
28500             214              21     0.041796875    0.0041015625              52              31
28600             214              21     0.041796875    0.0041015625              52              31
28700             214              21     0.041796875    0.0041015625              52              31
28800             216              20       0.0421875      0.00390625              52              32
28900             216              20       0.0421875      0.00390625              52              32
29000             216              20       0.0421875      0.00390625              52              32
29100             216              20       0.0421875      0.00390625              52              32
29200             216              20       0.0421875      0.00390625              52              32
29300             216              20       0.0421875      0.00390625              52              32
29400             216              20       0.0421875      0.00390625              52              32
29500             216              20       0.0421875      0.00390625              52              32
29600             216              20       0.0421875      0.00390625              52              32
29700             216              20       0.0421875      0.00390625              52              32
29800             216              20       0.0421875      0.00390625              52              32
29900             216              20       0.0421875      0.00390625              52              32
30000             216              20       0.0421875      0.00390625              52              32
30100             218              19     0.042578125    0.0037109375              52              33
30200             218              19     0.042578125    0.0037109375              52              33
30300             218              19     0.042578125    0.0037109375              52              33
30400             218              19     0.042578125    0.0037109375              52              33
30500             218              19     0.042578125    0.0037109375              52              33
30600             218              19     0.042578125    0.0037109375              53              34
30700             218              19     0.042578125    0.0037109375              53              34
30800             218              19     0.042578125    0.0037109375              53              34
30900             216              20       0.0421875      0.00390625              54              34
31000             216              20       0.0421875      0.00390625              54              34
31100             218              19     0.042578125    0.0037109375              54              35
31200             218              19     0.042578125    0.0037109375              54              35
31300             218              19     0.042578125    0.0037109375              54              35
31400             220              18      0.04296875     0.003515625              54              36
31500             220              18      0.04296875     0.003515625              54              36
31600             220              18      0.04296875     0.003515625              54              36
31700             218              19     0.042578125    0.0037109375              55              36
31800             218              19     0.042578125    0.0037109375              55              36
31900             216              20       0.0421875      0.00390625              56              36
32000             216              20       0.0421875      0.00390625              56              36
32100             216              20       0.0421875      0.00390625              56              36
32200             214              21     0.041796875    0.0041015625              57              36
32300             214              21     0.041796875    0.0041015625              57              36
32400             214              21     0.041796875    0.0041015625              57              36
32500             216              20       0.0421875      0.00390625              57              37
32600             216              20       0.0421875      0.00390625              57              37
32700             216              20       0.0421875      0.00390625              57              37
32800             218              19     0.042578125    0.0037109375              57              38
32900             218              19     0.042578125    0.0037109375              57              38
33000             218              19     0.042578125    0.0037109375              57              38
33100             218              19     0.042578125    0.0037109375              57              38
33200             218              19     0.042578125    0.0037109375              57              38
33300             220              18      0.04296875     0.003515625              57              39
33400             220              18      0.04296875     0.003515625              57              39
33500             220              18      0.04296875     0.003515625              57              39
33600             218              19     0.042578125    0.0037109375              58              39
33700             218              19     0.042578125    0.0037109375              58              39
33800             218              19     0.042578125    0.0037109375              58              39
33900             218              19     0.042578125    0.0037109375              58              39
34000             218              19     0.042578125    0.0037109375              58              39
34100             216              20       0.0421875      0.00390625              59              39
34200             216              20       0.0421875      0.00390625              59              39
34300             216              20       0.0421875      0.00390625              59              39
34400             214              21     0.041796875    0.0041015625              60              39
34500             216              20       0.0421875      0.00390625              61              41
34600             216              20       0.0421875      0.00390625              61              41
34700             216              20       0.0421875      0.00390625              61              41
34800             216              20       0.0421875      0.00390625              61              41
34900             218              19     0.042578125    0.0037109375              61              42
35000             218              19     0.042578125    0.0037109375              61              42
35100             218              19     0.042578125    0.0037109375              62              43
35200             220              18      0.04296875     0.003515625              62              44
35300             218              19     0.042578125    0.0037109375              63              44
35400             218              19     0.042578125    0.0037109375              63              44
35500             218              19     0.042578125    0.0037109375              63              44
35600             218              19     0.042578125    0.0037109375              63              44
35700             218              19     0.042578125    0.0037109375              63              44
35800             218              19     0.042578125    0.0037109375              63              44
35900             220              18      0.04296875     0.003515625              63              45
36000             218              19     0.042578125    0.0037109375              64              45
36100             218              19     0.042578125    0.0037109375              64              45
36200             218              19     0.042578125    0.0037109375              64              45
36300             216              20       0.0421875      0.00390625              65              45
36400             214              21     0.041796875    0.0041015625              66              45
36500             214              21     0.041796875    0.0041015625              66              45
36600             214              21     0.041796875    0.0041015625              66              45
36700             214              21     0.041796875    0.0041015625              66              45
36800             214              21     0.041796875    0.0041015625              66              45
36900             212              22      0.04140625     0.004296875              67              45
37000             212              22      0.04140625     0.004296875              67              45
37100             212              22      0.04140625     0.004296875              67              45
37200             212              22      0.04140625     0.004296875              67              45
37300             212              22      0.04140625     0.004296875              67              45
37400             212              22      0.04140625     0.004296875              67              45
37500             212              22      0.04140625     0.004296875              67              45
37600             214              21     0.041796875    0.0041015625              67              46
37700             214              21     0.041796875    0.0041015625              67              46
37800             214              21     0.041796875    0.0041015625              67              46
37900             214              21     0.041796875    0.0041015625              67              46
38000             214              21     0.041796875    0.0041015625              67              46
38100             216              20       0.0421875      0.00390625              67              47
38200             218              19     0.042578125    0.0037109375              67              48
38300             218              19     0.042578125    0.0037109375              67              48
38400             218              19     0.042578125    0.0037109375              67              48
38500             218              19     0.042578125    0.0037109375              67              48
38600             218              19     0.042578125    0.0037109375              67              48
38700             218              19     0.042578125    0.0037109375              67              48
38800             220              18      0.04296875     0.003515625              67              49
38900             220              18      0.04296875     0.003515625              67              49
39000             220              18      0.04296875     0.003515625              67              49
39100             220              18      0.04296875     0.003515625              67              49
39200             222              17     0.043359375    0.0033203125              67              50
39300             222              17     0.043359375    0.0033203125              67              50
39400             222              17     0.043359375    0.0033203125              67              50
39500             222              17     0.043359375    0.0033203125              67              50
39600             220              18      0.04296875     0.003515625              68              50
39700             220              18      0.04296875     0.003515625              68              50
39800             220              18      0.04296875     0.003515625              68              50
39900             220              18      0.04296875     0.003515625              68              50
40000             220              18      0.04296875     0.003515625              68              50
40100             220              18      0.04296875     0.003515625              68              50
40200             218              19     0.042578125    0.0037109375              69              50
40300             218              19     0.042578125    0.0037109375              69              50
40400             218              19     0.042578125    0.0037109375              69              50
40500             220              18      0.04296875     0.003515625              69              51
40600             220              18      0.04296875     0.003515625              69              51
40700             218              19     0.042578125    0.0037109375              70              51
40800             218              19     0.042578125    0.0037109375              70              51
40900             218              19     0.042578125    0.0037109375              70              51
41000             218              19     0.042578125    0.0037109375              70              51
41100             218              19     0.042578125    0.0037109375              70              51
41200             218              19     0.042578125    0.0037109375              71              52
41300             218              19     0.042578125    0.0037109375              71              52
41400             218              19     0.042578125    0.0037109375              71              52
41500             218              19     0.042578125    0.0037109375              71              52
41600             218              19     0.042578125    0.0037109375              71              52
41700             218              19     0.042578125    0.0037109375              71              52
41800             218              19     0.042578125    0.0037109375              71              52
41900             218              19     0.042578125    0.0037109375              71              52
42000             218              19     0.042578125    0.0037109375              71              52
42100             218              19     0.042578125    0.0037109375              71              52
42200             218              19     0.042578125    0.0037109375              71              52
42300             218              19     0.042578125    0.0037109375              71              52
42400             216              20       0.0421875      0.00390625              72              52
42500             216              20       0.0421875      0.00390625              72              52
42600             216              20       0.0421875      0.00390625              72              52
42700             216              20       0.0421875      0.00390625              72              52
42800             216              20       0.0421875      0.00390625              72              52
42900             216              20       0.0421875      0.00390625              72              52
43000             216              20       0.0421875      0.00390625              72              52
43100             216              20       0.0421875      0.00390625              72              52
43200             216              20       0.0421875      0.00390625              72              52
43300             214              21     0.041796875    0.0041015625              73              52
43400             214              21     0.041796875    0.0041015625              73              52
43500             214              21     0.041796875    0.0041015625              73              52
43600             214              21     0.041796875    0.0041015625              73              52
43700             214              21     0.041796875    0.0041015625              73              52
43800             214              21     0.041796875    0.0041015625              74              53
43900             214              21     0.041796875    0.0041015625              74              53
44000             214              21     0.041796875    0.0041015625              75              54
44100             214              21     0.041796875    0.0041015625              75              54
44200             214              21     0.041796875    0.0041015625              75              54
44300             214              21     0.041796875    0.0041015625              75              54
44400             212              22      0.04140625     0.004296875              76              54
44500             212              22      0.04140625     0.004296875              76              54
44600             210              23     0.041015625    0.0044921875              77              54
44700             210              23     0.041015625    0.0044921875              77              54
44800             214              21     0.041796875    0.0041015625              77              56
44900             212              22      0.04140625     0.004296875              78              56
45000             212              22      0.04140625     0.004296875              78              56
45100             214              21     0.041796875    0.0041015625              78              57
45200             212              22      0.04140625     0.004296875              79              57
45300             212              22      0.04140625     0.004296875              79              57
45400             212              22      0.04140625     0.004296875              79              57
45500             212              22      0.04140625     0.004296875              79              57
45600             210              23     0.041015625    0.0044921875              80              57
45700             210              23     0.041015625    0.0044921875              80              57
45800             208              24        0.040625       0.0046875              81              57
45900             208              24        0.040625       0.0046875              81              57
46000             208              24        0.040625       0.0046875              81              57
46100             208              24        0.040625       0.0046875              81              57
46200             208              24        0.040625       0.0046875              81              57
46300             208              24        0.040625       0.0046875              81              57
46400             210              23     0.041015625    0.0044921875              81              58
46500             210              23     0.041015625    0.0044921875              81              58
46600             210              23     0.041015625    0.0044921875              81              58
46700             210              23     0.041015625    0.0044921875              81              58
46800             210              23     0.041015625    0.0044921875              81              58
46900             210              23     0.041015625    0.0044921875              81              58
47000             212              22      0.04140625     0.004296875              81              59
47100             212              22      0.04140625     0.004296875              81              59
47200             212              22      0.04140625     0.004296875              81              59
47300             210              23     0.041015625    0.0044921875              82              59
47400             210              23     0.041015625    0.0044921875              82              59
47500             210              23     0.041015625    0.0044921875              82              59
47600             210              23     0.041015625    0.0044921875              82              59
47700             210              23     0.041015625    0.0044921875              82              59
47800             210              23     0.041015625    0.0044921875              82              59
47900             208              24        0.040625       0.0046875              83              59
48000             210              23     0.041015625    0.0044921875              83              60
48100             208              24        0.040625       0.0046875              84              60
48200             206              25     0.040234375    0.0048828125              85              60
48300             204              26      0.03984375     0.005078125              86              60
48400             204              26      0.03984375     0.005078125              86              60
48500             204              26      0.03984375     0.005078125              86              60
48600             204              26      0.03984375     0.005078125              86              60
48700             204              26      0.03984375     0.005078125              86              60
48800             204              26      0.03984375     0.005078125              86              60
48900             204              26      0.03984375     0.005078125              86              60
49000             206              25     0.040234375    0.0048828125              86              61
49100             206              25     0.040234375    0.0048828125              86              61
49200             204              26      0.03984375     0.005078125              87              61
49300             204              26      0.03984375     0.005078125              87              61
49400             204              26      0.03984375     0.005078125              87              61
49500             204              26      0.03984375     0.005078125              87              61
49600             202              27     0.039453125    0.0052734375              88              61
49700             200              28       0.0390625      0.00546875              89              61
49800             200              28       0.0390625      0.00546875              89              61
49900             200              28       0.0390625      0.00546875              89              61
50000             200              28       0.0390625      0.00546875              89              61
50100             198              29     0.038671875    0.0056640625              90              61
50200             198              29     0.038671875    0.0056640625              90              61
50300             200              28       0.0390625      0.00546875              90              62
50400             200              28       0.0390625      0.00546875              90              62
50500             200              28       0.0390625      0.00546875              90              62
50600             200              28       0.0390625      0.00546875              90              62
50700             200              28       0.0390625      0.00546875              90              62
50800             198              29     0.038671875    0.0056640625              91              62
50900             200              28       0.0390625      0.00546875              91              63
51000             200              28       0.0390625      0.00546875              92              64
51100             202              27     0.039453125    0.0052734375              92              65
51200             200              28       0.0390625      0.00546875              93              65
51300             200              28       0.0390625      0.00546875              93              65
51400             202              27     0.039453125    0.0052734375              93              66
51500             202              27     0.039453125    0.0052734375              93              66
51600             202              27     0.039453125    0.0052734375              93              66
51700             198              29     0.038671875    0.0056640625              95              66
51800             198              29     0.038671875    0.0056640625              95              66
51900             198              29     0.038671875    0.0056640625              95              66
52000             198              29     0.038671875    0.0056640625              95              66
52100             200              28       0.0390625      0.00546875              95              67
52200             200              28       0.0390625      0.00546875              95              67
52300             200              28       0.0390625      0.00546875              95              67
52400             200              28       0.0390625      0.00546875              95              67
52500             200              28       0.0390625      0.00546875              95              67
52600             200              28       0.0390625      0.00546875              95              67
52700             204              26      0.03984375     0.005078125              95              69
52800             204              26      0.03984375     0.005078125              95              69
52900             204              26      0.03984375     0.005078125              95              69
53000             206              25     0.040234375    0.0048828125              95              70
53100             206              25     0.040234375    0.0048828125              95              70
53200             206              25     0.040234375    0.0048828125              95              70
53300             206              25     0.040234375    0.0048828125              95              70
53400             206              25     0.040234375    0.0048828125              95              70
53500             206              25     0.040234375    0.0048828125              95              70
53600             206              25     0.040234375    0.0048828125              95              70
53700             206              25     0.040234375    0.0048828125              95              70
53800             204              26      0.03984375     0.005078125              96              70
53900             204              26      0.03984375     0.005078125              96              70
54000             208              24        0.040625       0.0046875              96              72
54100             206              25     0.040234375    0.0048828125              97              72
54200             206              25     0.040234375    0.0048828125              97              72
54300             206              25     0.040234375    0.0048828125              97              72
54400             206              25     0.040234375    0.0048828125              97              72
54500             206              25     0.040234375    0.0048828125              97              72
54600             206              25     0.040234375    0.0048828125              97              72
54700             206              25     0.040234375    0.0048828125              97              72
54800             204              26      0.03984375     0.005078125              98              72
54900             204              26      0.03984375     0.005078125              98              72
55000             204              26      0.03984375     0.005078125              98              72
55100             204              26      0.03984375     0.005078125              98              72
55200             202              27     0.039453125    0.0052734375              99              72
55300             202              27     0.039453125    0.0052734375              99              72
55400             202              27     0.039453125    0.0052734375              99              72
55500             202              27     0.039453125    0.0052734375              99              72
55600             202              27     0.039453125    0.0052734375              99              72
55700             202              27     0.039453125    0.0052734375              99              72
55800             202              27     0.039453125    0.0052734375              99              72
55900             202              27     0.039453125    0.0052734375              99              72
56000             202              27     0.039453125    0.0052734375              99              72
56100             202              27     0.039453125    0.0052734375              99              72
56200             202              27     0.039453125    0.0052734375              99              72
56300             202              27     0.039453125    0.0052734375              99              72
56400             202              27     0.039453125    0.0052734375              99              72
56500             202              27     0.039453125    0.0052734375              99              72
56600             202              27     0.039453125    0.0052734375              99              72
56700             204              26      0.03984375     0.005078125              99              73
56800             202              27     0.039453125    0.0052734375             100              73
56900             204              26      0.03984375     0.005078125             100              74
57000             204              26      0.03984375     0.005078125             100              74
57100             204              26      0.03984375     0.005078125             100              74
57200             204              26      0.03984375     0.005078125             100              74
57300             204              26      0.03984375     0.005078125             100              74
57400             202              27     0.039453125    0.0052734375             101              74
57500             202              27     0.039453125    0.0052734375             101              74
57600             202              27     0.039453125    0.0052734375             101              74
57700             200              28       0.0390625      0.00546875             102              74
57800             198              29     0.038671875    0.0056640625             103              74
57900             198              29     0.038671875    0.0056640625             103              74
58000             198              29     0.038671875    0.0056640625             103              74
58100             198              29     0.038671875    0.0056640625             103              74
58200             198              29     0.038671875    0.0056640625             103              74
58300             200              28       0.0390625      0.00546875             103              75
58400             200              28       0.0390625      0.00546875             103              75
58500             200              28       0.0390625      0.00546875             103              75
58600             200              28       0.0390625      0.00546875             103              75
58700             198              29     0.038671875    0.0056640625             104              75
58800             198              29     0.038671875    0.0056640625             104              75
58900             198              29     0.038671875    0.0056640625             104              75
59000             200              28       0.0390625      0.00546875             105              77
59100             200              28       0.0390625      0.00546875             105              77
59200             200              28       0.0390625      0.00546875             105              77
59300             200              28       0.0390625      0.00546875             105              77
59400             198              29     0.038671875    0.0056640625             106              77
59500             198              29     0.038671875    0.0056640625             106              77
59600             198              29     0.038671875    0.0056640625             106              77
59700             198              29     0.038671875    0.0056640625             106              77
59800             196              30      0.03828125     0.005859375             107              77
59900             196              30      0.03828125     0.005859375             107              77
60000             196              30      0.03828125     0.005859375             107              77
60100             194              31     0.037890625    0.0060546875             108              77
60200             196              30      0.03828125     0.005859375             108              78
60300             198              29     0.038671875    0.0056640625             108              79
60400             198              29     0.038671875    0.0056640625             108              79
60500             198              29     0.038671875    0.0056640625             108              79
60600             198              29     0.038671875    0.0056640625             108              79
60700             198              29     0.038671875    0.0056640625             108              79
60800             198              29     0.038671875    0.0056640625             108              79
60900             198              29     0.038671875    0.0056640625             108              79
61000             198              29     0.038671875    0.0056640625             108              79
61100             200              28       0.0390625      0.00546875             108              80
61200             202              27     0.039453125    0.0052734375             108              81
61300             202              27     0.039453125    0.0052734375             108              81
61400             202              27     0.039453125    0.0052734375             108              81
61500             202              27     0.039453125    0.0052734375             108              81
61600             202              27     0.039453125    0.0052734375             108              81
61700             204              26      0.03984375     0.005078125             108              82
61800             204              26      0.03984375     0.005078125             108              82
61900             204              26      0.03984375     0.005078125             108              82
62000             206              25     0.040234375    0.0048828125             108              83
62100             208              24        0.040625       0.0046875             108              84
62200             210              23     0.041015625    0.0044921875             108              85
62300             214              21     0.041796875    0.0041015625             108              87
62400             214              21     0.041796875    0.0041015625             108              87
62500             214              21     0.041796875    0.0041015625             108              87
62600             220              18      0.04296875     0.003515625             108              90
62700             220              18      0.04296875     0.003515625             108              90
62800             220              18      0.04296875     0.003515625             108              90
62900             218              19     0.042578125    0.0037109375             109              90
63000             218              19     0.042578125    0.0037109375             109              90
63100             218              19     0.042578125    0.0037109375             109              90
63200             218              19     0.042578125    0.0037109375             109              90
63300             216              20       0.0421875      0.00390625             110              90
63400             216              20       0.0421875      0.00390625             110              90
63500             216              20       0.0421875      0.00390625             110              90
63600             216              20       0.0421875      0.00390625             110              90
63700             216              20       0.0421875      0.00390625             110              90
63800             216              20       0.0421875      0.00390625             110              90
63900             216              20       0.0421875      0.00390625             110              90
64000             214              21     0.041796875    0.0041015625             111              90
64100             214              21     0.041796875    0.0041015625             111              90
64200             210              23     0.041015625    0.0044921875             113              90
64300             208              24        0.040625       0.0046875             114              90
64400             210              23     0.041015625    0.0044921875             114              91
64500             212              22      0.04140625     0.004296875             114              92
64600             212              22      0.04140625     0.004296875             114              92
64700             210              23     0.041015625    0.0044921875             115              92
64800             210              23     0.041015625    0.0044921875             115              92
64900             210              23     0.041015625    0.0044921875             115              92
65000             208              24        0.040625       0.0046875             116              92
65100             208              24        0.040625       0.0046875             116              92
65200             210              23     0.041015625    0.0044921875             116              93
65300             212              22      0.04140625     0.004296875             116              94
65400             210              23     0.041015625    0.0044921875             117              94
65500             210              23     0.041015625    0.0044921875             117              94
65600             210              23     0.041015625    0.0044921875             117              94
65700             210              23     0.041015625    0.0044921875             117              94
65800             210              23     0.041015625    0.0044921875             117              94
65900             212              22      0.04140625     0.004296875             117              95
66000             212              22      0.04140625     0.004296875             117              95
66100             212              22      0.04140625     0.004296875             117              95
66200             212              22      0.04140625     0.004296875             117              95
66300             212              22      0.04140625     0.004296875             117              95
66400             212              22      0.04140625     0.004296875             117              95
66500             212              22      0.04140625     0.004296875             117              95
66600             214              21     0.041796875    0.0041015625             117              96
66700             214              21     0.041796875    0.0041015625             117              96
66800             216              20       0.0421875      0.00390625             117              97
66900             216              20       0.0421875      0.00390625             117              97
67000             216              20       0.0421875      0.00390625             117              97
67100             218              19     0.042578125    0.0037109375             117              98
67200             218              19     0.042578125    0.0037109375             117              98
67300             216              20       0.0421875      0.00390625             118              98
67400             214              21     0.041796875    0.0041015625             119              98
67500             214              21     0.041796875    0.0041015625             119              98
67600             214              21     0.041796875    0.0041015625             119              98
67700             214              21     0.041796875    0.0041015625             119              98
67800             212              22      0.04140625     0.004296875             120              98
67900             214              21     0.041796875    0.0041015625             120              99
68000             214              21     0.041796875    0.0041015625             120              99
68100             214              21     0.041796875    0.0041015625             120              99
68200             214              21     0.041796875    0.0041015625             120              99
68300             214              21     0.041796875    0.0041015625             120              99
68400             214              21     0.041796875    0.0041015625             120              99
68500             212              22      0.04140625     0.004296875             121              99
68600             214              21     0.041796875    0.0041015625             121             100
68700             212              22      0.04140625     0.004296875             122             100
68800             212              22      0.04140625     0.004296875             122             100
68900             214              21     0.041796875    0.0041015625             122             101
69000             214              21     0.041796875    0.0041015625             122             101
69100             214              21     0.041796875    0.0041015625             122             101
69200             214              21     0.041796875    0.0041015625             122             101
69300             216              20       0.0421875      0.00390625             122             102
69400             216              20       0.0421875      0.00390625             122             102
69500             216              20       0.0421875      0.00390625             123             103
69600             216              20       0.0421875      0.00390625             123             103
69700             216              20       0.0421875      0.00390625             123             103
69800             216              20       0.0421875      0.00390625             123             103
69900             216              20       0.0421875      0.00390625             123             103
70000             216              20       0.0421875      0.00390625             123             103
70100             216              20       0.0421875      0.00390625             123             103
70200             214              21     0.041796875    0.0041015625             124             103
70300             214              21     0.041796875    0.0041015625             124             103
70400             214              21     0.041796875    0.0041015625             124             103
70500             214              21     0.041796875    0.0041015625             124             103
70600             214              21     0.041796875    0.0041015625             125             104
70700             212              22      0.04140625     0.004296875             126             104
70800             212              22      0.04140625     0.004296875             126             104
70900             212              22      0.04140625     0.004296875             126             104
71000             212              22      0.04140625     0.004296875             126             104
71100             212              22      0.04140625     0.004296875             126             104
71200             212              22      0.04140625     0.004296875             126             104
71300             212              22      0.04140625     0.004296875             126             104
71400             210              23     0.041015625    0.0044921875             127             104
71500             210              23     0.041015625    0.0044921875             127             104
71600             210              23     0.041015625    0.0044921875             127             104
71700             210              23     0.041015625    0.0044921875             127             104
71800             208              24        0.040625       0.0046875             128             104
71900             208              24        0.040625       0.0046875             128             104
72000             208              24        0.040625       0.0046875             128             104
72100             210              23     0.041015625    0.0044921875             128             105
72200             208              24        0.040625       0.0046875             129             105
72300             208              24        0.040625       0.0046875             129             105
72400             210              23     0.041015625    0.0044921875             129             106
72500             212              22      0.04140625     0.004296875             129             107
72600             212              22      0.04140625     0.004296875             129             107
72700             212              22      0.04140625     0.004296875             129             107
72800             212              22      0.04140625     0.004296875             129             107
72900             212              22      0.04140625     0.004296875             129             107
73000             212              22      0.04140625     0.004296875             129             107
73100             212              22      0.04140625     0.004296875             129             107
73200             210              23     0.041015625    0.0044921875             130             107
73300             210              23     0.041015625    0.0044921875             130             107
73400             210              23     0.041015625    0.0044921875             130             107
73500             212              22      0.04140625     0.004296875             130             108
73600             212              22      0.04140625     0.004296875             130             108
73700             212              22      0.04140625     0.004296875             130             108
73800             212              22      0.04140625     0.004296875             130             108
73900             212              22      0.04140625     0.004296875             130             108
74000             212              22      0.04140625     0.004296875             130             108
74100             212              22      0.04140625     0.004296875             130             108
74200             212              22      0.04140625     0.004296875             130             108
74300             212              22      0.04140625     0.004296875             130             108
74400             212              22      0.04140625     0.004296875             130             108
74500             210              23     0.041015625    0.0044921875             131             108
74600             206              25     0.040234375    0.0048828125             133             108
74700             208              24        0.040625       0.0046875             133             109
74800             208              24        0.040625       0.0046875             133             109
74900             208              24        0.040625       0.0046875             133             109
75000             208              24        0.040625       0.0046875             134             110
75100             208              24        0.040625       0.0046875             134             110
75200             208              24        0.040625       0.0046875             134             110
75300             206              25     0.040234375    0.0048828125             135             110
75400             206              25     0.040234375    0.0048828125             135             110
75500             206              25     0.040234375    0.0048828125             135             110
75600             206              25     0.040234375    0.0048828125             135             110
75700             206              25     0.040234375    0.0048828125             135             110
75800             206              25     0.040234375    0.0048828125             135             110
75900             206              25     0.040234375    0.0048828125             135             110
76000             206              25     0.040234375    0.0048828125             135             110
76100             206              25     0.040234375    0.0048828125             135             110
76200             206              25     0.040234375    0.0048828125             135             110
76300             206              25     0.040234375    0.0048828125             135             110
76400             206              25     0.040234375    0.0048828125             135             110
76500             206              25     0.040234375    0.0048828125             135             110
76600             206              25     0.040234375    0.0048828125             135             110
76700             208              24        0.040625       0.0046875             136             112
76800             206              25     0.040234375    0.0048828125             137             112
76900             206              25     0.040234375    0.0048828125             137             112
77000             206              25     0.040234375    0.0048828125             137             112
77100             208              24        0.040625       0.0046875             137             113
77200             208              24        0.040625       0.0046875             137             113
77300             208              24        0.040625       0.0046875             137             113
77400             210              23     0.041015625    0.0044921875             137             114
77500             208              24        0.040625       0.0046875             138             114
77600             210              23     0.041015625    0.0044921875             138             115
77700             206              25     0.040234375    0.0048828125             140             115
77800             208              24        0.040625       0.0046875             140             116
77900             208              24        0.040625       0.0046875             140             116
78000             206              25     0.040234375    0.0048828125             141             116
78100             206              25     0.040234375    0.0048828125             141             116
78200             204              26      0.03984375     0.005078125             142             116
78300             204              26      0.03984375     0.005078125             142             116
78400             204              26      0.03984375     0.005078125             142             116
78500             204              26      0.03984375     0.005078125             142             116
78600             204              26      0.03984375     0.005078125             142             116
78700             206              25     0.040234375    0.0048828125             142             117
78800             206              25     0.040234375    0.0048828125             142             117
78900             206              25     0.040234375    0.0048828125             142             117
79000             208              24        0.040625       0.0046875             142             118
79100             208              24        0.040625       0.0046875             142             118
79200             208              24        0.040625       0.0046875             142             118
79300             208              24        0.040625       0.0046875             142             118
79400             208              24        0.040625       0.0046875             142             118
79500             208              24        0.040625       0.0046875             142             118
79600             208              24        0.040625       0.0046875             142             118
79700             210              23     0.041015625    0.0044921875             142             119
79800             208              24        0.040625       0.0046875             143             119
79900             208              24        0.040625       0.0046875             143             119
80000             208              24        0.040625       0.0046875             143             119
80100             208              24        0.040625       0.0046875             143             119
80200             212              22      0.04140625     0.004296875             143             121
80300             212              22      0.04140625     0.004296875             143             121
80400             212              22      0.04140625     0.004296875             143             121
80500             212              22      0.04140625     0.004296875             143             121
80600             212              22      0.04140625     0.004296875             143             121
80700             212              22      0.04140625     0.004296875             143             121
80800             214              21     0.041796875    0.0041015625             143             122
80900             214              21     0.041796875    0.0041015625             143             122
81000             214              21     0.041796875    0.0041015625             143             122
81100             214              21     0.041796875    0.0041015625             143             122
81200             214              21     0.041796875    0.0041015625             143             122
81300             214              21     0.041796875    0.0041015625             143             122
81400             214              21     0.041796875    0.0041015625             143             122
81500             214              21     0.041796875    0.0041015625             143             122
81600             214              21     0.041796875    0.0041015625             143             122
81700             214              21     0.041796875    0.0041015625             143             122
81800             216              20       0.0421875      0.00390625             143             123
81900             216              20       0.0421875      0.00390625             143             123
82000             216              20       0.0421875      0.00390625             143             123
82100             216              20       0.0421875      0.00390625             143             123
82200             216              20       0.0421875      0.00390625             143             123
82300             216              20       0.0421875      0.00390625             143             123
82400             216              20       0.0421875      0.00390625             143             123
82500             216              20       0.0421875      0.00390625             143             123
82600             216              20       0.0421875      0.00390625             143             123
82700             216              20       0.0421875      0.00390625             144             124
82800             212              22      0.04140625     0.004296875             146             124
82900             210              23     0.041015625    0.0044921875             147             124
83000             210              23     0.041015625    0.0044921875             147             124
83100             210              23     0.041015625    0.0044921875             147             124
83200             210              23     0.041015625    0.0044921875             147             124
83300             212              22      0.04140625     0.004296875             147             125
83400             212              22      0.04140625     0.004296875             147             125
83500             212              22      0.04140625     0.004296875             147             125
83600             208              24        0.040625       0.0046875             149             125
83700             208              24        0.040625       0.0046875             149             125
83800             208              24        0.040625       0.0046875             149             125
83900             208              24        0.040625       0.0046875             149             125
84000             208              24        0.040625       0.0046875             149             125
84100             208              24        0.040625       0.0046875             149             125
84200             208              24        0.040625       0.0046875             149             125
84300             208              24        0.040625       0.0046875             149             125
84400             208              24        0.040625       0.0046875             149             125
84500             208              24        0.040625       0.0046875             149             125
84600             210              23     0.041015625    0.0044921875             149             126
84700             210              23     0.041015625    0.0044921875             149             126
84800             210              23     0.041015625    0.0044921875             149             126
84900             210              23     0.041015625    0.0044921875             149             126
85000             210              23     0.041015625    0.0044921875             149             126
85100             210              23     0.041015625    0.0044921875             149             126
85200             210              23     0.041015625    0.0044921875             149             126
85300             210              23     0.041015625    0.0044921875             149             126
85400             210              23     0.041015625    0.0044921875             149             126
85500             210              23     0.041015625    0.0044921875             149             126
85600             210              23     0.041015625    0.0044921875             149             126
85700             208              24        0.040625       0.0046875             150             126
85800             208              24        0.040625       0.0046875             150             126
85900             208              24        0.040625       0.0046875             150             126
86000             208              24        0.040625       0.0046875             150             126
86100             204              26      0.03984375     0.005078125             152             126
86200             204              26      0.03984375     0.005078125             152             126
86300             204              26      0.03984375     0.005078125             152             126
86400             204              26      0.03984375     0.005078125             152             126
86500             206              25     0.040234375    0.0048828125             152             127
86600             206              25     0.040234375    0.0048828125             152             127
86700             206              25     0.040234375    0.0048828125             152             127
86800             206              25     0.040234375    0.0048828125             152             127
86900             206              25     0.040234375    0.0048828125             152             127
87000             206              25     0.040234375    0.0048828125             152             127
87100             206              25     0.040234375    0.0048828125             152             127
87200             206              25     0.040234375    0.0048828125             152             127
87300             204              26      0.03984375     0.005078125             153             127
87400             204              26      0.03984375     0.005078125             153             127
87500             202              27     0.039453125    0.0052734375             154             127
87600             202              27     0.039453125    0.0052734375             154             127
87700             202              27     0.039453125    0.0052734375             154             127
87800             202              27     0.039453125    0.0052734375             154             127
87900             202              27     0.039453125    0.0052734375             154             127
88000             204              26      0.03984375     0.005078125             154             128
88100             204              26      0.03984375     0.005078125             154             128
88200             204              26      0.03984375     0.005078125             154             128
88300             202              27     0.039453125    0.0052734375             155             128
88400             202              27     0.039453125    0.0052734375             155             128
88500             202              27     0.039453125    0.0052734375             155             128
88600             204              26      0.03984375     0.005078125             155             129
88700             206              25     0.040234375    0.0048828125             155             130
88800             206              25     0.040234375    0.0048828125             155             130
88900             208              24        0.040625       0.0046875             155             131
89000             208              24        0.040625       0.0046875             155             131
89100             208              24        0.040625       0.0046875             155             131
89200             208              24        0.040625       0.0046875             155             131
89300             208              24        0.040625       0.0046875             155             131
89400             208              24        0.040625       0.0046875             155             131
89500             208              24        0.040625       0.0046875             155             131
89600             206              25     0.040234375    0.0048828125             156             131
89700             206              25     0.040234375    0.0048828125             156             131
89800             206              25     0.040234375    0.0048828125             156             131
89900             208              24        0.040625       0.0046875             156             132
90000             208              24        0.040625       0.0046875             156             132
90100             208              24        0.040625       0.0046875             156             132
90200             208              24        0.040625       0.0046875             156             132
90300             208              24        0.040625       0.0046875             157             133
90400             208              24        0.040625       0.0046875             157             133
90500             208              24        0.040625       0.0046875             157             133
90600             208              24        0.040625       0.0046875             157             133
90700             208              24        0.040625       0.0046875             157             133
90800             210              23     0.041015625    0.0044921875             157             134
90900             210              23     0.041015625    0.0044921875             157             134
91000             210              23     0.041015625    0.0044921875             157             134
91100             210              23     0.041015625    0.0044921875             157             134
91200             212              22      0.04140625     0.004296875             157             135
91300             212              22      0.04140625     0.004296875             157             135
91400             216              20       0.0421875      0.00390625             157             137
91500             216              20       0.0421875      0.00390625             157             137
91600             216              20       0.0421875      0.00390625             157             137
91700             216              20       0.0421875      0.00390625             157             137
91800             218              19     0.042578125    0.0037109375             157             138
91900             218              19     0.042578125    0.0037109375             157             138
92000             218              19     0.042578125    0.0037109375             157             138
92100             218              19     0.042578125    0.0037109375             157             138
92200             218              19     0.042578125    0.0037109375             158             139
92300             218              19     0.042578125    0.0037109375             158             139
92400             218              19     0.042578125    0.0037109375             158             139
92500             218              19     0.042578125    0.0037109375             159             140
92600             218              19     0.042578125    0.0037109375             159             140
92700             216              20       0.0421875      0.00390625             160             140
92800             216              20       0.0421875      0.00390625             160             140
92900             216              20       0.0421875      0.00390625             160             140
93000             216              20       0.0421875      0.00390625             160             140
93100             216              20       0.0421875      0.00390625             160             140
93200             214              21     0.041796875    0.0041015625             161             140
93300             216              20       0.0421875      0.00390625             161             141
93400             216              20       0.0421875      0.00390625             161             141
93500             218              19     0.042578125    0.0037109375             161             142
93600             216              20       0.0421875      0.00390625             162             142
93700             216              20       0.0421875      0.00390625             162             142
93800             216              20       0.0421875      0.00390625             162             142
93900             212              22      0.04140625     0.004296875             164             142
94000             210              23     0.041015625    0.0044921875             165             142
94100             208              24        0.040625       0.0046875             166             142
94200             208              24        0.040625       0.0046875             166             142
94300             208              24        0.040625       0.0046875             166             142
94400             210              23     0.041015625    0.0044921875             166             143
94500             210              23     0.041015625    0.0044921875             166             143
94600             210              23     0.041015625    0.0044921875             166             143
94700             210              23     0.041015625    0.0044921875             166             143
94800             210              23     0.041015625    0.0044921875             166             143
94900             212              22      0.04140625     0.004296875             166             144
95000             214              21     0.041796875    0.0041015625             166             145
95100             216              20       0.0421875      0.00390625             166             146
95200             216              20       0.0421875      0.00390625             166             146
95300             216              20       0.0421875      0.00390625             166             146
95400             216              20       0.0421875      0.00390625             166             146
95500             216              20       0.0421875      0.00390625             166             146
95600             216              20       0.0421875      0.00390625             166             146
95700             214              21     0.041796875    0.0041015625             167             146
95800             212              22      0.04140625     0.004296875             168             146
95900             212              22      0.04140625     0.004296875             168             146
96000             212              22      0.04140625     0.004296875             168             146
96100             212              22      0.04140625     0.004296875             168             146
96200             210              23     0.041015625    0.0044921875             169             146
96300             210              23     0.041015625    0.0044921875             169             146
96400             210              23     0.041015625    0.0044921875             169             146
96500             210              23     0.041015625    0.0044921875             169             146
96600             210              23     0.041015625    0.0044921875             169             146
96700             210              23     0.041015625    0.0044921875             169             146
96800             210              23     0.041015625    0.0044921875             169             146
96900             212              22      0.04140625     0.004296875             169             147
97000             214              21     0.041796875    0.0041015625             169             148
97100             216              20       0.0421875      0.00390625             169             149
97200             216              20       0.0421875      0.00390625             169             149
97300             216              20       0.0421875      0.00390625             169             149
97400             220              18      0.04296875     0.003515625             169             151
97500             220              18      0.04296875     0.003515625             169             151
97600             218              19     0.042578125    0.0037109375             170             151
97700             218              19     0.042578125    0.0037109375             170             151
97800             218              19     0.042578125    0.0037109375             170             151
97900             220              18      0.04296875     0.003515625             170             152
98000             220              18      0.04296875     0.003515625             170             152
98100             220              18      0.04296875     0.003515625             170             152
98200             220              18      0.04296875     0.003515625             170             152
98300             220              18      0.04296875     0.003515625             170             152
98400             222              17     0.043359375    0.0033203125             171             154
98500             222              17     0.043359375    0.0033203125             171             154
98600             222              17     0.043359375    0.0033203125             171             154
98700             222              17     0.043359375    0.0033203125             171             154
98800             222              17     0.043359375    0.0033203125             171             154
98900             222              17     0.043359375    0.0033203125             171             154
99000             220              18      0.04296875     0.003515625             172             154
99100             220              18      0.04296875     0.003515625             172             154
99200             220              18      0.04296875     0.003515625             172             154
99300             220              18      0.04296875     0.003515625             172             154
99400             220              18      0.04296875     0.003515625             172             154
99500             218              19     0.042578125    0.0037109375             173             154
99600             216              20       0.0421875      0.00390625             174             154
99700             216              20       0.0421875      0.00390625             174             154
99800             216              20       0.0421875      0.00390625             174             154
99900             216              20       0.0421875      0.00390625             174             154
100000             214              21     0.041796875    0.0041015625             175             154
