# Time-averaged data for fix observ
# TimeStep v_nfree v_ndimer v_cfree v_cdimer f_kinetics[2] f_kinetics[3]
0             256               0             0.2               0               0               0
100             232              12         0.18125        0.009375              12               0
200             216              20         0.16875        0.015625              20               0
300             194              31       0.1515625      0.02421875              32               1
400             190              33       0.1484375      0.02578125              36               3
500             180              38        0.140625       0.0296875              47               9
600             184              36         0.14375        0.028125              52              16
700             170              43       0.1328125      0.03359375              61              18
800             164              46        0.128125       0.0359375              66              20
900             162              47       0.1265625      0.03671875              72              25
1000             150              53       0.1171875      0.04140625              82              29
1100             146              55       0.1140625      0.04296875              85              30
1200             154              51       0.1203125      0.03984375              90              39
1300             158              49       0.1234375      0.03828125              92              43
1400             148              54        0.115625       0.0421875              99              45
1500             150              53       0.1171875      0.04140625             102              49
1600             142              57       0.1109375      0.04453125             109              52
1700             140              58        0.109375       0.0453125             114              56
1800             134              61       0.1046875      0.04765625             121              60
1900             130              63       0.1015625      0.04921875             125              62
2000             128              64             0.1            0.05             130              66
2100             134              61       0.1046875      0.04765625             132              71
2200             136              60         0.10625        0.046875             137              77
2300             144              56          0.1125         0.04375             139              83
2400             146              55       0.1140625      0.04296875             143              88
2500             148              54        0.115625       0.0421875             147              93
2600             144              56          0.1125         0.04375             150              94
2700             148              54        0.115625       0.0421875             153              99
2800             150              53       0.1171875      0.04140625             155             102
2900             146              55       0.1140625      0.04296875             164             109
3000             144              56          0.1125         0.04375             166             110
3100             144              56          0.1125         0.04375             170             114
3200             134              61       0.1046875      0.04765625             180             119
3300             144              56          0.1125         0.04375             182             126
3400             146              55       0.1140625      0.04296875             187             132
3500             148              54        0.115625       0.0421875             191             137
3600             144              56          0.1125         0.04375             197             141
3700             146              55       0.1140625      0.04296875             203             148
3800             140              58        0.109375       0.0453125             210             152
3900             146              55       0.1140625      0.04296875             212             157
4000             152              52         0.11875        0.040625             215             163
4100             160              48           0.125          0.0375             216             168
4200             156              50        0.121875       0.0390625             220             170
4300             152              52         0.11875        0.040625             226             174
4400             140              58        0.109375       0.0453125             234             176
4500             152              52         0.11875        0.040625             238             186
4600             158              49       0.1234375      0.03828125             242             193
4700             146              55       0.1140625      0.04296875             250             195
4800             146              55       0.1140625      0.04296875             254             199
4900             144              56          0.1125         0.04375             258             202
5000             146              55       0.1140625      0.04296875             261             206
5100             150              53       0.1171875      0.04140625             264             211
5200             144              56          0.1125         0.04375             269             213
5300             142              57       0.1109375      0.04453125             272             215
5400             142              57       0.1109375      0.04453125             276             219
5500             142              57       0.1109375      0.04453125             280             223
5600             148              54        0.115625       0.0421875             284             230
5700             140              58        0.109375       0.0453125             291             233
5800             142              57       0.1109375      0.04453125             293             236
5900             146              55       0.1140625      0.04296875             294             239
6000             150              53       0.1171875      0.04140625             296             243
6100             150              53       0.1171875      0.04140625             298             245
6200             158              49       0.1234375      0.03828125             299             250
6300             146              55       0.1140625      0.04296875             306             251
6400             152              52         0.11875        0.040625             309             257
6500             140              58        0.109375       0.0453125             317             259
6600             138              59       0.1078125      0.04609375             319             260
6700             136              60         0.10625        0.046875             326             266
6800             136              60         0.10625        0.046875             330             270
6900             136              60         0.10625        0.046875             335             275
7000             128              64             0.1            0.05             339             275
7100             134              61       0.1046875      0.04765625             340             279
7200             128              64             0.1            0.05             345             281
7300             136              60         0.10625        0.046875             347             287
7400             140              58        0.109375       0.0453125             350             292
7500             140              58        0.109375       0.0453125             351             293
7600             146              55       0.1140625      0.04296875             352             297
7700             140              58        0.109375       0.0453125             356             298
7800             142              57       0.1109375      0.04453125             361             304
7900             152              52         0.11875        0.040625             361             309
8000             158              49       0.1234375      0.03828125             364             315
8100             154              51       0.1203125      0.03984375             369             318
8200             150              53       0.1171875      0.04140625             374             321
8300             150              53       0.1171875      0.04140625             380             327
8400             150              53       0.1171875      0.04140625             384             331
8500             154              51       0.1203125      0.03984375             389             338
8600             148              54        0.115625       0.0421875             396             342
8700             140              58        0.109375       0.0453125             403             345
8800             134              61       0.1046875      0.04765625             407             346
8900             146              55       0.1140625      0.04296875             408             353
9000             148              54        0.115625       0.0421875             412             358
9100             134              61       0.1046875      0.04765625             422             361
9200             148              54        0.115625       0.0421875             425             371
9300             152              52         0.11875        0.040625             430             378
9400             150              53       0.1171875      0.04140625             434             381
9500             148              54        0.115625       0.0421875             440             386
9600             148              54        0.115625       0.0421875             443             389
9700             144              56          0.1125         0.04375             449             393
9800             146              55       0.1140625      0.04296875             456             401
9900             146              55       0.1140625      0.04296875             459             404
10000             140              58        0.109375       0.0453125             465             407
10100             144              56          0.1125         0.04375             468             412
10200             142              57       0.1109375      0.04453125             473             416
10300             150              53       0.1171875      0.04140625             476             423
10400             152              52         0.11875        0.040625             483             431
10500             160              48           0.125          0.0375             486             438
10600             162              47       0.1265625      0.03671875             491             444
10700             156              50        0.121875       0.0390625             496             446
10800             146              55       0.1140625      0.04296875             504             449
10900             148              54        0.115625       0.0421875             508             454
11000             136              60         0.10625        0.046875             516             456
11100             150              53       0.1171875      0.04140625             519             466
11200             146              55       0.1140625      0.04296875             526             471
11300             154              51       0.1203125      0.03984375             528             477
11400             146              55       0.1140625      0.04296875             534             479
11500             140              58        0.109375       0.0453125             538             480
11600             144              56          0.1125         0.04375             540             484
11700             146              55       0.1140625      0.04296875             546             491
11800             168              44         0.13125        0.034375             550             506
11900             156              50        0.121875       0.0390625             562             512
12000             154              51       0.1203125      0.03984375             563             512
12100             160              48           0.125          0.0375             565             517
12200             158              49       0.1234375      0.03828125             569             520
12300             150              53       0.1171875      0.04140625             577             524
12400             142              57       0.1109375      0.04453125             585             528
12500             142              57       0.1109375      0.04453125             590             533
12600             154              51       0.1203125      0.03984375             595             544
12700             156              50        0.121875       0.0390625             601             551
12800             144              56          0.1125         0.04375             610             554
12900             144              56          0.1125         0.04375             613             557
13000             146              55       0.1140625      0.04296875             617             562
13100             142              57       0.1109375      0.04453125             622             565
13200             144              56          0.1125         0.04375             628             572
13300             150              53       0.1171875      0.04140625             631             578
13400             150              53       0.1171875      0.04140625             637             584
13500             150              53       0.1171875      0.04140625             640             587
13600             154              51       0.1203125      0.03984375             643             592
13700             152              52         0.11875        0.040625             645             593
13800             154              51       0.1203125      0.03984375             649             598
13900             152              52         0.11875        0.040625             655             603
14000             144              56          0.1125         0.04375             660             604
14100             132              62        0.103125       0.0484375             670             608
14200             130              63       0.1015625      0.04921875             673             610
14300             134              61       0.1046875      0.04765625             676             615
14400             128              64             0.1            0.05             683             619
14500             136              60         0.10625        0.046875             686             626
14600             148              54        0.115625       0.0421875             691             637
14700             148              54        0.115625       0.0421875             694             640
14800             146              55       0.1140625      0.04296875             700             645
14900             152              52         0.11875        0.040625             702             650
15000             148              54        0.115625       0.0421875             709             655
15100             146              55       0.1140625      0.04296875             713             658
15200             148              54        0.115625       0.0421875             716             662
15300             150              53       0.1171875      0.04140625             718             665
15400             150              53       0.1171875      0.04140625             720             667
15500             142              57       0.1109375      0.04453125             728             671
15600             146              55       0.1140625      0.04296875             734             679
15700             146              55       0.1140625      0.04296875             739             684
15800             152              52         0.11875        0.040625             742             690
15900             152              52         0.11875        0.040625             747             695
16000             146              55       0.1140625      0.04296875             754             699
16100             150              53       0.1171875      0.04140625             756             703
16200             152              52         0.11875        0.040625             758             706
16300             156              50        0.121875       0.0390625             762             712
16400             150              53       0.1171875      0.04140625             766             713
16500             156              50        0.121875       0.0390625             771             721
16600             166              45       0.1296875      0.03515625             776             731
16700             168              44         0.13125        0.034375             778             734
16800             160              48           0.125          0.0375             784             736
16900             150              53       0.1171875      0.04140625             790             737
17000             152              52         0.11875        0.040625             795             743
17100             150              53       0.1171875      0.04140625             801             748
17200             152              52         0.11875        0.040625             805             753
17300             146              55       0.1140625      0.04296875             811             756
17400             140              58        0.109375       0.0453125             817             759
17500             144              56          0.1125         0.04375             821             765
17600             142              57       0.1109375      0.04453125             824             767
17700             144              56          0.1125         0.04375             828             772
17800             142              57       0.1109375      0.04453125             833             776
17900             148              54        0.115625       0.0421875             837             783
18000             146              55       0.1140625      0.04296875             843             788
18100             136              60         0.10625        0.046875             851             791
18200             134              61       0.1046875      0.04765625             853             792
18300             134              61       0.1046875      0.04765625             855             794
18400             136              60         0.10625        0.046875             857             797
18500             130              63       0.1015625      0.04921875             865             802
18600             132              62        0.103125       0.0484375             867             805
18700             130              63       0.1015625      0.04921875             870             807
18800             136              60         0.10625        0.046875             872             812
18900             134              61       0.1046875      0.04765625             878             817
19000             144              56          0.1125         0.04375             880             824
19100             148              54        0.115625       0.0421875             882             828
19200             146              55       0.1140625      0.04296875             890             835
19300             142              57       0.1109375      0.04453125             896             839
19400             140              58        0.109375       0.0453125             901             843
19500             134              61       0.1046875      0.04765625             904             843
19600             140              58        0.109375       0.0453125             908             850
19700             132              62        0.103125       0.0484375             914             852
19800             138              59       0.1078125      0.04609375             917             858
19900             136              60         0.10625        0.046875             922             862
20000             142              57       0.1109375      0.04453125             923             866
20100             146              55       0.1140625      0.04296875             926             871
20200             146              55       0.1140625      0.04296875             931             876
20300             140              58        0.109375       0.0453125             936             878
20400             134              61       0.1046875      0.04765625             942             881
20500             136              60         0.10625        0.046875             946             886
20600             136              60         0.10625        0.046875             952             892
20700             136              60         0.10625        0.046875             955             895
20800             142              57       0.1109375      0.04453125             958             901
20900             138              59       0.1078125      0.04609375             963             904
21000             132              62        0.103125       0.0484375             969             907
21100             144              56          0.1125         0.04375             970             914
21200             142              57       0.1109375      0.04453125             975             918
21300             144              56          0.1125         0.04375             979             923
21400             142              57       0.1109375      0.04453125             983             926
21500             134              61       0.1046875      0.04765625             989             928
21600             132              62        0.103125       0.0484375             993             931
21700             130              63       0.1015625      0.04921875             997             934
21800             132              62        0.103125       0.0484375            1001             939
21900             128              64             0.1            0.05            1007             943
22000             130              63       0.1015625      0.04921875            1009             946
22100             140              58        0.109375       0.0453125            1012             954
22200             134              61       0.1046875      0.04765625            1020             959
22300             142              57       0.1109375      0.04453125            1023             966
22400             152              52         0.11875        0.040625            1026             974
22500             148              54        0.115625       0.0421875            1032             978
22600             138              59       0.1078125      0.04609375            1038             979
22700             150              53       0.1171875      0.04140625            1040             987
22800             154              51       0.1203125      0.03984375            1042             991
22900             160              48           0.125          0.0375            1046             998
23000             156              50        0.121875       0.0390625            1051            1001
23100             158              49       0.1234375      0.03828125            1057            1008
23200             162              47       0.1265625      0.03671875            1060            1013
23300             160              48           0.125          0.0375            1064            1016
23400             166              45       0.1296875      0.03515625            1066            1021
23500             166              45       0.1296875      0.03515625            1070            1025
23600             160              48           0.125          0.0375            1076            1028
23700             154              51       0.1203125      0.03984375            1084            1033
23800             146              55       0.1140625      0.04296875            1093            1038
23900             136              60         0.10625        0.046875            1100            1040
24000             140              58        0.109375       0.0453125            1103            1045
24100             156              50        0.121875       0.0390625            1103            1053
24200             154              51       0.1203125      0.03984375            1110            1059
24300             146              55       0.1140625      0.04296875            1114            1059
24400             144              56          0.1125         0.04375            1122            1066
24500             148              54        0.115625       0.0421875            1126            1072
24600             140              58        0.109375       0.0453125            1134            1076
24700             140              58        0.109375       0.0453125            1141            1083
24800             142              57       0.1109375      0.04453125            1144            1087
24900             142              57       0.1109375      0.04453125            1149            1092
25000             150              53       0.1171875      0.04140625            1150            1097
25100             156              50        0.121875       0.0390625            1153            1103
25200             156              50        0.121875       0.0390625            1158            1108
25300             156              50        0.121875       0.0390625            1163            1113
25400             158              49       0.1234375      0.03828125            1165            1116
25500             166              45       0.1296875      0.03515625            1168            1123
25600             166              45       0.1296875      0.03515625            1173            1128
25700             166              45       0.1296875      0.03515625            1177            1132
25800             168              44         0.13125        0.034375            1180            1136
25900             164              46        0.128125       0.0359375            1186            1140
26000             164              46        0.128125       0.0359375            1190            1144
26100             156              50        0.121875       0.0390625            1196            1146
26200             166              45       0.1296875      0.03515625            1198            1153
26300             156              50        0.121875       0.0390625            1208            1158
26400             156              50        0.121875       0.0390625            1212            1162
26500             172              42        0.134375       0.0328125            1212            1170
26600             166              45       0.1296875      0.03515625            1217            1172
26700             166              45       0.1296875      0.03515625            1221            1176
26800             166              45       0.1296875      0.03515625            1228            1183
26900             156              50        0.121875       0.0390625            1235            1185
27000             146              55       0.1140625      0.04296875            1242            1187
27100             148              54        0.115625       0.0421875            1247            1193
27200             156              50        0.121875       0.0390625            1250            1200
27300             154              51       0.1203125      0.03984375            1255            1204
27400             150              53       0.1171875      0.04140625            1259            1206
27500             152              52         0.11875        0.040625            1262            1210
27600             150              53       0.1171875      0.04140625            1266            1213
27700             142              57       0.1109375      0.04453125            1271            1214
27800             148              54        0.115625       0.0421875            1273            1219
27900             152              52         0.11875        0.040625            1276            1224
28000             156              50        0.121875       0.0390625            1280            1230
28100             156              50        0.121875       0.0390625            1288            1238
28200             152              52         0.11875        0.040625            1294            1242
28300             162              47       0.1265625      0.03671875            1297            1250
28400             162              47       0.1265625      0.03671875            1302            1255
28500             166              45       0.1296875      0.03515625            1305            1260
28600             160              48           0.125          0.0375            1310            1262
28700             154              51       0.1203125      0.03984375            1320            1269
28800             152              52         0.11875        0.040625            1325            1273
28900             150              53       0.1171875      0.04140625            1330            1277
29000             150              53       0.1171875      0.04140625            1335            1282
29100             146              55       0.1140625      0.04296875            1340            1285
29200             148              54        0.115625       0.0421875            1342            1288
29300             144              56          0.1125         0.04375            1347            1291
29400             146              55       0.1140625      0.04296875            1348            1293
29500             150              53       0.1171875      0.04140625            1350            1297
29600             148              54        0.115625       0.0421875            1354            1300
29700             154              51       0.1203125      0.03984375            1358            1307
29800             160              48           0.125          0.0375            1362            1314
29900             156              50        0.121875       0.0390625            1365            1315
30000             154              51       0.1203125      0.03984375            1370            1319
30100             148              54        0.115625       0.0421875            1377            1323
30200             150              53       0.1171875      0.04140625            1380            1327
30300             152              52         0.11875        0.040625            1384            1332
30400             146              55       0.1140625      0.04296875            1388            1333
30500             152              52         0.11875        0.040625            1393            1341
30600             160              48           0.125          0.0375            1394            1346
30700             162              47       0.1265625      0.03671875            1395            1348
30800             160              48           0.125          0.0375            1399            1351
30900             156              50        0.121875       0.0390625            1404            1354
31000             146              55       0.1140625      0.04296875            1410            1355
31100             134              61       0.1046875      0.04765625            1418            1357
31200             134              61       0.1046875      0.04765625            1421            1360
31300             134              61       0.1046875      0.04765625            1425            1364
31400             132              62        0.103125       0.0484375            1430            1368
31500             138              59       0.1078125      0.04609375            1435            1376
31600             140              58        0.109375       0.0453125            1438            1380
31700             140              58        0.109375       0.0453125            1441            1383
31800             148              54        0.115625       0.0421875            1441            1387
31900             140              58        0.109375       0.0453125            1447            1389
32000             146              55       0.1140625      0.04296875            1450            1395
32100             150              53       0.1171875      0.04140625            1454            1401
32200             144              56          0.1125         0.04375            1461            1405
32300             148              54        0.115625       0.0421875            1464            1410
32400             148              54        0.115625       0.0421875            1469            1415
32500             154              51       0.1203125      0.03984375            1472            1421
32600             158              49       0.1234375      0.03828125            1476            1427
32700             160              48           0.125          0.0375            1479            1431
32800             158              49       0.1234375      0.03828125            1483            1434
32900             152              52         0.11875        0.040625            1490            1438
33000             140              58        0.109375       0.0453125            1496            1438
33100             144              56          0.1125         0.04375            1499            1443
33200             142              57       0.1109375      0.04453125            1505            1448
33300             138              59       0.1078125      0.04609375            1510            1451
33400             150              53       0.1171875      0.04140625            1513            1460
33500             150              53       0.1171875      0.04140625            1517            1464
33600             148              54        0.115625       0.0421875            1522            1468
33700             148              54        0.115625       0.0421875            1530            1476
33800             138              59       0.1078125      0.04609375            1539            1480
33900             136              60         0.10625        0.046875            1543            1483
34000             136              60         0.10625        0.046875            1548            1488
34100             128              64             0.1            0.05            1554            1490
34200             134              61       0.1046875      0.04765625            1558            1497
34300             144              56          0.1125         0.04375            1559            1503
34400             150              53       0.1171875      0.04140625            1563            1510
34500             150              53       0.1171875      0.04140625            1567            1514
34600             154              51       0.1203125      0.03984375            1570            1519
34700             142              57       0.1109375      0.04453125            1579            1522
34800             138              59       0.1078125      0.04609375            1586            1527
34900             146              55       0.1140625      0.04296875            1587            1532
35000             148              54        0.115625       0.0421875            1593            1539
35100             144              56          0.1125         0.04375            1598            1542
35200             148              54        0.115625       0.0421875            1603            1549
35300             146              55       0.1140625      0.04296875            1606            1551
35400             142              57       0.1109375      0.04453125            1610            1553
35500             154              51       0.1203125      0.03984375            1612            1561
35600             140              58        0.109375       0.0453125            1621            1563
35700             140              58        0.109375       0.0453125            1624            1566
35800             140              58        0.109375       0.0453125            1630            1572
35900             142              57       0.1109375      0.04453125            1634            1577
36000             144              56          0.1125         0.04375            1640            1584
36100             150              53       0.1171875      0.04140625            1641            1588
36200             152              52         0.11875        0.040625            1645            1593
36300             154              51       0.1203125      0.03984375            1651            1600
36400             160              48           0.125          0.0375            1657            1609
36500             160              48           0.125          0.0375            1661            1613
36600             164              46        0.128125       0.0359375            1665            1619
36700             162              47       0.1265625      0.03671875            1671            1624
36800             164              46        0.128125       0.0359375            1677            1631
36900             154              51       0.1203125      0.03984375            1687            1636
37000             158              49       0.1234375      0.03828125            1690            1641
37100             150              53       0.1171875      0.04140625            1697            1644
37200             152              52         0.11875        0.040625            1699            1647
37300             156              50        0.121875       0.0390625            1704            1654
37400             148              54        0.115625       0.0421875            1713            1659
37500             142              57       0.1109375      0.04453125            1717            1660
37600             148              54        0.115625       0.0421875            1720            1666
37700             150              53       0.1171875      0.04140625            1724            1671
37800             142              57       0.1109375      0.04453125            1729            1672
37900             138              59       0.1078125      0.04609375            1736            1677
38000             144              56          0.1125         0.04375            1738            1682
38100             140              58        0.109375       0.0453125            1745            1687
38200             148              54        0.115625       0.0421875            1749            1695
38300             146              55       0.1140625      0.04296875            1753            1698
38400             148              54        0.115625       0.0421875            1759            1705
38500             148              54        0.115625       0.0421875            1764            1710
38600             142              57       0.1109375      0.04453125            1772            1715
38700             146              55       0.1140625      0.04296875            1774            1719
38800             140              58        0.109375       0.0453125            1780            1722
38900             132              62        0.103125       0.0484375            1786            1724
39000             136              60         0.10625        0.046875            1789            1729
39100             134              61       0.1046875      0.04765625            1795            1734
39200             138              59       0.1078125      0.04609375            1798            1739
39300             140              58        0.109375       0.0453125            1802            1744
39400             150              53       0.1171875      0.04140625            1806            1753
39500             144              56          0.1125         0.04375            1812            1756
39600             138              59       0.1078125      0.04609375            1820            1761
39700             136              60         0.10625        0.046875            1823            1763
39800             148              54        0.115625       0.0421875            1824            1770
39900             152              52         0.11875        0.040625            1826            1774
40000             160              48           0.125          0.0375            1831            1783
40100             160              48           0.125          0.0375            1838            1790
40200             154              51       0.1203125      0.03984375            1843            1792
40300             154              51       0.1203125      0.03984375            1847            1796
40400             144              56          0.1125         0.04375            1855            1799
40500             138              59       0.1078125      0.04609375            1860            1801
40600             140              58        0.109375       0.0453125            1866            1808
40700             144              56          0.1125         0.04375            1869            1813
40800             142              57       0.1109375      0.04453125            1872            1815
40900             150              53       0.1171875      0.04140625            1876            1823
41000             150              53       0.1171875      0.04140625            1880            1827
41100             150              53       0.1171875      0.04140625            1884            1831
41200             140              58        0.109375       0.0453125            1890            1832
41300             134              61       0.1046875      0.04765625            1894            1833
41400             136              60         0.10625        0.046875            1897            1837
41500             136              60         0.10625        0.046875            1899            1839
41600             132              62        0.103125       0.0484375            1906            1844
41700             130              63       0.1015625      0.04921875            1910            1847
41800             128              64             0.1            0.05            1917            1853
41900             122              67       0.0953125      0.05234375            1924            1857
42000             132              62        0.103125       0.0484375            1924            1862
42100             136              60         0.10625        0.046875            1930            1870
42200             146              55       0.1140625      0.04296875            1931            1876
42300             144              56          0.1125         0.04375            1937            1881
42400             142              57       0.1109375      0.04453125            1940            1883
42500             136              60         0.10625        0.046875            1945            1885
42600             142              57       0.1109375      0.04453125            1947            1890
42700             134              61       0.1046875      0.04765625            1952            1891
42800             134              61       0.1046875      0.04765625            1955            1894
42900             134              61       0.1046875      0.04765625            1960            1899
43000             138              59       0.1078125      0.04609375            1966            1907
43100             132              62        0.103125       0.0484375            1970            1908
43200             132              62        0.103125       0.0484375            1974            1912
43300             138              59       0.1078125      0.04609375            1978            1919
43400             130              63       0.1015625      0.04921875            1984            1921
43500             138              59       0.1078125      0.04609375            1987            1928
43600             148              54        0.115625       0.0421875            1992            1938
43700             152              52         0.11875        0.040625            1996            1944
43800             150              53       0.1171875      0.04140625            2000            1947
43900             144              56          0.1125         0.04375            2012            1956
44000             144              56          0.1125         0.04375            2016            1960
44100             146              55       0.1140625      0.04296875            2020            1965
44200             140              58        0.109375       0.0453125            2025            1967
44300             150              53       0.1171875      0.04140625            2026            1973
44400             152              52         0.11875        0.040625            2027            1975
44500             154              51       0.1203125      0.03984375            2029            1978
44600             146              55       0.1140625      0.04296875            2036            1981
44700             136              60         0.10625        0.046875            2041            1981
44800             146              55       0.1140625      0.04296875            2042            1987
44900             152              52         0.11875        0.040625            2043            1991
45000             146              55       0.1140625      0.04296875            2048            1993
45100             148              54        0.115625       0.0421875            2050            1996
45200             144              56          0.1125         0.04375            2053            1997
45300             148              54        0.115625       0.0421875            2057            2003
45400             150              53       0.1171875      0.04140625            2061            2008
45500             140              58        0.109375       0.0453125            2070            2012
45600             148              54        0.115625       0.0421875            2071            2017
45700             148              54        0.115625       0.0421875            2077            2023
45800             138              59       0.1078125      0.04609375            2083            2024
45900             144              56          0.1125         0.04375            2087            2031
46000             142              57       0.1109375      0.04453125            2091            2034
46100             140              58        0.109375       0.0453125            2096            2038
46200             144              56          0.1125         0.04375            2101            2045
46300             148              54        0.115625       0.0421875            2104            2050
46400             144              56          0.1125         0.04375            2109            2053
46500             136              60         0.10625        0.046875            2115            2055
46600             142              57       0.1109375      0.04453125            2119            2062
46700             142              57       0.1109375      0.04453125            2124            2067
46800             154              51       0.1203125      0.03984375            2124            2073
46900             152              52         0.11875        0.040625            2131            2079
47000             138              59       0.1078125      0.04609375            2140            2081
47100             142              57       0.1109375      0.04453125            2142            2085
47200             144              56          0.1125         0.04375            2145            2089
47300             150              53       0.1171875      0.04140625            2149            2096
47400             148              54        0.115625       0.0421875            2153            2099
47500             152              52         0.11875        0.040625            2158            2106
47600             150              53       0.1171875      0.04140625            2163            2110
47700             154              51       0.1203125      0.03984375            2167            2116
47800             152              52         0.11875        0.040625            2172            2120
47900             152              52         0.11875        0.040625            2175            2123
48000             148              54        0.115625       0.0421875            2178            2124
48100             146              55       0.1140625      0.04296875            2185            2130
48200             152              52         0.11875        0.040625            2188            2136
48300             148              54        0.115625       0.0421875            2193            2139
48400             144              56          0.1125         0.04375            2199            2143
48500             142              57       0.1109375      0.04453125            2203            2146
48600             148              54        0.115625       0.0421875            2209            2155
48700             140              58        0.109375       0.0453125            2215            2157
48800             148              54        0.115625       0.0421875            2218            2164
48900             146              55       0.1140625      0.04296875            2223            2168
49000             142              57       0.1109375      0.04453125            2227            2170
49100             136              60         0.10625        0.046875            2234            2174
49200             132              62        0.103125       0.0484375            2237            2175
49300             132              62        0.103125       0.0484375            2242            2180
49400             128              64             0.1            0.05            2247            2183
49500             132              62        0.103125       0.0484375            2249            2187
49600             140              58        0.109375       0.0453125            2252            2194
49700             148              54        0.115625       0.0421875            2253            2199
49800             142              57       0.1109375      0.04453125            2258            2201
49900             146              55       0.1140625      0.04296875            2259            2204
50000             142              57       0.1109375      0.04453125            2265            2208
50100             132              62        0.103125       0.0484375            2272            2210
50200             132              62        0.103125       0.0484375            2276            2214
50300             136              60         0.10625        0.046875            2281            2221
50400             132              62        0.103125       0.0484375            2288            2226
50500             132              62        0.103125       0.0484375            2291            2229
50600             138              59       0.1078125      0.04609375            2294            2235
50700             146              55       0.1140625      0.04296875            2296            2241
50800             152              52         0.11875        0.040625            2298            2246
50900             148              54        0.115625       0.0421875            2304            2250
51000             142              57       0.1109375      0.04453125            2309            2252
51100             142              57       0.1109375      0.04453125            2314            2257
51200             148              54        0.115625       0.0421875            2317            2263
51300             150              53       0.1171875      0.04140625            2318            2265
51400             148              54        0.115625       0.0421875            2322            2268
51500             146              55       0.1140625      0.04296875            2325            2270
51600             154              51       0.1203125      0.03984375            2328            2277
51700             152              52         0.11875        0.040625            2332            2280
51800             148              54        0.115625       0.0421875            2337            2283
51900             140              58        0.109375       0.0453125            2341            2283
52000             140              58        0.109375       0.0453125            2345            2287
52100             140              58        0.109375       0.0453125            2352            2294
52200             138              59       0.1078125      0.04609375            2356            2297
52300             142              57       0.1109375      0.04453125            2358            2301
52400             160              48           0.125          0.0375            2359            2311
52500             158              49       0.1234375      0.03828125            2363            2314
52600             154              51       0.1203125      0.03984375            2369            2318
52700             152              52         0.11875        0.040625            2373            2321
52800             150              53       0.1171875      0.04140625            2380            2327
52900             150              53       0.1171875      0.04140625            2383            2330
53000             150              53       0.1171875      0.04140625            2390            2337
53100             146              55       0.1140625      0.04296875            2397            2342
53200             158              49       0.1234375      0.03828125            2400            2351
53300             148              54        0.115625       0.0421875            2407            2353
53400             150              53       0.1171875      0.04140625            2408            2355
53500             144              56          0.1125         0.04375            2415            2359
53600             144              56          0.1125         0.04375            2419            2363
53700             144              56          0.1125         0.04375            2428            2372
53800             140              58        0.109375       0.0453125            2433            2375
53900             144              56          0.1125         0.04375            2439            2383
54000             148              54        0.115625       0.0421875            2443            2389
54100             154              51       0.1203125      0.03984375            2445            2394
54200             150              53       0.1171875      0.04140625            2449            2396
54300             152              52         0.11875        0.040625            2451            2399
54400             152              52         0.11875        0.040625            2454            2402
54500             156              50        0.121875       0.0390625            2458            2408
54600             150              53       0.1171875      0.04140625            2463            2410
54700             144              56          0.1125         0.04375            2469            2413
54800             144              56          0.1125         0.04375            2475            2419
54900             138              59       0.1078125      0.04609375            2480            2421
55000             142              57       0.1109375      0.04453125            2484            2427
55100             132              62        0.103125       0.0484375            2493            2431
55200             132              62        0.103125       0.0484375            2497            2435
55300             144              56          0.1125         0.04375            2498            2442
55400             146              55       0.1140625      0.04296875            2501            2446
55500             146              55       0.1140625      0.04296875            2504            2449
55600             142              57       0.1109375      0.04453125            2512            2455
55700             144              56          0.1125         0.04375            2514            2458
55800             144              56          0.1125         0.04375            2518            2462
55900             144              56          0.1125         0.04375            2521            2465
56000             148              54        0.115625       0.0421875            2526            2472
56100             138              59       0.1078125      0.04609375            2532            2473
56200             148              54        0.115625       0.0421875            2535            2481
56300             138              59       0.1078125      0.04609375            2541            2482
56400             136              60         0.10625        0.046875            2544            2484
56500             138              59       0.1078125      0.04609375            2547            2488
56600             140              58        0.109375       0.0453125            2550            2492
56700             146              55       0.1140625      0.04296875            2553            2498
56800             148              54        0.115625       0.0421875            2557            2503
56900             142              57       0.1109375      0.04453125            2562            2505
57000             144              56          0.1125         0.04375            2565            2509
57100             146              55       0.1140625      0.04296875            2566            2511
57200             146              55       0.1140625      0.04296875            2569            2514
57300             154              51       0.1203125      0.03984375            2572            2521
57400             148              54        0.115625       0.0421875            2577            2523
57500             146              55       0.1140625      0.04296875            2582            2527
57600             142              57       0.1109375      0.04453125            2588            2531
57700             150              53       0.1171875      0.04140625            2590            2537
57800             146              55       0.1140625      0.04296875            2596            2541
57900             144              56          0.1125         0.04375            2600            2544
58000             148              54        0.115625       0.0421875            2604            2550
58100             154              51       0.1203125      0.03984375            2608            2557
58200             144              56          0.1125         0.04375            2614            2558
58300             138              59       0.1078125      0.04609375            2618            2559
58400             142              57       0.1109375      0.04453125            2620            2563
58500             140              58        0.109375       0.0453125            2625            2567
58600             140              58        0.109375       0.0453125            2627            2569
58700             140              58        0.109375       0.0453125            2633            2575
58800             132              62        0.103125       0.0484375            2644            2582
58900             136              60         0.10625        0.046875            2649            2589
59000             140              58        0.109375       0.0453125            2651            2593
59100             142              57       0.1109375      0.04453125            2654            2597
59200             144              56          0.1125         0.04375            2656            2600
59300             140              58        0.109375       0.0453125            2662            2604
59400             150              53       0.1171875      0.04140625            2666            2613
59500             154              51       0.1203125      0.03984375            2668            2617
59600             162              47       0.1265625      0.03671875            2673            2626
59700             158              49       0.1234375      0.03828125            2679            2630
59800             150              53       0.1171875      0.04140625            2686            2633
59900             144              56          0.1125         0.04375            2693            2637
60000             134              61       0.1046875      0.04765625            2702            2641
60100             134              61       0.1046875      0.04765625            2707            2646
60200             142              57       0.1109375      0.04453125            2707            2650
60300             148              54        0.115625       0.0421875            2711            2657
60400             150              53       0.1171875      0.04140625            2716            2663
60500             156              50        0.121875       0.0390625            2720            2670
60600             146              55       0.1140625      0.04296875            2729            2674
60700             146              55       0.1140625      0.04296875            2736            2681
60800             154              51       0.1203125      0.03984375            2740            2689
60900             152              52         0.11875        0.040625            2747            2695
61000             150              53       0.1171875      0.04140625            2752            2699
61100             150              53       0.1171875      0.04140625            2754            2701
61200             156              50        0.121875       0.0390625            2757            2707
61300             154              51       0.1203125      0.03984375            2760            2709
61400             150              53       0.1171875      0.04140625            2765            2712
61500             146              55       0.1140625      0.04296875            2770            2715
61600             148              54        0.115625       0.0421875            2774            2720
61700             144              56          0.1125         0.04375            2781            2725
61800             136              60         0.10625        0.046875            2789            2729
61900             142              57       0.1109375      0.04453125            2791            2734
62000             146              55       0.1140625      0.04296875            2794            2739
62100             156              50        0.121875       0.0390625            2796            2746
62200             162              47       0.1265625      0.03671875            2799            2752
62300             158              49       0.1234375      0.03828125            2805            2756
62400             162              47       0.1265625      0.03671875            2809            2762
62500             160              48           0.125          0.0375            2814            2766
62600             160              48           0.125          0.0375            2818            2770
62700             162              47       0.1265625      0.03671875            2822            2775
62800             160              48           0.125          0.0375            2827            2779
62900             142              57       0.1109375      0.04453125            2836            2779
63000             146              55       0.1140625      0.04296875            2839            2784
63100             146              55       0.1140625      0.04296875            2846            2791
63200             138              59       0.1078125      0.04609375            2851            2792
63300             146              55       0.1140625      0.04296875            2855            2800
63400             150              53       0.1171875      0.04140625            2858            2805
63500             144              56          0.1125         0.04375            2866            2810
63600             134              61       0.1046875      0.04765625            2873            2812
63700             138              59       0.1078125      0.04609375            2876            2817
63800             146              55       0.1140625      0.04296875            2877            2822
63900             148              54        0.115625       0.0421875            2884            2830
64000             148              54        0.115625       0.0421875            2887            2833
64100             146              55       0.1140625      0.04296875            2891            2836
64200             144              56          0.1125         0.04375            2896            2840
64300             146              55       0.1140625      0.04296875            2899            2844
64400             154              51       0.1203125      0.03984375            2901            2850
64500             148              54        0.115625       0.0421875            2907            2853
64600             142              57       0.1109375      0.04453125            2913            2856
64700             136              60         0.10625        0.046875            2919            2859
64800             144              56          0.1125         0.04375            2921            2865
64900             138              59       0.1078125      0.04609375            2927            2868
65000             148              54        0.115625       0.0421875            2928            2874
65100             142              57       0.1109375      0.04453125            2935            2878
65200             144              56          0.1125         0.04375            2939            2883
65300             156              50        0.121875       0.0390625            2941            2891
65400             160              48           0.125          0.0375            2943            2895
65500             148              54        0.115625       0.0421875            2950            2896
65600             146              55       0.1140625      0.04296875            2957            2902
65700             146              55       0.1140625      0.04296875            2961            2906
65800             148              54        0.115625       0.0421875            2964            2910
65900             144              56          0.1125         0.04375            2968            2912
66000             148              54        0.115625       0.0421875            2972            2918
66100             136              60         0.10625        0.046875            2981            2921
66200             146              55       0.1140625      0.04296875            2982            2927
66300             146              55       0.1140625      0.04296875            2986            2931
66400             146              55       0.1140625      0.04296875            2988            2933
66500             144              56          0.1125         0.04375            2992            2936
66600             142              57       0.1109375      0.04453125            2996            2939
66700             152              52         0.11875        0.040625            2998            2946
66800             152              52         0.11875        0.040625            3000            2948
66900             146              55       0.1140625      0.04296875            3005            2950
67000             146              55       0.1140625      0.04296875            3008            2953
67100             144              56          0.1125         0.04375            3014            2958
67200             150              53       0.1171875      0.04140625            3017            2964
67300             156              50        0.121875       0.0390625            3020            2970
67400             158              49       0.1234375      0.03828125            3024            2975
67500             154              51       0.1203125      0.03984375            3032            2981
67600             152              52         0.11875        0.040625            3037            2985
67700             146              55       0.1140625      0.04296875            3043            2988
67800             146              55       0.1140625      0.04296875            3048            2993
67900             150              53       0.1171875      0.04140625            3051            2998
68000             152              52         0.11875        0.040625            3054            3002
68100             146              55       0.1140625      0.04296875            3060            3005
68200             152              52         0.11875        0.040625            3061            3009
68300             138              59       0.1078125      0.04609375            3069            3010
68400             136              60         0.10625        0.046875            3072            3012
68500             140              58        0.109375       0.0453125            3076            3018
68600             152              52         0.11875        0.040625            3080            3028
68700             146              55       0.1140625      0.04296875            3084            3029
68800             148              54        0.115625       0.0421875            3088            3034
68900             140              58        0.109375       0.0453125            3092            3034
69000             136              60         0.10625        0.046875            3100            3040
69100             132              62        0.103125       0.0484375            3105            3043
69200             130              63       0.1015625      0.04921875            3109            3046
69300             132              62        0.103125       0.0484375            3112            3050
69400             140              58        0.109375       0.0453125            3114            3056
69500             148              54        0.115625       0.0421875            3119            3065
69600             146              55       0.1140625      0.04296875            3124            3069
69700             144              56          0.1125         0.04375            3131            3075
69800             146              55       0.1140625      0.04296875            3135            3080
69900             138              59       0.1078125      0.04609375            3141            3082
70000             146              55       0.1140625      0.04296875            3143            3088
70100             152              52         0.11875        0.040625            3146            3094
70200             150              53       0.1171875      0.04140625            3154            3101
70300             150              53       0.1171875      0.04140625            3158            3105
70400             162              47       0.1265625      0.03671875            3162            3115
70500             160              48           0.125          0.0375            3167            3119
70600             160              48           0.125          0.0375            3172            3124
70700             158              49       0.1234375      0.03828125            3179            3130
70800             152              52         0.11875        0.040625            3188            3136
70900             152              52         0.11875        0.040625            3192            3140
71000             148              54        0.115625       0.0421875            3196            3142
71100             144              56          0.1125         0.04375            3199            3143
71200             144              56          0.1125         0.04375            3205            3149
71300             146              55       0.1140625      0.04296875            3208            3153
71400             148              54        0.115625       0.0421875            3209            3155
71500             142              57       0.1109375      0.04453125            3213            3156
71600             142              57       0.1109375      0.04453125            3214            3157
71700             136              60         0.10625        0.046875            3218            3158
71800             144              56          0.1125         0.04375            3221            3165
71900             128              64             0.1            0.05            3231            3167
72000             134              61       0.1046875      0.04765625            3232            3171
72100             138              59       0.1078125      0.04609375            3236            3177
72200             134              61       0.1046875      0.04765625            3241            3180
72300             130              63       0.1015625      0.04921875            3247            3184
72400             126              65       0.0984375      0.05078125            3254            3189
72500             124              66        0.096875       0.0515625            3259            3193
72600             132              62        0.103125       0.0484375            3262            3200
72700             122              67       0.0953125      0.05234375            3269            3202
72800             124              66        0.096875       0.0515625            3272            3206
72900             136              60         0.10625        0.046875            3273            3213
73000             136              60         0.10625        0.046875            3275            3215
73100             138              59       0.1078125      0.04609375            3279            3220
73200             132              62        0.103125       0.0484375            3285            3223
73300             132              62        0.103125       0.0484375            3288            3226
73400             136              60         0.10625        0.046875            3291            3231
73500             154              51       0.1203125      0.03984375            3293            3242
73600             144              56          0.1125         0.04375            3300            3244
73700             146              55       0.1140625      0.04296875            3302            3247
73800             142              57       0.1109375      0.04453125            3310            3253
73900             148              54        0.115625       0.0421875            3313            3259
74000             146              55       0.1140625      0.04296875            3319            3264
74100             138              59       0.1078125      0.04609375            3325            3266
74200             144              56          0.1125         0.04375            3333            3277
74300             148              54        0.115625       0.0421875            3337            3283
74400             136              60         0.10625        0.046875            3345            3285
74500             136              60         0.10625        0.046875            3348            3288
74600             144              56          0.1125         0.04375            3351            3295
74700             156              50        0.121875       0.0390625            3353            3303
74800             160              48           0.125          0.0375            3359            3311
74900             158              49       0.1234375      0.03828125            3364            3315
75000             148              54        0.115625       0.0421875            3371            3317
75100             148              54        0.115625       0.0421875            3376            3322
75200             146              55       0.1140625      0.04296875            3380            3325
75300             140              58        0.109375       0.0453125            3387            3329
75400             140              58        0.109375       0.0453125            3393            3335
75500             150              53       0.1171875      0.04140625            3397            3344
75600             162              47       0.1265625      0.03671875            3400            3353
75700             154              51       0.1203125      0.03984375            3411            3360
75800             148              54        0.115625       0.0421875            3418            3364
75900             144              56          0.1125         0.04375            3422            3366
76000             142              57       0.1109375      0.04453125            3428            3371
76100             140              58        0.109375       0.0453125            3433            3375
76200             142              57       0.1109375      0.04453125            3439            3382
76300             148              54        0.115625       0.0421875            3442            3388
76400             148              54        0.115625       0.0421875            3446            3392
76500             144              56          0.1125         0.04375            3448            3392
76600             138              59       0.1078125      0.04609375            3455            3396
76700             132              62        0.103125       0.0484375            3461            3399
76800             132              62        0.103125       0.0484375            3466            3404
76900             138              59       0.1078125      0.04609375            3469            3410
77000             142              57       0.1109375      0.04453125            3474            3417
77100             140              58        0.109375       0.0453125            3477            3419
77200             146              55       0.1140625      0.04296875            3479            3424
77300             138              59       0.1078125      0.04609375            3487            3428
77400             136              60         0.10625        0.046875            3491            3431
77500             144              56          0.1125         0.04375            3493            3437
77600             150              53       0.1171875      0.04140625            3497            3444
77700             152              52         0.11875        0.040625            3499            3447
77800             156              50        0.121875       0.0390625            3502            3452
77900             152              52         0.11875        0.040625            3507            3455
78000             154              51       0.1203125      0.03984375            3512            3461
78100             154              51       0.1203125      0.03984375            3515            3464
78200             152              52         0.11875        0.040625            3518            3466
78300             152              52         0.11875        0.040625            3520            3468
78400             156              50        0.121875       0.0390625            3525            3475
78500             148              54        0.115625       0.0421875            3530            3476
78600             158              49       0.1234375      0.03828125            3533            3484
78700             154              51       0.1203125      0.03984375            3539            3488
78800             160              48           0.125          0.0375            3544            3496
78900             158              49       0.1234375      0.03828125            3548            3499
79000             160              48           0.125          0.0375            3552            3504
79100             154              51       0.1203125      0.03984375            3561            3510
79200             146              55       0.1140625      0.04296875            3567            3512
79300             142              57       0.1109375      0.04453125            3574            3517
79400             146              55       0.1140625      0.04296875            3578            3523
79500             144              56          0.1125         0.04375            3583            3527
79600             146              55       0.1140625      0.04296875            3587            3532
79700             140              58        0.109375       0.0453125            3593            3535
79800             142              57       0.1109375      0.04453125            3597            3540
79900             144              56          0.1125         0.04375            3603            3547
80000             150              53       0.1171875      0.04140625            3609            3556
80100             148              54        0.115625       0.0421875            3612            3558
80200             150              53       0.1171875      0.04140625            3617            3564
80300             146              55       0.1140625      0.04296875            3624            3569
80400             150              53       0.1171875      0.04140625            3626            3573
80500             152              52         0.11875        0.040625            3629            3577
80600             156              50        0.121875       0.0390625            3634            3584
80700             148              54        0.115625       0.0421875            3641            3587
80800             150              53       0.1171875      0.04140625            3647            3594
80900             148              54        0.115625       0.0421875            3655            3601
81000             152              52         0.11875        0.040625            3659            3607
81100             150              53       0.1171875      0.04140625            3665            3612
81200             148              54        0.115625       0.0421875            3670            3616
81300             146              55       0.1140625      0.04296875            3675            3620
81400             144              56          0.1125         0.04375            3681            3625
81500             150              53       0.1171875      0.04140625            3681            3628
81600             158              49       0.1234375      0.03828125            3685            3636
81700             150              53       0.1171875      0.04140625            3691            3638
81800             150              53       0.1171875      0.04140625            3696            3643
81900             150              53       0.1171875      0.04140625            3701            3648
82000             146              55       0.1140625      0.04296875            3705            3650
82100             150              53       0.1171875      0.04140625            3708            3655
82200             144              56          0.1125         0.04375            3712            3656
82300             146              55       0.1140625      0.04296875            3715            3660
82400             144              56          0.1125         0.04375            3719            3663
82500             140              58        0.109375       0.0453125            3723            3665
82600             142              57       0.1109375      0.04453125            3726            3669
82700             140              58        0.109375       0.0453125            3733            3675
82800             138              59       0.1078125      0.04609375            3738            3679
82900             140              58        0.109375       0.0453125            3742            3684
83000             148              54        0.115625       0.0421875            3743            3689
83100             146              55       0.1140625      0.04296875            3747            3692
83200             154              51       0.1203125      0.03984375            3751            3700
83300             152              52         0.11875        0.040625            3757            3705
83400             152              52         0.11875        0.040625            3760            3708
83500             152              52         0.11875        0.040625            3761            3709
83600             150              53       0.1171875      0.04140625            3768            3715
83700             144              56          0.1125         0.04375            3774            3718
83800             138              59       0.1078125      0.04609375            3779            3720
83900             144              56          0.1125         0.04375            3782            3726
84000             144              56          0.1125         0.04375            3787            3731
84100             152              52         0.11875        0.040625            3789            3737
84200             150              53       0.1171875      0.04140625            3793            3740
84300             144              56          0.1125         0.04375            3803            3747
84400             138              59       0.1078125      0.04609375            3807            3748
84500             134              61       0.1046875      0.04765625            3812            3751
84600             134              61       0.1046875      0.04765625            3814            3753
84700             146              55       0.1140625      0.04296875            3815            3760
84800             156              50        0.121875       0.0390625            3818            3768
84900             152              52         0.11875        0.040625            3824            3772
85000             156              50        0.121875       0.0390625            3827            3777
85100             148              54        0.115625       0.0421875            3832            3778
85200             146              55       0.1140625      0.04296875            3836            3781
85300             142              57       0.1109375      0.04453125            3840            3783
85400             126              65       0.0984375      0.05078125            3851            3786
85500             132              62        0.103125       0.0484375            3856            3794
85600             142              57       0.1109375      0.04453125            3859            3802
85700             144              56          0.1125         0.04375            3863            3807
85800             146              55       0.1140625      0.04296875            3868            3813
85900             136              60         0.10625        0.046875            3876            3816
86000             130              63       0.1015625      0.04921875            3882            3819
86100             136              60         0.10625        0.046875            3885            3825
86200             136              60         0.10625        0.046875            3892            3832
86300             138              59       0.1078125      0.04609375            3897            3838
86400             140              58        0.109375       0.0453125            3902            3844
86500             136              60         0.10625        0.046875            3909            3849
86600             140              58        0.109375       0.0453125            3913            3855
86700             130              63       0.1015625      0.04921875            3919            3856
86800             136              60         0.10625        0.046875            3924            3864
86900             128              64             0.1            0.05            3931            3867
87000             132              62        0.103125       0.0484375            3934            3872
87100             138              59       0.1078125      0.04609375            3937            3878
87200             142              57       0.1109375      0.04453125            3939            3882
87300             142              57       0.1109375      0.04453125            3944            3887
87400             148              54        0.115625       0.0421875            3947            3893
87500             142              57       0.1109375      0.04453125            3954            3897
87600             142              57       0.1109375      0.04453125            3957            3900
87700             138              59       0.1078125      0.04609375            3965            3906
87800             148              54        0.115625       0.0421875            3967            3913
87900             142              57       0.1109375      0.04453125            3972            3915
88000             142              57       0.1109375      0.04453125            3977            3920
88100             146              55       0.1140625      0.04296875            3978            3923
88200             144              56          0.1125         0.04375            3985            3929
88300             146              55       0.1140625      0.04296875            3989            3934
88400             148              54        0.115625       0.0421875            3992            3938
88500             154              51       0.1203125      0.03984375            3995            3944
88600             152              52         0.11875        0.040625            4002            3950
88700             160              48           0.125          0.0375            4004            3956
88800             162              47       0.1265625      0.03671875            4009            3962
88900             152              52         0.11875        0.040625            4014            3962
89000             146              55       0.1140625      0.04296875            4020            3965
89100             148              54        0.115625       0.0421875            4025            3971
89200             150              53       0.1171875      0.04140625            4030            3977
89300             156              50        0.121875       0.0390625            4032            3982
89400             156              50        0.121875       0.0390625            4035            3985
89500             158              49       0.1234375      0.03828125            4038            3989
89600             156              50        0.121875       0.0390625            4039            3989
89700             162              47       0.1265625      0.03671875            4043            3996
89800             162              47       0.1265625      0.03671875            4045            3998
89900             156              50        0.121875       0.0390625            4051            4001
90000             158              49       0.1234375      0.03828125            4054            4005
90100             148              54        0.115625       0.0421875            4062            4008
90200             150              53       0.1171875      0.04140625            4066            4013
90300             154              51       0.1203125      0.03984375            4068            4017
90400             150              53       0.1171875      0.04140625            4074            4021
90500             144              56          0.1125         0.04375            4081            4025
90600             140              58        0.109375       0.0453125            4087            4029
90700             146              55       0.1140625      0.04296875            4090            4035
90800             140              58        0.109375       0.0453125            4094            4036
90900             154              51       0.1203125      0.03984375            4098            4047
91000             160              48           0.125          0.0375            4104            4056
91100             160              48           0.125          0.0375            4110            4062
91200             154              51       0.1203125      0.03984375            4113            4062
91300             154              51       0.1203125      0.03984375            4117            4066
91400             146              55       0.1140625      0.04296875            4123            4068
91500             144              56          0.1125         0.04375            4127            4071
91600             160              48           0.125          0.0375            4128            4080
91700             154              51       0.1203125      0.03984375            4133            4082
91800             156              50        0.121875       0.0390625            4137            4087
91900             146              55       0.1140625      0.04296875            4145            4090
92000             146              55       0.1140625      0.04296875            4150            4095
92100             138              59       0.1078125      0.04609375            4154            4095
92200             140              58        0.109375       0.0453125            4160            4102
92300             142              57       0.1109375      0.04453125            4163            4106
92400             152              52         0.11875        0.040625            4163            4111
92500             146              55       0.1140625      0.04296875            4169            4114
92600             142              57       0.1109375      0.04453125            4173            4116
92700             142              57       0.1109375      0.04453125            4175            4118
92800             136              60         0.10625        0.046875            4182            4122
92900             142              57       0.1109375      0.04453125            4186            4129
93000             140              58        0.109375       0.0453125            4188            4130
93100             144              56          0.1125         0.04375            4191            4135
93200             140              58        0.109375       0.0453125            4194            4136
93300             146              55       0.1140625      0.04296875            4197            4142
93400             146              55       0.1140625      0.04296875            4200            4145
93500             142              57       0.1109375      0.04453125            4206            4149
93600             148              54        0.115625       0.0421875            4213            4159
93700             146              55       0.1140625      0.04296875            4215            4160
93800             134              61       0.1046875      0.04765625            4223            4162
93900             140              58        0.109375       0.0453125            4225            4167
94000             140              58        0.109375       0.0453125            4231            4173
94100             136              60         0.10625        0.046875            4236            4176
94200             138              59       0.1078125      0.04609375            4242            4183
94300             132              62        0.103125       0.0484375            4245            4183
94400             146              55       0.1140625      0.04296875            4246            4191
94500             148              54        0.115625       0.0421875            4249            4195
94600             138              59       0.1078125      0.04609375            4256            4197
94700             134              61       0.1046875      0.04765625            4259            4198
94800             136              60         0.10625        0.046875            4261            4201
94900             142              57       0.1109375      0.04453125            4267            4210
95000             146              55       0.1140625      0.04296875            4270            4215
95100             148              54        0.115625       0.0421875            4274            4220
95200             144              56          0.1125         0.04375            4279            4223
95300             146              55       0.1140625      0.04296875            4283            4228
95400             150              53       0.1171875      0.04140625            4287            4234
95500             146              55       0.1140625      0.04296875            4292            4237
95600             138              59       0.1078125      0.04609375            4299            4240
95700             144              56          0.1125         0.04375            4304            4248
95800             148              54        0.115625       0.0421875            4309            4255
95900             150              53       0.1171875      0.04140625            4315            4262
96000             142              57       0.1109375      0.04453125            4324            4267
96100             144              56          0.1125         0.04375            4327            4271
96200             160              48           0.125          0.0375            4328            4280
96300             164              46        0.128125       0.0359375            4333            4287
96400             158              49       0.1234375      0.03828125            4340            4291
96500             160              48           0.125          0.0375            4343            4295
96600             160              48           0.125          0.0375            4346            4298
96700             156              50        0.121875       0.0390625            4352            4302
96800             158              49       0.1234375      0.03828125            4354            4305
96900             156              50        0.121875       0.0390625            4358            4308
97000             158              49       0.1234375      0.03828125            4361            4312
97100             160              48           0.125          0.0375            4364            4316
97200             158              49       0.1234375      0.03828125            4369            4320
97300             154              51       0.1203125      0.03984375            4374            4323
97400             156              50        0.121875       0.0390625            4382            4332
97500             158              49       0.1234375      0.03828125            4386            4337
97600             164              46        0.128125       0.0359375            4388            4342
97700             166              45       0.1296875      0.03515625            4392            4347
97800             162              47       0.1265625      0.03671875            4395            4348
97900             150              53       0.1171875      0.04140625            4402            4349
98000             154              51       0.1203125      0.03984375            4407            4356
98100             156              50        0.121875       0.0390625            4411            4361
98200             150              53       0.1171875      0.04140625            4417            4364
98300             148              54        0.115625       0.0421875            4421            4367
98400             140              58        0.109375       0.0453125            4428            4370
98500             140              58        0.109375       0.0453125            4435            4377
98600             142              57       0.1109375      0.04453125            4439            4382
98700             154              51       0.1203125      0.03984375            4440            4389
98800             152              52         0.11875        0.040625            4446            4394
98900             152              52         0.11875        0.040625            4452            4400
99000             144              56          0.1125         0.04375            4458            4402
99100             142              57       0.1109375      0.04453125            4461            4404
99200             144              56          0.1125         0.04375            4466            4410
99300             142              57       0.1109375      0.04453125            4469            4412
99400             146              55       0.1140625      0.04296875            4472            4417
99500             144              56          0.1125         0.04375            4478            4422
99600             136              60         0.10625        0.046875            4484            4424
99700             142              57       0.1109375      0.04453125            4488            4431
99800             140              58        0.109375       0.0453125            4495            4437
99900             138              59       0.1078125      0.04609375            4500            4441
100000             152              52         0.11875        0.040625            4502            4450
