# Time-averaged data for fix observ
# TimeStep v_nfree v_ndimer v_cfree v_cdimer f_kinetics[2] f_kinetics[3]
0             256               0             0.1               0               0               0
100             256               0             0.1               0               0               0
200             256               0             0.1               0               0               0
300             256               0             0.1               0               0               0
400             256               0             0.1               0               0               0
500             254               1      0.09921875     0.000390625               1               0
600             254               1      0.09921875     0.000390625               1               0
700             256               0             0.1               0               1               1
800             254               1      0.09921875     0.000390625               2               1
900             254               1      0.09921875     0.000390625               2               1
1000             250               3      0.09765625     0.001171875               4               1
1100             248               4        0.096875       0.0015625               5               1
1200             250               3      0.09765625     0.001171875               5               2
1300             248               4        0.096875       0.0015625               6               2
1400             248               4        0.096875       0.0015625               6               2
1500             242               7      0.09453125     0.002734375               9               2
1600             242               7      0.09453125     0.002734375               9               2
1700             240               8         0.09375        0.003125              10               2
1800             240               8         0.09375        0.003125              11               3
1900             240               8         0.09375        0.003125              11               3
2000             238               9      0.09296875     0.003515625              12               3
2100             236              10       0.0921875      0.00390625              14               4
2200             236              10       0.0921875      0.00390625              14               4
2300             236              10       0.0921875      0.00390625              14               4
2400             236              10       0.0921875      0.00390625              14               4
2500             234              11      0.09140625     0.004296875              15               4
2600             232              12        0.090625       0.0046875              16               4
2700             238               9      0.09296875     0.003515625              16               7
2800             236              10       0.0921875      0.00390625              17               7
2900             238               9      0.09296875     0.003515625              18               9
3000             238               9      0.09296875     0.003515625              18               9
3100             238               9      0.09296875     0.003515625              18               9
3200             238               9      0.09296875     0.003515625              19              10
3300             234              11      0.09140625     0.004296875              21              10
3400             234              11      0.09140625     0.004296875              22              11
3500             236              10       0.0921875      0.00390625              22              12
3600             236              10       0.0921875      0.00390625              23              13
3700             234              11      0.09140625     0.004296875              24              13
3800             236              10       0.0921875      0.00390625              25              15
3900             238               9      0.09296875     0.003515625              25              16
4000             238               9      0.09296875     0.003515625              25              16
4100             238               9      0.09296875     0.003515625              25              16
4200             240               8         0.09375        0.003125              25              17
4300             242               7      0.09453125     0.002734375              25              18
4400             242               7      0.09453125     0.002734375              26              19
4500             244               6       0.0953125      0.00234375              26              20
4600             246               5      0.09609375     0.001953125              26              21
4700             246               5      0.09609375     0.001953125              27              22
4800             246               5      0.09609375     0.001953125              28              23
4900             246               5      0.09609375     0.001953125              28              23
5000             246               5      0.09609375     0.001953125              29              24
5100             246               5      0.09609375     0.001953125              29              24
5200             246               5      0.09609375     0.001953125              29              24
5300             244               6       0.0953125      0.00234375              30              24
5400             240               8         0.09375        0.003125              32              24
5500             240               8         0.09375        0.003125              34              26
5600             240               8         0.09375        0.003125              34              26
5700             240               8         0.09375        0.003125              34              26
5800             242               7      0.09453125     0.002734375              34              27
5900             244               6       0.0953125      0.00234375              34              28
6000             248               4        0.096875       0.0015625              34              30
6100             244               6       0.0953125      0.00234375              36              30
6200             244               6       0.0953125      0.00234375              36              30
6300             244               6       0.0953125      0.00234375              37              31
6400             244               6       0.0953125      0.00234375              37              31
6500             244               6       0.0953125      0.00234375              38              32
6600             246               5      0.09609375     0.001953125              38              33
6700             246               5      0.09609375     0.001953125              39              34
6800             246               5      0.09609375     0.001953125              39              34
6900             246               5      0.09609375     0.001953125              39              34
7000             244               6       0.0953125      0.00234375              40              34
7100             244               6       0.0953125      0.00234375              40              34
7200             246               5      0.09609375     0.001953125              40              35
7300             244               6       0.0953125      0.00234375              41              35
7400             244               6       0.0953125      0.00234375              41              35
7500             244               6       0.0953125      0.00234375              42              36
7600             242               7      0.09453125     0.002734375              43              36
7700             242               7      0.09453125     0.002734375              43              36
7800             244               6       0.0953125      0.00234375              43              37
7900             246               5      0.09609375     0.001953125              43              38
8000             244               6       0.0953125      0.00234375              44              38
8100             244               6       0.0953125      0.00234375              44              38
8200             244               6       0.0953125      0.00234375              44              38
8300             244               6       0.0953125      0.00234375              45              39
8400             240               8         0.09375        0.003125              47              39
8500             240               8         0.09375        0.003125              47              39
8600             240               8         0.09375        0.003125              47              39
8700             240               8         0.09375        0.003125              47              39
8800             240               8         0.09375        0.003125              47              39
8900             240               8         0.09375        0.003125              47              39
9000             238               9      0.09296875     0.003515625              48              39
9100             240               8         0.09375        0.003125              48              40
9200             240               8         0.09375        0.003125              48              40
9300             240               8         0.09375        0.003125              48              40
9400             240               8         0.09375        0.003125              48              40
9500             246               5      0.09609375     0.001953125              48              43
9600             246               5      0.09609375     0.001953125              48              43
9700             246               5      0.09609375     0.001953125              48              43
9800             246               5      0.09609375     0.001953125              48              43
9900             246               5      0.09609375     0.001953125              48              43
10000             246               5      0.09609375     0.001953125              48              43
10100             246               5      0.09609375     0.001953125              48              43
10200             244               6       0.0953125      0.00234375              49              43
10300             244               6       0.0953125      0.00234375              49              43
10400             242               7      0.09453125     0.002734375              50              43
10500             242               7      0.09453125     0.002734375              50              43
10600             242               7      0.09453125     0.002734375              51              44
10700             244               6       0.0953125      0.00234375              51              45
10800             240               8         0.09375        0.003125              53              45
10900             238               9      0.09296875     0.003515625              54              45
11000             236              10       0.0921875      0.00390625              55              45
11100             238               9      0.09296875     0.003515625              55              46
11200             238               9      0.09296875     0.003515625              56              47
11300             238               9      0.09296875     0.003515625              56              47
11400             238               9      0.09296875     0.003515625              56              47
11500             238               9      0.09296875     0.003515625              57              48
11600             238               9      0.09296875     0.003515625              57              48
11700             238               9      0.09296875     0.003515625              57              48
11800             238               9      0.09296875     0.003515625              58              49
11900             236              10       0.0921875      0.00390625              59              49
12000             230              13      0.08984375     0.005078125              62              49
12100             230              13      0.08984375     0.005078125              62              49
12200             234              11      0.09140625     0.004296875              62              51
12300             234              11      0.09140625     0.004296875              62              51
12400             234              11      0.09140625     0.004296875              62              51
12500             236              10       0.0921875      0.00390625              62              52
12600             238               9      0.09296875     0.003515625              62              53
12700             238               9      0.09296875     0.003515625              62              53
12800             240               8         0.09375        0.003125              62              54
12900             240               8         0.09375        0.003125              62              54
13000             240               8         0.09375        0.003125              63              55
13100             238               9      0.09296875     0.003515625              65              56
13200             238               9      0.09296875     0.003515625              65              56
13300             238               9      0.09296875     0.003515625              65              56
13400             236              10       0.0921875      0.00390625              66              56
13500             236              10       0.0921875      0.00390625              67              57
13600             238               9      0.09296875     0.003515625              67              58
13700             232              12        0.090625       0.0046875              70              58
13800             232              12        0.090625       0.0046875              70              58
13900             234              11      0.09140625     0.004296875              71              60
14000             238               9      0.09296875     0.003515625              71              62
14100             238               9      0.09296875     0.003515625              71              62
14200             238               9      0.09296875     0.003515625              71              62
14300             236              10       0.0921875      0.00390625              73              63
14400             238               9      0.09296875     0.003515625              73              64
14500             240               8         0.09375        0.003125              73              65
14600             242               7      0.09453125     0.002734375              73              66
14700             240               8         0.09375        0.003125              74              66
14800             242               7      0.09453125     0.002734375              74              67
14900             242               7      0.09453125     0.002734375              74              67
15000             242               7      0.09453125     0.002734375              74              67
15100             240               8         0.09375        0.003125              75              67
15200             238               9      0.09296875     0.003515625              76              67
15300             238               9      0.09296875     0.003515625              76              67
15400             238               9      0.09296875     0.003515625              76              67
15500             236              10       0.0921875      0.00390625              77              67
15600             236              10       0.0921875      0.00390625              77              67
15700             234              11      0.09140625     0.004296875              79              68
15800             234              11      0.09140625     0.004296875              80              69
15900             234              11      0.09140625     0.004296875              80              69
16000             236              10       0.0921875      0.00390625              80              70
16100             236              10       0.0921875      0.00390625              80              70
16200             236              10       0.0921875      0.00390625              80              70
16300             232              12        0.090625       0.0046875              82              70
16400             232              12        0.090625       0.0046875              82              70
16500             234              11      0.09140625     0.004296875              82              71
16600             234              11      0.09140625     0.004296875              82              71
16700             232              12        0.090625       0.0046875              83              71
16800             234              11      0.09140625     0.004296875              85              74
16900             230              13      0.08984375     0.005078125              87              74
17000             230              13      0.08984375     0.005078125              87              74
17100             230              13      0.08984375     0.005078125              88              75
17200             234              11      0.09140625     0.004296875              88              77
17300             234              11      0.09140625     0.004296875              89              78
17400             234              11      0.09140625     0.004296875              90              79
17500             232              12        0.090625       0.0046875              91              79
17600             234              11      0.09140625     0.004296875              91              80
17700             232              12        0.090625       0.0046875              92              80
17800             232              12        0.090625       0.0046875              93              81
17900             232              12        0.090625       0.0046875              93              81
18000             232              12        0.090625       0.0046875              94              82
18100             230              13      0.08984375     0.005078125              95              82
18200             234              11      0.09140625     0.004296875              95              84
18300             234              11      0.09140625     0.004296875              96              85
18400             234              11      0.09140625     0.004296875              98              87
18500             232              12        0.090625       0.0046875              99              87
18600             236              10       0.0921875      0.00390625             100              90
18700             236              10       0.0921875      0.00390625             100              90
18800             236              10       0.0921875      0.00390625             100              90
18900             236              10       0.0921875      0.00390625             102              92
19000             236              10       0.0921875      0.00390625             102              92
19100             234              11      0.09140625     0.004296875             103              92
19200             232              12        0.090625       0.0046875             104              92
19300             232              12        0.090625       0.0046875             105              93
19400             236              10       0.0921875      0.00390625             105              95
19500             234              11      0.09140625     0.004296875             107              96
19600             232              12        0.090625       0.0046875             108              96
19700             234              11      0.09140625     0.004296875             108              97
19800             234              11      0.09140625     0.004296875             108              97
19900             236              10       0.0921875      0.00390625             108              98
20000             234              11      0.09140625     0.004296875             109              98
20100             236              10       0.0921875      0.00390625             109              99
20200             238               9      0.09296875     0.003515625             109             100
20300             236              10       0.0921875      0.00390625             110             100
20400             238               9      0.09296875     0.003515625             111             102
20500             236              10       0.0921875      0.00390625             112             102
20600             232              12        0.090625       0.0046875             114             102
20700             232              12        0.090625       0.0046875             116             104
20800             232              12        0.090625       0.0046875             117             105
20900             234              11      0.09140625     0.004296875             117             106
21000             234              11      0.09140625     0.004296875             117             106
21100             230              13      0.08984375     0.005078125             119             106
21200             230              13      0.08984375     0.005078125             120             107
21300             230              13      0.08984375     0.005078125             120             107
21400             232              12        0.090625       0.0046875             120             108
21500             232              12        0.090625       0.0046875             121             109
21600             236              10       0.0921875      0.00390625             121             111
21700             238               9      0.09296875     0.003515625             121             112
21800             236              10       0.0921875      0.00390625             122             112
21900             234              11      0.09140625     0.004296875             123             112
22000             234              11      0.09140625     0.004296875             123             112
22100             236              10       0.0921875      0.00390625             123             113
22200             238               9      0.09296875     0.003515625             123             114
22300             236              10       0.0921875      0.00390625             124             114
22400             240               8         0.09375        0.003125             124             116
22500             242               7      0.09453125     0.002734375             124             117
22600             244               6       0.0953125      0.00234375             124             118
22700             242               7      0.09453125     0.002734375             125             118
22800             242               7      0.09453125     0.002734375             125             118
22900             242               7      0.09453125     0.002734375             125             118
23000             242               7      0.09453125     0.002734375             125             118
23100             242               7      0.09453125     0.002734375             125             118
23200             242               7      0.09453125     0.002734375             125             118
23300             240               8         0.09375        0.003125             126             118
23400             240               8         0.09375        0.003125             126             118
23500             240               8         0.09375        0.003125             126             118
23600             240               8         0.09375        0.003125             126             118
23700             238               9      0.09296875     0.003515625             127             118
23800             240               8         0.09375        0.003125             127             119
23900             240               8         0.09375        0.003125             127             119
24000             240               8         0.09375        0.003125             129             121
24100             242               7      0.09453125     0.002734375             129             122
24200             240               8         0.09375        0.003125             130             122
24300             242               7      0.09453125     0.002734375             130             123
24400             244               6       0.0953125      0.00234375             131             125
24500             244               6       0.0953125      0.00234375             131             125
24600             244               6       0.0953125      0.00234375             131             125
24700             244               6       0.0953125      0.00234375             131             125
24800             246               5      0.09609375     0.001953125             131             126
24900             244               6       0.0953125      0.00234375             132             126
25000             244               6       0.0953125      0.00234375             132             126
25100             244               6       0.0953125      0.00234375             132             126
25200             242               7      0.09453125     0.002734375             133             126
25300             238               9      0.09296875     0.003515625             135             126
25400             238               9      0.09296875     0.003515625             135             126
25500             238               9      0.09296875     0.003515625             135             126
25600             240               8         0.09375        0.003125             135             127
25700             238               9      0.09296875     0.003515625             137             128
25800             236              10       0.0921875      0.00390625             138             128
25900             238               9      0.09296875     0.003515625             138             129
26000             238               9      0.09296875     0.003515625             139             130
26100             238               9      0.09296875     0.003515625             139             130
26200             236              10       0.0921875      0.00390625             140             130
26300             242               7      0.09453125     0.002734375             140             133
26400             240               8         0.09375        0.003125             141             133
26500             234              11      0.09140625     0.004296875             144             133
26600             236              10       0.0921875      0.00390625             144             134
26700             236              10       0.0921875      0.00390625             145             135
26800             240               8         0.09375        0.003125             145             137
26900             240               8         0.09375        0.003125             145             137
27000             238               9      0.09296875     0.003515625             147             138
27100             240               8         0.09375        0.003125             147             139
27200             240               8         0.09375        0.003125             147             139
27300             240               8         0.09375        0.003125             147             139
27400             240               8         0.09375        0.003125             147             139
27500             238               9      0.09296875     0.003515625             148             139
27600             238               9      0.09296875     0.003515625             148             139
27700             234              11      0.09140625     0.004296875             150             139
27800             236              10       0.0921875      0.00390625             150             140
27900             238               9      0.09296875     0.003515625             150             141
28000             238               9      0.09296875     0.003515625             150             141
28100             234              11      0.09140625     0.004296875             152             141
28200             238               9      0.09296875     0.003515625             152             143
28300             242               7      0.09453125     0.002734375             152             145
28400             238               9      0.09296875     0.003515625             154             145
28500             242               7      0.09453125     0.002734375             154             147
28600             244               6       0.0953125      0.00234375             154             148
28700             242               7      0.09453125     0.002734375             155             148
28800             242               7      0.09453125     0.002734375             155             148
28900             244               6       0.0953125      0.00234375             155             149
29000             244               6       0.0953125      0.00234375             155             149
29100             246               5      0.09609375     0.001953125             155             150
29200             244               6       0.0953125      0.00234375             156             150
29300             244               6       0.0953125      0.00234375             157             151
29400             244               6       0.0953125      0.00234375             157             151
29500             242               7      0.09453125     0.002734375             158             151
29600             242               7      0.09453125     0.002734375             158             151
29700             242               7      0.09453125     0.002734375             159             152
29800             242               7      0.09453125     0.002734375             159             152
29900             242               7      0.09453125     0.002734375             159             152
30000             242               7      0.09453125     0.002734375             159             152
30100             244               6       0.0953125      0.00234375             159             153
30200             244               6       0.0953125      0.00234375             159             153
30300             244               6       0.0953125      0.00234375             159             153
30400             244               6       0.0953125      0.00234375             159             153
30500             244               6       0.0953125      0.00234375             160             154
30600             242               7      0.09453125     0.002734375             161             154
30700             242               7      0.09453125     0.002734375             161             154
30800             244               6       0.0953125      0.00234375             161             155
30900             244               6       0.0953125      0.00234375             161             155
31000             246               5      0.09609375     0.001953125             161             156
31100             246               5      0.09609375     0.001953125             161             156
31200             248               4        0.096875       0.0015625             161             157
31300             248               4        0.096875       0.0015625             161             157
31400             246               5      0.09609375     0.001953125             162             157
31500             246               5      0.09609375     0.001953125             162             157
31600             246               5      0.09609375     0.001953125             162             157
31700             246               5      0.09609375     0.001953125             162             157
31800             244               6       0.0953125      0.00234375             163             157
31900             244               6       0.0953125      0.00234375             164             158
32000             244               6       0.0953125      0.00234375             165             159
32100             242               7      0.09453125     0.002734375             167             160
32200             242               7      0.09453125     0.002734375             167             160
32300             246               5      0.09609375     0.001953125             167             162
32400             248               4        0.096875       0.0015625             167             163
32500             246               5      0.09609375     0.001953125             168             163
32600             244               6       0.0953125      0.00234375             169             163
32700             246               5      0.09609375     0.001953125             170             165
32800             244               6       0.0953125      0.00234375             171             165
32900             244               6       0.0953125      0.00234375             171             165
33000             244               6       0.0953125      0.00234375             171             165
33100             248               4        0.096875       0.0015625             171             167
33200             242               7      0.09453125     0.002734375             174             167
33300             242               7      0.09453125     0.002734375             174             167
33400             244               6       0.0953125      0.00234375             174             168
33500             246               5      0.09609375     0.001953125             174             169
33600             244               6       0.0953125      0.00234375             175             169
33700             244               6       0.0953125      0.00234375             175             169
33800             246               5      0.09609375     0.001953125             175             170
33900             246               5      0.09609375     0.001953125             175             170
34000             246               5      0.09609375     0.001953125             175             170
34100             246               5      0.09609375     0.001953125             175             170
34200             246               5      0.09609375     0.001953125             175             170
34300             248               4        0.096875       0.0015625             175             171
34400             248               4        0.096875       0.0015625             175             171
34500             248               4        0.096875       0.0015625             175             171
34600             248               4        0.096875       0.0015625             175             171
34700             248               4        0.096875       0.0015625             175             171
34800             250               3      0.09765625     0.001171875             176             173
34900             248               4        0.096875       0.0015625             177             173
35000             244               6       0.0953125      0.00234375             179             173
35100             244               6       0.0953125      0.00234375             179             173
35200             246               5      0.09609375     0.001953125             179             174
35300             244               6       0.0953125      0.00234375             180             174
35400             242               7      0.09453125     0.002734375             181             174
35500             242               7      0.09453125     0.002734375             182             175
35600             242               7      0.09453125     0.002734375             182             175
35700             242               7      0.09453125     0.002734375             182             175
35800             240               8         0.09375        0.003125             183             175
35900             242               7      0.09453125     0.002734375             183             176
36000             242               7      0.09453125     0.002734375             183             176
36100             246               5      0.09609375     0.001953125             183             178
36200             246               5      0.09609375     0.001953125             183             178
36300             246               5      0.09609375     0.001953125             184             179
36400             246               5      0.09609375     0.001953125             184             179
36500             246               5      0.09609375     0.001953125             184             179
36600             246               5      0.09609375     0.001953125             184             179
36700             246               5      0.09609375     0.001953125             184             179
36800             246               5      0.09609375     0.001953125             184             179
36900             244               6       0.0953125      0.00234375             185             179
37000             242               7      0.09453125     0.002734375             186             179
37100             240               8         0.09375        0.003125             187             179
37200             240               8         0.09375        0.003125             188             180
37300             242               7      0.09453125     0.002734375             188             181
37400             242               7      0.09453125     0.002734375             188             181
37500             240               8         0.09375        0.003125             189             181
37600             242               7      0.09453125     0.002734375             189             182
37700             240               8         0.09375        0.003125             190             182
37800             240               8         0.09375        0.003125             190             182
37900             238               9      0.09296875     0.003515625             191             182
38000             232              12        0.090625       0.0046875             194             182
38100             230              13      0.08984375     0.005078125             195             182
38200             232              12        0.090625       0.0046875             195             183
38300             232              12        0.090625       0.0046875             195             183
38400             236              10       0.0921875      0.00390625             195             185
38500             234              11      0.09140625     0.004296875             197             186
38600             234              11      0.09140625     0.004296875             197             186
38700             234              11      0.09140625     0.004296875             197             186
38800             236              10       0.0921875      0.00390625             197             187
38900             234              11      0.09140625     0.004296875             198             187
39000             236              10       0.0921875      0.00390625             198             188
39100             236              10       0.0921875      0.00390625             198             188
39200             236              10       0.0921875      0.00390625             198             188
39300             236              10       0.0921875      0.00390625             198             188
39400             238               9      0.09296875     0.003515625             198             189
39500             238               9      0.09296875     0.003515625             198             189
39600             242               7      0.09453125     0.002734375             198             191
39700             244               6       0.0953125      0.00234375             198             192
39800             246               5      0.09609375     0.001953125             198             193
39900             244               6       0.0953125      0.00234375             199             193
40000             240               8         0.09375        0.003125             201             193
40100             238               9      0.09296875     0.003515625             202             193
40200             240               8         0.09375        0.003125             202             194
40300             240               8         0.09375        0.003125             203             195
40400             240               8         0.09375        0.003125             203             195
40500             240               8         0.09375        0.003125             203             195
40600             242               7      0.09453125     0.002734375             203             196
40700             240               8         0.09375        0.003125             204             196
40800             242               7      0.09453125     0.002734375             204             197
40900             242               7      0.09453125     0.002734375             204             197
41000             240               8         0.09375        0.003125             205             197
41100             242               7      0.09453125     0.002734375             206             199
41200             244               6       0.0953125      0.00234375             206             200
41300             244               6       0.0953125      0.00234375             206             200
41400             244               6       0.0953125      0.00234375             206             200
41500             240               8         0.09375        0.003125             208             200
41600             238               9      0.09296875     0.003515625             209             200
41700             238               9      0.09296875     0.003515625             209             200
41800             236              10       0.0921875      0.00390625             210             200
41900             236              10       0.0921875      0.00390625             210             200
42000             236              10       0.0921875      0.00390625             210             200
42100             236              10       0.0921875      0.00390625             210             200
42200             236              10       0.0921875      0.00390625             211             201
42300             238               9      0.09296875     0.003515625             211             202
42400             238               9      0.09296875     0.003515625             212             203
42500             236              10       0.0921875      0.00390625             213             203
42600             234              11      0.09140625     0.004296875             214             203
42700             234              11      0.09140625     0.004296875             214             203
42800             234              11      0.09140625     0.004296875             214             203
42900             238               9      0.09296875     0.003515625             214             205
43000             238               9      0.09296875     0.003515625             214             205
43100             236              10       0.0921875      0.00390625             215             205
43200             236              10       0.0921875      0.00390625             215             205
43300             234              11      0.09140625     0.004296875             216             205
43400             236              10       0.0921875      0.00390625             216             206
43500             242               7      0.09453125     0.002734375             216             209
43600             242               7      0.09453125     0.002734375             216             209
43700             242               7      0.09453125     0.002734375             216             209
43800             242               7      0.09453125     0.002734375             216             209
43900             240               8         0.09375        0.003125             217             209
44000             240               8         0.09375        0.003125             217             209
44100             240               8         0.09375        0.003125             217             209
44200             240               8         0.09375        0.003125             218             210
44300             238               9      0.09296875     0.003515625             219             210
44400             240               8         0.09375        0.003125             219             211
44500             240               8         0.09375        0.003125             220             212
44600             238               9      0.09296875     0.003515625             221             212
44700             234              11      0.09140625     0.004296875             224             213
44800             232              12        0.090625       0.0046875             225             213
44900             234              11      0.09140625     0.004296875             225             214
45000             236              10       0.0921875      0.00390625             225             215
45100             236              10       0.0921875      0.00390625             225             215
45200             236              10       0.0921875      0.00390625             225             215
45300             236              10       0.0921875      0.00390625             225             215
45400             238               9      0.09296875     0.003515625             225             216
45500             240               8         0.09375        0.003125             225             217
45600             238               9      0.09296875     0.003515625             226             217
45700             238               9      0.09296875     0.003515625             227             218
45800             238               9      0.09296875     0.003515625             227             218
45900             240               8         0.09375        0.003125             227             219
46000             240               8         0.09375        0.003125             228             220
46100             240               8         0.09375        0.003125             228             220
46200             240               8         0.09375        0.003125             229             221
46300             240               8         0.09375        0.003125             229             221
46400             238               9      0.09296875     0.003515625             230             221
46500             234              11      0.09140625     0.004296875             232             221
46600             236              10       0.0921875      0.00390625             232             222
46700             238               9      0.09296875     0.003515625             232             223
46800             238               9      0.09296875     0.003515625             232             223
46900             238               9      0.09296875     0.003515625             232             223
47000             238               9      0.09296875     0.003515625             232             223
47100             236              10       0.0921875      0.00390625             233             223
47200             238               9      0.09296875     0.003515625             233             224
47300             238               9      0.09296875     0.003515625             234             225
47400             238               9      0.09296875     0.003515625             234             225
47500             238               9      0.09296875     0.003515625             235             226
47600             240               8         0.09375        0.003125             235             227
47700             240               8         0.09375        0.003125             236             228
47800             236              10       0.0921875      0.00390625             238             228
47900             238               9      0.09296875     0.003515625             238             229
48000             238               9      0.09296875     0.003515625             239             230
48100             238               9      0.09296875     0.003515625             239             230
48200             238               9      0.09296875     0.003515625             240             231
48300             238               9      0.09296875     0.003515625             240             231
48400             238               9      0.09296875     0.003515625             240             231
48500             236              10       0.0921875      0.00390625             241             231
48600             238               9      0.09296875     0.003515625             241             232
48700             238               9      0.09296875     0.003515625             241             232
48800             240               8         0.09375        0.003125             241             233
48900             240               8         0.09375        0.003125             242             234
49000             238               9      0.09296875     0.003515625             243             234
49100             238               9      0.09296875     0.003515625             243             234
49200             238               9      0.09296875     0.003515625             243             234
49300             236              10       0.0921875      0.00390625             244             234
49400             236              10       0.0921875      0.00390625             244             234
49500             240               8         0.09375        0.003125             244             236
49600             240               8         0.09375        0.003125             244             236
49700             238               9      0.09296875     0.003515625             245             236
49800             240               8         0.09375        0.003125             246             238
49900             242               7      0.09453125     0.002734375             246             239
50000             242               7      0.09453125     0.002734375             246             239
50100             240               8         0.09375        0.003125             247             239
50200             242               7      0.09453125     0.002734375             247             240
50300             242               7      0.09453125     0.002734375             247             240
50400             244               6       0.0953125      0.00234375             247             241
50500             242               7      0.09453125     0.002734375             248             241
50600             244               6       0.0953125      0.00234375             248             242
50700             244               6       0.0953125      0.00234375             249             243
50800             244               6       0.0953125      0.00234375             249             243
50900             240               8         0.09375        0.003125             251             243
51000             240               8         0.09375        0.003125             251             243
51100             236              10       0.0921875      0.00390625             253             243
51200             238               9      0.09296875     0.003515625             254             245
51300             234              11      0.09140625     0.004296875             256             245
51400             236              10       0.0921875      0.00390625             256             246
51500             236              10       0.0921875      0.00390625             256             246
51600             236              10       0.0921875      0.00390625             256             246
51700             236              10       0.0921875      0.00390625             257             247
51800             238               9      0.09296875     0.003515625             257             248
51900             238               9      0.09296875     0.003515625             258             249
52000             238               9      0.09296875     0.003515625             258             249
52100             236              10       0.0921875      0.00390625             259             249
52200             234              11      0.09140625     0.004296875             260             249
52300             240               8         0.09375        0.003125             260             252
52400             238               9      0.09296875     0.003515625             262             253
52500             238               9      0.09296875     0.003515625             262             253
52600             238               9      0.09296875     0.003515625             262             253
52700             238               9      0.09296875     0.003515625             262             253
52800             238               9      0.09296875     0.003515625             262             253
52900             238               9      0.09296875     0.003515625             263             254
53000             240               8         0.09375        0.003125             263             255
53100             240               8         0.09375        0.003125             264             256
53200             240               8         0.09375        0.003125             265             257
53300             240               8         0.09375        0.003125             265             257
53400             236              10       0.0921875      0.00390625             267             257
53500             234              11      0.09140625     0.004296875             268             257
53600             234              11      0.09140625     0.004296875             268             257
53700             232              12        0.090625       0.0046875             269             257
53800             230              13      0.08984375     0.005078125             270             257
53900             228              14       0.0890625      0.00546875             271             257
54000             228              14       0.0890625      0.00546875             271             257
54100             228              14       0.0890625      0.00546875             272             258
54200             232              12        0.090625       0.0046875             272             260
54300             234              11      0.09140625     0.004296875             272             261
54400             236              10       0.0921875      0.00390625             273             263
54500             238               9      0.09296875     0.003515625             273             264
54600             236              10       0.0921875      0.00390625             274             264
54700             236              10       0.0921875      0.00390625             274             264
54800             234              11      0.09140625     0.004296875             275             264
54900             234              11      0.09140625     0.004296875             276             265
55000             230              13      0.08984375     0.005078125             278             265
55100             230              13      0.08984375     0.005078125             278             265
55200             232              12        0.090625       0.0046875             278             266
55300             232              12        0.090625       0.0046875             278             266
55400             230              13      0.08984375     0.005078125             279             266
55500             228              14       0.0890625      0.00546875             280             266
55600             230              13      0.08984375     0.005078125             280             267
55700             228              14       0.0890625      0.00546875             281             267
55800             226              15      0.08828125     0.005859375             282             267
55900             226              15      0.08828125     0.005859375             282             267
56000             228              14       0.0890625      0.00546875             283             269
56100             230              13      0.08984375     0.005078125             283             270
56200             230              13      0.08984375     0.005078125             283             270
56300             230              13      0.08984375     0.005078125             283             270
56400             232              12        0.090625       0.0046875             283             271
56500             232              12        0.090625       0.0046875             284             272
56600             232              12        0.090625       0.0046875             285             273
56700             234              11      0.09140625     0.004296875             285             274
56800             236              10       0.0921875      0.00390625             285             275
56900             238               9      0.09296875     0.003515625             285             276
57000             236              10       0.0921875      0.00390625             286             276
57100             236              10       0.0921875      0.00390625             287             277
57200             236              10       0.0921875      0.00390625             287             277
57300             236              10       0.0921875      0.00390625             287             277
57400             238               9      0.09296875     0.003515625             287             278
57500             240               8         0.09375        0.003125             287             279
57600             240               8         0.09375        0.003125             287             279
57700             240               8         0.09375        0.003125             287             279
57800             238               9      0.09296875     0.003515625             288             279
57900             236              10       0.0921875      0.00390625             289             279
58000             236              10       0.0921875      0.00390625             289             279
58100             238               9      0.09296875     0.003515625             289             280
58200             238               9      0.09296875     0.003515625             289             280
58300             238               9      0.09296875     0.003515625             289             280
58400             238               9      0.09296875     0.003515625             289             280
58500             238               9      0.09296875     0.003515625             289             280
58600             240               8         0.09375        0.003125             290             282
58700             238               9      0.09296875     0.003515625             291             282
58800             238               9      0.09296875     0.003515625             291             282
58900             238               9      0.09296875     0.003515625             291             282
59000             240               8         0.09375        0.003125             291             283
59100             242               7      0.09453125     0.002734375             291             284
59200             240               8         0.09375        0.003125             292             284
59300             238               9      0.09296875     0.003515625             293             284
59400             238               9      0.09296875     0.003515625             295             286
59500             240               8         0.09375        0.003125             295             287
59600             242               7      0.09453125     0.002734375             295             288
59700             240               8         0.09375        0.003125             296             288
59800             240               8         0.09375        0.003125             297             289
59900             242               7      0.09453125     0.002734375             297             290
60000             240               8         0.09375        0.003125             298             290
60100             240               8         0.09375        0.003125             298             290
60200             240               8         0.09375        0.003125             299             291
60300             236              10       0.0921875      0.00390625             301             291
60400             240               8         0.09375        0.003125             301             293
60500             240               8         0.09375        0.003125             302             294
60600             238               9      0.09296875     0.003515625             304             295
60700             240               8         0.09375        0.003125             305             297
60800             240               8         0.09375        0.003125             305             297
60900             240               8         0.09375        0.003125             305             297
61000             242               7      0.09453125     0.002734375             305             298
61100             242               7      0.09453125     0.002734375             305             298
61200             240               8         0.09375        0.003125             307             299
61300             244               6       0.0953125      0.00234375             307             301
61400             244               6       0.0953125      0.00234375             309             303
61500             246               5      0.09609375     0.001953125             309             304
61600             246               5      0.09609375     0.001953125             309             304
61700             244               6       0.0953125      0.00234375             310             304
61800             244               6       0.0953125      0.00234375             310             304
61900             244               6       0.0953125      0.00234375             310             304
62000             246               5      0.09609375     0.001953125             311             306
62100             246               5      0.09609375     0.001953125             311             306
62200             246               5      0.09609375     0.001953125             312             307
62300             248               4        0.096875       0.0015625             312             308
62400             246               5      0.09609375     0.001953125             313             308
62500             244               6       0.0953125      0.00234375             314             308
62600             242               7      0.09453125     0.002734375             315             308
62700             240               8         0.09375        0.003125             316             308
62800             242               7      0.09453125     0.002734375             316             309
62900             244               6       0.0953125      0.00234375             316             310
63000             248               4        0.096875       0.0015625             316             312
63100             248               4        0.096875       0.0015625             316             312
63200             250               3      0.09765625     0.001171875             316             313
63300             250               3      0.09765625     0.001171875             316             313
63400             250               3      0.09765625     0.001171875             316             313
63500             248               4        0.096875       0.0015625             317             313
63600             244               6       0.0953125      0.00234375             319             313
63700             242               7      0.09453125     0.002734375             320             313
63800             242               7      0.09453125     0.002734375             320             313
63900             244               6       0.0953125      0.00234375             320             314
64000             246               5      0.09609375     0.001953125             320             315
64100             244               6       0.0953125      0.00234375             321             315
64200             244               6       0.0953125      0.00234375             321             315
64300             246               5      0.09609375     0.001953125             321             316
64400             242               7      0.09453125     0.002734375             323             316
64500             242               7      0.09453125     0.002734375             323             316
64600             240               8         0.09375        0.003125             324             316
64700             242               7      0.09453125     0.002734375             325             318
64800             244               6       0.0953125      0.00234375             325             319
64900             246               5      0.09609375     0.001953125             325             320
65000             244               6       0.0953125      0.00234375             326             320
65100             240               8         0.09375        0.003125             328             320
65200             238               9      0.09296875     0.003515625             330             321
65300             242               7      0.09453125     0.002734375             330             323
65400             240               8         0.09375        0.003125             333             325
65500             244               6       0.0953125      0.00234375             333             327
65600             242               7      0.09453125     0.002734375             334             327
65700             244               6       0.0953125      0.00234375             334             328
65800             244               6       0.0953125      0.00234375             334             328
65900             240               8         0.09375        0.003125             336             328
66000             244               6       0.0953125      0.00234375             336             330
66100             244               6       0.0953125      0.00234375             337             331
66200             244               6       0.0953125      0.00234375             337             331
66300             244               6       0.0953125      0.00234375             337             331
66400             244               6       0.0953125      0.00234375             337             331
66500             244               6       0.0953125      0.00234375             338             332
66600             242               7      0.09453125     0.002734375             340             333
66700             242               7      0.09453125     0.002734375             340             333
66800             242               7      0.09453125     0.002734375             340             333
66900             242               7      0.09453125     0.002734375             342             335
67000             244               6       0.0953125      0.00234375             342             336
67100             246               5      0.09609375     0.001953125             342             337
67200             246               5      0.09609375     0.001953125             342             337
67300             246               5      0.09609375     0.001953125             342             337
67400             246               5      0.09609375     0.001953125             344             339
67500             246               5      0.09609375     0.001953125             344             339
67600             248               4        0.096875       0.0015625             344             340
67700             248               4        0.096875       0.0015625             344             340
67800             250               3      0.09765625     0.001171875             344             341
67900             250               3      0.09765625     0.001171875             344             341
68000             252               2       0.0984375      0.00078125             344             342
68100             250               3      0.09765625     0.001171875             345             342
68200             250               3      0.09765625     0.001171875             345             342
68300             252               2       0.0984375      0.00078125             345             343
68400             250               3      0.09765625     0.001171875             346             343
68500             250               3      0.09765625     0.001171875             346             343
68600             248               4        0.096875       0.0015625             347             343
68700             248               4        0.096875       0.0015625             347             343
68800             248               4        0.096875       0.0015625             347             343
68900             248               4        0.096875       0.0015625             348             344
69000             244               6       0.0953125      0.00234375             350             344
69100             244               6       0.0953125      0.00234375             350             344
69200             244               6       0.0953125      0.00234375             351             345
69300             242               7      0.09453125     0.002734375             352             345
69400             242               7      0.09453125     0.002734375             352             345
69500             242               7      0.09453125     0.002734375             352             345
69600             242               7      0.09453125     0.002734375             352             345
69700             240               8         0.09375        0.003125             353             345
69800             244               6       0.0953125      0.00234375             353             347
69900             242               7      0.09453125     0.002734375             354             347
70000             242               7      0.09453125     0.002734375             354             347
70100             242               7      0.09453125     0.002734375             354             347
70200             240               8         0.09375        0.003125             355             347
70300             240               8         0.09375        0.003125             355             347
70400             240               8         0.09375        0.003125             355             347
70500             240               8         0.09375        0.003125             356             348
70600             238               9      0.09296875     0.003515625             357             348
70700             238               9      0.09296875     0.003515625             357             348
70800             240               8         0.09375        0.003125             357             349
70900             240               8         0.09375        0.003125             358             350
71000             242               7      0.09453125     0.002734375             358             351
71100             246               5      0.09609375     0.001953125             358             353
71200             246               5      0.09609375     0.001953125             358             353
71300             246               5      0.09609375     0.001953125             358             353
71400             248               4        0.096875       0.0015625             358             354
71500             248               4        0.096875       0.0015625             358             354
71600             248               4        0.096875       0.0015625             358             354
71700             250               3      0.09765625     0.001171875             358             355
71800             246               5      0.09609375     0.001953125             360             355
71900             244               6       0.0953125      0.00234375             361             355
72000             244               6       0.0953125      0.00234375             361             355
72100             244               6       0.0953125      0.00234375             361             355
72200             246               5      0.09609375     0.001953125             361             356
72300             246               5      0.09609375     0.001953125             361             356
72400             248               4        0.096875       0.0015625             361             357
72500             248               4        0.096875       0.0015625             361             357
72600             248               4        0.096875       0.0015625             362             358
72700             248               4        0.096875       0.0015625             362             358
72800             246               5      0.09609375     0.001953125             363             358
72900             246               5      0.09609375     0.001953125             363             358
73000             244               6       0.0953125      0.00234375             364             358
73100             244               6       0.0953125      0.00234375             364             358
73200             244               6       0.0953125      0.00234375             364             358
73300             244               6       0.0953125      0.00234375             364             358
73400             244               6       0.0953125      0.00234375             364             358
73500             244               6       0.0953125      0.00234375             365             359
73600             244               6       0.0953125      0.00234375             365             359
73700             244               6       0.0953125      0.00234375             365             359
73800             244               6       0.0953125      0.00234375             365             359
73900             244               6       0.0953125      0.00234375             365             359
74000             246               5      0.09609375     0.001953125             365             360
74100             246               5      0.09609375     0.001953125             365             360
74200             242               7      0.09453125     0.002734375             367             360
74300             242               7      0.09453125     0.002734375             367             360
74400             242               7      0.09453125     0.002734375             368             361
74500             242               7      0.09453125     0.002734375             368             361
74600             242               7      0.09453125     0.002734375             368             361
74700             244               6       0.0953125      0.00234375             368             362
74800             242               7      0.09453125     0.002734375             369             362
74900             242               7      0.09453125     0.002734375             369             362
75000             240               8         0.09375        0.003125             370             362
75100             240               8         0.09375        0.003125             370             362
75200             236              10       0.0921875      0.00390625             372             362
75300             236              10       0.0921875      0.00390625             372             362
75400             238               9      0.09296875     0.003515625             372             363
75500             238               9      0.09296875     0.003515625             372             363
75600             238               9      0.09296875     0.003515625             372             363
75700             240               8         0.09375        0.003125             372             364
75800             242               7      0.09453125     0.002734375             372             365
75900             244               6       0.0953125      0.00234375             372             366
76000             244               6       0.0953125      0.00234375             372             366
76100             240               8         0.09375        0.003125             375             367
76200             238               9      0.09296875     0.003515625             377             368
76300             238               9      0.09296875     0.003515625             377             368
76400             242               7      0.09453125     0.002734375             377             370
76500             242               7      0.09453125     0.002734375             377             370
76600             242               7      0.09453125     0.002734375             377             370
76700             242               7      0.09453125     0.002734375             377             370
76800             244               6       0.0953125      0.00234375             377             371
76900             244               6       0.0953125      0.00234375             377             371
77000             242               7      0.09453125     0.002734375             378             371
77100             242               7      0.09453125     0.002734375             379             372
77200             244               6       0.0953125      0.00234375             379             373
77300             244               6       0.0953125      0.00234375             379             373
77400             246               5      0.09609375     0.001953125             379             374
77500             246               5      0.09609375     0.001953125             379             374
77600             244               6       0.0953125      0.00234375             381             375
77700             244               6       0.0953125      0.00234375             381             375
77800             248               4        0.096875       0.0015625             381             377
77900             248               4        0.096875       0.0015625             381             377
78000             248               4        0.096875       0.0015625             382             378
78100             250               3      0.09765625     0.001171875             382             379
78200             250               3      0.09765625     0.001171875             382             379
78300             250               3      0.09765625     0.001171875             382             379
78400             252               2       0.0984375      0.00078125             382             380
78500             254               1      0.09921875     0.000390625             382             381
78600             254               1      0.09921875     0.000390625             382             381
78700             254               1      0.09921875     0.000390625             382             381
78800             252               2       0.0984375      0.00078125             383             381
78900             252               2       0.0984375      0.00078125             383             381
79000             250               3      0.09765625     0.001171875             384             381
79100             248               4        0.096875       0.0015625             385             381
79200             248               4        0.096875       0.0015625             385             381
79300             248               4        0.096875       0.0015625             385             381
79400             244               6       0.0953125      0.00234375             387             381
79500             242               7      0.09453125     0.002734375             388             381
79600             242               7      0.09453125     0.002734375             388             381
79700             244               6       0.0953125      0.00234375             388             382
79800             244               6       0.0953125      0.00234375             388             382
79900             242               7      0.09453125     0.002734375             389             382
80000             248               4        0.096875       0.0015625             389             385
80100             246               5      0.09609375     0.001953125             390             385
80200             246               5      0.09609375     0.001953125             390             385
80300             246               5      0.09609375     0.001953125             391             386
80400             248               4        0.096875       0.0015625             391             387
80500             248               4        0.096875       0.0015625             391             387
80600             246               5      0.09609375     0.001953125             392             387
80700             248               4        0.096875       0.0015625             393             389
80800             246               5      0.09609375     0.001953125             394             389
80900             242               7      0.09453125     0.002734375             396             389
81000             242               7      0.09453125     0.002734375             396             389
81100             242               7      0.09453125     0.002734375             396             389
81200             240               8         0.09375        0.003125             397             389
81300             232              12        0.090625       0.0046875             401             389
81400             236              10       0.0921875      0.00390625             401             391
81500             236              10       0.0921875      0.00390625             402             392
81600             236              10       0.0921875      0.00390625             402             392
81700             236              10       0.0921875      0.00390625             402             392
81800             236              10       0.0921875      0.00390625             403             393
81900             236              10       0.0921875      0.00390625             403             393
82000             238               9      0.09296875     0.003515625             403             394
82100             240               8         0.09375        0.003125             403             395
82200             238               9      0.09296875     0.003515625             404             395
82300             238               9      0.09296875     0.003515625             404             395
82400             240               8         0.09375        0.003125             404             396
82500             240               8         0.09375        0.003125             404             396
82600             242               7      0.09453125     0.002734375             404             397
82700             238               9      0.09296875     0.003515625             406             397
82800             238               9      0.09296875     0.003515625             406             397
82900             242               7      0.09453125     0.002734375             406             399
83000             240               8         0.09375        0.003125             407             399
83100             238               9      0.09296875     0.003515625             408             399
83200             242               7      0.09453125     0.002734375             408             401
83300             242               7      0.09453125     0.002734375             408             401
83400             244               6       0.0953125      0.00234375             408             402
83500             242               7      0.09453125     0.002734375             409             402
83600             242               7      0.09453125     0.002734375             409             402
83700             244               6       0.0953125      0.00234375             409             403
83800             244               6       0.0953125      0.00234375             410             404
83900             244               6       0.0953125      0.00234375             410             404
84000             244               6       0.0953125      0.00234375             410             404
84100             244               6       0.0953125      0.00234375             410             404
84200             244               6       0.0953125      0.00234375             411             405
84300             244               6       0.0953125      0.00234375             411             405
84400             244               6       0.0953125      0.00234375             411             405
84500             242               7      0.09453125     0.002734375             412             405
84600             244               6       0.0953125      0.00234375             412             406
84700             242               7      0.09453125     0.002734375             413             406
84800             240               8         0.09375        0.003125             414             406
84900             238               9      0.09296875     0.003515625             415             406
85000             238               9      0.09296875     0.003515625             415             406
85100             238               9      0.09296875     0.003515625             415             406
85200             238               9      0.09296875     0.003515625             415             406
85300             238               9      0.09296875     0.003515625             415             406
85400             240               8         0.09375        0.003125             415             407
85500             236              10       0.0921875      0.00390625             417             407
85600             238               9      0.09296875     0.003515625             417             408
85700             238               9      0.09296875     0.003515625             418             409
85800             236              10       0.0921875      0.00390625             419             409
85900             236              10       0.0921875      0.00390625             419             409
86000             234              11      0.09140625     0.004296875             420             409
86100             234              11      0.09140625     0.004296875             421             410
86200             232              12        0.090625       0.0046875             423             411
86300             230              13      0.08984375     0.005078125             424             411
86400             226              15      0.08828125     0.005859375             426             411
86500             230              13      0.08984375     0.005078125             426             413
86600             230              13      0.08984375     0.005078125             426             413
86700             230              13      0.08984375     0.005078125             426             413
86800             230              13      0.08984375     0.005078125             428             415
86900             232              12        0.090625       0.0046875             429             417
87000             230              13      0.08984375     0.005078125             431             418
87100             228              14       0.0890625      0.00546875             432             418
87200             230              13      0.08984375     0.005078125             432             419
87300             230              13      0.08984375     0.005078125             433             420
87400             232              12        0.090625       0.0046875             433             421
87500             232              12        0.090625       0.0046875             434             422
87600             228              14       0.0890625      0.00546875             436             422
87700             228              14       0.0890625      0.00546875             438             424
87800             228              14       0.0890625      0.00546875             438             424
87900             230              13      0.08984375     0.005078125             438             425
88000             230              13      0.08984375     0.005078125             438             425
88100             230              13      0.08984375     0.005078125             438             425
88200             234              11      0.09140625     0.004296875             438             427
88300             236              10       0.0921875      0.00390625             439             429
88400             236              10       0.0921875      0.00390625             441             431
88500             234              11      0.09140625     0.004296875             442             431
88600             236              10       0.0921875      0.00390625             443             433
88700             236              10       0.0921875      0.00390625             444             434
88800             240               8         0.09375        0.003125             444             436
88900             240               8         0.09375        0.003125             444             436
89000             240               8         0.09375        0.003125             445             437
89100             240               8         0.09375        0.003125             445             437
89200             242               7      0.09453125     0.002734375             445             438
89300             242               7      0.09453125     0.002734375             445             438
89400             244               6       0.0953125      0.00234375             445             439
89500             248               4        0.096875       0.0015625             445             441
89600             246               5      0.09609375     0.001953125             447             442
89700             246               5      0.09609375     0.001953125             448             443
89800             246               5      0.09609375     0.001953125             448             443
89900             244               6       0.0953125      0.00234375             449             443
90000             242               7      0.09453125     0.002734375             450             443
90100             246               5      0.09609375     0.001953125             450             445
90200             246               5      0.09609375     0.001953125             450             445
90300             246               5      0.09609375     0.001953125             450             445
90400             246               5      0.09609375     0.001953125             450             445
90500             246               5      0.09609375     0.001953125             450             445
90600             248               4        0.096875       0.0015625             450             446
90700             250               3      0.09765625     0.001171875             450             447
90800             248               4        0.096875       0.0015625             452             448
90900             246               5      0.09609375     0.001953125             454             449
91000             246               5      0.09609375     0.001953125             454             449
91100             246               5      0.09609375     0.001953125             454             449
91200             246               5      0.09609375     0.001953125             454             449
91300             244               6       0.0953125      0.00234375             455             449
91400             242               7      0.09453125     0.002734375             456             449
91500             246               5      0.09609375     0.001953125             456             451
91600             244               6       0.0953125      0.00234375             457             451
91700             244               6       0.0953125      0.00234375             457             451
91800             244               6       0.0953125      0.00234375             458             452
91900             246               5      0.09609375     0.001953125             458             453
92000             248               4        0.096875       0.0015625             458             454
92100             244               6       0.0953125      0.00234375             460             454
92200             242               7      0.09453125     0.002734375             461             454
92300             242               7      0.09453125     0.002734375             462             455
92400             242               7      0.09453125     0.002734375             462             455
92500             242               7      0.09453125     0.002734375             462             455
92600             242               7      0.09453125     0.002734375             462             455
92700             240               8         0.09375        0.003125             463             455
92800             232              12        0.090625       0.0046875             467             455
92900             230              13      0.08984375     0.005078125             469             456
93000             230              13      0.08984375     0.005078125             469             456
93100             234              11      0.09140625     0.004296875             469             458
93200             232              12        0.090625       0.0046875             470             458
93300             232              12        0.090625       0.0046875             470             458
93400             232              12        0.090625       0.0046875             470             458
93500             230              13      0.08984375     0.005078125             472             459
93600             228              14       0.0890625      0.00546875             473             459
93700             226              15      0.08828125     0.005859375             474             459
93800             228              14       0.0890625      0.00546875             474             460
93900             228              14       0.0890625      0.00546875             475             461
94000             226              15      0.08828125     0.005859375             476             461
94100             226              15      0.08828125     0.005859375             476             461
94200             230              13      0.08984375     0.005078125             476             463
94300             232              12        0.090625       0.0046875             476             464
94400             236              10       0.0921875      0.00390625             476             466
94500             238               9      0.09296875     0.003515625             476             467
94600             232              12        0.090625       0.0046875             479             467
94700             234              11      0.09140625     0.004296875             479             468
94800             236              10       0.0921875      0.00390625             479             469
94900             238               9      0.09296875     0.003515625             479             470
95000             240               8         0.09375        0.003125             479             471
95100             242               7      0.09453125     0.002734375             479             472
95200             242               7      0.09453125     0.002734375             479             472
95300             242               7      0.09453125     0.002734375             480             473
95400             238               9      0.09296875     0.003515625             482             473
95500             236              10       0.0921875      0.00390625             483             473
95600             238               9      0.09296875     0.003515625             483             474
95700             238               9      0.09296875     0.003515625             483             474
95800             238               9      0.09296875     0.003515625             483             474
95900             236              10       0.0921875      0.00390625             484             474
96000             234              11      0.09140625     0.004296875             485             474
96100             232              12        0.090625       0.0046875             486             474
96200             232              12        0.090625       0.0046875             486             474
96300             230              13      0.08984375     0.005078125             487             474
96400             228              14       0.0890625      0.00546875             488             474
96500             230              13      0.08984375     0.005078125             488             475
96600             228              14       0.0890625      0.00546875             489             475
96700             228              14       0.0890625      0.00546875             489             475
96800             224              16          0.0875         0.00625             491             475
96900             222              17      0.08671875     0.006640625             492             475
97000             224              16          0.0875         0.00625             492             476
97100             226              15      0.08828125     0.005859375             492             477
97200             224              16          0.0875         0.00625             493             477
97300             228              14       0.0890625      0.00546875             493             479
97400             230              13      0.08984375     0.005078125             494             481
97500             230              13      0.08984375     0.005078125             494             481
97600             232              12        0.090625       0.0046875             495             483
97700             238               9      0.09296875     0.003515625             495             486
97800             234              11      0.09140625     0.004296875             497             486
97900             234              11      0.09140625     0.004296875             497             486
98000             236              10       0.0921875      0.00390625             497             487
98100             236              10       0.0921875      0.00390625             497             487
98200             236              10       0.0921875      0.00390625             497             487
98300             240               8         0.09375        0.003125             497             489
98400             242               7      0.09453125     0.002734375             497             490
98500             240               8         0.09375        0.003125             498             490
98600             240               8         0.09375        0.003125             498             490
98700             240               8         0.09375        0.003125             498             490
98800             240               8         0.09375        0.003125             499             491
98900             244               6       0.0953125      0.00234375             499             493
99000             246               5      0.09609375     0.001953125             499             494
99100             246               5      0.09609375     0.001953125             500             495
99200             246               5      0.09609375     0.001953125             500             495
99300             246               5      0.09609375     0.001953125             500             495
99400             244               6       0.0953125      0.00234375             501             495
99500             240               8         0.09375        0.003125             503             495
99600             238               9      0.09296875     0.003515625             504             495
99700             238               9      0.09296875     0.003515625             504             495
99800             234              11      0.09140625     0.004296875             507             496
99900             234              11      0.09140625     0.004296875             507             496
100000             236              10       0.0921875      0.00390625             507             497
