# Time-averaged data for fix observ
# TimeStep v_nfree v_ndimer v_cfree v_cdimer f_kinetics[2] f_kinetics[3]
0             256               0           0.025               0               0               0
100             256               0           0.025               0               0               0
200             254               1    0.0248046875    9.765625e-05               1               0
300             254               1    0.0248046875    9.765625e-05               1               0
400             250               3    0.0244140625   0.00029296875               3               0
500             250               3    0.0244140625   0.00029296875               3               0
600             252               2     0.024609375    0.0001953125               3               1
700             252               2     0.024609375    0.0001953125               3               1
800             252               2     0.024609375    0.0001953125               3               1
900             252               2     0.024609375    0.0001953125               3               1
1000             252               2     0.024609375    0.0001953125               3               1
1100             250               3    0.0244140625   0.00029296875               4               1
1200             248               4      0.02421875     0.000390625               5               1
1300             248               4      0.02421875     0.000390625               5               1
1400             248               4      0.02421875     0.000390625               5               1
1500             248               4      0.02421875     0.000390625               5               1
1600             248               4      0.02421875     0.000390625               5               1
1700             248               4      0.02421875     0.000390625               5               1
1800             252               2     0.024609375    0.0001953125               5               3
1900             252               2     0.024609375    0.0001953125               5               3
2000             252               2     0.024609375    0.0001953125               5               3
2100             252               2     0.024609375    0.0001953125               5               3
2200             252               2     0.024609375    0.0001953125               5               3
2300             252               2     0.024609375    0.0001953125               5               3
2400             252               2     0.024609375    0.0001953125               5               3
2500             254               1    0.0248046875    9.765625e-05               5               4
2600             254               1    0.0248046875    9.765625e-05               5               4
2700             254               1    0.0248046875    9.765625e-05               5               4
2800             254               1    0.0248046875    9.765625e-05               5               4
2900             254               1    0.0248046875    9.765625e-05               5               4
3000             256               0           0.025               0               5               5
3100             256               0           0.025               0               5               5
3200             256               0           0.025               0               5               5
3300             254               1    0.0248046875    9.765625e-05               6               5
3400             254               1    0.0248046875    9.765625e-05               6               5
3500             252               2     0.024609375    0.0001953125               7               5
3600             252               2     0.024609375    0.0001953125               7               5
3700             252               2     0.024609375    0.0001953125               7               5
3800             250               3    0.0244140625   0.00029296875               8               5
3900             250               3    0.0244140625   0.00029296875               8               5
4000             252               2     0.024609375    0.0001953125               8               6
4100             252               2     0.024609375    0.0001953125               8               6
4200             252               2     0.024609375    0.0001953125               8               6
4300             252               2     0.024609375    0.0001953125               8               6
4400             252               2     0.024609375    0.0001953125               8               6
4500             252               2     0.024609375    0.0001953125               8               6
4600             252               2     0.024609375    0.0001953125               8               6
4700             252               2     0.024609375    0.0001953125               8               6
4800             252               2     0.024609375    0.0001953125               8               6
4900             254               1    0.0248046875    9.765625e-05               8               7
5000             254               1    0.0248046875    9.765625e-05               8               7
5100             254               1    0.0248046875    9.765625e-05               8               7
5200             254               1    0.0248046875    9.765625e-05               8               7
5300             254               1    0.0248046875    9.765625e-05               8               7
5400             254               1    0.0248046875    9.765625e-05               8               7
5500             254               1    0.0248046875    9.765625e-05               8               7
5600             252               2     0.024609375    0.0001953125               9               7
5700             252               2     0.024609375    0.0001953125               9               7
5800             254               1    0.0248046875    9.765625e-05               9               8
5900             252               2     0.024609375    0.0001953125              10               8
6000             254               1    0.0248046875    9.765625e-05              10               9
6100             252               2     0.024609375    0.0001953125              11               9
6200             250               3    0.0244140625   0.00029296875              12               9
6300             250               3    0.0244140625   0.00029296875              12               9
6400             250               3    0.0244140625   0.00029296875              12               9
6500             250               3    0.0244140625   0.00029296875              12               9
6600             250               3    0.0244140625   0.00029296875              12               9
6700             252               2     0.024609375    0.0001953125              12              10
6800             252               2     0.024609375    0.0001953125              12              10
6900             254               1    0.0248046875    9.765625e-05              12              11
7000             254               1    0.0248046875    9.765625e-05              12              11
7100             254               1    0.0248046875    9.765625e-05              12              11
7200             254               1    0.0248046875    9.765625e-05              12              11
7300             254               1    0.0248046875    9.765625e-05              12              11
7400             254               1    0.0248046875    9.765625e-05              12              11
7500             254               1    0.0248046875    9.765625e-05              12              11
7600             254               1    0.0248046875    9.765625e-05              12              11
7700             254               1    0.0248046875    9.765625e-05              12              11
7800             254               1    0.0248046875    9.765625e-05              12              11
7900             254               1    0.0248046875    9.765625e-05              12              11
8000             252               2     0.024609375    0.0001953125              13              11
8100             252               2     0.024609375    0.0001953125              13              11
8200             252               2     0.024609375    0.0001953125              13              11
8300             252               2     0.024609375    0.0001953125              13              11
8400             250               3    0.0244140625   0.00029296875              14              11
8500             250               3    0.0244140625   0.00029296875              14              11
8600             250               3    0.0244140625   0.00029296875              14              11
8700             252               2     0.024609375    0.0001953125              14              12
8800             252               2     0.024609375    0.0001953125              14              12
8900             254               1    0.0248046875    9.765625e-05              14              13
9000             254               1    0.0248046875    9.765625e-05              14              13
9100             254               1    0.0248046875    9.765625e-05              14              13
9200             254               1    0.0248046875    9.765625e-05              14              13
9300             254               1    0.0248046875    9.765625e-05              14              13
9400             254               1    0.0248046875    9.765625e-05              14              13
9500             254               1    0.0248046875    9.765625e-05              14              13
9600             254               1    0.0248046875    9.765625e-05              14              13
9700             254               1    0.0248046875    9.765625e-05              14              13
9800             252               2     0.024609375    0.0001953125              15              13
9900             252               2     0.024609375    0.0001953125              15              13
10000             252               2     0.024609375    0.0001953125              15              13
10100             252               2     0.024609375    0.0001953125              15              13
10200             252               2     0.024609375    0.0001953125              15              13
10300             252               2     0.024609375    0.0001953125              15              13
10400             248               4      0.02421875     0.000390625              17              13
10500             246               5    0.0240234375   0.00048828125              18              13
10600             246               5    0.0240234375   0.00048828125              18              13
10700             248               4      0.02421875     0.000390625              18              14
10800             248               4      0.02421875     0.000390625              18              14
10900             248               4      0.02421875     0.000390625              19              15
11000             248               4      0.02421875     0.000390625              19              15
11100             246               5    0.0240234375   0.00048828125              20              15
11200             248               4      0.02421875     0.000390625              20              16
11300             248               4      0.02421875     0.000390625              20              16
11400             250               3    0.0244140625   0.00029296875              20              17
11500             250               3    0.0244140625   0.00029296875              20              17
11600             250               3    0.0244140625   0.00029296875              20              17
11700             252               2     0.024609375    0.0001953125              20              18
11800             252               2     0.024609375    0.0001953125              20              18
11900             252               2     0.024609375    0.0001953125              20              18
12000             250               3    0.0244140625   0.00029296875              21              18
12100             250               3    0.0244140625   0.00029296875              21              18
12200             252               2     0.024609375    0.0001953125              21              19
12300             252               2     0.024609375    0.0001953125              21              19
12400             252               2     0.024609375    0.0001953125              21              19
12500             252               2     0.024609375    0.0001953125              21              19
12600             252               2     0.024609375    0.0001953125              21              19
12700             252               2     0.024609375    0.0001953125              21              19
12800             254               1    0.0248046875    9.765625e-05              21              20
12900             254               1    0.0248046875    9.765625e-05              21              20
13000             254               1    0.0248046875    9.765625e-05              21              20
13100             254               1    0.0248046875    9.765625e-05              21              20
13200             254               1    0.0248046875    9.765625e-05              21              20
13300             254               1    0.0248046875    9.765625e-05              21              20
13400             254               1    0.0248046875    9.765625e-05              21              20
13500             254               1    0.0248046875    9.765625e-05              21              20
13600             254               1    0.0248046875    9.765625e-05              21              20
13700             254               1    0.0248046875    9.765625e-05              21              20
13800             254               1    0.0248046875    9.765625e-05              21              20
13900             254               1    0.0248046875    9.765625e-05              21              20
14000             254               1    0.0248046875    9.765625e-05              21              20
14100             254               1    0.0248046875    9.765625e-05              21              20
14200             254               1    0.0248046875    9.765625e-05              21              20
14300             254               1    0.0248046875    9.765625e-05              21              20
14400             254               1    0.0248046875    9.765625e-05              21              20
14500             254               1    0.0248046875    9.765625e-05              21              20
14600             254               1    0.0248046875    9.765625e-05              21              20
14700             254               1    0.0248046875    9.765625e-05              21              20
14800             254               1    0.0248046875    9.765625e-05              21              20
14900             256               0           0.025               0              21              21
15000             256               0           0.025               0              21              21
15100             256               0           0.025               0              21              21
15200             256               0           0.025               0              21              21
15300             256               0           0.025               0              21              21
15400             256               0           0.025               0              21              21
15500             256               0           0.025               0              21              21
15600             256               0           0.025               0              21              21
15700             254               1    0.0248046875    9.765625e-05              22              21
15800             254               1    0.0248046875    9.765625e-05              22              21
15900             254               1    0.0248046875    9.765625e-05              22              21
16000             254               1    0.0248046875    9.765625e-05              22              21
16100             252               2     0.024609375    0.0001953125              23              21
16200             250               3    0.0244140625   0.00029296875              24              21
16300             250               3    0.0244140625   0.00029296875              24              21
16400             250               3    0.0244140625   0.00029296875              24              21
16500             250               3    0.0244140625   0.00029296875              24              21
16600             250               3    0.0244140625   0.00029296875              24              21
16700             252               2     0.024609375    0.0001953125              24              22
16800             252               2     0.024609375    0.0001953125              24              22
16900             252               2     0.024609375    0.0001953125              24              22
17000             252               2     0.024609375    0.0001953125              24              22
17100             252               2     0.024609375    0.0001953125              24              22
17200             252               2     0.024609375    0.0001953125              24              22
17300             252               2     0.024609375    0.0001953125              24              22
17400             254               1    0.0248046875    9.765625e-05              24              23
17500             254               1    0.0248046875    9.765625e-05              24              23
17600             254               1    0.0248046875    9.765625e-05              24              23
17700             254               1    0.0248046875    9.765625e-05              24              23
17800             250               3    0.0244140625   0.00029296875              26              23
17900             252               2     0.024609375    0.0001953125              26              24
18000             254               1    0.0248046875    9.765625e-05              26              25
18100             256               0           0.025               0              26              26
18200             256               0           0.025               0              26              26
18300             254               1    0.0248046875    9.765625e-05              27              26
18400             254               1    0.0248046875    9.765625e-05              27              26
18500             254               1    0.0248046875    9.765625e-05              27              26
18600             254               1    0.0248046875    9.765625e-05              27              26
18700             254               1    0.0248046875    9.765625e-05              27              26
18800             252               2     0.024609375    0.0001953125              28              26
18900             252               2     0.024609375    0.0001953125              28              26
19000             252               2     0.024609375    0.0001953125              28              26
19100             252               2     0.024609375    0.0001953125              28              26
19200             252               2     0.024609375    0.0001953125              28              26
19300             252               2     0.024609375    0.0001953125              28              26
19400             254               1    0.0248046875    9.765625e-05              28              27
19500             254               1    0.0248046875    9.765625e-05              28              27
19600             254               1    0.0248046875    9.765625e-05              28              27
19700             252               2     0.024609375    0.0001953125              29              27
19800             252               2     0.024609375    0.0001953125              29              27
19900             252               2     0.024609375    0.0001953125              29              27
20000             250               3    0.0244140625   0.00029296875              30              27
20100             250               3    0.0244140625   0.00029296875              30              27
20200             250               3    0.0244140625   0.00029296875              30              27
20300             250               3    0.0244140625   0.00029296875              30              27
20400             250               3    0.0244140625   0.00029296875              30              27
20500             250               3    0.0244140625   0.00029296875              30              27
20600             252               2     0.024609375    0.0001953125              30              28
20700             250               3    0.0244140625   0.00029296875              31              28
20800             248               4      0.02421875     0.000390625              32              28
20900             246               5    0.0240234375   0.00048828125              33              28
21000             246               5    0.0240234375   0.00048828125              33              28
21100             244               6     0.023828125    0.0005859375              34              28
21200             246               5    0.0240234375   0.00048828125              34              29
21300             246               5    0.0240234375   0.00048828125              34              29
21400             248               4      0.02421875     0.000390625              34              30
21500             248               4      0.02421875     0.000390625              34              30
21600             250               3    0.0244140625   0.00029296875              35              32
21700             250               3    0.0244140625   0.00029296875              35              32
21800             250               3    0.0244140625   0.00029296875              35              32
21900             248               4      0.02421875     0.000390625              36              32
22000             250               3    0.0244140625   0.00029296875              36              33
22100             252               2     0.024609375    0.0001953125              36              34
22200             252               2     0.024609375    0.0001953125              36              34
22300             252               2     0.024609375    0.0001953125              36              34
22400             252               2     0.024609375    0.0001953125              36              34
22500             250               3    0.0244140625   0.00029296875              37              34
22600             250               3    0.0244140625   0.00029296875              37              34
22700             250               3    0.0244140625   0.00029296875              37              34
22800             252               2     0.024609375    0.0001953125              37              35
22900             252               2     0.024609375    0.0001953125              37              35
23000             252               2     0.024609375    0.0001953125              37              35
23100             252               2     0.024609375    0.0001953125              37              35
23200             252               2     0.024609375    0.0001953125              37              35
23300             252               2     0.024609375    0.0001953125              37              35
23400             252               2     0.024609375    0.0001953125              37              35
23500             252               2     0.024609375    0.0001953125              37              35
23600             254               1    0.0248046875    9.765625e-05              37              36
23700             256               0           0.025               0              37              37
23800             256               0           0.025               0              37              37
23900             254               1    0.0248046875    9.765625e-05              38              37
24000             254               1    0.0248046875    9.765625e-05              38              37
24100             254               1    0.0248046875    9.765625e-05              38              37
24200             254               1    0.0248046875    9.765625e-05              38              37
24300             254               1    0.0248046875    9.765625e-05              38              37
24400             254               1    0.0248046875    9.765625e-05              38              37
24500             254               1    0.0248046875    9.765625e-05              38              37
24600             254               1    0.0248046875    9.765625e-05              38              37
24700             256               0           0.025               0              38              38
24800             256               0           0.025               0              38              38
24900             256               0           0.025               0              38              38
25000             256               0           0.025               0              38              38
25100             256               0           0.025               0              38              38
25200             256               0           0.025               0              38              38
25300             256               0           0.025               0              38              38
25400             254               1    0.0248046875    9.765625e-05              39              38
25500             254               1    0.0248046875    9.765625e-05              39              38
25600             254               1    0.0248046875    9.765625e-05              39              38
25700             252               2     0.024609375    0.0001953125              40              38
25800             252               2     0.024609375    0.0001953125              40              38
25900             252               2     0.024609375    0.0001953125              40              38
26000             250               3    0.0244140625   0.00029296875              41              38
26100             250               3    0.0244140625   0.00029296875              41              38
26200             250               3    0.0244140625   0.00029296875              41              38
26300             250               3    0.0244140625   0.00029296875              41              38
26400             250               3    0.0244140625   0.00029296875              41              38
26500             250               3    0.0244140625   0.00029296875              41              38
26600             250               3    0.0244140625   0.00029296875              41              38
26700             250               3    0.0244140625   0.00029296875              41              38
26800             250               3    0.0244140625   0.00029296875              41              38
26900             250               3    0.0244140625   0.00029296875              41              38
27000             252               2     0.024609375    0.0001953125              41              39
27100             252               2     0.024609375    0.0001953125              41              39
27200             250               3    0.0244140625   0.00029296875              42              39
27300             252               2     0.024609375    0.0001953125              42              40
27400             254               1    0.0248046875    9.765625e-05              42              41
27500             254               1    0.0248046875    9.765625e-05              42              41
27600             254               1    0.0248046875    9.765625e-05              42              41
27700             254               1    0.0248046875    9.765625e-05              42              41
27800             256               0           0.025               0              42              42
27900             256               0           0.025               0              42              42
28000             256               0           0.025               0              42              42
28100             254               1    0.0248046875    9.765625e-05              43              42
28200             254               1    0.0248046875    9.765625e-05              43              42
28300             254               1    0.0248046875    9.765625e-05              43              42
28400             254               1    0.0248046875    9.765625e-05              43              42
28500             254               1    0.0248046875    9.765625e-05              43              42
28600             254               1    0.0248046875    9.765625e-05              43              42
28700             254               1    0.0248046875    9.765625e-05              43              42
28800             254               1    0.0248046875    9.765625e-05              43              42
28900             254               1    0.0248046875    9.765625e-05              43              42
29000             254               1    0.0248046875    9.765625e-05              43              42
29100             254               1    0.0248046875    9.765625e-05              43              42
29200             252               2     0.024609375    0.0001953125              44              42
29300             252               2     0.024609375    0.0001953125              44              42
29400             252               2     0.024609375    0.0001953125              44              42
29500             252               2     0.024609375    0.0001953125              44              42
29600             252               2     0.024609375    0.0001953125              44              42
29700             252               2     0.024609375    0.0001953125              44              42
29800             252               2     0.024609375    0.0001953125              44              42
29900             252               2     0.024609375    0.0001953125              44              42
30000             252               2     0.024609375    0.0001953125              44              42
30100             252               2     0.024609375    0.0001953125              44              42
30200             252               2     0.024609375    0.0001953125              44              42
30300             252               2     0.024609375    0.0001953125              44              42
30400             252               2     0.024609375    0.0001953125              44              42
30500             252               2     0.024609375    0.0001953125              44              42
30600             254               1    0.0248046875    9.765625e-05              44              43
30700             254               1    0.0248046875    9.765625e-05              44              43
30800             252               2     0.024609375    0.0001953125              45              43
30900             252               2     0.024609375    0.0001953125              45              43
31000             252               2     0.024609375    0.0001953125              45              43
31100             252               2     0.024609375    0.0001953125              45              43
31200             254               1    0.0248046875    9.765625e-05              45              44
31300             254               1    0.0248046875    9.765625e-05              45              44
31400             254               1    0.0248046875    9.765625e-05              45              44
31500             254               1    0.0248046875    9.765625e-05              45              44
31600             254               1    0.0248046875    9.765625e-05              45              44
31700             254               1    0.0248046875    9.765625e-05              45              44
31800             254               1    0.0248046875    9.765625e-05              45              44
31900             254               1    0.0248046875    9.765625e-05              45              44
32000             254               1    0.0248046875    9.765625e-05              45              44
32100             254               1    0.0248046875    9.765625e-05              45              44
32200             254               1    0.0248046875    9.765625e-05              45              44
32300             254               1    0.0248046875    9.765625e-05              45              44
32400             254               1    0.0248046875    9.765625e-05              45              44
32500             252               2     0.024609375    0.0001953125              46              44
32600             252               2     0.024609375    0.0001953125              46              44
32700             250               3    0.0244140625   0.00029296875              47              44
32800             250               3    0.0244140625   0.00029296875              47              44
32900             248               4      0.02421875     0.000390625              48              44
33000             248               4      0.02421875     0.000390625              48              44
33100             248               4      0.02421875     0.000390625              48              44
33200             248               4      0.02421875     0.000390625              48              44
33300             246               5    0.0240234375   0.00048828125              49              44
33400             244               6     0.023828125    0.0005859375              50              44
33500             244               6     0.023828125    0.0005859375              50              44
33600             244               6     0.023828125    0.0005859375              50              44
33700             244               6     0.023828125    0.0005859375              50              44
33800             244               6     0.023828125    0.0005859375              50              44
33900             246               5    0.0240234375   0.00048828125              50              45
34000             248               4      0.02421875     0.000390625              50              46
34100             248               4      0.02421875     0.000390625              50              46
34200             248               4      0.02421875     0.000390625              50              46
34300             246               5    0.0240234375   0.00048828125              51              46
34400             242               7    0.0236328125   0.00068359375              53              46
34500             244               6     0.023828125    0.0005859375              53              47
34600             244               6     0.023828125    0.0005859375              53              47
34700             244               6     0.023828125    0.0005859375              53              47
34800             244               6     0.023828125    0.0005859375              53              47
34900             244               6     0.023828125    0.0005859375              53              47
35000             246               5    0.0240234375   0.00048828125              53              48
35100             250               3    0.0244140625   0.00029296875              53              50
35200             250               3    0.0244140625   0.00029296875              53              50
35300             248               4      0.02421875     0.000390625              54              50
35400             248               4      0.02421875     0.000390625              54              50
35500             248               4      0.02421875     0.000390625              54              50
35600             246               5    0.0240234375   0.00048828125              55              50
35700             248               4      0.02421875     0.000390625              55              51
35800             248               4      0.02421875     0.000390625              55              51
35900             248               4      0.02421875     0.000390625              55              51
36000             248               4      0.02421875     0.000390625              55              51
36100             248               4      0.02421875     0.000390625              55              51
36200             248               4      0.02421875     0.000390625              55              51
36300             248               4      0.02421875     0.000390625              55              51
36400             246               5    0.0240234375   0.00048828125              56              51
36500             248               4      0.02421875     0.000390625              56              52
36600             252               2     0.024609375    0.0001953125              56              54
36700             252               2     0.024609375    0.0001953125              56              54
36800             252               2     0.024609375    0.0001953125              56              54
36900             252               2     0.024609375    0.0001953125              56              54
37000             254               1    0.0248046875    9.765625e-05              56              55
37100             254               1    0.0248046875    9.765625e-05              56              55
37200             254               1    0.0248046875    9.765625e-05              56              55
37300             254               1    0.0248046875    9.765625e-05              56              55
37400             254               1    0.0248046875    9.765625e-05              56              55
37500             254               1    0.0248046875    9.765625e-05              57              56
37600             254               1    0.0248046875    9.765625e-05              57              56
37700             252               2     0.024609375    0.0001953125              58              56
37800             250               3    0.0244140625   0.00029296875              59              56
37900             250               3    0.0244140625   0.00029296875              59              56
38000             250               3    0.0244140625   0.00029296875              59              56
38100             250               3    0.0244140625   0.00029296875              59              56
38200             250               3    0.0244140625   0.00029296875              59              56
38300             250               3    0.0244140625   0.00029296875              59              56
38400             250               3    0.0244140625   0.00029296875              59              56
38500             250               3    0.0244140625   0.00029296875              59              56
38600             250               3    0.0244140625   0.00029296875              59              56
38700             252               2     0.024609375    0.0001953125              59              57
38800             252               2     0.024609375    0.0001953125              59              57
38900             252               2     0.024609375    0.0001953125              59              57
39000             252               2     0.024609375    0.0001953125              59              57
39100             252               2     0.024609375    0.0001953125              59              57
39200             252               2     0.024609375    0.0001953125              59              57
39300             252               2     0.024609375    0.0001953125              59              57
39400             254               1    0.0248046875    9.765625e-05              59              58
39500             254               1    0.0248046875    9.765625e-05              59              58
39600             254               1    0.0248046875    9.765625e-05              59              58
39700             256               0           0.025               0              59              59
39800             256               0           0.025               0              59              59
39900             256               0           0.025               0              59              59
40000             256               0           0.025               0              59              59
40100             256               0           0.025               0              59              59
40200             256               0           0.025               0              59              59
40300             256               0           0.025               0              59              59
40400             254               1    0.0248046875    9.765625e-05              60              59
40500             254               1    0.0248046875    9.765625e-05              60              59
40600             254               1    0.0248046875    9.765625e-05              60              59
40700             252               2     0.024609375    0.0001953125              61              59
40800             252               2     0.024609375    0.0001953125              61              59
40900             250               3    0.0244140625   0.00029296875              62              59
41000             250               3    0.0244140625   0.00029296875              62              59
41100             250               3    0.0244140625   0.00029296875              62              59
41200             250               3    0.0244140625   0.00029296875              62              59
41300             250               3    0.0244140625   0.00029296875              62              59
41400             250               3    0.0244140625   0.00029296875              62              59
41500             250               3    0.0244140625   0.00029296875              62              59
41600             252               2     0.024609375    0.0001953125              62              60
41700             254               1    0.0248046875    9.765625e-05              62              61
41800             254               1    0.0248046875    9.765625e-05              62              61
41900             254               1    0.0248046875    9.765625e-05              62              61
42000             254               1    0.0248046875    9.765625e-05              62              61
42100             254               1    0.0248046875    9.765625e-05              62              61
42200             252               2     0.024609375    0.0001953125              63              61
42300             252               2     0.024609375    0.0001953125              63              61
42400             252               2     0.024609375    0.0001953125              63              61
42500             252               2     0.024609375    0.0001953125              63              61
42600             252               2     0.024609375    0.0001953125              63              61
42700             252               2     0.024609375    0.0001953125              63              61
42800             252               2     0.024609375    0.0001953125              63              61
42900             252               2     0.024609375    0.0001953125              63              61
43000             252               2     0.024609375    0.0001953125              63              61
43100             252               2     0.024609375    0.0001953125              63              61
43200             254               1    0.0248046875    9.765625e-05              63              62
43300             254               1    0.0248046875    9.765625e-05              63              62
43400             254               1    0.0248046875    9.765625e-05              63              62
43500             254               1    0.0248046875    9.765625e-05              63              62
43600             254               1    0.0248046875    9.765625e-05              63              62
43700             254               1    0.0248046875    9.765625e-05              63              62
43800             254               1    0.0248046875    9.765625e-05              63              62
43900             254               1    0.0248046875    9.765625e-05              63              62
44000             254               1    0.0248046875    9.765625e-05              63              62
44100             254               1    0.0248046875    9.765625e-05              63              62
44200             256               0           0.025               0              63              63
44300             256               0           0.025               0              63              63
44400             254               1    0.0248046875    9.765625e-05              64              63
44500             254               1    0.0248046875    9.765625e-05              64              63
44600             254               1    0.0248046875    9.765625e-05              64              63
44700             250               3    0.0244140625   0.00029296875              66              63
44800             250               3    0.0244140625   0.00029296875              66              63
44900             252               2     0.024609375    0.0001953125              66              64
45000             252               2     0.024609375    0.0001953125              66              64
45100             252               2     0.024609375    0.0001953125              66              64
45200             252               2     0.024609375    0.0001953125              66              64
45300             250               3    0.0244140625   0.00029296875              67              64
45400             250               3    0.0244140625   0.00029296875              67              64
45500             250               3    0.0244140625   0.00029296875              67              64
45600             250               3    0.0244140625   0.00029296875              67              64
45700             250               3    0.0244140625   0.00029296875              67              64
45800             250               3    0.0244140625   0.00029296875              67              64
45900             250               3    0.0244140625   0.00029296875              67              64
46000             250               3    0.0244140625   0.00029296875              67              64
46100             250               3    0.0244140625   0.00029296875              67              64
46200             250               3    0.0244140625   0.00029296875              67              64
46300             254               1    0.0248046875    9.765625e-05              67              66
46400             254               1    0.0248046875    9.765625e-05              67              66
46500             252               2     0.024609375    0.0001953125              68              66
46600             252               2     0.024609375    0.0001953125              68              66
46700             252               2     0.024609375    0.0001953125              68              66
46800             250               3    0.0244140625   0.00029296875              69              66
46900             250               3    0.0244140625   0.00029296875              69              66
47000             250               3    0.0244140625   0.00029296875              69              66
47100             250               3    0.0244140625   0.00029296875              69              66
47200             248               4      0.02421875     0.000390625              70              66
47300             248               4      0.02421875     0.000390625              70              66
47400             248               4      0.02421875     0.000390625              70              66
47500             248               4      0.02421875     0.000390625              70              66
47600             248               4      0.02421875     0.000390625              70              66
47700             248               4      0.02421875     0.000390625              70              66
47800             250               3    0.0244140625   0.00029296875              70              67
47900             250               3    0.0244140625   0.00029296875              70              67
48000             250               3    0.0244140625   0.00029296875              70              67
48100             250               3    0.0244140625   0.00029296875              70              67
48200             250               3    0.0244140625   0.00029296875              70              67
48300             250               3    0.0244140625   0.00029296875              70              67
48400             252               2     0.024609375    0.0001953125              70              68
48500             250               3    0.0244140625   0.00029296875              71              68
48600             250               3    0.0244140625   0.00029296875              72              69
48700             250               3    0.0244140625   0.00029296875              72              69
48800             250               3    0.0244140625   0.00029296875              72              69
48900             248               4      0.02421875     0.000390625              73              69
49000             248               4      0.02421875     0.000390625              73              69
49100             248               4      0.02421875     0.000390625              73              69
49200             248               4      0.02421875     0.000390625              73              69
49300             248               4      0.02421875     0.000390625              73              69
49400             248               4      0.02421875     0.000390625              74              70
49500             248               4      0.02421875     0.000390625              74              70
49600             248               4      0.02421875     0.000390625              74              70
49700             248               4      0.02421875     0.000390625              74              70
49800             248               4      0.02421875     0.000390625              74              70
49900             248               4      0.02421875     0.000390625              74              70
50000             248               4      0.02421875     0.000390625              74              70
50100             248               4      0.02421875     0.000390625              74              70
50200             248               4      0.02421875     0.000390625              74              70
50300             248               4      0.02421875     0.000390625              74              70
50400             250               3    0.0244140625   0.00029296875              74              71
50500             250               3    0.0244140625   0.00029296875              74              71
50600             250               3    0.0244140625   0.00029296875              74              71
50700             250               3    0.0244140625   0.00029296875              74              71
50800             250               3    0.0244140625   0.00029296875              74              71
50900             250               3    0.0244140625   0.00029296875              74              71
51000             248               4      0.02421875     0.000390625              75              71
51100             248               4      0.02421875     0.000390625              75              71
51200             250               3    0.0244140625   0.00029296875              75              72
51300             250               3    0.0244140625   0.00029296875              75              72
51400             252               2     0.024609375    0.0001953125              75              73
51500             252               2     0.024609375    0.0001953125              75              73
51600             254               1    0.0248046875    9.765625e-05              75              74
51700             254               1    0.0248046875    9.765625e-05              75              74
51800             254               1    0.0248046875    9.765625e-05              75              74
51900             254               1    0.0248046875    9.765625e-05              75              74
52000             254               1    0.0248046875    9.765625e-05              75              74
52100             254               1    0.0248046875    9.765625e-05              75              74
52200             254               1    0.0248046875    9.765625e-05              75              74
52300             254               1    0.0248046875    9.765625e-05              75              74
52400             254               1    0.0248046875    9.765625e-05              75              74
52500             252               2     0.024609375    0.0001953125              76              74
52600             252               2     0.024609375    0.0001953125              76              74
52700             252               2     0.024609375    0.0001953125              76              74
52800             252               2     0.024609375    0.0001953125              76              74
52900             252               2     0.024609375    0.0001953125              76              74
53000             252               2     0.024609375    0.0001953125              76              74
53100             252               2     0.024609375    0.0001953125              76              74
53200             252               2     0.024609375    0.0001953125              76              74
53300             252               2     0.024609375    0.0001953125              76              74
53400             252               2     0.024609375    0.0001953125              76              74
53500             252               2     0.024609375    0.0001953125              76              74
53600             254               1    0.0248046875    9.765625e-05              76              75
53700             254               1    0.0248046875    9.765625e-05              76              75
53800             254               1    0.0248046875    9.765625e-05              76              75
53900             254               1    0.0248046875    9.765625e-05              76              75
54000             254               1    0.0248046875    9.765625e-05              76              75
54100             254               1    0.0248046875    9.765625e-05              76              75
54200             254               1    0.0248046875    9.765625e-05              76              75
54300             254               1    0.0248046875    9.765625e-05              76              75
54400             254               1    0.0248046875    9.765625e-05              76              75
54500             256               0           0.025               0              76              76
54600             256               0           0.025               0              76              76
54700             256               0           0.025               0              76              76
54800             256               0           0.025               0              76              76
54900             254               1    0.0248046875    9.765625e-05              77              76
55000             254               1    0.0248046875    9.765625e-05              77              76
55100             256               0           0.025               0              77              77
55200             254               1    0.0248046875    9.765625e-05              78              77
55300             254               1    0.0248046875    9.765625e-05              78              77
55400             254               1    0.0248046875    9.765625e-05              78              77
55500             254               1    0.0248046875    9.765625e-05              78              77
55600             254               1    0.0248046875    9.765625e-05              78              77
55700             254               1    0.0248046875    9.765625e-05              78              77
55800             254               1    0.0248046875    9.765625e-05              78              77
55900             254               1    0.0248046875    9.765625e-05              78              77
56000             254               1    0.0248046875    9.765625e-05              78              77
56100             254               1    0.0248046875    9.765625e-05              78              77
56200             252               2     0.024609375    0.0001953125              79              77
56300             252               2     0.024609375    0.0001953125              80              78
56400             252               2     0.024609375    0.0001953125              80              78
56500             252               2     0.024609375    0.0001953125              80              78
56600             250               3    0.0244140625   0.00029296875              81              78
56700             250               3    0.0244140625   0.00029296875              81              78
56800             252               2     0.024609375    0.0001953125              81              79
56900             252               2     0.024609375    0.0001953125              81              79
57000             252               2     0.024609375    0.0001953125              81              79
57100             252               2     0.024609375    0.0001953125              81              79
57200             252               2     0.024609375    0.0001953125              81              79
57300             252               2     0.024609375    0.0001953125              81              79
57400             250               3    0.0244140625   0.00029296875              82              79
57500             250               3    0.0244140625   0.00029296875              82              79
57600             250               3    0.0244140625   0.00029296875              82              79
57700             250               3    0.0244140625   0.00029296875              82              79
57800             250               3    0.0244140625   0.00029296875              82              79
57900             248               4      0.02421875     0.000390625              83              79
58000             250               3    0.0244140625   0.00029296875              83              80
58100             250               3    0.0244140625   0.00029296875              83              80
58200             250               3    0.0244140625   0.00029296875              83              80
58300             250               3    0.0244140625   0.00029296875              83              80
58400             250               3    0.0244140625   0.00029296875              83              80
58500             250               3    0.0244140625   0.00029296875              83              80
58600             250               3    0.0244140625   0.00029296875              83              80
58700             252               2     0.024609375    0.0001953125              83              81
58800             252               2     0.024609375    0.0001953125              83              81
58900             252               2     0.024609375    0.0001953125              83              81
59000             252               2     0.024609375    0.0001953125              83              81
59100             252               2     0.024609375    0.0001953125              83              81
59200             252               2     0.024609375    0.0001953125              83              81
59300             252               2     0.024609375    0.0001953125              83              81
59400             252               2     0.024609375    0.0001953125              83              81
59500             252               2     0.024609375    0.0001953125              83              81
59600             252               2     0.024609375    0.0001953125              83              81
59700             252               2     0.024609375    0.0001953125              83              81
59800             252               2     0.024609375    0.0001953125              83              81
59900             250               3    0.0244140625   0.00029296875              84              81
60000             250               3    0.0244140625   0.00029296875              84              81
60100             248               4      0.02421875     0.000390625              85              81
60200             248               4      0.02421875     0.000390625              85              81
60300             248               4      0.02421875     0.000390625              86              82
60400             250               3    0.0244140625   0.00029296875              86              83
60500             252               2     0.024609375    0.0001953125              86              84
60600             252               2     0.024609375    0.0001953125              86              84
60700             252               2     0.024609375    0.0001953125              86              84
60800             252               2     0.024609375    0.0001953125              86              84
60900             252               2     0.024609375    0.0001953125              86              84
61000             252               2     0.024609375    0.0001953125              86              84
61100             252               2     0.024609375    0.0001953125              86              84
61200             250               3    0.0244140625   0.00029296875              87              84
61300             250               3    0.0244140625   0.00029296875              87              84
61400             252               2     0.024609375    0.0001953125              87              85
61500             254               1    0.0248046875    9.765625e-05              87              86
61600             254               1    0.0248046875    9.765625e-05              87              86
61700             254               1    0.0248046875    9.765625e-05              87              86
61800             254               1    0.0248046875    9.765625e-05              87              86
61900             254               1    0.0248046875    9.765625e-05              87              86
62000             254               1    0.0248046875    9.765625e-05              87              86
62100             254               1    0.0248046875    9.765625e-05              87              86
62200             252               2     0.024609375    0.0001953125              88              86
62300             252               2     0.024609375    0.0001953125              88              86
62400             252               2     0.024609375    0.0001953125              88              86
62500             252               2     0.024609375    0.0001953125              88              86
62600             254               1    0.0248046875    9.765625e-05              88              87
62700             252               2     0.024609375    0.0001953125              89              87
62800             252               2     0.024609375    0.0001953125              89              87
62900             252               2     0.024609375    0.0001953125              89              87
63000             252               2     0.024609375    0.0001953125              89              87
63100             254               1    0.0248046875    9.765625e-05              89              88
63200             256               0           0.025               0              89              89
63300             256               0           0.025               0              89              89
63400             256               0           0.025               0              89              89
63500             256               0           0.025               0              89              89
63600             256               0           0.025               0              89              89
63700             256               0           0.025               0              89              89
63800             256               0           0.025               0              89              89
63900             256               0           0.025               0              89              89
64000             256               0           0.025               0              89              89
64100             256               0           0.025               0              89              89
64200             256               0           0.025               0              89              89
64300             254               1    0.0248046875    9.765625e-05              90              89
64400             254               1    0.0248046875    9.765625e-05              90              89
64500             254               1    0.0248046875    9.765625e-05              90              89
64600             254               1    0.0248046875    9.765625e-05              90              89
64700             254               1    0.0248046875    9.765625e-05              90              89
64800             254               1    0.0248046875    9.765625e-05              90              89
64900             254               1    0.0248046875    9.765625e-05              90              89
65000             254               1    0.0248046875    9.765625e-05              90              89
65100             254               1    0.0248046875    9.765625e-05              90              89
65200             254               1    0.0248046875    9.765625e-05              90              89
65300             254               1    0.0248046875    9.765625e-05              90              89
65400             254               1    0.0248046875    9.765625e-05              90              89
65500             254               1    0.0248046875    9.765625e-05              90              89
65600             254               1    0.0248046875    9.765625e-05              90              89
65700             252               2     0.024609375    0.0001953125              91              89
65800             252               2     0.024609375    0.0001953125              91              89
65900             250               3    0.0244140625   0.00029296875              92              89
66000             250               3    0.0244140625   0.00029296875              92              89
66100             248               4      0.02421875     0.000390625              93              89
66200             248               4      0.02421875     0.000390625              93              89
66300             248               4      0.02421875     0.000390625              93              89
66400             248               4      0.02421875     0.000390625              93              89
66500             250               3    0.0244140625   0.00029296875              93              90
66600             250               3    0.0244140625   0.00029296875              93              90
66700             250               3    0.0244140625   0.00029296875              93              90
66800             252               2     0.024609375    0.0001953125              93              91
66900             254               1    0.0248046875    9.765625e-05              93              92
67000             254               1    0.0248046875    9.765625e-05              93              92
67100             254               1    0.0248046875    9.765625e-05              93              92
67200             254               1    0.0248046875    9.765625e-05              93              92
67300             254               1    0.0248046875    9.765625e-05              93              92
67400             254               1    0.0248046875    9.765625e-05              93              92
67500             254               1    0.0248046875    9.765625e-05              93              92
67600             254               1    0.0248046875    9.765625e-05              93              92
67700             254               1    0.0248046875    9.765625e-05              93              92
67800             254               1    0.0248046875    9.765625e-05              93              92
67900             254               1    0.0248046875    9.765625e-05              93              92
68000             254               1    0.0248046875    9.765625e-05              93              92
68100             256               0           0.025               0              93              93
68200             256               0           0.025               0              93              93
68300             256               0           0.025               0              93              93
68400             256               0           0.025               0              93              93
68500             254               1    0.0248046875    9.765625e-05              94              93
68600             254               1    0.0248046875    9.765625e-05              94              93
68700             254               1    0.0248046875    9.765625e-05              94              93
68800             254               1    0.0248046875    9.765625e-05              94              93
68900             254               1    0.0248046875    9.765625e-05              94              93
69000             254               1    0.0248046875    9.765625e-05              94              93
69100             254               1    0.0248046875    9.765625e-05              94              93
69200             254               1    0.0248046875    9.765625e-05              94              93
69300             254               1    0.0248046875    9.765625e-05              94              93
69400             254               1    0.0248046875    9.765625e-05              94              93
69500             254               1    0.0248046875    9.765625e-05              94              93
69600             254               1    0.0248046875    9.765625e-05              94              93
69700             254               1    0.0248046875    9.765625e-05              94              93
69800             252               2     0.024609375    0.0001953125              95              93
69900             252               2     0.024609375    0.0001953125              95              93
70000             252               2     0.024609375    0.0001953125              95              93
70100             252               2     0.024609375    0.0001953125              95              93
70200             252               2     0.024609375    0.0001953125              95              93
70300             252               2     0.024609375    0.0001953125              95              93
70400             252               2     0.024609375    0.0001953125              95              93
70500             252               2     0.024609375    0.0001953125              95              93
70600             254               1    0.0248046875    9.765625e-05              95              94
70700             254               1    0.0248046875    9.765625e-05              95              94
70800             254               1    0.0248046875    9.765625e-05              95              94
70900             254               1    0.0248046875    9.765625e-05              95              94
71000             254               1    0.0248046875    9.765625e-05              95              94
71100             254               1    0.0248046875    9.765625e-05              95              94
71200             254               1    0.0248046875    9.765625e-05              95              94
71300             254               1    0.0248046875    9.765625e-05              95              94
71400             254               1    0.0248046875    9.765625e-05              95              94
71500             254               1    0.0248046875    9.765625e-05              95              94
71600             254               1    0.0248046875    9.765625e-05              95              94
71700             254               1    0.0248046875    9.765625e-05              95              94
71800             254               1    0.0248046875    9.765625e-05              95              94
71900             254               1    0.0248046875    9.765625e-05              95              94
72000             254               1    0.0248046875    9.765625e-05              95              94
72100             254               1    0.0248046875    9.765625e-05              95              94
72200             254               1    0.0248046875    9.765625e-05              95              94
72300             254               1    0.0248046875    9.765625e-05              95              94
72400             256               0           0.025               0              95              95
72500             256               0           0.025               0              95              95
72600             256               0           0.025               0              95              95
72700             256               0           0.025               0              95              95
72800             256               0           0.025               0              95              95
72900             256               0           0.025               0              95              95
73000             256               0           0.025               0              95              95
73100             256               0           0.025               0              95              95
73200             256               0           0.025               0              95              95
73300             256               0           0.025               0              95              95
73400             256               0           0.025               0              95              95
73500             256               0           0.025               0              95              95
73600             256               0           0.025               0              95              95
73700             256               0           0.025               0              95              95
73800             256               0           0.025               0              95              95
73900             256               0           0.025               0              95              95
74000             254               1    0.0248046875    9.765625e-05              96              95
74100             254               1    0.0248046875    9.765625e-05              96              95
74200             254               1    0.0248046875    9.765625e-05              96              95
74300             254               1    0.0248046875    9.765625e-05              96              95
74400             254               1    0.0248046875    9.765625e-05              96              95
74500             254               1    0.0248046875    9.765625e-05              96              95
74600             254               1    0.0248046875    9.765625e-05              96              95
74700             254               1    0.0248046875    9.765625e-05              96              95
74800             254               1    0.0248046875    9.765625e-05              96              95
74900             254               1    0.0248046875    9.765625e-05              96              95
75000             254               1    0.0248046875    9.765625e-05              96              95
75100             254               1    0.0248046875    9.765625e-05              96              95
75200             252               2     0.024609375    0.0001953125              97              95
75300             250               3    0.0244140625   0.00029296875              98              95
75400             250               3    0.0244140625   0.00029296875              98              95
75500             250               3    0.0244140625   0.00029296875              98              95
75600             250               3    0.0244140625   0.00029296875              98              95
75700             250               3    0.0244140625   0.00029296875              98              95
75800             250               3    0.0244140625   0.00029296875              98              95
75900             250               3    0.0244140625   0.00029296875              98              95
76000             250               3    0.0244140625   0.00029296875              98              95
76100             250               3    0.0244140625   0.00029296875              98              95
76200             250               3    0.0244140625   0.00029296875              98              95
76300             250               3    0.0244140625   0.00029296875              98              95
76400             250               3    0.0244140625   0.00029296875              98              95
76500             250               3    0.0244140625   0.00029296875              98              95
76600             248               4      0.02421875     0.000390625              99              95
76700             248               4      0.02421875     0.000390625              99              95
76800             248               4      0.02421875     0.000390625              99              95
76900             248               4      0.02421875     0.000390625              99              95
77000             248               4      0.02421875     0.000390625              99              95
77100             248               4      0.02421875     0.000390625              99              95
77200             248               4      0.02421875     0.000390625              99              95
77300             246               5    0.0240234375   0.00048828125             100              95
77400             246               5    0.0240234375   0.00048828125             100              95
77500             248               4      0.02421875     0.000390625             100              96
77600             246               5    0.0240234375   0.00048828125             101              96
77700             246               5    0.0240234375   0.00048828125             101              96
77800             246               5    0.0240234375   0.00048828125             101              96
77900             246               5    0.0240234375   0.00048828125             101              96
78000             246               5    0.0240234375   0.00048828125             101              96
78100             246               5    0.0240234375   0.00048828125             101              96
78200             246               5    0.0240234375   0.00048828125             101              96
78300             248               4      0.02421875     0.000390625             101              97
78400             248               4      0.02421875     0.000390625             101              97
78500             250               3    0.0244140625   0.00029296875             101              98
78600             250               3    0.0244140625   0.00029296875             101              98
78700             250               3    0.0244140625   0.00029296875             101              98
78800             250               3    0.0244140625   0.00029296875             101              98
78900             250               3    0.0244140625   0.00029296875             101              98
79000             250               3    0.0244140625   0.00029296875             101              98
79100             250               3    0.0244140625   0.00029296875             101              98
79200             250               3    0.0244140625   0.00029296875             101              98
79300             250               3    0.0244140625   0.00029296875             101              98
79400             250               3    0.0244140625   0.00029296875             101              98
79500             250               3    0.0244140625   0.00029296875             101              98
79600             250               3    0.0244140625   0.00029296875             101              98
79700             250               3    0.0244140625   0.00029296875             101              98
79800             250               3    0.0244140625   0.00029296875             101              98
79900             250               3    0.0244140625   0.00029296875             101              98
80000             250               3    0.0244140625   0.00029296875             101              98
80100             250               3    0.0244140625   0.00029296875             101              98
80200             250               3    0.0244140625   0.00029296875             101              98
80300             250               3    0.0244140625   0.00029296875             101              98
80400             250               3    0.0244140625   0.00029296875             101              98
80500             250               3    0.0244140625   0.00029296875             101              98
80600             250               3    0.0244140625   0.00029296875             101              98
80700             250               3    0.0244140625   0.00029296875             101              98
80800             250               3    0.0244140625   0.00029296875             101              98
80900             250               3    0.0244140625   0.00029296875             101              98
81000             250               3    0.0244140625   0.00029296875             101              98
81100             250               3    0.0244140625   0.00029296875             101              98
81200             250               3    0.0244140625   0.00029296875             101              98
81300             250               3    0.0244140625   0.00029296875             101              98
81400             248               4      0.02421875     0.000390625             102              98
81500             252               2     0.024609375    0.0001953125             102             100
81600             252               2     0.024609375    0.0001953125             102             100
81700             252               2     0.024609375    0.0001953125             102             100
81800             252               2     0.024609375    0.0001953125             102             100
81900             252               2     0.024609375    0.0001953125             102             100
82000             252               2     0.024609375    0.0001953125             102             100
82100             252               2     0.024609375    0.0001953125             102             100
82200             250               3    0.0244140625   0.00029296875             103             100
82300             250               3    0.0244140625   0.00029296875             103             100
82400             250               3    0.0244140625   0.00029296875             103             100
82500             250               3    0.0244140625   0.00029296875             103             100
82600             252               2     0.024609375    0.0001953125             103             101
82700             250               3    0.0244140625   0.00029296875             104             101
82800             250               3    0.0244140625   0.00029296875             105             102
82900             250               3    0.0244140625   0.00029296875             105             102
83000             250               3    0.0244140625   0.00029296875             105             102
83100             250               3    0.0244140625   0.00029296875             105             102
83200             250               3    0.0244140625   0.00029296875             105             102
83300             250               3    0.0244140625   0.00029296875             105             102
83400             250               3    0.0244140625   0.00029296875             105             102
83500             250               3    0.0244140625   0.00029296875             105             102
83600             250               3    0.0244140625   0.00029296875             105             102
83700             248               4      0.02421875     0.000390625             106             102
83800             248               4      0.02421875     0.000390625             106             102
83900             250               3    0.0244140625   0.00029296875             106             103
84000             252               2     0.024609375    0.0001953125             106             104
84100             252               2     0.024609375    0.0001953125             106             104
84200             252               2     0.024609375    0.0001953125             106             104
84300             252               2     0.024609375    0.0001953125             106             104
84400             252               2     0.024609375    0.0001953125             106             104
84500             252               2     0.024609375    0.0001953125             106             104
84600             252               2     0.024609375    0.0001953125             106             104
84700             252               2     0.024609375    0.0001953125             106             104
84800             252               2     0.024609375    0.0001953125             107             105
84900             252               2     0.024609375    0.0001953125             107             105
85000             252               2     0.024609375    0.0001953125             107             105
85100             252               2     0.024609375    0.0001953125             107             105
85200             254               1    0.0248046875    9.765625e-05             107             106
85300             254               1    0.0248046875    9.765625e-05             107             106
85400             254               1    0.0248046875    9.765625e-05             107             106
85500             252               2     0.024609375    0.0001953125             108             106
85600             252               2     0.024609375    0.0001953125             108             106
85700             252               2     0.024609375    0.0001953125             108             106
85800             252               2     0.024609375    0.0001953125             108             106
85900             250               3    0.0244140625   0.00029296875             109             106
86000             250               3    0.0244140625   0.00029296875             109             106
86100             250               3    0.0244140625   0.00029296875             109             106
86200             250               3    0.0244140625   0.00029296875             109             106
86300             250               3    0.0244140625   0.00029296875             109             106
86400             252               2     0.024609375    0.0001953125             109             107
86500             250               3    0.0244140625   0.00029296875             110             107
86600             250               3    0.0244140625   0.00029296875             110             107
86700             250               3    0.0244140625   0.00029296875             110             107
86800             252               2     0.024609375    0.0001953125             110             108
86900             252               2     0.024609375    0.0001953125             110             108
87000             252               2     0.024609375    0.0001953125             110             108
87100             252               2     0.024609375    0.0001953125             110             108
87200             252               2     0.024609375    0.0001953125             110             108
87300             252               2     0.024609375    0.0001953125             110             108
87400             252               2     0.024609375    0.0001953125             110             108
87500             252               2     0.024609375    0.0001953125             110             108
87600             252               2     0.024609375    0.0001953125             110             108
87700             252               2     0.024609375    0.0001953125             110             108
87800             252               2     0.024609375    0.0001953125             110             108
87900             254               1    0.0248046875    9.765625e-05             110             109
88000             254               1    0.0248046875    9.765625e-05             110             109
88100             254               1    0.0248046875    9.765625e-05             110             109
88200             254               1    0.0248046875    9.765625e-05             110             109
88300             254               1    0.0248046875    9.765625e-05             110             109
88400             256               0           0.025               0             110             110
88500             256               0           0.025               0             110             110
88600             256               0           0.025               0             110             110
88700             256               0           0.025               0             110             110
88800             256               0           0.025               0             110             110
88900             254               1    0.0248046875    9.765625e-05             111             110
89000             254               1    0.0248046875    9.765625e-05             111             110
89100             252               2     0.024609375    0.0001953125             112             110
89200             252               2     0.024609375    0.0001953125             112             110
89300             252               2     0.024609375    0.0001953125             112             110
89400             252               2     0.024609375    0.0001953125             112             110
89500             252               2     0.024609375    0.0001953125             112             110
89600             254               1    0.0248046875    9.765625e-05             112             111
89700             254               1    0.0248046875    9.765625e-05             112             111
89800             254               1    0.0248046875    9.765625e-05             112             111
89900             252               2     0.024609375    0.0001953125             113             111
90000             252               2     0.024609375    0.0001953125             113             111
90100             252               2     0.024609375    0.0001953125             113             111
90200             252               2     0.024609375    0.0001953125             113             111
90300             254               1    0.0248046875    9.765625e-05             113             112
90400             252               2     0.024609375    0.0001953125             114             112
90500             252               2     0.024609375    0.0001953125             114             112
90600             252               2     0.024609375    0.0001953125             114             112
90700             252               2     0.024609375    0.0001953125             114             112
90800             252               2     0.024609375    0.0001953125             114             112
90900             252               2     0.024609375    0.0001953125             114             112
91000             252               2     0.024609375    0.0001953125             114             112
91100             252               2     0.024609375    0.0001953125             114             112
91200             252               2     0.024609375    0.0001953125             114             112
91300             252               2     0.024609375    0.0001953125             114             112
91400             250               3    0.0244140625   0.00029296875             115             112
91500             250               3    0.0244140625   0.00029296875             115             112
91600             252               2     0.024609375    0.0001953125             115             113
91700             252               2     0.024609375    0.0001953125             115             113
91800             252               2     0.024609375    0.0001953125             115             113
91900             250               3    0.0244140625   0.00029296875             116             113
92000             250               3    0.0244140625   0.00029296875             116             113
92100             250               3    0.0244140625   0.00029296875             116             113
92200             250               3    0.0244140625   0.00029296875             116             113
92300             250               3    0.0244140625   0.00029296875             116             113
92400             248               4      0.02421875     0.000390625             117             113
92500             248               4      0.02421875     0.000390625             117             113
92600             248               4      0.02421875     0.000390625             117             113
92700             248               4      0.02421875     0.000390625             117             113
92800             248               4      0.02421875     0.000390625             117             113
92900             248               4      0.02421875     0.000390625             117             113
93000             250               3    0.0244140625   0.00029296875             117             114
93100             250               3    0.0244140625   0.00029296875             117             114
93200             250               3    0.0244140625   0.00029296875             117             114
93300             250               3    0.0244140625   0.00029296875             117             114
93400             248               4      0.02421875     0.000390625             118             114
93500             250               3    0.0244140625   0.00029296875             118             115
93600             250               3    0.0244140625   0.00029296875             118             115
93700             250               3    0.0244140625   0.00029296875             118             115
93800             252               2     0.024609375    0.0001953125             118             116
93900             252               2     0.024609375    0.0001953125             118             116
94000             250               3    0.0244140625   0.00029296875             119             116
94100             252               2     0.024609375    0.0001953125             119             117
94200             254               1    0.0248046875    9.765625e-05             119             118
94300             254               1    0.0248046875    9.765625e-05             119             118
94400             254               1    0.0248046875    9.765625e-05             119             118
94500             254               1    0.0248046875    9.765625e-05             119             118
94600             254               1    0.0248046875    9.765625e-05             119             118
94700             254               1    0.0248046875    9.765625e-05             119             118
94800             254               1    0.0248046875    9.765625e-05             119             118
94900             252               2     0.024609375    0.0001953125             120             118
95000             252               2     0.024609375    0.0001953125             120             118
95100             252               2     0.024609375    0.0001953125             120             118
95200             252               2     0.024609375    0.0001953125             120             118
95300             252               2     0.024609375    0.0001953125             120             118
95400             250               3    0.0244140625   0.00029296875             121             118
95500             250               3    0.0244140625   0.00029296875             121             118
95600             250               3    0.0244140625   0.00029296875             121             118
95700             250               3    0.0244140625   0.00029296875             121             118
95800             252               2     0.024609375    0.0001953125             121             119
95900             252               2     0.024609375    0.0001953125             121             119
96000             252               2     0.024609375    0.0001953125             121             119
96100             252               2     0.024609375    0.0001953125             121             119
96200             252               2     0.024609375    0.0001953125             121             119
96300             252               2     0.024609375    0.0001953125             122             120
96400             252               2     0.024609375    0.0001953125             122             120
96500             252               2     0.024609375    0.0001953125             122             120
96600             252               2     0.024609375    0.0001953125             122             120
96700             252               2     0.024609375    0.0001953125             123             121
96800             252               2     0.024609375    0.0001953125             123             121
96900             252               2     0.024609375    0.0001953125             123             121
97000             252               2     0.024609375    0.0001953125             123             121
97100             252               2     0.024609375    0.0001953125             123             121
97200             254               1    0.0248046875    9.765625e-05             123             122
97300             254               1    0.0248046875    9.765625e-05             123             122
97400             252               2     0.024609375    0.0001953125             124             122
97500             252               2     0.024609375    0.0001953125             124             122
97600             252               2     0.024609375    0.0001953125             124             122
97700             252               2     0.024609375    0.0001953125             124             122
97800             252               2     0.024609375    0.0001953125             124             122
97900             252               2     0.024609375    0.0001953125             124             122
98000             252               2     0.024609375    0.0001953125             124             122
98100             252               2     0.024609375    0.0001953125             124             122
98200             252               2     0.024609375    0.0001953125             124             122
98300             252               2     0.024609375    0.0001953125             124             122
98400             252               2     0.024609375    0.0001953125             124             122
98500             252               2     0.024609375    0.0001953125             124             122
98600             252               2     0.024609375    0.0001953125             124             122
98700             252               2     0.024609375    0.0001953125             124             122
98800             252               2     0.024609375    0.0001953125             124             122
98900             254               1    0.0248046875    9.765625e-05             124             123
99000             254               1    0.0248046875    9.765625e-05             124             123
99100             254               1    0.0248046875    9.765625e-05             124             123
99200             254               1    0.0248046875    9.765625e-05             124             123
99300             254               1    0.0248046875    9.765625e-05             124             123
99400             254               1    0.0248046875    9.765625e-05             124             123
99500             256               0           0.025               0             124             124
99600             256               0           0.025               0             124             124
99700             256               0           0.025               0             124             124
99800             256               0           0.025               0             124             124
99900             256               0           0.025               0             124             124
100000             256               0           0.025               0             124             124
