# Time-averaged data for fix observ
# TimeStep v_nfree v_ndimer v_cfree v_cdimer f_kinetics[2] f_kinetics[3]
0             256               0             0.1               0               0               0
100             256               0             0.1               0               0               0
200             256               0             0.1               0               0               0
300             256               0             0.1               0               0               0
400             256               0             0.1               0               0               0
500             256               0             0.1               0               0               0
600             256               0             0.1               0               0               0
700             256               0             0.1               0               0               0
800             256               0             0.1               0               0               0
900             256               0             0.1               0               0               0
1000             256               0             0.1               0               0               0
1100             252               2       0.0984375      0.00078125               2               0
1200             252               2       0.0984375      0.00078125               2               0
1300             252               2       0.0984375      0.00078125               2               0
1400             250               3      0.09765625     0.001171875               3               0
1500             250               3      0.09765625     0.001171875               3               0
1600             250               3      0.09765625     0.001171875               3               0
1700             250               3      0.09765625     0.001171875               3               0
1800             250               3      0.09765625     0.001171875               3               0
1900             250               3      0.09765625     0.001171875               3               0
2000             250               3      0.09765625     0.001171875               3               0
2100             250               3      0.09765625     0.001171875               3               0
2200             250               3      0.09765625     0.001171875               3               0
2300             250               3      0.09765625     0.001171875               3               0
2400             250               3      0.09765625     0.001171875               3               0
2500             250               3      0.09765625     0.001171875               3               0
2600             250               3      0.09765625     0.001171875               3               0
2700             250               3      0.09765625     0.001171875               3               0
2800             250               3      0.09765625     0.001171875               3               0
2900             252               2       0.0984375      0.00078125               3               1
3000             252               2       0.0984375      0.00078125               3               1
3100             252               2       0.0984375      0.00078125               3               1
3200             252               2       0.0984375      0.00078125               3               1
3300             250               3      0.09765625     0.001171875               4               1
3400             248               4        0.096875       0.0015625               5               1
3500             250               3      0.09765625     0.001171875               5               2
3600             250               3      0.09765625     0.001171875               5               2
3700             250               3      0.09765625     0.001171875               5               2
3800             250               3      0.09765625     0.001171875               5               2
3900             250               3      0.09765625     0.001171875               5               2
4000             250               3      0.09765625     0.001171875               5               2
4100             250               3      0.09765625     0.001171875               5               2
4200             250               3      0.09765625     0.001171875               5               2
4300             250               3      0.09765625     0.001171875               5               2
4400             250               3      0.09765625     0.001171875               5               2
4500             250               3      0.09765625     0.001171875               5               2
4600             250               3      0.09765625     0.001171875               5               2
4700             250               3      0.09765625     0.001171875               5               2
4800             250               3      0.09765625     0.001171875               5               2
4900             248               4        0.096875       0.0015625               6               2
5000             246               5      0.09609375     0.001953125               7               2
5100             246               5      0.09609375     0.001953125               7               2
5200             244               6       0.0953125      0.00234375               8               2
5300             244               6       0.0953125      0.00234375               8               2
5400             244               6       0.0953125      0.00234375               8               2
5500             244               6       0.0953125      0.00234375               8               2
5600             244               6       0.0953125      0.00234375               8               2
5700             244               6       0.0953125      0.00234375               8               2
5800             244               6       0.0953125      0.00234375               8               2
5900             244               6       0.0953125      0.00234375               8               2
6000             244               6       0.0953125      0.00234375               8               2
6100             244               6       0.0953125      0.00234375               8               2
6200             244               6       0.0953125      0.00234375               8               2
6300             244               6       0.0953125      0.00234375               8               2
6400             244               6       0.0953125      0.00234375               8               2
6500             244               6       0.0953125      0.00234375               8               2
6600             244               6       0.0953125      0.00234375               8               2
6700             244               6       0.0953125      0.00234375               8               2
6800             244               6       0.0953125      0.00234375               8               2
6900             244               6       0.0953125      0.00234375               8               2
7000             244               6       0.0953125      0.00234375               8               2
7100             244               6       0.0953125      0.00234375               8               2
7200             244               6       0.0953125      0.00234375               8               2
7300             244               6       0.0953125      0.00234375               8               2
7400             244               6       0.0953125      0.00234375               8               2
7500             244               6       0.0953125      0.00234375               8               2
7600             244               6       0.0953125      0.00234375               8               2
7700             244               6       0.0953125      0.00234375               8               2
7800             244               6       0.0953125      0.00234375               8               2
7900             244               6       0.0953125      0.00234375               8               2
8000             244               6       0.0953125      0.00234375               8               2
8100             242               7      0.09453125     0.002734375               9               2
8200             242               7      0.09453125     0.002734375               9               2
8300             244               6       0.0953125      0.00234375               9               3
8400             244               6       0.0953125      0.00234375               9               3
8500             244               6       0.0953125      0.00234375               9               3
8600             242               7      0.09453125     0.002734375              10               3
8700             242               7      0.09453125     0.002734375              10               3
8800             242               7      0.09453125     0.002734375              10               3
8900             242               7      0.09453125     0.002734375              10               3
9000             240               8         0.09375        0.003125              11               3
9100             240               8         0.09375        0.003125              11               3
9200             240               8         0.09375        0.003125              11               3
9300             240               8         0.09375        0.003125              11               3
9400             240               8         0.09375        0.003125              11               3
9500             242               7      0.09453125     0.002734375              11               4
9600             238               9      0.09296875     0.003515625              13               4
9700             238               9      0.09296875     0.003515625              13               4
9800             238               9      0.09296875     0.003515625              13               4
9900             238               9      0.09296875     0.003515625              13               4
10000             238               9      0.09296875     0.003515625              13               4
10100             238               9      0.09296875     0.003515625              13               4
10200             238               9      0.09296875     0.003515625              13               4
10300             238               9      0.09296875     0.003515625              13               4
10400             238               9      0.09296875     0.003515625              13               4
10500             238               9      0.09296875     0.003515625              13               4
10600             238               9      0.09296875     0.003515625              13               4
10700             238               9      0.09296875     0.003515625              13               4
10800             240               8         0.09375        0.003125              13               5
10900             240               8         0.09375        0.003125              13               5
11000             238               9      0.09296875     0.003515625              14               5
11100             238               9      0.09296875     0.003515625              14               5
11200             238               9      0.09296875     0.003515625              14               5
11300             238               9      0.09296875     0.003515625              14               5
11400             238               9      0.09296875     0.003515625              14               5
11500             238               9      0.09296875     0.003515625              14               5
11600             238               9      0.09296875     0.003515625              14               5
11700             238               9      0.09296875     0.003515625              14               5
11800             238               9      0.09296875     0.003515625              14               5
11900             240               8         0.09375        0.003125              14               6
12000             240               8         0.09375        0.003125              14               6
12100             240               8         0.09375        0.003125              14               6
12200             240               8         0.09375        0.003125              14               6
12300             240               8         0.09375        0.003125              14               6
12400             238               9      0.09296875     0.003515625              15               6
12500             238               9      0.09296875     0.003515625              15               6
12600             238               9      0.09296875     0.003515625              15               6
12700             238               9      0.09296875     0.003515625              15               6
12800             238               9      0.09296875     0.003515625              15               6
12900             238               9      0.09296875     0.003515625              15               6
13000             238               9      0.09296875     0.003515625              15               6
13100             238               9      0.09296875     0.003515625              15               6
13200             238               9      0.09296875     0.003515625              15               6
13300             238               9      0.09296875     0.003515625              15               6
13400             238               9      0.09296875     0.003515625              15               6
13500             238               9      0.09296875     0.003515625              15               6
13600             236              10       0.0921875      0.00390625              16               6
13700             236              10       0.0921875      0.00390625              16               6
13800             236              10       0.0921875      0.00390625              16               6
13900             236              10       0.0921875      0.00390625              16               6
14000             234              11      0.09140625     0.004296875              17               6
14100             234              11      0.09140625     0.004296875              17               6
14200             234              11      0.09140625     0.004296875              17               6
14300             234              11      0.09140625     0.004296875              17               6
14400             234              11      0.09140625     0.004296875              17               6
14500             234              11      0.09140625     0.004296875              17               6
14600             234              11      0.09140625     0.004296875              17               6
14700             234              11      0.09140625     0.004296875              17               6
14800             234              11      0.09140625     0.004296875              17               6
14900             234              11      0.09140625     0.004296875              17               6
15000             234              11      0.09140625     0.004296875              17               6
15100             234              11      0.09140625     0.004296875              17               6
15200             234              11      0.09140625     0.004296875              17               6
15300             234              11      0.09140625     0.004296875              17               6
15400             234              11      0.09140625     0.004296875              17               6
15500             234              11      0.09140625     0.004296875              17               6
15600             234              11      0.09140625     0.004296875              17               6
15700             234              11      0.09140625     0.004296875              17               6
15800             234              11      0.09140625     0.004296875              17               6
15900             234              11      0.09140625     0.004296875              17               6
16000             234              11      0.09140625     0.004296875              17               6
16100             234              11      0.09140625     0.004296875              17               6
16200             234              11      0.09140625     0.004296875              17               6
16300             230              13      0.08984375     0.005078125              19               6
16400             230              13      0.08984375     0.005078125              19               6
16500             230              13      0.08984375     0.005078125              19               6
16600             228              14       0.0890625      0.00546875              20               6
16700             228              14       0.0890625      0.00546875              20               6
16800             228              14       0.0890625      0.00546875              20               6
16900             228              14       0.0890625      0.00546875              20               6
17000             226              15      0.08828125     0.005859375              21               6
17100             226              15      0.08828125     0.005859375              21               6
17200             224              16          0.0875         0.00625              22               6
17300             224              16          0.0875         0.00625              22               6
17400             224              16          0.0875         0.00625              22               6
17500             224              16          0.0875         0.00625              22               6
17600             224              16          0.0875         0.00625              22               6
17700             224              16          0.0875         0.00625              22               6
17800             224              16          0.0875         0.00625              22               6
17900             224              16          0.0875         0.00625              22               6
18000             224              16          0.0875         0.00625              22               6
18100             224              16          0.0875         0.00625              22               6
18200             226              15      0.08828125     0.005859375              22               7
18300             226              15      0.08828125     0.005859375              22               7
18400             226              15      0.08828125     0.005859375              22               7
18500             226              15      0.08828125     0.005859375              22               7
18600             226              15      0.08828125     0.005859375              22               7
18700             226              15      0.08828125     0.005859375              22               7
18800             224              16          0.0875         0.00625              23               7
18900             224              16          0.0875         0.00625              23               7
19000             224              16          0.0875         0.00625              23               7
19100             224              16          0.0875         0.00625              23               7
19200             222              17      0.08671875     0.006640625              24               7
19300             222              17      0.08671875     0.006640625              24               7
19400             222              17      0.08671875     0.006640625              24               7
19500             220              18       0.0859375      0.00703125              25               7
19600             220              18       0.0859375      0.00703125              25               7
19700             222              17      0.08671875     0.006640625              25               8
19800             222              17      0.08671875     0.006640625              25               8
19900             222              17      0.08671875     0.006640625              25               8
20000             222              17      0.08671875     0.006640625              25               8
20100             222              17      0.08671875     0.006640625              25               8
20200             222              17      0.08671875     0.006640625              25               8
20300             222              17      0.08671875     0.006640625              25               8
20400             222              17      0.08671875     0.006640625              25               8
20500             222              17      0.08671875     0.006640625              25               8
20600             222              17      0.08671875     0.006640625              25               8
20700             222              17      0.08671875     0.006640625              25               8
20800             224              16          0.0875         0.00625              25               9
20900             224              16          0.0875         0.00625              25               9
21000             224              16          0.0875         0.00625              25               9
21100             224              16          0.0875         0.00625              26              10
21200             224              16          0.0875         0.00625              26              10
21300             224              16          0.0875         0.00625              26              10
21400             224              16          0.0875         0.00625              26              10
21500             222              17      0.08671875     0.006640625              27              10
21600             224              16          0.0875         0.00625              27              11
21700             224              16          0.0875         0.00625              27              11
21800             226              15      0.08828125     0.005859375              27              12
21900             226              15      0.08828125     0.005859375              27              12
22000             226              15      0.08828125     0.005859375              27              12
22100             226              15      0.08828125     0.005859375              27              12
22200             226              15      0.08828125     0.005859375              27              12
22300             226              15      0.08828125     0.005859375              27              12
22400             226              15      0.08828125     0.005859375              27              12
22500             226              15      0.08828125     0.005859375              27              12
22600             226              15      0.08828125     0.005859375              27              12
22700             226              15      0.08828125     0.005859375              27              12
22800             226              15      0.08828125     0.005859375              27              12
22900             224              16          0.0875         0.00625              28              12
23000             224              16          0.0875         0.00625              28              12
23100             224              16          0.0875         0.00625              28              12
23200             224              16          0.0875         0.00625              28              12
23300             224              16          0.0875         0.00625              28              12
23400             224              16          0.0875         0.00625              28              12
23500             224              16          0.0875         0.00625              28              12
23600             224              16          0.0875         0.00625              28              12
23700             224              16          0.0875         0.00625              28              12
23800             224              16          0.0875         0.00625              28              12
23900             224              16          0.0875         0.00625              28              12
24000             224              16          0.0875         0.00625              28              12
24100             224              16          0.0875         0.00625              28              12
24200             224              16          0.0875         0.00625              28              12
24300             224              16          0.0875         0.00625              28              12
24400             224              16          0.0875         0.00625              28              12
24500             224              16          0.0875         0.00625              28              12
24600             222              17      0.08671875     0.006640625              29              12
24700             222              17      0.08671875     0.006640625              29              12
24800             222              17      0.08671875     0.006640625              29              12
24900             222              17      0.08671875     0.006640625              29              12
25000             222              17      0.08671875     0.006640625              29              12
25100             222              17      0.08671875     0.006640625              29              12
25200             224              16          0.0875         0.00625              29              13
25300             224              16          0.0875         0.00625              29              13
25400             224              16          0.0875         0.00625              29              13
25500             226              15      0.08828125     0.005859375              29              14
25600             226              15      0.08828125     0.005859375              29              14
25700             224              16          0.0875         0.00625              30              14
25800             224              16          0.0875         0.00625              30              14
25900             224              16          0.0875         0.00625              30              14
26000             224              16          0.0875         0.00625              30              14
26100             222              17      0.08671875     0.006640625              31              14
26200             222              17      0.08671875     0.006640625              31              14
26300             222              17      0.08671875     0.006640625              31              14
26400             222              17      0.08671875     0.006640625              31              14
26500             222              17      0.08671875     0.006640625              31              14
26600             222              17      0.08671875     0.006640625              31              14
26700             222              17      0.08671875     0.006640625              31              14
26800             222              17      0.08671875     0.006640625              31              14
26900             222              17      0.08671875     0.006640625              31              14
27000             222              17      0.08671875     0.006640625              31              14
27100             222              17      0.08671875     0.006640625              31              14
27200             222              17      0.08671875     0.006640625              31              14
27300             220              18       0.0859375      0.00703125              32              14
27400             220              18       0.0859375      0.00703125              32              14
27500             220              18       0.0859375      0.00703125              32              14
27600             220              18       0.0859375      0.00703125              32              14
27700             220              18       0.0859375      0.00703125              32              14
27800             220              18       0.0859375      0.00703125              32              14
27900             220              18       0.0859375      0.00703125              32              14
28000             220              18       0.0859375      0.00703125              32              14
28100             220              18       0.0859375      0.00703125              32              14
28200             220              18       0.0859375      0.00703125              32              14
28300             220              18       0.0859375      0.00703125              32              14
28400             220              18       0.0859375      0.00703125              32              14
28500             220              18       0.0859375      0.00703125              32              14
28600             220              18       0.0859375      0.00703125              32              14
28700             220              18       0.0859375      0.00703125              32              14
28800             220              18       0.0859375      0.00703125              32              14
28900             220              18       0.0859375      0.00703125              32              14
29000             220              18       0.0859375      0.00703125              32              14
29100             220              18       0.0859375      0.00703125              32              14
29200             220              18       0.0859375      0.00703125              32              14
29300             220              18       0.0859375      0.00703125              32              14
29400             220              18       0.0859375      0.00703125              32              14
29500             220              18       0.0859375      0.00703125              32              14
29600             222              17      0.08671875     0.006640625              32              15
29700             222              17      0.08671875     0.006640625              32              15
29800             220              18       0.0859375      0.00703125              33              15
29900             220              18       0.0859375      0.00703125              33              15
30000             220              18       0.0859375      0.00703125              33              15
30100             220              18       0.0859375      0.00703125              33              15
30200             220              18       0.0859375      0.00703125              33              15
30300             220              18       0.0859375      0.00703125              33              15
30400             220              18       0.0859375      0.00703125              33              15
30500             220              18       0.0859375      0.00703125              33              15
30600             220              18       0.0859375      0.00703125              33              15
30700             220              18       0.0859375      0.00703125              33              15
30800             220              18       0.0859375      0.00703125              33              15
30900             220              18       0.0859375      0.00703125              33              15
31000             220              18       0.0859375      0.00703125              33              15
31100             220              18       0.0859375      0.00703125              33              15
31200             220              18       0.0859375      0.00703125              33              15
31300             220              18       0.0859375      0.00703125              33              15
31400             216              20        0.084375       0.0078125              35              15
31500             216              20        0.084375       0.0078125              35              15
31600             216              20        0.084375       0.0078125              35              15
31700             216              20        0.084375       0.0078125              35              15
31800             216              20        0.084375       0.0078125              35              15
31900             216              20        0.084375       0.0078125              35              15
32000             216              20        0.084375       0.0078125              35              15
32100             216              20        0.084375       0.0078125              35              15
32200             216              20        0.084375       0.0078125              35              15
32300             216              20        0.084375       0.0078125              35              15
32400             216              20        0.084375       0.0078125              35              15
32500             216              20        0.084375       0.0078125              35              15
32600             216              20        0.084375       0.0078125              35              15
32700             214              21      0.08359375     0.008203125              36              15
32800             214              21      0.08359375     0.008203125              36              15
32900             214              21      0.08359375     0.008203125              36              15
33000             214              21      0.08359375     0.008203125              36              15
33100             214              21      0.08359375     0.008203125              36              15
33200             214              21      0.08359375     0.008203125              36              15
33300             214              21      0.08359375     0.008203125              36              15
33400             214              21      0.08359375     0.008203125              36              15
33500             214              21      0.08359375     0.008203125              36              15
33600             212              22       0.0828125      0.00859375              37              15
33700             214              21      0.08359375     0.008203125              37              16
33800             214              21      0.08359375     0.008203125              37              16
33900             212              22       0.0828125      0.00859375              38              16
34000             214              21      0.08359375     0.008203125              38              17
34100             214              21      0.08359375     0.008203125              38              17
34200             214              21      0.08359375     0.008203125              38              17
34300             212              22       0.0828125      0.00859375              39              17
34400             212              22       0.0828125      0.00859375              39              17
34500             210              23      0.08203125     0.008984375              40              17
34600             208              24         0.08125        0.009375              41              17
34700             206              25      0.08046875     0.009765625              42              17
34800             206              25      0.08046875     0.009765625              42              17
34900             206              25      0.08046875     0.009765625              42              17
35000             206              25      0.08046875     0.009765625              42              17
35100             206              25      0.08046875     0.009765625              42              17
35200             206              25      0.08046875     0.009765625              42              17
35300             206              25      0.08046875     0.009765625              42              17
35400             206              25      0.08046875     0.009765625              42              17
35500             206              25      0.08046875     0.009765625              42              17
35600             206              25      0.08046875     0.009765625              42              17
35700             206              25      0.08046875     0.009765625              42              17
35800             206              25      0.08046875     0.009765625              42              17
35900             206              25      0.08046875     0.009765625              42              17
36000             204              26       0.0796875      0.01015625              43              17
36100             204              26       0.0796875      0.01015625              43              17
36200             204              26       0.0796875      0.01015625              43              17
36300             202              27      0.07890625     0.010546875              44              17
36400             202              27      0.07890625     0.010546875              44              17
36500             202              27      0.07890625     0.010546875              44              17
36600             202              27      0.07890625     0.010546875              44              17
36700             202              27      0.07890625     0.010546875              44              17
36800             202              27      0.07890625     0.010546875              44              17
36900             202              27      0.07890625     0.010546875              44              17
37000             202              27      0.07890625     0.010546875              44              17
37100             202              27      0.07890625     0.010546875              44              17
37200             204              26       0.0796875      0.01015625              44              18
37300             204              26       0.0796875      0.01015625              44              18
37400             204              26       0.0796875      0.01015625              44              18
37500             204              26       0.0796875      0.01015625              44              18
37600             204              26       0.0796875      0.01015625              44              18
37700             204              26       0.0796875      0.01015625              44              18
37800             204              26       0.0796875      0.01015625              44              18
37900             204              26       0.0796875      0.01015625              44              18
38000             204              26       0.0796875      0.01015625              44              18
38100             204              26       0.0796875      0.01015625              44              18
38200             202              27      0.07890625     0.010546875              45              18
38300             202              27      0.07890625     0.010546875              45              18
38400             200              28        0.078125       0.0109375              46              18
38500             200              28        0.078125       0.0109375              46              18
38600             200              28        0.078125       0.0109375              46              18
38700             200              28        0.078125       0.0109375              46              18
38800             200              28        0.078125       0.0109375              46              18
38900             200              28        0.078125       0.0109375              46              18
39000             200              28        0.078125       0.0109375              46              18
39100             200              28        0.078125       0.0109375              46              18
39200             200              28        0.078125       0.0109375              46              18
39300             200              28        0.078125       0.0109375              46              18
39400             198              29      0.07734375     0.011328125              47              18
39500             198              29      0.07734375     0.011328125              47              18
39600             198              29      0.07734375     0.011328125              47              18
39700             198              29      0.07734375     0.011328125              47              18
39800             198              29      0.07734375     0.011328125              47              18
39900             198              29      0.07734375     0.011328125              47              18
40000             198              29      0.07734375     0.011328125              47              18
40100             198              29      0.07734375     0.011328125              47              18
40200             198              29      0.07734375     0.011328125              47              18
40300             198              29      0.07734375     0.011328125              47              18
40400             198              29      0.07734375     0.011328125              47              18
40500             198              29      0.07734375     0.011328125              47              18
40600             198              29      0.07734375     0.011328125              47              18
40700             198              29      0.07734375     0.011328125              47              18
40800             198              29      0.07734375     0.011328125              47              18
40900             198              29      0.07734375     0.011328125              47              18
41000             198              29      0.07734375     0.011328125              47              18
41100             198              29      0.07734375     0.011328125              47              18
41200             198              29      0.07734375     0.011328125              47              18
41300             196              30       0.0765625      0.01171875              48              18
41400             196              30       0.0765625      0.01171875              48              18
41500             196              30       0.0765625      0.01171875              48              18
41600             196              30       0.0765625      0.01171875              48              18
41700             196              30       0.0765625      0.01171875              48              18
41800             196              30       0.0765625      0.01171875              48              18
41900             196              30       0.0765625      0.01171875              48              18
42000             196              30       0.0765625      0.01171875              48              18
42100             196              30       0.0765625      0.01171875              48              18
42200             196              30       0.0765625      0.01171875              48              18
42300             194              31      0.07578125     0.012109375              49              18
42400             194              31      0.07578125     0.012109375              49              18
42500             194              31      0.07578125     0.012109375              49              18
42600             194              31      0.07578125     0.012109375              49              18
42700             194              31      0.07578125     0.012109375              49              18
42800             192              32           0.075          0.0125              50              18
42900             192              32           0.075          0.0125              50              18
43000             192              32           0.075          0.0125              50              18
43100             192              32           0.075          0.0125              50              18
43200             192              32           0.075          0.0125              50              18
43300             192              32           0.075          0.0125              50              18
43400             192              32           0.075          0.0125              50              18
43500             190              33      0.07421875     0.012890625              51              18
43600             190              33      0.07421875     0.012890625              51              18
43700             190              33      0.07421875     0.012890625              51              18
43800             190              33      0.07421875     0.012890625              51              18
43900             190              33      0.07421875     0.012890625              51              18
44000             190              33      0.07421875     0.012890625              51              18
44100             190              33      0.07421875     0.012890625              51              18
44200             190              33      0.07421875     0.012890625              51              18
44300             190              33      0.07421875     0.012890625              51              18
44400             186              35      0.07265625     0.013671875              53              18
44500             184              36        0.071875       0.0140625              54              18
44600             184              36        0.071875       0.0140625              54              18
44700             184              36        0.071875       0.0140625              54              18
44800             184              36        0.071875       0.0140625              54              18
44900             184              36        0.071875       0.0140625              54              18
45000             184              36        0.071875       0.0140625              54              18
45100             184              36        0.071875       0.0140625              54              18
45200             184              36        0.071875       0.0140625              54              18
45300             184              36        0.071875       0.0140625              54              18
45400             184              36        0.071875       0.0140625              54              18
45500             184              36        0.071875       0.0140625              54              18
45600             182              37      0.07109375     0.014453125              55              18
45700             182              37      0.07109375     0.014453125              55              18
45800             182              37      0.07109375     0.014453125              55              18
45900             182              37      0.07109375     0.014453125              55              18
46000             184              36        0.071875       0.0140625              55              19
46100             184              36        0.071875       0.0140625              55              19
46200             184              36        0.071875       0.0140625              55              19
46300             186              35      0.07265625     0.013671875              55              20
46400             186              35      0.07265625     0.013671875              55              20
46500             186              35      0.07265625     0.013671875              55              20
46600             186              35      0.07265625     0.013671875              55              20
46700             186              35      0.07265625     0.013671875              55              20
46800             186              35      0.07265625     0.013671875              55              20
46900             186              35      0.07265625     0.013671875              55              20
47000             186              35      0.07265625     0.013671875              55              20
47100             186              35      0.07265625     0.013671875              55              20
47200             184              36        0.071875       0.0140625              56              20
47300             184              36        0.071875       0.0140625              56              20
47400             184              36        0.071875       0.0140625              56              20
47500             184              36        0.071875       0.0140625              56              20
47600             184              36        0.071875       0.0140625              56              20
47700             184              36        0.071875       0.0140625              56              20
47800             184              36        0.071875       0.0140625              56              20
47900             184              36        0.071875       0.0140625              56              20
48000             184              36        0.071875       0.0140625              56              20
48100             182              37      0.07109375     0.014453125              57              20
48200             182              37      0.07109375     0.014453125              57              20
48300             182              37      0.07109375     0.014453125              57              20
48400             182              37      0.07109375     0.014453125              57              20
48500             182              37      0.07109375     0.014453125              57              20
48600             182              37      0.07109375     0.014453125              57              20
48700             182              37      0.07109375     0.014453125              57              20
48800             182              37      0.07109375     0.014453125              57              20
48900             184              36        0.071875       0.0140625              57              21
49000             182              37      0.07109375     0.014453125              58              21
49100             182              37      0.07109375     0.014453125              58              21
49200             182              37      0.07109375     0.014453125              58              21
49300             182              37      0.07109375     0.014453125              58              21
49400             182              37      0.07109375     0.014453125              58              21
49500             182              37      0.07109375     0.014453125              58              21
49600             180              38       0.0703125      0.01484375              59              21
49700             180              38       0.0703125      0.01484375              59              21
49800             180              38       0.0703125      0.01484375              59              21
49900             180              38       0.0703125      0.01484375              59              21
50000             180              38       0.0703125      0.01484375              59              21
50100             178              39      0.06953125     0.015234375              60              21
50200             178              39      0.06953125     0.015234375              60              21
50300             178              39      0.06953125     0.015234375              60              21
50400             178              39      0.06953125     0.015234375              60              21
50500             176              40         0.06875        0.015625              61              21
50600             176              40         0.06875        0.015625              61              21
50700             176              40         0.06875        0.015625              61              21
50800             176              40         0.06875        0.015625              61              21
50900             176              40         0.06875        0.015625              61              21
51000             176              40         0.06875        0.015625              61              21
51100             176              40         0.06875        0.015625              61              21
51200             176              40         0.06875        0.015625              61              21
51300             178              39      0.06953125     0.015234375              61              22
51400             178              39      0.06953125     0.015234375              61              22
51500             180              38       0.0703125      0.01484375              61              23
51600             180              38       0.0703125      0.01484375              61              23
51700             180              38       0.0703125      0.01484375              61              23
51800             180              38       0.0703125      0.01484375              61              23
51900             180              38       0.0703125      0.01484375              61              23
52000             180              38       0.0703125      0.01484375              61              23
52100             180              38       0.0703125      0.01484375              61              23
52200             182              37      0.07109375     0.014453125              61              24
52300             182              37      0.07109375     0.014453125              61              24
52400             182              37      0.07109375     0.014453125              61              24
52500             182              37      0.07109375     0.014453125              61              24
52600             182              37      0.07109375     0.014453125              61              24
52700             182              37      0.07109375     0.014453125              61              24
52800             182              37      0.07109375     0.014453125              61              24
52900             182              37      0.07109375     0.014453125              61              24
53000             184              36        0.071875       0.0140625              61              25
53100             184              36        0.071875       0.0140625              61              25
53200             184              36        0.071875       0.0140625              61              25
53300             184              36        0.071875       0.0140625              61              25
53400             184              36        0.071875       0.0140625              61              25
53500             184              36        0.071875       0.0140625              61              25
53600             184              36        0.071875       0.0140625              61              25
53700             184              36        0.071875       0.0140625              61              25
53800             184              36        0.071875       0.0140625              61              25
53900             184              36        0.071875       0.0140625              61              25
54000             184              36        0.071875       0.0140625              61              25
54100             184              36        0.071875       0.0140625              61              25
54200             184              36        0.071875       0.0140625              61              25
54300             186              35      0.07265625     0.013671875              61              26
54400             186              35      0.07265625     0.013671875              61              26
54500             186              35      0.07265625     0.013671875              61              26
54600             188              34       0.0734375      0.01328125              61              27
54700             186              35      0.07265625     0.013671875              62              27
54800             186              35      0.07265625     0.013671875              62              27
54900             186              35      0.07265625     0.013671875              62              27
55000             186              35      0.07265625     0.013671875              62              27
55100             186              35      0.07265625     0.013671875              62              27
55200             186              35      0.07265625     0.013671875              62              27
55300             186              35      0.07265625     0.013671875              62              27
55400             186              35      0.07265625     0.013671875              62              27
55500             186              35      0.07265625     0.013671875              62              27
55600             186              35      0.07265625     0.013671875              62              27
55700             186              35      0.07265625     0.013671875              62              27
55800             184              36        0.071875       0.0140625              63              27
55900             184              36        0.071875       0.0140625              63              27
56000             184              36        0.071875       0.0140625              63              27
56100             184              36        0.071875       0.0140625              63              27
56200             184              36        0.071875       0.0140625              63              27
56300             184              36        0.071875       0.0140625              63              27
56400             184              36        0.071875       0.0140625              63              27
56500             184              36        0.071875       0.0140625              63              27
56600             186              35      0.07265625     0.013671875              63              28
56700             186              35      0.07265625     0.013671875              63              28
56800             186              35      0.07265625     0.013671875              63              28
56900             184              36        0.071875       0.0140625              64              28
57000             184              36        0.071875       0.0140625              64              28
57100             184              36        0.071875       0.0140625              65              29
57200             184              36        0.071875       0.0140625              65              29
57300             184              36        0.071875       0.0140625              65              29
57400             182              37      0.07109375     0.014453125              66              29
57500             182              37      0.07109375     0.014453125              66              29
57600             184              36        0.071875       0.0140625              66              30
57700             184              36        0.071875       0.0140625              66              30
57800             184              36        0.071875       0.0140625              66              30
57900             184              36        0.071875       0.0140625              66              30
58000             184              36        0.071875       0.0140625              66              30
58100             184              36        0.071875       0.0140625              66              30
58200             186              35      0.07265625     0.013671875              66              31
58300             186              35      0.07265625     0.013671875              66              31
58400             186              35      0.07265625     0.013671875              66              31
58500             186              35      0.07265625     0.013671875              66              31
58600             186              35      0.07265625     0.013671875              66              31
58700             186              35      0.07265625     0.013671875              66              31
58800             186              35      0.07265625     0.013671875              66              31
58900             186              35      0.07265625     0.013671875              66              31
59000             186              35      0.07265625     0.013671875              66              31
59100             186              35      0.07265625     0.013671875              66              31
59200             186              35      0.07265625     0.013671875              66              31
59300             186              35      0.07265625     0.013671875              66              31
59400             186              35      0.07265625     0.013671875              66              31
59500             186              35      0.07265625     0.013671875              66              31
59600             186              35      0.07265625     0.013671875              66              31
59700             186              35      0.07265625     0.013671875              66              31
59800             188              34       0.0734375      0.01328125              66              32
59900             188              34       0.0734375      0.01328125              66              32
60000             188              34       0.0734375      0.01328125              66              32
60100             188              34       0.0734375      0.01328125              66              32
60200             188              34       0.0734375      0.01328125              66              32
60300             188              34       0.0734375      0.01328125              66              32
60400             188              34       0.0734375      0.01328125              66              32
60500             188              34       0.0734375      0.01328125              66              32
60600             188              34       0.0734375      0.01328125              66              32
60700             186              35      0.07265625     0.013671875              67              32
60800             186              35      0.07265625     0.013671875              67              32
60900             186              35      0.07265625     0.013671875              67              32
61000             186              35      0.07265625     0.013671875              67              32
61100             188              34       0.0734375      0.01328125              67              33
61200             188              34       0.0734375      0.01328125              67              33
61300             188              34       0.0734375      0.01328125              67              33
61400             188              34       0.0734375      0.01328125              67              33
61500             188              34       0.0734375      0.01328125              67              33
61600             188              34       0.0734375      0.01328125              67              33
61700             190              33      0.07421875     0.012890625              67              34
61800             192              32           0.075          0.0125              67              35
61900             192              32           0.075          0.0125              67              35
62000             192              32           0.075          0.0125              67              35
62100             192              32           0.075          0.0125              67              35
62200             192              32           0.075          0.0125              67              35
62300             192              32           0.075          0.0125              67              35
62400             192              32           0.075          0.0125              67              35
62500             192              32           0.075          0.0125              67              35
62600             192              32           0.075          0.0125              67              35
62700             192              32           0.075          0.0125              67              35
62800             192              32           0.075          0.0125              67              35
62900             192              32           0.075          0.0125              67              35
63000             194              31      0.07578125     0.012109375              67              36
63100             194              31      0.07578125     0.012109375              67              36
63200             194              31      0.07578125     0.012109375              67              36
63300             194              31      0.07578125     0.012109375              68              37
63400             194              31      0.07578125     0.012109375              68              37
63500             194              31      0.07578125     0.012109375              68              37
63600             194              31      0.07578125     0.012109375              68              37
63700             194              31      0.07578125     0.012109375              68              37
63800             194              31      0.07578125     0.012109375              68              37
63900             194              31      0.07578125     0.012109375              68              37
64000             194              31      0.07578125     0.012109375              68              37
64100             194              31      0.07578125     0.012109375              68              37
64200             194              31      0.07578125     0.012109375              68              37
64300             194              31      0.07578125     0.012109375              68              37
64400             194              31      0.07578125     0.012109375              68              37
64500             194              31      0.07578125     0.012109375              68              37
64600             194              31      0.07578125     0.012109375              68              37
64700             196              30       0.0765625      0.01171875              68              38
64800             196              30       0.0765625      0.01171875              68              38
64900             196              30       0.0765625      0.01171875              68              38
65000             196              30       0.0765625      0.01171875              68              38
65100             196              30       0.0765625      0.01171875              68              38
65200             196              30       0.0765625      0.01171875              68              38
65300             196              30       0.0765625      0.01171875              68              38
65400             196              30       0.0765625      0.01171875              68              38
65500             196              30       0.0765625      0.01171875              68              38
65600             194              31      0.07578125     0.012109375              69              38
65700             194              31      0.07578125     0.012109375              69              38
65800             194              31      0.07578125     0.012109375              69              38
65900             192              32           0.075          0.0125              70              38
66000             192              32           0.075          0.0125              70              38
66100             190              33      0.07421875     0.012890625              71              38
66200             190              33      0.07421875     0.012890625              71              38
66300             188              34       0.0734375      0.01328125              72              38
66400             188              34       0.0734375      0.01328125              72              38
66500             188              34       0.0734375      0.01328125              72              38
66600             184              36        0.071875       0.0140625              74              38
66700             184              36        0.071875       0.0140625              74              38
66800             182              37      0.07109375     0.014453125              75              38
66900             182              37      0.07109375     0.014453125              75              38
67000             182              37      0.07109375     0.014453125              75              38
67100             182              37      0.07109375     0.014453125              75              38
67200             182              37      0.07109375     0.014453125              75              38
67300             182              37      0.07109375     0.014453125              75              38
67400             182              37      0.07109375     0.014453125              75              38
67500             182              37      0.07109375     0.014453125              75              38
67600             182              37      0.07109375     0.014453125              75              38
67700             182              37      0.07109375     0.014453125              75              38
67800             182              37      0.07109375     0.014453125              75              38
67900             182              37      0.07109375     0.014453125              75              38
68000             182              37      0.07109375     0.014453125              75              38
68100             182              37      0.07109375     0.014453125              75              38
68200             182              37      0.07109375     0.014453125              75              38
68300             182              37      0.07109375     0.014453125              75              38
68400             182              37      0.07109375     0.014453125              75              38
68500             182              37      0.07109375     0.014453125              76              39
68600             182              37      0.07109375     0.014453125              76              39
68700             182              37      0.07109375     0.014453125              76              39
68800             180              38       0.0703125      0.01484375              77              39
68900             180              38       0.0703125      0.01484375              77              39
69000             180              38       0.0703125      0.01484375              77              39
69100             180              38       0.0703125      0.01484375              77              39
69200             180              38       0.0703125      0.01484375              77              39
69300             180              38       0.0703125      0.01484375              77              39
69400             178              39      0.06953125     0.015234375              78              39
69500             178              39      0.06953125     0.015234375              78              39
69600             178              39      0.06953125     0.015234375              78              39
69700             178              39      0.06953125     0.015234375              78              39
69800             180              38       0.0703125      0.01484375              78              40
69900             178              39      0.06953125     0.015234375              79              40
70000             178              39      0.06953125     0.015234375              79              40
70100             178              39      0.06953125     0.015234375              79              40
70200             178              39      0.06953125     0.015234375              80              41
70300             178              39      0.06953125     0.015234375              80              41
70400             178              39      0.06953125     0.015234375              80              41
70500             180              38       0.0703125      0.01484375              80              42
70600             180              38       0.0703125      0.01484375              80              42
70700             180              38       0.0703125      0.01484375              80              42
70800             182              37      0.07109375     0.014453125              80              43
70900             182              37      0.07109375     0.014453125              80              43
71000             182              37      0.07109375     0.014453125              80              43
71100             182              37      0.07109375     0.014453125              80              43
71200             182              37      0.07109375     0.014453125              80              43
71300             182              37      0.07109375     0.014453125              80              43
71400             182              37      0.07109375     0.014453125              80              43
71500             182              37      0.07109375     0.014453125              80              43
71600             182              37      0.07109375     0.014453125              80              43
71700             182              37      0.07109375     0.014453125              80              43
71800             182              37      0.07109375     0.014453125              80              43
71900             182              37      0.07109375     0.014453125              80              43
72000             182              37      0.07109375     0.014453125              80              43
72100             184              36        0.071875       0.0140625              80              44
72200             184              36        0.071875       0.0140625              80              44
72300             184              36        0.071875       0.0140625              80              44
72400             184              36        0.071875       0.0140625              80              44
72500             184              36        0.071875       0.0140625              80              44
72600             184              36        0.071875       0.0140625              80              44
72700             184              36        0.071875       0.0140625              80              44
72800             184              36        0.071875       0.0140625              80              44
72900             186              35      0.07265625     0.013671875              80              45
73000             186              35      0.07265625     0.013671875              80              45
73100             186              35      0.07265625     0.013671875              80              45
73200             186              35      0.07265625     0.013671875              80              45
73300             186              35      0.07265625     0.013671875              80              45
73400             186              35      0.07265625     0.013671875              80              45
73500             188              34       0.0734375      0.01328125              80              46
73600             188              34       0.0734375      0.01328125              80              46
73700             188              34       0.0734375      0.01328125              80              46
73800             188              34       0.0734375      0.01328125              80              46
73900             186              35      0.07265625     0.013671875              81              46
74000             186              35      0.07265625     0.013671875              81              46
74100             186              35      0.07265625     0.013671875              81              46
74200             186              35      0.07265625     0.013671875              81              46
74300             186              35      0.07265625     0.013671875              81              46
74400             186              35      0.07265625     0.013671875              81              46
74500             184              36        0.071875       0.0140625              82              46
74600             184              36        0.071875       0.0140625              82              46
74700             184              36        0.071875       0.0140625              82              46
74800             184              36        0.071875       0.0140625              82              46
74900             186              35      0.07265625     0.013671875              82              47
75000             186              35      0.07265625     0.013671875              82              47
75100             186              35      0.07265625     0.013671875              82              47
75200             186              35      0.07265625     0.013671875              82              47
75300             186              35      0.07265625     0.013671875              82              47
75400             186              35      0.07265625     0.013671875              82              47
75500             186              35      0.07265625     0.013671875              82              47
75600             186              35      0.07265625     0.013671875              82              47
75700             186              35      0.07265625     0.013671875              82              47
75800             186              35      0.07265625     0.013671875              82              47
75900             186              35      0.07265625     0.013671875              82              47
76000             186              35      0.07265625     0.013671875              82              47
76100             186              35      0.07265625     0.013671875              82              47
76200             184              36        0.071875       0.0140625              83              47
76300             184              36        0.071875       0.0140625              83              47
76400             184              36        0.071875       0.0140625              83              47
76500             184              36        0.071875       0.0140625              83              47
76600             184              36        0.071875       0.0140625              83              47
76700             182              37      0.07109375     0.014453125              84              47
76800             182              37      0.07109375     0.014453125              84              47
76900             182              37      0.07109375     0.014453125              84              47
77000             182              37      0.07109375     0.014453125              84              47
77100             180              38       0.0703125      0.01484375              85              47
77200             180              38       0.0703125      0.01484375              85              47
77300             182              37      0.07109375     0.014453125              85              48
77400             182              37      0.07109375     0.014453125              85              48
77500             182              37      0.07109375     0.014453125              85              48
77600             182              37      0.07109375     0.014453125              85              48
77700             182              37      0.07109375     0.014453125              85              48
77800             184              36        0.071875       0.0140625              85              49
77900             184              36        0.071875       0.0140625              85              49
78000             184              36        0.071875       0.0140625              85              49
78100             184              36        0.071875       0.0140625              85              49
78200             184              36        0.071875       0.0140625              85              49
78300             184              36        0.071875       0.0140625              85              49
78400             184              36        0.071875       0.0140625              85              49
78500             184              36        0.071875       0.0140625              85              49
78600             186              35      0.07265625     0.013671875              85              50
78700             186              35      0.07265625     0.013671875              85              50
78800             186              35      0.07265625     0.013671875              85              50
78900             186              35      0.07265625     0.013671875              85              50
79000             186              35      0.07265625     0.013671875              85              50
79100             186              35      0.07265625     0.013671875              85              50
79200             188              34       0.0734375      0.01328125              85              51
79300             188              34       0.0734375      0.01328125              85              51
79400             188              34       0.0734375      0.01328125              85              51
79500             188              34       0.0734375      0.01328125              85              51
79600             188              34       0.0734375      0.01328125              85              51
79700             188              34       0.0734375      0.01328125              85              51
79800             188              34       0.0734375      0.01328125              85              51
79900             186              35      0.07265625     0.013671875              86              51
80000             184              36        0.071875       0.0140625              87              51
80100             186              35      0.07265625     0.013671875              87              52
80200             186              35      0.07265625     0.013671875              87              52
80300             186              35      0.07265625     0.013671875              87              52
80400             186              35      0.07265625     0.013671875              87              52
80500             186              35      0.07265625     0.013671875              88              53
80600             186              35      0.07265625     0.013671875              88              53
80700             186              35      0.07265625     0.013671875              88              53
80800             186              35      0.07265625     0.013671875              88              53
80900             184              36        0.071875       0.0140625              89              53
81000             184              36        0.071875       0.0140625              89              53
81100             184              36        0.071875       0.0140625              89              53
81200             184              36        0.071875       0.0140625              89              53
81300             184              36        0.071875       0.0140625              89              53
81400             184              36        0.071875       0.0140625              89              53
81500             184              36        0.071875       0.0140625              89              53
81600             184              36        0.071875       0.0140625              89              53
81700             184              36        0.071875       0.0140625              89              53
81800             184              36        0.071875       0.0140625              90              54
81900             184              36        0.071875       0.0140625              90              54
82000             184              36        0.071875       0.0140625              90              54
82100             184              36        0.071875       0.0140625              90              54
82200             184              36        0.071875       0.0140625              90              54
82300             184              36        0.071875       0.0140625              90              54
82400             184              36        0.071875       0.0140625              90              54
82500             184              36        0.071875       0.0140625              90              54
82600             184              36        0.071875       0.0140625              90              54
82700             184              36        0.071875       0.0140625              90              54
82800             186              35      0.07265625     0.013671875              90              55
82900             184              36        0.071875       0.0140625              91              55
83000             184              36        0.071875       0.0140625              91              55
83100             184              36        0.071875       0.0140625              91              55
83200             184              36        0.071875       0.0140625              91              55
83300             184              36        0.071875       0.0140625              91              55
83400             184              36        0.071875       0.0140625              91              55
83500             184              36        0.071875       0.0140625              91              55
83600             184              36        0.071875       0.0140625              92              56
83700             186              35      0.07265625     0.013671875              92              57
83800             186              35      0.07265625     0.013671875              92              57
83900             186              35      0.07265625     0.013671875              92              57
84000             188              34       0.0734375      0.01328125              92              58
84100             188              34       0.0734375      0.01328125              92              58
84200             188              34       0.0734375      0.01328125              92              58
84300             188              34       0.0734375      0.01328125              92              58
84400             188              34       0.0734375      0.01328125              92              58
84500             188              34       0.0734375      0.01328125              92              58
84600             188              34       0.0734375      0.01328125              92              58
84700             188              34       0.0734375      0.01328125              92              58
84800             188              34       0.0734375      0.01328125              92              58
84900             188              34       0.0734375      0.01328125              92              58
85000             188              34       0.0734375      0.01328125              92              58
85100             190              33      0.07421875     0.012890625              92              59
85200             190              33      0.07421875     0.012890625              92              59
85300             190              33      0.07421875     0.012890625              92              59
85400             190              33      0.07421875     0.012890625              92              59
85500             190              33      0.07421875     0.012890625              93              60
85600             190              33      0.07421875     0.012890625              93              60
85700             190              33      0.07421875     0.012890625              93              60
85800             190              33      0.07421875     0.012890625              93              60
85900             190              33      0.07421875     0.012890625              93              60
86000             190              33      0.07421875     0.012890625              93              60
86100             190              33      0.07421875     0.012890625              93              60
86200             190              33      0.07421875     0.012890625              93              60
86300             190              33      0.07421875     0.012890625              93              60
86400             190              33      0.07421875     0.012890625              93              60
86500             190              33      0.07421875     0.012890625              93              60
86600             190              33      0.07421875     0.012890625              93              60
86700             190              33      0.07421875     0.012890625              93              60
86800             190              33      0.07421875     0.012890625              93              60
86900             188              34       0.0734375      0.01328125              94              60
87000             188              34       0.0734375      0.01328125              94              60
87100             188              34       0.0734375      0.01328125              94              60
87200             188              34       0.0734375      0.01328125              94              60
87300             188              34       0.0734375      0.01328125              94              60
87400             188              34       0.0734375      0.01328125              94              60
87500             188              34       0.0734375      0.01328125              94              60
87600             188              34       0.0734375      0.01328125              94              60
87700             186              35      0.07265625     0.013671875              95              60
87800             186              35      0.07265625     0.013671875              95              60
87900             184              36        0.071875       0.0140625              96              60
88000             182              37      0.07109375     0.014453125              97              60
88100             182              37      0.07109375     0.014453125              97              60
88200             182              37      0.07109375     0.014453125              97              60
88300             180              38       0.0703125      0.01484375              98              60
88400             180              38       0.0703125      0.01484375              98              60
88500             180              38       0.0703125      0.01484375              98              60
88600             180              38       0.0703125      0.01484375              98              60
88700             180              38       0.0703125      0.01484375              98              60
88800             180              38       0.0703125      0.01484375              98              60
88900             180              38       0.0703125      0.01484375              98              60
89000             180              38       0.0703125      0.01484375              98              60
89100             180              38       0.0703125      0.01484375              98              60
89200             180              38       0.0703125      0.01484375              98              60
89300             180              38       0.0703125      0.01484375              98              60
89400             180              38       0.0703125      0.01484375              98              60
89500             180              38       0.0703125      0.01484375              98              60
89600             180              38       0.0703125      0.01484375              98              60
89700             180              38       0.0703125      0.01484375              98              60
89800             180              38       0.0703125      0.01484375              98              60
89900             180              38       0.0703125      0.01484375              98              60
90000             180              38       0.0703125      0.01484375              98              60
90100             180              38       0.0703125      0.01484375              99              61
90200             180              38       0.0703125      0.01484375              99              61
90300             180              38       0.0703125      0.01484375              99              61
90400             180              38       0.0703125      0.01484375              99              61
90500             180              38       0.0703125      0.01484375              99              61
90600             180              38       0.0703125      0.01484375              99              61
90700             180              38       0.0703125      0.01484375              99              61
90800             180              38       0.0703125      0.01484375              99              61
90900             180              38       0.0703125      0.01484375              99              61
91000             180              38       0.0703125      0.01484375              99              61
91100             180              38       0.0703125      0.01484375              99              61
91200             180              38       0.0703125      0.01484375              99              61
91300             178              39      0.06953125     0.015234375             100              61
91400             178              39      0.06953125     0.015234375             100              61
91500             178              39      0.06953125     0.015234375             100              61
91600             178              39      0.06953125     0.015234375             100              61
91700             178              39      0.06953125     0.015234375             100              61
91800             178              39      0.06953125     0.015234375             100              61
91900             178              39      0.06953125     0.015234375             100              61
92000             178              39      0.06953125     0.015234375             100              61
92100             178              39      0.06953125     0.015234375             100              61
92200             178              39      0.06953125     0.015234375             100              61
92300             178              39      0.06953125     0.015234375             100              61
92400             178              39      0.06953125     0.015234375             100              61
92500             178              39      0.06953125     0.015234375             100              61
92600             178              39      0.06953125     0.015234375             100              61
92700             178              39      0.06953125     0.015234375             100              61
92800             178              39      0.06953125     0.015234375             100              61
92900             178              39      0.06953125     0.015234375             100              61
93000             178              39      0.06953125     0.015234375             100              61
93100             178              39      0.06953125     0.015234375             100              61
93200             178              39      0.06953125     0.015234375             100              61
93300             178              39      0.06953125     0.015234375             100              61
93400             178              39      0.06953125     0.015234375             100              61
93500             178              39      0.06953125     0.015234375             100              61
93600             180              38       0.0703125      0.01484375             100              62
93700             180              38       0.0703125      0.01484375             100              62
93800             180              38       0.0703125      0.01484375             100              62
93900             180              38       0.0703125      0.01484375             100              62
94000             180              38       0.0703125      0.01484375             100              62
94100             180              38       0.0703125      0.01484375             100              62
94200             180              38       0.0703125      0.01484375             100              62
94300             180              38       0.0703125      0.01484375             100              62
94400             182              37      0.07109375     0.014453125             100              63
94500             182              37      0.07109375     0.014453125             100              63
94600             182              37      0.07109375     0.014453125             100              63
94700             180              38       0.0703125      0.01484375             101              63
94800             180              38       0.0703125      0.01484375             101              63
94900             180              38       0.0703125      0.01484375             101              63
95000             180              38       0.0703125      0.01484375             101              63
95100             182              37      0.07109375     0.014453125             101              64
95200             182              37      0.07109375     0.014453125             101              64
95300             184              36        0.071875       0.0140625             101              65
95400             184              36        0.071875       0.0140625             101              65
95500             184              36        0.071875       0.0140625             101              65
95600             184              36        0.071875       0.0140625             101              65
95700             182              37      0.07109375     0.014453125             102              65
95800             182              37      0.07109375     0.014453125             102              65
95900             182              37      0.07109375     0.014453125             102              65
96000             182              37      0.07109375     0.014453125             102              65
96100             182              37      0.07109375     0.014453125             102              65
96200             182              37      0.07109375     0.014453125             102              65
96300             182              37      0.07109375     0.014453125             102              65
96400             182              37      0.07109375     0.014453125             102              65
96500             182              37      0.07109375     0.014453125             102              65
96600             182              37      0.07109375     0.014453125             102              65
96700             182              37      0.07109375     0.014453125             102              65
96800             182              37      0.07109375     0.014453125             102              65
96900             182              37      0.07109375     0.014453125             102              65
97000             182              37      0.07109375     0.014453125             102              65
97100             182              37      0.07109375     0.014453125             102              65
97200             182              37      0.07109375     0.014453125             102              65
97300             182              37      0.07109375     0.014453125             102              65
97400             182              37      0.07109375     0.014453125             102              65
97500             182              37      0.07109375     0.014453125             102              65
97600             182              37      0.07109375     0.014453125             102              65
97700             182              37      0.07109375     0.014453125             102              65
97800             180              38       0.0703125      0.01484375             103              65
97900             180              38       0.0703125      0.01484375             103              65
98000             180              38       0.0703125      0.01484375             103              65
98100             180              38       0.0703125      0.01484375             103              65
98200             180              38       0.0703125      0.01484375             103              65
98300             180              38       0.0703125      0.01484375             103              65
98400             180              38       0.0703125      0.01484375             103              65
98500             180              38       0.0703125      0.01484375             103              65
98600             180              38       0.0703125      0.01484375             103              65
98700             180              38       0.0703125      0.01484375             103              65
98800             180              38       0.0703125      0.01484375             103              65
98900             180              38       0.0703125      0.01484375             103              65
99000             180              38       0.0703125      0.01484375             103              65
99100             180              38       0.0703125      0.01484375             103              65
99200             180              38       0.0703125      0.01484375             103              65
99300             178              39      0.06953125     0.015234375             104              65
99400             178              39      0.06953125     0.015234375             104              65
99500             178              39      0.06953125     0.015234375             104              65
99600             178              39      0.06953125     0.015234375             104              65
99700             178              39      0.06953125     0.015234375             104              65
99800             178              39      0.06953125     0.015234375             104              65
99900             178              39      0.06953125     0.015234375             104              65
100000             178              39      0.06953125     0.015234375             104              65
