# Time-averaged data for fix observ
# TimeStep v_nfree v_ndimer v_cfree v_cdimer f_kinetics[2] f_kinetics[3]
0             256               0             0.1               0               0               0
100             256               0             0.1               0               0               0
200             252               2       0.0984375      0.00078125               2               0
300             248               4        0.096875       0.0015625               4               0
400             248               4        0.096875       0.0015625               4               0
500             248               4        0.096875       0.0015625               4               0
600             246               5      0.09609375     0.001953125               5               0
700             246               5      0.09609375     0.001953125               5               0
800             246               5      0.09609375     0.001953125               5               0
900             244               6       0.0953125      0.00234375               6               0
1000             244               6       0.0953125      0.00234375               6               0
1100             244               6       0.0953125      0.00234375               6               0
1200             244               6       0.0953125      0.00234375               6               0
1300             244               6       0.0953125      0.00234375               6               0
1400             244               6       0.0953125      0.00234375               6               0
1500             244               6       0.0953125      0.00234375               6               0
1600             244               6       0.0953125      0.00234375               6               0
1700             244               6       0.0953125      0.00234375               6               0
1800             242               7      0.09453125     0.002734375               7               0
1900             242               7      0.09453125     0.002734375               7               0
2000             240               8         0.09375        0.003125               8               0
2100             238               9      0.09296875     0.003515625               9               0
2200             238               9      0.09296875     0.003515625               9               0
2300             236              10       0.0921875      0.00390625              10               0
2400             234              11      0.09140625     0.004296875              11               0
2500             234              11      0.09140625     0.004296875              11               0
2600             234              11      0.09140625     0.004296875              11               0
2700             234              11      0.09140625     0.004296875              11               0
2800             232              12        0.090625       0.0046875              12               0
2900             234              11      0.09140625     0.004296875              12               1
3000             230              13      0.08984375     0.005078125              14               1
3100             230              13      0.08984375     0.005078125              14               1
3200             228              14       0.0890625      0.00546875              15               1
3300             226              15      0.08828125     0.005859375              16               1
3400             226              15      0.08828125     0.005859375              16               1
3500             224              16          0.0875         0.00625              17               1
3600             226              15      0.08828125     0.005859375              18               3
3700             226              15      0.08828125     0.005859375              18               3
3800             226              15      0.08828125     0.005859375              18               3
3900             226              15      0.08828125     0.005859375              18               3
4000             226              15      0.08828125     0.005859375              18               3
4100             226              15      0.08828125     0.005859375              18               3
4200             226              15      0.08828125     0.005859375              18               3
4300             226              15      0.08828125     0.005859375              18               3
4400             226              15      0.08828125     0.005859375              18               3
4500             226              15      0.08828125     0.005859375              18               3
4600             226              15      0.08828125     0.005859375              18               3
4700             224              16          0.0875         0.00625              19               3
4800             222              17      0.08671875     0.006640625              20               3
4900             222              17      0.08671875     0.006640625              20               3
5000             220              18       0.0859375      0.00703125              21               3
5100             220              18       0.0859375      0.00703125              21               3
5200             220              18       0.0859375      0.00703125              21               3
5300             220              18       0.0859375      0.00703125              21               3
5400             220              18       0.0859375      0.00703125              21               3
5500             220              18       0.0859375      0.00703125              21               3
5600             220              18       0.0859375      0.00703125              21               3
5700             218              19      0.08515625     0.007421875              22               3
5800             218              19      0.08515625     0.007421875              22               3
5900             216              20        0.084375       0.0078125              23               3
6000             216              20        0.084375       0.0078125              23               3
6100             216              20        0.084375       0.0078125              23               3
6200             218              19      0.08515625     0.007421875              23               4
6300             218              19      0.08515625     0.007421875              23               4
6400             218              19      0.08515625     0.007421875              23               4
6500             218              19      0.08515625     0.007421875              23               4
6600             218              19      0.08515625     0.007421875              23               4
6700             218              19      0.08515625     0.007421875              23               4
6800             218              19      0.08515625     0.007421875              23               4
6900             214              21      0.08359375     0.008203125              25               4
7000             214              21      0.08359375     0.008203125              25               4
7100             216              20        0.084375       0.0078125              25               5
7200             214              21      0.08359375     0.008203125              26               5
7300             214              21      0.08359375     0.008203125              26               5
7400             212              22       0.0828125      0.00859375              27               5
7500             214              21      0.08359375     0.008203125              27               6
7600             214              21      0.08359375     0.008203125              27               6
7700             212              22       0.0828125      0.00859375              28               6
7800             208              24         0.08125        0.009375              30               6
7900             208              24         0.08125        0.009375              30               6
8000             208              24         0.08125        0.009375              30               6
8100             206              25      0.08046875     0.009765625              31               6
8200             204              26       0.0796875      0.01015625              32               6
8300             202              27      0.07890625     0.010546875              33               6
8400             200              28        0.078125       0.0109375              34               6
8500             200              28        0.078125       0.0109375              34               6
8600             200              28        0.078125       0.0109375              34               6
8700             200              28        0.078125       0.0109375              34               6
8800             200              28        0.078125       0.0109375              34               6
8900             200              28        0.078125       0.0109375              34               6
9000             200              28        0.078125       0.0109375              34               6
9100             204              26       0.0796875      0.01015625              34               8
9200             204              26       0.0796875      0.01015625              34               8
9300             202              27      0.07890625     0.010546875              35               8
9400             200              28        0.078125       0.0109375              36               8
9500             198              29      0.07734375     0.011328125              38               9
9600             196              30       0.0765625      0.01171875              39               9
9700             196              30       0.0765625      0.01171875              39               9
9800             196              30       0.0765625      0.01171875              39               9
9900             196              30       0.0765625      0.01171875              40              10
10000             196              30       0.0765625      0.01171875              40              10
10100             196              30       0.0765625      0.01171875              41              11
10200             196              30       0.0765625      0.01171875              41              11
10300             192              32           0.075          0.0125              43              11
10400             194              31      0.07578125     0.012109375              43              12
10500             194              31      0.07578125     0.012109375              43              12
10600             196              30       0.0765625      0.01171875              44              14
10700             196              30       0.0765625      0.01171875              45              15
10800             198              29      0.07734375     0.011328125              45              16
10900             196              30       0.0765625      0.01171875              46              16
11000             198              29      0.07734375     0.011328125              47              18
11100             198              29      0.07734375     0.011328125              47              18
11200             200              28        0.078125       0.0109375              47              19
11300             198              29      0.07734375     0.011328125              48              19
11400             196              30       0.0765625      0.01171875              49              19
11500             194              31      0.07578125     0.012109375              50              19
11600             194              31      0.07578125     0.012109375              50              19
11700             190              33      0.07421875     0.012890625              52              19
11800             192              32           0.075          0.0125              52              20
11900             192              32           0.075          0.0125              52              20
12000             190              33      0.07421875     0.012890625              53              20
12100             190              33      0.07421875     0.012890625              53              20
12200             190              33      0.07421875     0.012890625              54              21
12300             190              33      0.07421875     0.012890625              54              21
12400             192              32           0.075          0.0125              54              22
12500             192              32           0.075          0.0125              54              22
12600             190              33      0.07421875     0.012890625              55              22
12700             188              34       0.0734375      0.01328125              56              22
12800             190              33      0.07421875     0.012890625              56              23
12900             190              33      0.07421875     0.012890625              56              23
13000             190              33      0.07421875     0.012890625              56              23
13100             190              33      0.07421875     0.012890625              57              24
13200             190              33      0.07421875     0.012890625              57              24
13300             190              33      0.07421875     0.012890625              57              24
13400             190              33      0.07421875     0.012890625              57              24
13500             188              34       0.0734375      0.01328125              58              24
13600             188              34       0.0734375      0.01328125              58              24
13700             184              36        0.071875       0.0140625              60              24
13800             182              37      0.07109375     0.014453125              61              24
13900             182              37      0.07109375     0.014453125              61              24
14000             182              37      0.07109375     0.014453125              61              24
14100             182              37      0.07109375     0.014453125              61              24
14200             182              37      0.07109375     0.014453125              61              24
14300             182              37      0.07109375     0.014453125              62              25
14400             180              38       0.0703125      0.01484375              63              25
14500             180              38       0.0703125      0.01484375              63              25
14600             180              38       0.0703125      0.01484375              63              25
14700             180              38       0.0703125      0.01484375              63              25
14800             182              37      0.07109375     0.014453125              63              26
14900             182              37      0.07109375     0.014453125              64              27
15000             182              37      0.07109375     0.014453125              64              27
15100             182              37      0.07109375     0.014453125              64              27
15200             182              37      0.07109375     0.014453125              64              27
15300             182              37      0.07109375     0.014453125              64              27
15400             182              37      0.07109375     0.014453125              64              27
15500             184              36        0.071875       0.0140625              64              28
15600             182              37      0.07109375     0.014453125              65              28
15700             182              37      0.07109375     0.014453125              65              28
15800             184              36        0.071875       0.0140625              65              29
15900             184              36        0.071875       0.0140625              65              29
16000             184              36        0.071875       0.0140625              65              29
16100             182              37      0.07109375     0.014453125              66              29
16200             182              37      0.07109375     0.014453125              66              29
16300             180              38       0.0703125      0.01484375              67              29
16400             180              38       0.0703125      0.01484375              67              29
16500             180              38       0.0703125      0.01484375              67              29
16600             180              38       0.0703125      0.01484375              67              29
16700             180              38       0.0703125      0.01484375              67              29
16800             180              38       0.0703125      0.01484375              67              29
16900             178              39      0.06953125     0.015234375              68              29
17000             178              39      0.06953125     0.015234375              68              29
17100             178              39      0.06953125     0.015234375              68              29
17200             178              39      0.06953125     0.015234375              68              29
17300             178              39      0.06953125     0.015234375              68              29
17400             180              38       0.0703125      0.01484375              68              30
17500             180              38       0.0703125      0.01484375              68              30
17600             182              37      0.07109375     0.014453125              68              31
17700             182              37      0.07109375     0.014453125              68              31
17800             184              36        0.071875       0.0140625              68              32
17900             188              34       0.0734375      0.01328125              68              34
18000             186              35      0.07265625     0.013671875              69              34
18100             186              35      0.07265625     0.013671875              69              34
18200             186              35      0.07265625     0.013671875              69              34
18300             186              35      0.07265625     0.013671875              70              35
18400             184              36        0.071875       0.0140625              71              35
18500             184              36        0.071875       0.0140625              71              35
18600             182              37      0.07109375     0.014453125              72              35
18700             182              37      0.07109375     0.014453125              72              35
18800             184              36        0.071875       0.0140625              72              36
18900             182              37      0.07109375     0.014453125              73              36
19000             184              36        0.071875       0.0140625              73              37
19100             186              35      0.07265625     0.013671875              73              38
19200             186              35      0.07265625     0.013671875              73              38
19300             186              35      0.07265625     0.013671875              74              39
19400             184              36        0.071875       0.0140625              75              39
19500             184              36        0.071875       0.0140625              75              39
19600             186              35      0.07265625     0.013671875              75              40
19700             186              35      0.07265625     0.013671875              75              40
19800             184              36        0.071875       0.0140625              76              40
19900             182              37      0.07109375     0.014453125              77              40
20000             182              37      0.07109375     0.014453125              77              40
20100             182              37      0.07109375     0.014453125              78              41
20200             184              36        0.071875       0.0140625              78              42
20300             180              38       0.0703125      0.01484375              80              42
20400             176              40         0.06875        0.015625              82              42
20500             176              40         0.06875        0.015625              82              42
20600             176              40         0.06875        0.015625              82              42
20700             182              37      0.07109375     0.014453125              82              45
20800             180              38       0.0703125      0.01484375              83              45
20900             180              38       0.0703125      0.01484375              83              45
21000             180              38       0.0703125      0.01484375              83              45
21100             178              39      0.06953125     0.015234375              84              45
21200             180              38       0.0703125      0.01484375              85              47
21300             180              38       0.0703125      0.01484375              85              47
21400             180              38       0.0703125      0.01484375              85              47
21500             182              37      0.07109375     0.014453125              85              48
21600             184              36        0.071875       0.0140625              85              49
21700             182              37      0.07109375     0.014453125              86              49
21800             182              37      0.07109375     0.014453125              86              49
21900             180              38       0.0703125      0.01484375              87              49
22000             180              38       0.0703125      0.01484375              87              49
22100             182              37      0.07109375     0.014453125              87              50
22200             182              37      0.07109375     0.014453125              87              50
22300             182              37      0.07109375     0.014453125              87              50
22400             182              37      0.07109375     0.014453125              87              50
22500             182              37      0.07109375     0.014453125              87              50
22600             180              38       0.0703125      0.01484375              88              50
22700             182              37      0.07109375     0.014453125              88              51
22800             182              37      0.07109375     0.014453125              88              51
22900             184              36        0.071875       0.0140625              89              53
23000             186              35      0.07265625     0.013671875              89              54
23100             188              34       0.0734375      0.01328125              89              55
23200             186              35      0.07265625     0.013671875              90              55
23300             186              35      0.07265625     0.013671875              90              55
23400             186              35      0.07265625     0.013671875              90              55
23500             186              35      0.07265625     0.013671875              90              55
23600             186              35      0.07265625     0.013671875              90              55
23700             186              35      0.07265625     0.013671875              90              55
23800             186              35      0.07265625     0.013671875              90              55
23900             186              35      0.07265625     0.013671875              90              55
24000             186              35      0.07265625     0.013671875              91              56
24100             186              35      0.07265625     0.013671875              91              56
24200             184              36        0.071875       0.0140625              92              56
24300             182              37      0.07109375     0.014453125              93              56
24400             182              37      0.07109375     0.014453125              93              56
24500             182              37      0.07109375     0.014453125              93              56
24600             184              36        0.071875       0.0140625              93              57
24700             184              36        0.071875       0.0140625              93              57
24800             186              35      0.07265625     0.013671875              93              58
24900             186              35      0.07265625     0.013671875              93              58
25000             186              35      0.07265625     0.013671875              93              58
25100             188              34       0.0734375      0.01328125              93              59
25200             188              34       0.0734375      0.01328125              93              59
25300             188              34       0.0734375      0.01328125              93              59
25400             188              34       0.0734375      0.01328125              93              59
25500             186              35      0.07265625     0.013671875              94              59
25600             186              35      0.07265625     0.013671875              94              59
25700             188              34       0.0734375      0.01328125              94              60
25800             186              35      0.07265625     0.013671875              95              60
25900             182              37      0.07109375     0.014453125              97              60
26000             182              37      0.07109375     0.014453125              97              60
26100             182              37      0.07109375     0.014453125              97              60
26200             184              36        0.071875       0.0140625              97              61
26300             184              36        0.071875       0.0140625              97              61
26400             186              35      0.07265625     0.013671875              97              62
26500             184              36        0.071875       0.0140625              98              62
26600             184              36        0.071875       0.0140625              98              62
26700             184              36        0.071875       0.0140625              98              62
26800             184              36        0.071875       0.0140625              99              63
26900             184              36        0.071875       0.0140625              99              63
27000             182              37      0.07109375     0.014453125             101              64
27100             184              36        0.071875       0.0140625             101              65
27200             182              37      0.07109375     0.014453125             102              65
27300             184              36        0.071875       0.0140625             102              66
27400             184              36        0.071875       0.0140625             102              66
27500             184              36        0.071875       0.0140625             102              66
27600             180              38       0.0703125      0.01484375             104              66
27700             180              38       0.0703125      0.01484375             104              66
27800             180              38       0.0703125      0.01484375             104              66
27900             178              39      0.06953125     0.015234375             105              66
28000             178              39      0.06953125     0.015234375             105              66
28100             180              38       0.0703125      0.01484375             105              67
28200             180              38       0.0703125      0.01484375             105              67
28300             178              39      0.06953125     0.015234375             106              67
28400             178              39      0.06953125     0.015234375             106              67
28500             178              39      0.06953125     0.015234375             106              67
28600             178              39      0.06953125     0.015234375             106              67
28700             176              40         0.06875        0.015625             107              67
28800             178              39      0.06953125     0.015234375             107              68
28900             180              38       0.0703125      0.01484375             108              70
29000             180              38       0.0703125      0.01484375             108              70
29100             182              37      0.07109375     0.014453125             108              71
29200             182              37      0.07109375     0.014453125             108              71
29300             182              37      0.07109375     0.014453125             108              71
29400             184              36        0.071875       0.0140625             108              72
29500             184              36        0.071875       0.0140625             108              72
29600             184              36        0.071875       0.0140625             108              72
29700             184              36        0.071875       0.0140625             108              72
29800             184              36        0.071875       0.0140625             108              72
29900             186              35      0.07265625     0.013671875             108              73
30000             184              36        0.071875       0.0140625             109              73
30100             184              36        0.071875       0.0140625             109              73
30200             184              36        0.071875       0.0140625             109              73
30300             184              36        0.071875       0.0140625             109              73
30400             184              36        0.071875       0.0140625             109              73
30500             184              36        0.071875       0.0140625             109              73
30600             184              36        0.071875       0.0140625             110              74
30700             184              36        0.071875       0.0140625             110              74
30800             184              36        0.071875       0.0140625             110              74
30900             184              36        0.071875       0.0140625             110              74
31000             182              37      0.07109375     0.014453125             111              74
31100             182              37      0.07109375     0.014453125             111              74
31200             182              37      0.07109375     0.014453125             111              74
31300             184              36        0.071875       0.0140625             111              75
31400             184              36        0.071875       0.0140625             111              75
31500             184              36        0.071875       0.0140625             111              75
31600             184              36        0.071875       0.0140625             111              75
31700             184              36        0.071875       0.0140625             111              75
31800             184              36        0.071875       0.0140625             111              75
31900             186              35      0.07265625     0.013671875             111              76
32000             186              35      0.07265625     0.013671875             111              76
32100             186              35      0.07265625     0.013671875             112              77
32200             186              35      0.07265625     0.013671875             112              77
32300             188              34       0.0734375      0.01328125             112              78
32400             188              34       0.0734375      0.01328125             113              79
32500             188              34       0.0734375      0.01328125             113              79
32600             186              35      0.07265625     0.013671875             114              79
32700             186              35      0.07265625     0.013671875             114              79
32800             184              36        0.071875       0.0140625             115              79
32900             182              37      0.07109375     0.014453125             116              79
33000             182              37      0.07109375     0.014453125             116              79
33100             180              38       0.0703125      0.01484375             117              79
33200             180              38       0.0703125      0.01484375             117              79
33300             180              38       0.0703125      0.01484375             117              79
33400             182              37      0.07109375     0.014453125             117              80
33500             182              37      0.07109375     0.014453125             117              80
33600             178              39      0.06953125     0.015234375             119              80
33700             176              40         0.06875        0.015625             121              81
33800             176              40         0.06875        0.015625             121              81
33900             178              39      0.06953125     0.015234375             121              82
34000             178              39      0.06953125     0.015234375             121              82
34100             178              39      0.06953125     0.015234375             121              82
34200             178              39      0.06953125     0.015234375             121              82
34300             180              38       0.0703125      0.01484375             121              83
34400             180              38       0.0703125      0.01484375             121              83
34500             178              39      0.06953125     0.015234375             122              83
34600             180              38       0.0703125      0.01484375             122              84
34700             178              39      0.06953125     0.015234375             123              84
34800             174              41      0.06796875     0.016015625             125              84
34900             174              41      0.06796875     0.016015625             125              84
35000             174              41      0.06796875     0.016015625             125              84
35100             174              41      0.06796875     0.016015625             125              84
35200             172              42       0.0671875      0.01640625             126              84
35300             172              42       0.0671875      0.01640625             126              84
35400             176              40         0.06875        0.015625             126              86
35500             174              41      0.06796875     0.016015625             127              86
35600             172              42       0.0671875      0.01640625             128              86
35700             172              42       0.0671875      0.01640625             128              86
35800             170              43      0.06640625     0.016796875             129              86
35900             170              43      0.06640625     0.016796875             129              86
36000             170              43      0.06640625     0.016796875             129              86
36100             170              43      0.06640625     0.016796875             130              87
36200             172              42       0.0671875      0.01640625             130              88
36300             174              41      0.06796875     0.016015625             130              89
36400             174              41      0.06796875     0.016015625             130              89
36500             174              41      0.06796875     0.016015625             130              89
36600             174              41      0.06796875     0.016015625             130              89
36700             178              39      0.06953125     0.015234375             130              91
36800             178              39      0.06953125     0.015234375             130              91
36900             178              39      0.06953125     0.015234375             130              91
37000             180              38       0.0703125      0.01484375             130              92
37100             182              37      0.07109375     0.014453125             130              93
37200             182              37      0.07109375     0.014453125             130              93
37300             182              37      0.07109375     0.014453125             130              93
37400             186              35      0.07265625     0.013671875             130              95
37500             186              35      0.07265625     0.013671875             130              95
37600             186              35      0.07265625     0.013671875             130              95
37700             186              35      0.07265625     0.013671875             130              95
37800             184              36        0.071875       0.0140625             131              95
37900             184              36        0.071875       0.0140625             131              95
38000             184              36        0.071875       0.0140625             131              95
38100             184              36        0.071875       0.0140625             131              95
38200             184              36        0.071875       0.0140625             131              95
38300             184              36        0.071875       0.0140625             131              95
38400             184              36        0.071875       0.0140625             131              95
38500             184              36        0.071875       0.0140625             131              95
38600             184              36        0.071875       0.0140625             131              95
38700             184              36        0.071875       0.0140625             132              96
38800             180              38       0.0703125      0.01484375             134              96
38900             178              39      0.06953125     0.015234375             135              96
39000             178              39      0.06953125     0.015234375             135              96
39100             178              39      0.06953125     0.015234375             135              96
39200             178              39      0.06953125     0.015234375             135              96
39300             178              39      0.06953125     0.015234375             135              96
39400             180              38       0.0703125      0.01484375             135              97
39500             180              38       0.0703125      0.01484375             135              97
39600             180              38       0.0703125      0.01484375             135              97
39700             180              38       0.0703125      0.01484375             135              97
39800             182              37      0.07109375     0.014453125             135              98
39900             180              38       0.0703125      0.01484375             136              98
40000             180              38       0.0703125      0.01484375             136              98
40100             184              36        0.071875       0.0140625             136             100
40200             184              36        0.071875       0.0140625             136             100
40300             184              36        0.071875       0.0140625             136             100
40400             188              34       0.0734375      0.01328125             136             102
40500             188              34       0.0734375      0.01328125             136             102
40600             188              34       0.0734375      0.01328125             136             102
40700             190              33      0.07421875     0.012890625             136             103
40800             190              33      0.07421875     0.012890625             136             103
40900             190              33      0.07421875     0.012890625             136             103
41000             190              33      0.07421875     0.012890625             137             104
41100             186              35      0.07265625     0.013671875             139             104
41200             184              36        0.071875       0.0140625             140             104
41300             184              36        0.071875       0.0140625             140             104
41400             184              36        0.071875       0.0140625             140             104
41500             186              35      0.07265625     0.013671875             140             105
41600             188              34       0.0734375      0.01328125             140             106
41700             188              34       0.0734375      0.01328125             140             106
41800             188              34       0.0734375      0.01328125             140             106
41900             188              34       0.0734375      0.01328125             140             106
42000             188              34       0.0734375      0.01328125             140             106
42100             188              34       0.0734375      0.01328125             140             106
42200             188              34       0.0734375      0.01328125             140             106
42300             188              34       0.0734375      0.01328125             140             106
42400             190              33      0.07421875     0.012890625             140             107
42500             188              34       0.0734375      0.01328125             141             107
42600             188              34       0.0734375      0.01328125             141             107
42700             188              34       0.0734375      0.01328125             141             107
42800             188              34       0.0734375      0.01328125             141             107
42900             188              34       0.0734375      0.01328125             141             107
43000             190              33      0.07421875     0.012890625             141             108
43100             190              33      0.07421875     0.012890625             141             108
43200             188              34       0.0734375      0.01328125             142             108
43300             190              33      0.07421875     0.012890625             143             110
43400             190              33      0.07421875     0.012890625             143             110
43500             188              34       0.0734375      0.01328125             144             110
43600             190              33      0.07421875     0.012890625             144             111
43700             190              33      0.07421875     0.012890625             144             111
43800             190              33      0.07421875     0.012890625             144             111
43900             190              33      0.07421875     0.012890625             144             111
44000             188              34       0.0734375      0.01328125             145             111
44100             186              35      0.07265625     0.013671875             146             111
44200             186              35      0.07265625     0.013671875             146             111
44300             186              35      0.07265625     0.013671875             146             111
44400             186              35      0.07265625     0.013671875             148             113
44500             186              35      0.07265625     0.013671875             148             113
44600             184              36        0.071875       0.0140625             149             113
44700             184              36        0.071875       0.0140625             149             113
44800             184              36        0.071875       0.0140625             149             113
44900             184              36        0.071875       0.0140625             149             113
45000             184              36        0.071875       0.0140625             149             113
45100             186              35      0.07265625     0.013671875             149             114
45200             190              33      0.07421875     0.012890625             149             116
45300             188              34       0.0734375      0.01328125             150             116
45400             188              34       0.0734375      0.01328125             150             116
45500             188              34       0.0734375      0.01328125             150             116
45600             188              34       0.0734375      0.01328125             150             116
45700             186              35      0.07265625     0.013671875             151             116
45800             184              36        0.071875       0.0140625             153             117
45900             184              36        0.071875       0.0140625             153             117
46000             182              37      0.07109375     0.014453125             154             117
46100             182              37      0.07109375     0.014453125             154             117
46200             184              36        0.071875       0.0140625             154             118
46300             184              36        0.071875       0.0140625             154             118
46400             186              35      0.07265625     0.013671875             154             119
46500             186              35      0.07265625     0.013671875             154             119
46600             184              36        0.071875       0.0140625             155             119
46700             182              37      0.07109375     0.014453125             156             119
46800             184              36        0.071875       0.0140625             156             120
46900             184              36        0.071875       0.0140625             156             120
47000             184              36        0.071875       0.0140625             156             120
47100             184              36        0.071875       0.0140625             156             120
47200             186              35      0.07265625     0.013671875             156             121
47300             188              34       0.0734375      0.01328125             156             122
47400             188              34       0.0734375      0.01328125             156             122
47500             186              35      0.07265625     0.013671875             157             122
47600             188              34       0.0734375      0.01328125             157             123
47700             188              34       0.0734375      0.01328125             157             123
47800             188              34       0.0734375      0.01328125             157             123
47900             190              33      0.07421875     0.012890625             157             124
48000             192              32           0.075          0.0125             157             125
48100             190              33      0.07421875     0.012890625             158             125
48200             186              35      0.07265625     0.013671875             160             125
48300             188              34       0.0734375      0.01328125             160             126
48400             186              35      0.07265625     0.013671875             161             126
48500             184              36        0.071875       0.0140625             162             126
48600             186              35      0.07265625     0.013671875             162             127
48700             182              37      0.07109375     0.014453125             164             127
48800             182              37      0.07109375     0.014453125             164             127
48900             186              35      0.07265625     0.013671875             164             129
49000             186              35      0.07265625     0.013671875             164             129
49100             186              35      0.07265625     0.013671875             164             129
49200             186              35      0.07265625     0.013671875             164             129
49300             186              35      0.07265625     0.013671875             164             129
49400             186              35      0.07265625     0.013671875             164             129
49500             188              34       0.0734375      0.01328125             164             130
49600             190              33      0.07421875     0.012890625             164             131
49700             190              33      0.07421875     0.012890625             164             131
49800             190              33      0.07421875     0.012890625             164             131
49900             190              33      0.07421875     0.012890625             164             131
50000             190              33      0.07421875     0.012890625             164             131
50100             190              33      0.07421875     0.012890625             164             131
50200             190              33      0.07421875     0.012890625             164             131
50300             190              33      0.07421875     0.012890625             164             131
50400             186              35      0.07265625     0.013671875             166             131
50500             188              34       0.0734375      0.01328125             166             132
50600             188              34       0.0734375      0.01328125             166             132
50700             188              34       0.0734375      0.01328125             166             132
50800             186              35      0.07265625     0.013671875             167             132
50900             186              35      0.07265625     0.013671875             167             132
51000             188              34       0.0734375      0.01328125             167             133
51100             190              33      0.07421875     0.012890625             167             134
51200             188              34       0.0734375      0.01328125             168             134
51300             186              35      0.07265625     0.013671875             169             134
51400             186              35      0.07265625     0.013671875             169             134
51500             186              35      0.07265625     0.013671875             169             134
51600             186              35      0.07265625     0.013671875             169             134
51700             186              35      0.07265625     0.013671875             169             134
51800             188              34       0.0734375      0.01328125             169             135
51900             188              34       0.0734375      0.01328125             169             135
52000             188              34       0.0734375      0.01328125             169             135
52100             192              32           0.075          0.0125             169             137
52200             194              31      0.07578125     0.012109375             169             138
52300             194              31      0.07578125     0.012109375             169             138
52400             192              32           0.075          0.0125             170             138
52500             192              32           0.075          0.0125             170             138
52600             190              33      0.07421875     0.012890625             172             139
52700             190              33      0.07421875     0.012890625             172             139
52800             190              33      0.07421875     0.012890625             172             139
52900             188              34       0.0734375      0.01328125             173             139
53000             188              34       0.0734375      0.01328125             173             139
53100             188              34       0.0734375      0.01328125             173             139
53200             188              34       0.0734375      0.01328125             173             139
53300             188              34       0.0734375      0.01328125             173             139
53400             188              34       0.0734375      0.01328125             173             139
53500             188              34       0.0734375      0.01328125             173             139
53600             186              35      0.07265625     0.013671875             174             139
53700             186              35      0.07265625     0.013671875             174             139
53800             188              34       0.0734375      0.01328125             174             140
53900             188              34       0.0734375      0.01328125             174             140
54000             190              33      0.07421875     0.012890625             174             141
54100             190              33      0.07421875     0.012890625             174             141
54200             190              33      0.07421875     0.012890625             174             141
54300             190              33      0.07421875     0.012890625             174             141
54400             190              33      0.07421875     0.012890625             174             141
54500             186              35      0.07265625     0.013671875             176             141
54600             186              35      0.07265625     0.013671875             176             141
54700             186              35      0.07265625     0.013671875             176             141
54800             186              35      0.07265625     0.013671875             176             141
54900             188              34       0.0734375      0.01328125             176             142
55000             192              32           0.075          0.0125             176             144
55100             192              32           0.075          0.0125             176             144
55200             192              32           0.075          0.0125             177             145
55300             192              32           0.075          0.0125             177             145
55400             192              32           0.075          0.0125             177             145
55500             192              32           0.075          0.0125             177             145
55600             192              32           0.075          0.0125             177             145
55700             192              32           0.075          0.0125             177             145
55800             194              31      0.07578125     0.012109375             177             146
55900             194              31      0.07578125     0.012109375             177             146
56000             194              31      0.07578125     0.012109375             177             146
56100             194              31      0.07578125     0.012109375             177             146
56200             194              31      0.07578125     0.012109375             177             146
56300             194              31      0.07578125     0.012109375             177             146
56400             192              32           0.075          0.0125             178             146
56500             192              32           0.075          0.0125             178             146
56600             192              32           0.075          0.0125             178             146
56700             190              33      0.07421875     0.012890625             179             146
56800             190              33      0.07421875     0.012890625             179             146
56900             192              32           0.075          0.0125             179             147
57000             192              32           0.075          0.0125             179             147
57100             192              32           0.075          0.0125             179             147
57200             192              32           0.075          0.0125             179             147
57300             190              33      0.07421875     0.012890625             180             147
57400             190              33      0.07421875     0.012890625             180             147
57500             190              33      0.07421875     0.012890625             180             147
57600             190              33      0.07421875     0.012890625             181             148
57700             192              32           0.075          0.0125             181             149
57800             192              32           0.075          0.0125             181             149
57900             192              32           0.075          0.0125             181             149
58000             192              32           0.075          0.0125             181             149
58100             188              34       0.0734375      0.01328125             183             149
58200             188              34       0.0734375      0.01328125             183             149
58300             188              34       0.0734375      0.01328125             183             149
58400             186              35      0.07265625     0.013671875             184             149
58500             186              35      0.07265625     0.013671875             184             149
58600             186              35      0.07265625     0.013671875             184             149
58700             186              35      0.07265625     0.013671875             184             149
58800             186              35      0.07265625     0.013671875             184             149
58900             190              33      0.07421875     0.012890625             184             151
59000             190              33      0.07421875     0.012890625             184             151
59100             190              33      0.07421875     0.012890625             184             151
59200             190              33      0.07421875     0.012890625             184             151
59300             190              33      0.07421875     0.012890625             184             151
59400             188              34       0.0734375      0.01328125             185             151
59500             190              33      0.07421875     0.012890625             185             152
59600             192              32           0.075          0.0125             185             153
59700             194              31      0.07578125     0.012109375             185             154
59800             194              31      0.07578125     0.012109375             185             154
59900             196              30       0.0765625      0.01171875             185             155
60000             196              30       0.0765625      0.01171875             185             155
60100             196              30       0.0765625      0.01171875             185             155
60200             194              31      0.07578125     0.012109375             186             155
60300             196              30       0.0765625      0.01171875             186             156
60400             194              31      0.07578125     0.012109375             187             156
60500             194              31      0.07578125     0.012109375             187             156
60600             194              31      0.07578125     0.012109375             187             156
60700             194              31      0.07578125     0.012109375             187             156
60800             194              31      0.07578125     0.012109375             187             156
60900             198              29      0.07734375     0.011328125             187             158
61000             200              28        0.078125       0.0109375             187             159
61100             200              28        0.078125       0.0109375             187             159
61200             200              28        0.078125       0.0109375             187             159
61300             200              28        0.078125       0.0109375             187             159
61400             200              28        0.078125       0.0109375             187             159
61500             198              29      0.07734375     0.011328125             188             159
61600             198              29      0.07734375     0.011328125             188             159
61700             198              29      0.07734375     0.011328125             188             159
61800             200              28        0.078125       0.0109375             188             160
61900             198              29      0.07734375     0.011328125             189             160
62000             198              29      0.07734375     0.011328125             189             160
62100             196              30       0.0765625      0.01171875             190             160
62200             196              30       0.0765625      0.01171875             190             160
62300             196              30       0.0765625      0.01171875             190             160
62400             196              30       0.0765625      0.01171875             190             160
62500             196              30       0.0765625      0.01171875             190             160
62600             196              30       0.0765625      0.01171875             190             160
62700             196              30       0.0765625      0.01171875             190             160
62800             192              32           0.075          0.0125             192             160
62900             192              32           0.075          0.0125             192             160
63000             190              33      0.07421875     0.012890625             193             160
63100             190              33      0.07421875     0.012890625             193             160
63200             190              33      0.07421875     0.012890625             193             160
63300             190              33      0.07421875     0.012890625             193             160
63400             192              32           0.075          0.0125             193             161
63500             190              33      0.07421875     0.012890625             194             161
63600             188              34       0.0734375      0.01328125             196             162
63700             190              33      0.07421875     0.012890625             196             163
63800             190              33      0.07421875     0.012890625             196             163
63900             190              33      0.07421875     0.012890625             196             163
64000             188              34       0.0734375      0.01328125             197             163
64100             188              34       0.0734375      0.01328125             197             163
64200             188              34       0.0734375      0.01328125             197             163
64300             188              34       0.0734375      0.01328125             197             163
64400             186              35      0.07265625     0.013671875             198             163
64500             186              35      0.07265625     0.013671875             198             163
64600             184              36        0.071875       0.0140625             199             163
64700             184              36        0.071875       0.0140625             199             163
64800             182              37      0.07109375     0.014453125             200             163
64900             180              38       0.0703125      0.01484375             201             163
65000             180              38       0.0703125      0.01484375             201             163
65100             180              38       0.0703125      0.01484375             201             163
65200             182              37      0.07109375     0.014453125             201             164
65300             182              37      0.07109375     0.014453125             202             165
65400             180              38       0.0703125      0.01484375             203             165
65500             180              38       0.0703125      0.01484375             203             165
65600             180              38       0.0703125      0.01484375             203             165
65700             180              38       0.0703125      0.01484375             203             165
65800             180              38       0.0703125      0.01484375             203             165
65900             180              38       0.0703125      0.01484375             203             165
66000             182              37      0.07109375     0.014453125             203             166
66100             182              37      0.07109375     0.014453125             204             167
66200             184              36        0.071875       0.0140625             204             168
66300             184              36        0.071875       0.0140625             204             168
66400             184              36        0.071875       0.0140625             204             168
66500             184              36        0.071875       0.0140625             204             168
66600             184              36        0.071875       0.0140625             204             168
66700             184              36        0.071875       0.0140625             204             168
66800             184              36        0.071875       0.0140625             205             169
66900             184              36        0.071875       0.0140625             205             169
67000             184              36        0.071875       0.0140625             205             169
67100             184              36        0.071875       0.0140625             205             169
67200             184              36        0.071875       0.0140625             205             169
67300             184              36        0.071875       0.0140625             205             169
67400             182              37      0.07109375     0.014453125             206             169
67500             182              37      0.07109375     0.014453125             206             169
67600             182              37      0.07109375     0.014453125             207             170
67700             182              37      0.07109375     0.014453125             207             170
67800             182              37      0.07109375     0.014453125             207             170
67900             182              37      0.07109375     0.014453125             207             170
68000             182              37      0.07109375     0.014453125             207             170
68100             182              37      0.07109375     0.014453125             207             170
68200             180              38       0.0703125      0.01484375             208             170
68300             182              37      0.07109375     0.014453125             208             171
68400             182              37      0.07109375     0.014453125             208             171
68500             182              37      0.07109375     0.014453125             208             171
68600             182              37      0.07109375     0.014453125             208             171
68700             184              36        0.071875       0.0140625             208             172
68800             184              36        0.071875       0.0140625             208             172
68900             186              35      0.07265625     0.013671875             208             173
69000             184              36        0.071875       0.0140625             209             173
69100             184              36        0.071875       0.0140625             209             173
69200             186              35      0.07265625     0.013671875             209             174
69300             186              35      0.07265625     0.013671875             209             174
69400             184              36        0.071875       0.0140625             210             174
69500             184              36        0.071875       0.0140625             210             174
69600             188              34       0.0734375      0.01328125             210             176
69700             188              34       0.0734375      0.01328125             210             176
69800             190              33      0.07421875     0.012890625             210             177
69900             190              33      0.07421875     0.012890625             210             177
70000             188              34       0.0734375      0.01328125             211             177
70100             190              33      0.07421875     0.012890625             211             178
70200             190              33      0.07421875     0.012890625             211             178
70300             186              35      0.07265625     0.013671875             213             178
70400             186              35      0.07265625     0.013671875             213             178
70500             186              35      0.07265625     0.013671875             214             179
70600             186              35      0.07265625     0.013671875             214             179
70700             186              35      0.07265625     0.013671875             214             179
70800             184              36        0.071875       0.0140625             215             179
70900             184              36        0.071875       0.0140625             215             179
71000             184              36        0.071875       0.0140625             215             179
71100             184              36        0.071875       0.0140625             215             179
71200             184              36        0.071875       0.0140625             215             179
71300             184              36        0.071875       0.0140625             215             179
71400             184              36        0.071875       0.0140625             215             179
71500             182              37      0.07109375     0.014453125             216             179
71600             182              37      0.07109375     0.014453125             216             179
71700             184              36        0.071875       0.0140625             217             181
71800             188              34       0.0734375      0.01328125             217             183
71900             188              34       0.0734375      0.01328125             218             184
72000             186              35      0.07265625     0.013671875             219             184
72100             188              34       0.0734375      0.01328125             219             185
72200             188              34       0.0734375      0.01328125             219             185
72300             188              34       0.0734375      0.01328125             220             186
72400             188              34       0.0734375      0.01328125             220             186
72500             188              34       0.0734375      0.01328125             220             186
72600             188              34       0.0734375      0.01328125             220             186
72700             188              34       0.0734375      0.01328125             220             186
72800             186              35      0.07265625     0.013671875             221             186
72900             186              35      0.07265625     0.013671875             221             186
73000             188              34       0.0734375      0.01328125             221             187
73100             188              34       0.0734375      0.01328125             221             187
73200             188              34       0.0734375      0.01328125             221             187
73300             190              33      0.07421875     0.012890625             221             188
73400             188              34       0.0734375      0.01328125             222             188
73500             188              34       0.0734375      0.01328125             222             188
73600             188              34       0.0734375      0.01328125             222             188
73700             188              34       0.0734375      0.01328125             222             188
73800             188              34       0.0734375      0.01328125             222             188
73900             188              34       0.0734375      0.01328125             222             188
74000             190              33      0.07421875     0.012890625             222             189
74100             190              33      0.07421875     0.012890625             222             189
74200             188              34       0.0734375      0.01328125             223             189
74300             188              34       0.0734375      0.01328125             223             189
74400             188              34       0.0734375      0.01328125             223             189
74500             190              33      0.07421875     0.012890625             223             190
74600             190              33      0.07421875     0.012890625             223             190
74700             186              35      0.07265625     0.013671875             225             190
74800             184              36        0.071875       0.0140625             226             190
74900             182              37      0.07109375     0.014453125             227             190
75000             182              37      0.07109375     0.014453125             227             190
75100             180              38       0.0703125      0.01484375             228             190
75200             180              38       0.0703125      0.01484375             228             190
75300             180              38       0.0703125      0.01484375             228             190
75400             180              38       0.0703125      0.01484375             228             190
75500             184              36        0.071875       0.0140625             228             192
75600             178              39      0.06953125     0.015234375             231             192
75700             178              39      0.06953125     0.015234375             231             192
75800             178              39      0.06953125     0.015234375             231             192
75900             174              41      0.06796875     0.016015625             233             192
76000             172              42       0.0671875      0.01640625             234             192
76100             172              42       0.0671875      0.01640625             234             192
76200             174              41      0.06796875     0.016015625             234             193
76300             174              41      0.06796875     0.016015625             234             193
76400             174              41      0.06796875     0.016015625             235             194
76500             174              41      0.06796875     0.016015625             235             194
76600             176              40         0.06875        0.015625             235             195
76700             180              38       0.0703125      0.01484375             235             197
76800             180              38       0.0703125      0.01484375             235             197
76900             180              38       0.0703125      0.01484375             235             197
77000             180              38       0.0703125      0.01484375             235             197
77100             180              38       0.0703125      0.01484375             235             197
77200             180              38       0.0703125      0.01484375             235             197
77300             178              39      0.06953125     0.015234375             236             197
77400             178              39      0.06953125     0.015234375             236             197
77500             178              39      0.06953125     0.015234375             236             197
77600             182              37      0.07109375     0.014453125             236             199
77700             182              37      0.07109375     0.014453125             236             199
77800             184              36        0.071875       0.0140625             236             200
77900             184              36        0.071875       0.0140625             236             200
78000             184              36        0.071875       0.0140625             236             200
78100             184              36        0.071875       0.0140625             236             200
78200             184              36        0.071875       0.0140625             236             200
78300             184              36        0.071875       0.0140625             236             200
78400             182              37      0.07109375     0.014453125             237             200
78500             180              38       0.0703125      0.01484375             238             200
78600             182              37      0.07109375     0.014453125             238             201
78700             182              37      0.07109375     0.014453125             238             201
78800             182              37      0.07109375     0.014453125             238             201
78900             182              37      0.07109375     0.014453125             238             201
79000             182              37      0.07109375     0.014453125             238             201
79100             182              37      0.07109375     0.014453125             238             201
79200             182              37      0.07109375     0.014453125             239             202
79300             182              37      0.07109375     0.014453125             239             202
79400             182              37      0.07109375     0.014453125             239             202
79500             182              37      0.07109375     0.014453125             239             202
79600             182              37      0.07109375     0.014453125             239             202
79700             182              37      0.07109375     0.014453125             240             203
79800             182              37      0.07109375     0.014453125             240             203
79900             182              37      0.07109375     0.014453125             240             203
80000             182              37      0.07109375     0.014453125             240             203
80100             182              37      0.07109375     0.014453125             240             203
80200             180              38       0.0703125      0.01484375             241             203
80300             182              37      0.07109375     0.014453125             241             204
80400             184              36        0.071875       0.0140625             241             205
80500             186              35      0.07265625     0.013671875             241             206
80600             186              35      0.07265625     0.013671875             241             206
80700             184              36        0.071875       0.0140625             242             206
80800             184              36        0.071875       0.0140625             242             206
80900             184              36        0.071875       0.0140625             242             206
81000             184              36        0.071875       0.0140625             242             206
81100             182              37      0.07109375     0.014453125             243             206
81200             178              39      0.06953125     0.015234375             245             206
81300             176              40         0.06875        0.015625             246             206
81400             176              40         0.06875        0.015625             246             206
81500             178              39      0.06953125     0.015234375             246             207
81600             178              39      0.06953125     0.015234375             246             207
81700             178              39      0.06953125     0.015234375             246             207
81800             178              39      0.06953125     0.015234375             246             207
81900             176              40         0.06875        0.015625             247             207
82000             178              39      0.06953125     0.015234375             247             208
82100             180              38       0.0703125      0.01484375             247             209
82200             180              38       0.0703125      0.01484375             247             209
82300             180              38       0.0703125      0.01484375             247             209
82400             182              37      0.07109375     0.014453125             247             210
82500             182              37      0.07109375     0.014453125             247             210
82600             182              37      0.07109375     0.014453125             247             210
82700             182              37      0.07109375     0.014453125             247             210
82800             182              37      0.07109375     0.014453125             247             210
82900             184              36        0.071875       0.0140625             248             212
83000             184              36        0.071875       0.0140625             248             212
83100             182              37      0.07109375     0.014453125             249             212
83200             180              38       0.0703125      0.01484375             250             212
83300             180              38       0.0703125      0.01484375             251             213
83400             180              38       0.0703125      0.01484375             251             213
83500             180              38       0.0703125      0.01484375             251             213
83600             180              38       0.0703125      0.01484375             251             213
83700             178              39      0.06953125     0.015234375             252             213
83800             182              37      0.07109375     0.014453125             252             215
83900             182              37      0.07109375     0.014453125             252             215
84000             182              37      0.07109375     0.014453125             252             215
84100             182              37      0.07109375     0.014453125             252             215
84200             182              37      0.07109375     0.014453125             252             215
84300             182              37      0.07109375     0.014453125             252             215
84400             182              37      0.07109375     0.014453125             252             215
84500             180              38       0.0703125      0.01484375             253             215
84600             180              38       0.0703125      0.01484375             253             215
84700             180              38       0.0703125      0.01484375             253             215
84800             178              39      0.06953125     0.015234375             254             215
84900             178              39      0.06953125     0.015234375             254             215
85000             176              40         0.06875        0.015625             255             215
85100             176              40         0.06875        0.015625             255             215
85200             180              38       0.0703125      0.01484375             255             217
85300             180              38       0.0703125      0.01484375             255             217
85400             184              36        0.071875       0.0140625             255             219
85500             184              36        0.071875       0.0140625             255             219
85600             182              37      0.07109375     0.014453125             256             219
85700             182              37      0.07109375     0.014453125             256             219
85800             180              38       0.0703125      0.01484375             257             219
85900             178              39      0.06953125     0.015234375             258             219
86000             178              39      0.06953125     0.015234375             258             219
86100             178              39      0.06953125     0.015234375             258             219
86200             180              38       0.0703125      0.01484375             258             220
86300             180              38       0.0703125      0.01484375             258             220
86400             178              39      0.06953125     0.015234375             259             220
86500             176              40         0.06875        0.015625             260             220
86600             176              40         0.06875        0.015625             260             220
86700             176              40         0.06875        0.015625             260             220
86800             176              40         0.06875        0.015625             260             220
86900             176              40         0.06875        0.015625             261             221
87000             178              39      0.06953125     0.015234375             261             222
87100             178              39      0.06953125     0.015234375             261             222
87200             178              39      0.06953125     0.015234375             261             222
87300             176              40         0.06875        0.015625             262             222
87400             178              39      0.06953125     0.015234375             262             223
87500             178              39      0.06953125     0.015234375             262             223
87600             178              39      0.06953125     0.015234375             262             223
87700             178              39      0.06953125     0.015234375             262             223
87800             180              38       0.0703125      0.01484375             262             224
87900             180              38       0.0703125      0.01484375             262             224
88000             180              38       0.0703125      0.01484375             262             224
88100             180              38       0.0703125      0.01484375             262             224
88200             180              38       0.0703125      0.01484375             262             224
88300             180              38       0.0703125      0.01484375             262             224
88400             180              38       0.0703125      0.01484375             262             224
88500             182              37      0.07109375     0.014453125             262             225
88600             182              37      0.07109375     0.014453125             262             225
88700             180              38       0.0703125      0.01484375             263             225
88800             178              39      0.06953125     0.015234375             264             225
88900             178              39      0.06953125     0.015234375             264             225
89000             178              39      0.06953125     0.015234375             264             225
89100             178              39      0.06953125     0.015234375             264             225
89200             180              38       0.0703125      0.01484375             264             226
89300             180              38       0.0703125      0.01484375             264             226
89400             180              38       0.0703125      0.01484375             264             226
89500             180              38       0.0703125      0.01484375             265             227
89600             180              38       0.0703125      0.01484375             265             227
89700             178              39      0.06953125     0.015234375             266             227
89800             178              39      0.06953125     0.015234375             266             227
89900             178              39      0.06953125     0.015234375             266             227
90000             178              39      0.06953125     0.015234375             266             227
90100             178              39      0.06953125     0.015234375             266             227
90200             178              39      0.06953125     0.015234375             266             227
90300             176              40         0.06875        0.015625             267             227
90400             180              38       0.0703125      0.01484375             267             229
90500             182              37      0.07109375     0.014453125             267             230
90600             182              37      0.07109375     0.014453125             267             230
90700             180              38       0.0703125      0.01484375             268             230
90800             180              38       0.0703125      0.01484375             268             230
90900             180              38       0.0703125      0.01484375             268             230
91000             180              38       0.0703125      0.01484375             268             230
91100             180              38       0.0703125      0.01484375             268             230
91200             180              38       0.0703125      0.01484375             268             230
91300             180              38       0.0703125      0.01484375             268             230
91400             180              38       0.0703125      0.01484375             269             231
91500             180              38       0.0703125      0.01484375             269             231
91600             180              38       0.0703125      0.01484375             269             231
91700             180              38       0.0703125      0.01484375             269             231
91800             180              38       0.0703125      0.01484375             269             231
91900             182              37      0.07109375     0.014453125             269             232
92000             182              37      0.07109375     0.014453125             269             232
92100             180              38       0.0703125      0.01484375             270             232
92200             180              38       0.0703125      0.01484375             270             232
92300             180              38       0.0703125      0.01484375             270             232
92400             182              37      0.07109375     0.014453125             270             233
92500             184              36        0.071875       0.0140625             270             234
92600             184              36        0.071875       0.0140625             270             234
92700             184              36        0.071875       0.0140625             270             234
92800             184              36        0.071875       0.0140625             270             234
92900             182              37      0.07109375     0.014453125             271             234
93000             184              36        0.071875       0.0140625             271             235
93100             184              36        0.071875       0.0140625             271             235
93200             182              37      0.07109375     0.014453125             272             235
93300             180              38       0.0703125      0.01484375             273             235
93400             182              37      0.07109375     0.014453125             273             236
93500             182              37      0.07109375     0.014453125             273             236
93600             182              37      0.07109375     0.014453125             273             236
93700             180              38       0.0703125      0.01484375             274             236
93800             178              39      0.06953125     0.015234375             275             236
93900             180              38       0.0703125      0.01484375             275             237
94000             180              38       0.0703125      0.01484375             275             237
94100             180              38       0.0703125      0.01484375             275             237
94200             180              38       0.0703125      0.01484375             275             237
94300             180              38       0.0703125      0.01484375             275             237
94400             180              38       0.0703125      0.01484375             275             237
94500             178              39      0.06953125     0.015234375             276             237
94600             178              39      0.06953125     0.015234375             276             237
94700             178              39      0.06953125     0.015234375             276             237
94800             176              40         0.06875        0.015625             277             237
94900             176              40         0.06875        0.015625             277             237
95000             176              40         0.06875        0.015625             277             237
95100             176              40         0.06875        0.015625             277             237
95200             174              41      0.06796875     0.016015625             278             237
95300             174              41      0.06796875     0.016015625             278             237
95400             172              42       0.0671875      0.01640625             279             237
95500             172              42       0.0671875      0.01640625             279             237
95600             172              42       0.0671875      0.01640625             279             237
95700             172              42       0.0671875      0.01640625             279             237
95800             172              42       0.0671875      0.01640625             279             237
95900             172              42       0.0671875      0.01640625             279             237
96000             172              42       0.0671875      0.01640625             279             237
96100             172              42       0.0671875      0.01640625             279             237
96200             174              41      0.06796875     0.016015625             279             238
96300             174              41      0.06796875     0.016015625             279             238
96400             172              42       0.0671875      0.01640625             280             238
96500             172              42       0.0671875      0.01640625             280             238
96600             172              42       0.0671875      0.01640625             280             238
96700             172              42       0.0671875      0.01640625             280             238
96800             170              43      0.06640625     0.016796875             281             238
96900             170              43      0.06640625     0.016796875             281             238
97000             170              43      0.06640625     0.016796875             281             238
97100             170              43      0.06640625     0.016796875             281             238
97200             170              43      0.06640625     0.016796875             281             238
97300             172              42       0.0671875      0.01640625             281             239
97400             172              42       0.0671875      0.01640625             281             239
97500             172              42       0.0671875      0.01640625             281             239
97600             172              42       0.0671875      0.01640625             282             240
97700             172              42       0.0671875      0.01640625             282             240
97800             170              43      0.06640625     0.016796875             283             240
97900             170              43      0.06640625     0.016796875             283             240
98000             168              44        0.065625       0.0171875             284             240
98100             166              45      0.06484375     0.017578125             285             240
98200             166              45      0.06484375     0.017578125             285             240
98300             166              45      0.06484375     0.017578125             285             240
98400             166              45      0.06484375     0.017578125             285             240
98500             166              45      0.06484375     0.017578125             285             240
98600             166              45      0.06484375     0.017578125             285             240
98700             164              46       0.0640625      0.01796875             286             240
98800             164              46       0.0640625      0.01796875             286             240
98900             166              45      0.06484375     0.017578125             286             241
99000             166              45      0.06484375     0.017578125             286             241
99100             166              45      0.06484375     0.017578125             286             241
99200             166              45      0.06484375     0.017578125             286             241
99300             166              45      0.06484375     0.017578125             286             241
99400             166              45      0.06484375     0.017578125             286             241
99500             166              45      0.06484375     0.017578125             286             241
99600             166              45      0.06484375     0.017578125             286             241
99700             166              45      0.06484375     0.017578125             286             241
99800             166              45      0.06484375     0.017578125             286             241
99900             168              44        0.065625       0.0171875             286             242
100000             170              43      0.06640625     0.016796875             286             243
