# Time-averaged data for fix observ
# TimeStep v_nfree v_ndimer v_cfree v_cdimer f_kinetics[2] f_kinetics[3]
0             256               0             0.1               0               0               0
100             256               0             0.1               0               0               0
200             256               0             0.1               0               0               0
300             256               0             0.1               0               0               0
400             256               0             0.1               0               0               0
500             256               0             0.1               0               0               0
600             254               1      0.09921875     0.000390625               1               0
700             250               3      0.09765625     0.001171875               3               0
800             250               3      0.09765625     0.001171875               3               0
900             248               4        0.096875       0.0015625               4               0
1000             248               4        0.096875       0.0015625               4               0
1100             248               4        0.096875       0.0015625               4               0
1200             248               4        0.096875       0.0015625               4               0
1300             248               4        0.096875       0.0015625               4               0
1400             248               4        0.096875       0.0015625               4               0
1500             248               4        0.096875       0.0015625               4               0
1600             248               4        0.096875       0.0015625               4               0
1700             248               4        0.096875       0.0015625               4               0
1800             248               4        0.096875       0.0015625               4               0
1900             248               4        0.096875       0.0015625               4               0
2000             248               4        0.096875       0.0015625               4               0
2100             248               4        0.096875       0.0015625               4               0
2200             248               4        0.096875       0.0015625               4               0
2300             248               4        0.096875       0.0015625               4               0
2400             246               5      0.09609375     0.001953125               5               0
2500             246               5      0.09609375     0.001953125               5               0
2600             246               5      0.09609375     0.001953125               5               0
2700             246               5      0.09609375     0.001953125               5               0
2800             246               5      0.09609375     0.001953125               5               0
2900             246               5      0.09609375     0.001953125               5               0
3000             246               5      0.09609375     0.001953125               5               0
3100             244               6       0.0953125      0.00234375               6               0
3200             244               6       0.0953125      0.00234375               6               0
3300             244               6       0.0953125      0.00234375               6               0
3400             242               7      0.09453125     0.002734375               7               0
3500             242               7      0.09453125     0.002734375               7               0
3600             242               7      0.09453125     0.002734375               7               0
3700             242               7      0.09453125     0.002734375               7               0
3800             242               7      0.09453125     0.002734375               7               0
3900             242               7      0.09453125     0.002734375               7               0
4000             242               7      0.09453125     0.002734375               7               0
4100             242               7      0.09453125     0.002734375               7               0
4200             242               7      0.09453125     0.002734375               7               0
4300             242               7      0.09453125     0.002734375               7               0
4400             242               7      0.09453125     0.002734375               7               0
4500             242               7      0.09453125     0.002734375               7               0
4600             242               7      0.09453125     0.002734375               7               0
4700             242               7      0.09453125     0.002734375               7               0
4800             242               7      0.09453125     0.002734375               7               0
4900             242               7      0.09453125     0.002734375               7               0
5000             240               8         0.09375        0.003125               8               0
5100             238               9      0.09296875     0.003515625               9               0
5200             238               9      0.09296875     0.003515625               9               0
5300             238               9      0.09296875     0.003515625               9               0
5400             238               9      0.09296875     0.003515625               9               0
5500             238               9      0.09296875     0.003515625               9               0
5600             238               9      0.09296875     0.003515625               9               0
5700             238               9      0.09296875     0.003515625               9               0
5800             238               9      0.09296875     0.003515625               9               0
5900             238               9      0.09296875     0.003515625               9               0
6000             236              10       0.0921875      0.00390625              10               0
6100             236              10       0.0921875      0.00390625              10               0
6200             236              10       0.0921875      0.00390625              10               0
6300             236              10       0.0921875      0.00390625              10               0
6400             236              10       0.0921875      0.00390625              10               0
6500             236              10       0.0921875      0.00390625              10               0
6600             236              10       0.0921875      0.00390625              10               0
6700             236              10       0.0921875      0.00390625              10               0
6800             236              10       0.0921875      0.00390625              10               0
6900             236              10       0.0921875      0.00390625              10               0
7000             234              11      0.09140625     0.004296875              11               0
7100             234              11      0.09140625     0.004296875              11               0
7200             234              11      0.09140625     0.004296875              11               0
7300             234              11      0.09140625     0.004296875              11               0
7400             234              11      0.09140625     0.004296875              11               0
7500             232              12        0.090625       0.0046875              12               0
7600             232              12        0.090625       0.0046875              12               0
7700             232              12        0.090625       0.0046875              12               0
7800             232              12        0.090625       0.0046875              12               0
7900             232              12        0.090625       0.0046875              12               0
8000             232              12        0.090625       0.0046875              12               0
8100             232              12        0.090625       0.0046875              12               0
8200             232              12        0.090625       0.0046875              12               0
8300             230              13      0.08984375     0.005078125              13               0
8400             230              13      0.08984375     0.005078125              13               0
8500             230              13      0.08984375     0.005078125              13               0
8600             230              13      0.08984375     0.005078125              13               0
8700             228              14       0.0890625      0.00546875              14               0
8800             228              14       0.0890625      0.00546875              14               0
8900             228              14       0.0890625      0.00546875              14               0
9000             228              14       0.0890625      0.00546875              14               0
9100             228              14       0.0890625      0.00546875              14               0
9200             230              13      0.08984375     0.005078125              14               1
9300             230              13      0.08984375     0.005078125              14               1
9400             230              13      0.08984375     0.005078125              14               1
9500             230              13      0.08984375     0.005078125              14               1
9600             230              13      0.08984375     0.005078125              14               1
9700             230              13      0.08984375     0.005078125              14               1
9800             230              13      0.08984375     0.005078125              14               1
9900             230              13      0.08984375     0.005078125              14               1
10000             230              13      0.08984375     0.005078125              14               1
10100             230              13      0.08984375     0.005078125              14               1
10200             230              13      0.08984375     0.005078125              14               1
10300             230              13      0.08984375     0.005078125              14               1
10400             230              13      0.08984375     0.005078125              14               1
10500             230              13      0.08984375     0.005078125              14               1
10600             230              13      0.08984375     0.005078125              14               1
10700             230              13      0.08984375     0.005078125              14               1
10800             230              13      0.08984375     0.005078125              14               1
10900             228              14       0.0890625      0.00546875              15               1
11000             228              14       0.0890625      0.00546875              15               1
11100             228              14       0.0890625      0.00546875              15               1
11200             226              15      0.08828125     0.005859375              16               1
11300             226              15      0.08828125     0.005859375              16               1
11400             224              16          0.0875         0.00625              17               1
11500             222              17      0.08671875     0.006640625              18               1
11600             222              17      0.08671875     0.006640625              18               1
11700             222              17      0.08671875     0.006640625              18               1
11800             222              17      0.08671875     0.006640625              18               1
11900             222              17      0.08671875     0.006640625              18               1
12000             222              17      0.08671875     0.006640625              18               1
12100             222              17      0.08671875     0.006640625              18               1
12200             222              17      0.08671875     0.006640625              18               1
12300             222              17      0.08671875     0.006640625              18               1
12400             222              17      0.08671875     0.006640625              18               1
12500             222              17      0.08671875     0.006640625              18               1
12600             222              17      0.08671875     0.006640625              18               1
12700             222              17      0.08671875     0.006640625              18               1
12800             222              17      0.08671875     0.006640625              18               1
12900             222              17      0.08671875     0.006640625              18               1
13000             222              17      0.08671875     0.006640625              18               1
13100             222              17      0.08671875     0.006640625              18               1
13200             222              17      0.08671875     0.006640625              18               1
13300             222              17      0.08671875     0.006640625              18               1
13400             220              18       0.0859375      0.00703125              19               1
13500             220              18       0.0859375      0.00703125              19               1
13600             220              18       0.0859375      0.00703125              19               1
13700             220              18       0.0859375      0.00703125              19               1
13800             220              18       0.0859375      0.00703125              19               1
13900             220              18       0.0859375      0.00703125              19               1
14000             220              18       0.0859375      0.00703125              19               1
14100             220              18       0.0859375      0.00703125              19               1
14200             220              18       0.0859375      0.00703125              19               1
14300             220              18       0.0859375      0.00703125              19               1
14400             220              18       0.0859375      0.00703125              19               1
14500             220              18       0.0859375      0.00703125              19               1
14600             220              18       0.0859375      0.00703125              19               1
14700             220              18       0.0859375      0.00703125              19               1
14800             220              18       0.0859375      0.00703125              19               1
14900             220              18       0.0859375      0.00703125              19               1
15000             220              18       0.0859375      0.00703125              19               1
15100             220              18       0.0859375      0.00703125              19               1
15200             220              18       0.0859375      0.00703125              19               1
15300             220              18       0.0859375      0.00703125              19               1
15400             220              18       0.0859375      0.00703125              19               1
15500             220              18       0.0859375      0.00703125              19               1
15600             220              18       0.0859375      0.00703125              19               1
15700             220              18       0.0859375      0.00703125              19               1
15800             220              18       0.0859375      0.00703125              19               1
15900             220              18       0.0859375      0.00703125              19               1
16000             222              17      0.08671875     0.006640625              19               2
16100             222              17      0.08671875     0.006640625              19               2
16200             222              17      0.08671875     0.006640625              19               2
16300             222              17      0.08671875     0.006640625              19               2
16400             222              17      0.08671875     0.006640625              19               2
16500             222              17      0.08671875     0.006640625              19               2
16600             222              17      0.08671875     0.006640625              19               2
16700             222              17      0.08671875     0.006640625              19               2
16800             222              17      0.08671875     0.006640625              19               2
16900             222              17      0.08671875     0.006640625              19               2
17000             222              17      0.08671875     0.006640625              19               2
17100             222              17      0.08671875     0.006640625              19               2
17200             222              17      0.08671875     0.006640625              19               2
17300             224              16          0.0875         0.00625              19               3
17400             224              16          0.0875         0.00625              19               3
17500             224              16          0.0875         0.00625              19               3
17600             224              16          0.0875         0.00625              19               3
17700             220              18       0.0859375      0.00703125              21               3
17800             220              18       0.0859375      0.00703125              21               3
17900             220              18       0.0859375      0.00703125              21               3
18000             220              18       0.0859375      0.00703125              21               3
18100             220              18       0.0859375      0.00703125              21               3
18200             220              18       0.0859375      0.00703125              21               3
18300             220              18       0.0859375      0.00703125              21               3
18400             220              18       0.0859375      0.00703125              21               3
18500             220              18       0.0859375      0.00703125              21               3
18600             220              18       0.0859375      0.00703125              21               3
18700             220              18       0.0859375      0.00703125              21               3
18800             220              18       0.0859375      0.00703125              21               3
18900             220              18       0.0859375      0.00703125              21               3
19000             220              18       0.0859375      0.00703125              21               3
19100             220              18       0.0859375      0.00703125              21               3
19200             220              18       0.0859375      0.00703125              21               3
19300             220              18       0.0859375      0.00703125              21               3
19400             220              18       0.0859375      0.00703125              21               3
19500             220              18       0.0859375      0.00703125              21               3
19600             220              18       0.0859375      0.00703125              21               3
19700             220              18       0.0859375      0.00703125              21               3
19800             220              18       0.0859375      0.00703125              21               3
19900             220              18       0.0859375      0.00703125              21               3
20000             220              18       0.0859375      0.00703125              21               3
20100             220              18       0.0859375      0.00703125              21               3
20200             220              18       0.0859375      0.00703125              21               3
20300             220              18       0.0859375      0.00703125              21               3
20400             220              18       0.0859375      0.00703125              21               3
20500             220              18       0.0859375      0.00703125              21               3
20600             220              18       0.0859375      0.00703125              21               3
20700             220              18       0.0859375      0.00703125              21               3
20800             220              18       0.0859375      0.00703125              21               3
20900             218              19      0.08515625     0.007421875              22               3
21000             218              19      0.08515625     0.007421875              22               3
21100             216              20        0.084375       0.0078125              23               3
21200             216              20        0.084375       0.0078125              23               3
21300             216              20        0.084375       0.0078125              23               3
21400             216              20        0.084375       0.0078125              23               3
21500             216              20        0.084375       0.0078125              23               3
21600             216              20        0.084375       0.0078125              23               3
21700             216              20        0.084375       0.0078125              23               3
21800             216              20        0.084375       0.0078125              23               3
21900             218              19      0.08515625     0.007421875              23               4
22000             218              19      0.08515625     0.007421875              23               4
22100             218              19      0.08515625     0.007421875              23               4
22200             218              19      0.08515625     0.007421875              23               4
22300             218              19      0.08515625     0.007421875              23               4
22400             216              20        0.084375       0.0078125              24               4
22500             218              19      0.08515625     0.007421875              24               5
22600             218              19      0.08515625     0.007421875              24               5
22700             218              19      0.08515625     0.007421875              24               5
22800             216              20        0.084375       0.0078125              25               5
22900             216              20        0.084375       0.0078125              25               5
23000             216              20        0.084375       0.0078125              25               5
23100             216              20        0.084375       0.0078125              25               5
23200             216              20        0.084375       0.0078125              25               5
23300             216              20        0.084375       0.0078125              25               5
23400             216              20        0.084375       0.0078125              25               5
23500             214              21      0.08359375     0.008203125              26               5
23600             212              22       0.0828125      0.00859375              27               5
23700             212              22       0.0828125      0.00859375              27               5
23800             212              22       0.0828125      0.00859375              27               5
23900             212              22       0.0828125      0.00859375              27               5
24000             212              22       0.0828125      0.00859375              27               5
24100             212              22       0.0828125      0.00859375              27               5
24200             212              22       0.0828125      0.00859375              27               5
24300             212              22       0.0828125      0.00859375              27               5
24400             212              22       0.0828125      0.00859375              27               5
24500             212              22       0.0828125      0.00859375              27               5
24600             212              22       0.0828125      0.00859375              27               5
24700             212              22       0.0828125      0.00859375              27               5
24800             208              24         0.08125        0.009375              29               5
24900             208              24         0.08125        0.009375              29               5
25000             208              24         0.08125        0.009375              29               5
25100             208              24         0.08125        0.009375              29               5
25200             210              23      0.08203125     0.008984375              29               6
25300             210              23      0.08203125     0.008984375              29               6
25400             210              23      0.08203125     0.008984375              29               6
25500             212              22       0.0828125      0.00859375              29               7
25600             212              22       0.0828125      0.00859375              29               7
25700             212              22       0.0828125      0.00859375              29               7
25800             212              22       0.0828125      0.00859375              29               7
25900             210              23      0.08203125     0.008984375              30               7
26000             210              23      0.08203125     0.008984375              30               7
26100             210              23      0.08203125     0.008984375              30               7
26200             210              23      0.08203125     0.008984375              30               7
26300             208              24         0.08125        0.009375              31               7
26400             208              24         0.08125        0.009375              31               7
26500             206              25      0.08046875     0.009765625              32               7
26600             206              25      0.08046875     0.009765625              32               7
26700             206              25      0.08046875     0.009765625              32               7
26800             206              25      0.08046875     0.009765625              32               7
26900             206              25      0.08046875     0.009765625              32               7
27000             206              25      0.08046875     0.009765625              32               7
27100             204              26       0.0796875      0.01015625              33               7
27200             204              26       0.0796875      0.01015625              33               7
27300             204              26       0.0796875      0.01015625              33               7
27400             204              26       0.0796875      0.01015625              33               7
27500             204              26       0.0796875      0.01015625              33               7
27600             204              26       0.0796875      0.01015625              33               7
27700             204              26       0.0796875      0.01015625              33               7
27800             202              27      0.07890625     0.010546875              34               7
27900             202              27      0.07890625     0.010546875              34               7
28000             202              27      0.07890625     0.010546875              34               7
28100             202              27      0.07890625     0.010546875              34               7
28200             202              27      0.07890625     0.010546875              34               7
28300             202              27      0.07890625     0.010546875              34               7
28400             202              27      0.07890625     0.010546875              34               7
28500             202              27      0.07890625     0.010546875              34               7
28600             202              27      0.07890625     0.010546875              34               7
28700             202              27      0.07890625     0.010546875              34               7
28800             202              27      0.07890625     0.010546875              34               7
28900             202              27      0.07890625     0.010546875              34               7
29000             202              27      0.07890625     0.010546875              34               7
29100             202              27      0.07890625     0.010546875              34               7
29200             202              27      0.07890625     0.010546875              34               7
29300             202              27      0.07890625     0.010546875              34               7
29400             202              27      0.07890625     0.010546875              34               7
29500             202              27      0.07890625     0.010546875              34               7
29600             202              27      0.07890625     0.010546875              34               7
29700             202              27      0.07890625     0.010546875              34               7
29800             200              28        0.078125       0.0109375              35               7
29900             200              28        0.078125       0.0109375              35               7
30000             200              28        0.078125       0.0109375              35               7
30100             200              28        0.078125       0.0109375              35               7
30200             200              28        0.078125       0.0109375              35               7
30300             200              28        0.078125       0.0109375              35               7
30400             198              29      0.07734375     0.011328125              36               7
30500             198              29      0.07734375     0.011328125              36               7
30600             198              29      0.07734375     0.011328125              36               7
30700             198              29      0.07734375     0.011328125              36               7
30800             198              29      0.07734375     0.011328125              36               7
30900             198              29      0.07734375     0.011328125              36               7
31000             198              29      0.07734375     0.011328125              36               7
31100             198              29      0.07734375     0.011328125              36               7
31200             198              29      0.07734375     0.011328125              36               7
31300             198              29      0.07734375     0.011328125              36               7
31400             200              28        0.078125       0.0109375              36               8
31500             200              28        0.078125       0.0109375              36               8
31600             200              28        0.078125       0.0109375              37               9
31700             200              28        0.078125       0.0109375              37               9
31800             198              29      0.07734375     0.011328125              38               9
31900             198              29      0.07734375     0.011328125              38               9
32000             200              28        0.078125       0.0109375              38              10
32100             198              29      0.07734375     0.011328125              39              10
32200             198              29      0.07734375     0.011328125              39              10
32300             198              29      0.07734375     0.011328125              39              10
32400             198              29      0.07734375     0.011328125              39              10
32500             198              29      0.07734375     0.011328125              39              10
32600             198              29      0.07734375     0.011328125              39              10
32700             198              29      0.07734375     0.011328125              39              10
32800             194              31      0.07578125     0.012109375              41              10
32900             194              31      0.07578125     0.012109375              41              10
33000             194              31      0.07578125     0.012109375              41              10
33100             194              31      0.07578125     0.012109375              41              10
33200             194              31      0.07578125     0.012109375              41              10
33300             194              31      0.07578125     0.012109375              41              10
33400             194              31      0.07578125     0.012109375              41              10
33500             194              31      0.07578125     0.012109375              41              10
33600             194              31      0.07578125     0.012109375              41              10
33700             194              31      0.07578125     0.012109375              41              10
33800             194              31      0.07578125     0.012109375              41              10
33900             194              31      0.07578125     0.012109375              41              10
34000             194              31      0.07578125     0.012109375              41              10
34100             194              31      0.07578125     0.012109375              41              10
34200             194              31      0.07578125     0.012109375              41              10
34300             194              31      0.07578125     0.012109375              41              10
34400             194              31      0.07578125     0.012109375              41              10
34500             194              31      0.07578125     0.012109375              41              10
34600             194              31      0.07578125     0.012109375              41              10
34700             194              31      0.07578125     0.012109375              41              10
34800             194              31      0.07578125     0.012109375              41              10
34900             192              32           0.075          0.0125              42              10
35000             192              32           0.075          0.0125              42              10
35100             192              32           0.075          0.0125              42              10
35200             192              32           0.075          0.0125              42              10
35300             192              32           0.075          0.0125              42              10
35400             190              33      0.07421875     0.012890625              43              10
35500             188              34       0.0734375      0.01328125              44              10
35600             188              34       0.0734375      0.01328125              44              10
35700             190              33      0.07421875     0.012890625              44              11
35800             186              35      0.07265625     0.013671875              46              11
35900             186              35      0.07265625     0.013671875              46              11
36000             186              35      0.07265625     0.013671875              46              11
36100             184              36        0.071875       0.0140625              47              11
36200             184              36        0.071875       0.0140625              47              11
36300             184              36        0.071875       0.0140625              47              11
36400             184              36        0.071875       0.0140625              47              11
36500             184              36        0.071875       0.0140625              47              11
36600             184              36        0.071875       0.0140625              47              11
36700             184              36        0.071875       0.0140625              47              11
36800             184              36        0.071875       0.0140625              47              11
36900             184              36        0.071875       0.0140625              47              11
37000             184              36        0.071875       0.0140625              47              11
37100             184              36        0.071875       0.0140625              47              11
37200             184              36        0.071875       0.0140625              47              11
37300             184              36        0.071875       0.0140625              47              11
37400             184              36        0.071875       0.0140625              47              11
37500             184              36        0.071875       0.0140625              47              11
37600             184              36        0.071875       0.0140625              47              11
37700             182              37      0.07109375     0.014453125              48              11
37800             182              37      0.07109375     0.014453125              48              11
37900             182              37      0.07109375     0.014453125              48              11
38000             182              37      0.07109375     0.014453125              48              11
38100             182              37      0.07109375     0.014453125              48              11
38200             182              37      0.07109375     0.014453125              49              12
38300             182              37      0.07109375     0.014453125              49              12
38400             182              37      0.07109375     0.014453125              49              12
38500             182              37      0.07109375     0.014453125              49              12
38600             182              37      0.07109375     0.014453125              49              12
38700             182              37      0.07109375     0.014453125              49              12
38800             182              37      0.07109375     0.014453125              49              12
38900             180              38       0.0703125      0.01484375              50              12
39000             180              38       0.0703125      0.01484375              50              12
39100             180              38       0.0703125      0.01484375              50              12
39200             180              38       0.0703125      0.01484375              50              12
39300             180              38       0.0703125      0.01484375              50              12
39400             182              37      0.07109375     0.014453125              50              13
39500             180              38       0.0703125      0.01484375              51              13
39600             180              38       0.0703125      0.01484375              51              13
39700             180              38       0.0703125      0.01484375              51              13
39800             180              38       0.0703125      0.01484375              51              13
39900             180              38       0.0703125      0.01484375              51              13
40000             180              38       0.0703125      0.01484375              51              13
40100             180              38       0.0703125      0.01484375              51              13
40200             180              38       0.0703125      0.01484375              51              13
40300             180              38       0.0703125      0.01484375              51              13
40400             180              38       0.0703125      0.01484375              51              13
40500             180              38       0.0703125      0.01484375              51              13
40600             180              38       0.0703125      0.01484375              51              13
40700             180              38       0.0703125      0.01484375              51              13
40800             180              38       0.0703125      0.01484375              51              13
40900             180              38       0.0703125      0.01484375              51              13
41000             178              39      0.06953125     0.015234375              52              13
41100             178              39      0.06953125     0.015234375              52              13
41200             178              39      0.06953125     0.015234375              52              13
41300             178              39      0.06953125     0.015234375              52              13
41400             178              39      0.06953125     0.015234375              52              13
41500             178              39      0.06953125     0.015234375              52              13
41600             178              39      0.06953125     0.015234375              52              13
41700             178              39      0.06953125     0.015234375              53              14
41800             178              39      0.06953125     0.015234375              53              14
41900             178              39      0.06953125     0.015234375              53              14
42000             178              39      0.06953125     0.015234375              53              14
42100             178              39      0.06953125     0.015234375              53              14
42200             178              39      0.06953125     0.015234375              53              14
42300             178              39      0.06953125     0.015234375              53              14
42400             178              39      0.06953125     0.015234375              53              14
42500             178              39      0.06953125     0.015234375              53              14
42600             178              39      0.06953125     0.015234375              53              14
42700             178              39      0.06953125     0.015234375              53              14
42800             178              39      0.06953125     0.015234375              53              14
42900             178              39      0.06953125     0.015234375              53              14
43000             178              39      0.06953125     0.015234375              53              14
43100             180              38       0.0703125      0.01484375              53              15
43200             180              38       0.0703125      0.01484375              53              15
43300             180              38       0.0703125      0.01484375              53              15
43400             180              38       0.0703125      0.01484375              53              15
43500             180              38       0.0703125      0.01484375              53              15
43600             180              38       0.0703125      0.01484375              53              15
43700             180              38       0.0703125      0.01484375              53              15
43800             182              37      0.07109375     0.014453125              53              16
43900             184              36        0.071875       0.0140625              53              17
44000             184              36        0.071875       0.0140625              53              17
44100             184              36        0.071875       0.0140625              53              17
44200             180              38       0.0703125      0.01484375              55              17
44300             180              38       0.0703125      0.01484375              55              17
44400             182              37      0.07109375     0.014453125              55              18
44500             182              37      0.07109375     0.014453125              55              18
44600             182              37      0.07109375     0.014453125              55              18
44700             182              37      0.07109375     0.014453125              55              18
44800             182              37      0.07109375     0.014453125              55              18
44900             182              37      0.07109375     0.014453125              55              18
45000             182              37      0.07109375     0.014453125              55              18
45100             182              37      0.07109375     0.014453125              55              18
45200             182              37      0.07109375     0.014453125              55              18
45300             182              37      0.07109375     0.014453125              55              18
45400             182              37      0.07109375     0.014453125              55              18
45500             182              37      0.07109375     0.014453125              55              18
45600             182              37      0.07109375     0.014453125              55              18
45700             182              37      0.07109375     0.014453125              55              18
45800             182              37      0.07109375     0.014453125              55              18
45900             182              37      0.07109375     0.014453125              55              18
46000             182              37      0.07109375     0.014453125              55              18
46100             182              37      0.07109375     0.014453125              56              19
46200             182              37      0.07109375     0.014453125              56              19
46300             182              37      0.07109375     0.014453125              56              19
46400             182              37      0.07109375     0.014453125              56              19
46500             182              37      0.07109375     0.014453125              56              19
46600             182              37      0.07109375     0.014453125              56              19
46700             182              37      0.07109375     0.014453125              56              19
46800             182              37      0.07109375     0.014453125              56              19
46900             182              37      0.07109375     0.014453125              56              19
47000             182              37      0.07109375     0.014453125              56              19
47100             182              37      0.07109375     0.014453125              56              19
47200             182              37      0.07109375     0.014453125              56              19
47300             182              37      0.07109375     0.014453125              56              19
47400             182              37      0.07109375     0.014453125              56              19
47500             182              37      0.07109375     0.014453125              56              19
47600             182              37      0.07109375     0.014453125              56              19
47700             182              37      0.07109375     0.014453125              56              19
47800             182              37      0.07109375     0.014453125              56              19
47900             182              37      0.07109375     0.014453125              56              19
48000             182              37      0.07109375     0.014453125              56              19
48100             184              36        0.071875       0.0140625              56              20
48200             186              35      0.07265625     0.013671875              56              21
48300             186              35      0.07265625     0.013671875              56              21
48400             184              36        0.071875       0.0140625              57              21
48500             184              36        0.071875       0.0140625              57              21
48600             186              35      0.07265625     0.013671875              57              22
48700             186              35      0.07265625     0.013671875              57              22
48800             188              34       0.0734375      0.01328125              57              23
48900             188              34       0.0734375      0.01328125              57              23
49000             188              34       0.0734375      0.01328125              57              23
49100             188              34       0.0734375      0.01328125              57              23
49200             188              34       0.0734375      0.01328125              57              23
49300             188              34       0.0734375      0.01328125              57              23
49400             188              34       0.0734375      0.01328125              57              23
49500             188              34       0.0734375      0.01328125              57              23
49600             188              34       0.0734375      0.01328125              57              23
49700             188              34       0.0734375      0.01328125              57              23
49800             188              34       0.0734375      0.01328125              57              23
49900             188              34       0.0734375      0.01328125              57              23
50000             190              33      0.07421875     0.012890625              57              24
50100             190              33      0.07421875     0.012890625              57              24
50200             190              33      0.07421875     0.012890625              57              24
50300             192              32           0.075          0.0125              57              25
50400             192              32           0.075          0.0125              57              25
50500             192              32           0.075          0.0125              57              25
50600             194              31      0.07578125     0.012109375              57              26
50700             194              31      0.07578125     0.012109375              57              26
50800             194              31      0.07578125     0.012109375              57              26
50900             194              31      0.07578125     0.012109375              57              26
51000             196              30       0.0765625      0.01171875              57              27
51100             196              30       0.0765625      0.01171875              57              27
51200             196              30       0.0765625      0.01171875              57              27
51300             196              30       0.0765625      0.01171875              57              27
51400             194              31      0.07578125     0.012109375              58              27
51500             194              31      0.07578125     0.012109375              58              27
51600             194              31      0.07578125     0.012109375              58              27
51700             194              31      0.07578125     0.012109375              58              27
51800             194              31      0.07578125     0.012109375              58              27
51900             194              31      0.07578125     0.012109375              58              27
52000             194              31      0.07578125     0.012109375              58              27
52100             194              31      0.07578125     0.012109375              58              27
52200             194              31      0.07578125     0.012109375              58              27
52300             196              30       0.0765625      0.01171875              58              28
52400             196              30       0.0765625      0.01171875              58              28
52500             196              30       0.0765625      0.01171875              58              28
52600             196              30       0.0765625      0.01171875              58              28
52700             196              30       0.0765625      0.01171875              58              28
52800             196              30       0.0765625      0.01171875              58              28
52900             196              30       0.0765625      0.01171875              58              28
53000             198              29      0.07734375     0.011328125              58              29
53100             198              29      0.07734375     0.011328125              58              29
53200             198              29      0.07734375     0.011328125              58              29
53300             198              29      0.07734375     0.011328125              58              29
53400             198              29      0.07734375     0.011328125              58              29
53500             198              29      0.07734375     0.011328125              58              29
53600             198              29      0.07734375     0.011328125              58              29
53700             198              29      0.07734375     0.011328125              58              29
53800             200              28        0.078125       0.0109375              58              30
53900             200              28        0.078125       0.0109375              58              30
54000             200              28        0.078125       0.0109375              58              30
54100             200              28        0.078125       0.0109375              58              30
54200             198              29      0.07734375     0.011328125              59              30
54300             198              29      0.07734375     0.011328125              59              30
54400             198              29      0.07734375     0.011328125              59              30
54500             198              29      0.07734375     0.011328125              59              30
54600             198              29      0.07734375     0.011328125              59              30
54700             198              29      0.07734375     0.011328125              59              30
54800             198              29      0.07734375     0.011328125              59              30
54900             198              29      0.07734375     0.011328125              59              30
55000             200              28        0.078125       0.0109375              59              31
55100             200              28        0.078125       0.0109375              59              31
55200             200              28        0.078125       0.0109375              59              31
55300             196              30       0.0765625      0.01171875              61              31
55400             196              30       0.0765625      0.01171875              61              31
55500             194              31      0.07578125     0.012109375              62              31
55600             194              31      0.07578125     0.012109375              62              31
55700             194              31      0.07578125     0.012109375              62              31
55800             194              31      0.07578125     0.012109375              62              31
55900             192              32           0.075          0.0125              63              31
56000             192              32           0.075          0.0125              63              31
56100             192              32           0.075          0.0125              63              31
56200             192              32           0.075          0.0125              63              31
56300             192              32           0.075          0.0125              63              31
56400             192              32           0.075          0.0125              63              31
56500             192              32           0.075          0.0125              63              31
56600             192              32           0.075          0.0125              63              31
56700             192              32           0.075          0.0125              63              31
56800             192              32           0.075          0.0125              63              31
56900             192              32           0.075          0.0125              63              31
57000             192              32           0.075          0.0125              63              31
57100             192              32           0.075          0.0125              63              31
57200             192              32           0.075          0.0125              63              31
57300             192              32           0.075          0.0125              63              31
57400             192              32           0.075          0.0125              63              31
57500             192              32           0.075          0.0125              63              31
57600             192              32           0.075          0.0125              63              31
57700             192              32           0.075          0.0125              63              31
57800             192              32           0.075          0.0125              63              31
57900             192              32           0.075          0.0125              63              31
58000             192              32           0.075          0.0125              63              31
58100             190              33      0.07421875     0.012890625              64              31
58200             190              33      0.07421875     0.012890625              64              31
58300             190              33      0.07421875     0.012890625              64              31
58400             190              33      0.07421875     0.012890625              64              31
58500             190              33      0.07421875     0.012890625              64              31
58600             190              33      0.07421875     0.012890625              64              31
58700             190              33      0.07421875     0.012890625              64              31
58800             190              33      0.07421875     0.012890625              64              31
58900             190              33      0.07421875     0.012890625              64              31
59000             190              33      0.07421875     0.012890625              64              31
59100             190              33      0.07421875     0.012890625              64              31
59200             188              34       0.0734375      0.01328125              65              31
59300             188              34       0.0734375      0.01328125              65              31
59400             188              34       0.0734375      0.01328125              65              31
59500             188              34       0.0734375      0.01328125              65              31
59600             188              34       0.0734375      0.01328125              65              31
59700             188              34       0.0734375      0.01328125              65              31
59800             188              34       0.0734375      0.01328125              65              31
59900             188              34       0.0734375      0.01328125              65              31
60000             188              34       0.0734375      0.01328125              65              31
60100             188              34       0.0734375      0.01328125              65              31
60200             188              34       0.0734375      0.01328125              65              31
60300             188              34       0.0734375      0.01328125              65              31
60400             188              34       0.0734375      0.01328125              65              31
60500             188              34       0.0734375      0.01328125              65              31
60600             188              34       0.0734375      0.01328125              65              31
60700             188              34       0.0734375      0.01328125              65              31
60800             186              35      0.07265625     0.013671875              66              31
60900             186              35      0.07265625     0.013671875              66              31
61000             186              35      0.07265625     0.013671875              66              31
61100             186              35      0.07265625     0.013671875              66              31
61200             186              35      0.07265625     0.013671875              66              31
61300             188              34       0.0734375      0.01328125              66              32
61400             188              34       0.0734375      0.01328125              66              32
61500             188              34       0.0734375      0.01328125              66              32
61600             188              34       0.0734375      0.01328125              66              32
61700             188              34       0.0734375      0.01328125              66              32
61800             188              34       0.0734375      0.01328125              66              32
61900             186              35      0.07265625     0.013671875              67              32
62000             186              35      0.07265625     0.013671875              67              32
62100             186              35      0.07265625     0.013671875              67              32
62200             186              35      0.07265625     0.013671875              67              32
62300             190              33      0.07421875     0.012890625              67              34
62400             190              33      0.07421875     0.012890625              67              34
62500             190              33      0.07421875     0.012890625              67              34
62600             192              32           0.075          0.0125              67              35
62700             194              31      0.07578125     0.012109375              67              36
62800             194              31      0.07578125     0.012109375              67              36
62900             194              31      0.07578125     0.012109375              67              36
63000             196              30       0.0765625      0.01171875              67              37
63100             196              30       0.0765625      0.01171875              67              37
63200             196              30       0.0765625      0.01171875              67              37
63300             196              30       0.0765625      0.01171875              68              38
63400             196              30       0.0765625      0.01171875              68              38
63500             196              30       0.0765625      0.01171875              68              38
63600             196              30       0.0765625      0.01171875              68              38
63700             196              30       0.0765625      0.01171875              68              38
63800             196              30       0.0765625      0.01171875              68              38
63900             196              30       0.0765625      0.01171875              68              38
64000             196              30       0.0765625      0.01171875              68              38
64100             196              30       0.0765625      0.01171875              68              38
64200             196              30       0.0765625      0.01171875              68              38
64300             196              30       0.0765625      0.01171875              68              38
64400             194              31      0.07578125     0.012109375              69              38
64500             192              32           0.075          0.0125              70              38
64600             192              32           0.075          0.0125              70              38
64700             192              32           0.075          0.0125              70              38
64800             192              32           0.075          0.0125              70              38
64900             192              32           0.075          0.0125              70              38
65000             192              32           0.075          0.0125              70              38
65100             196              30       0.0765625      0.01171875              70              40
65200             196              30       0.0765625      0.01171875              70              40
65300             196              30       0.0765625      0.01171875              70              40
65400             196              30       0.0765625      0.01171875              70              40
65500             196              30       0.0765625      0.01171875              70              40
65600             196              30       0.0765625      0.01171875              70              40
65700             196              30       0.0765625      0.01171875              70              40
65800             196              30       0.0765625      0.01171875              70              40
65900             198              29      0.07734375     0.011328125              70              41
66000             198              29      0.07734375     0.011328125              70              41
66100             198              29      0.07734375     0.011328125              70              41
66200             198              29      0.07734375     0.011328125              70              41
66300             198              29      0.07734375     0.011328125              70              41
66400             198              29      0.07734375     0.011328125              70              41
66500             198              29      0.07734375     0.011328125              70              41
66600             198              29      0.07734375     0.011328125              70              41
66700             198              29      0.07734375     0.011328125              70              41
66800             198              29      0.07734375     0.011328125              70              41
66900             196              30       0.0765625      0.01171875              71              41
67000             196              30       0.0765625      0.01171875              71              41
67100             196              30       0.0765625      0.01171875              71              41
67200             196              30       0.0765625      0.01171875              71              41
67300             196              30       0.0765625      0.01171875              71              41
67400             198              29      0.07734375     0.011328125              71              42
67500             198              29      0.07734375     0.011328125              71              42
67600             198              29      0.07734375     0.011328125              71              42
67700             196              30       0.0765625      0.01171875              72              42
67800             194              31      0.07578125     0.012109375              73              42
67900             194              31      0.07578125     0.012109375              73              42
68000             194              31      0.07578125     0.012109375              73              42
68100             194              31      0.07578125     0.012109375              73              42
68200             194              31      0.07578125     0.012109375              73              42
68300             194              31      0.07578125     0.012109375              73              42
68400             194              31      0.07578125     0.012109375              73              42
68500             194              31      0.07578125     0.012109375              73              42
68600             194              31      0.07578125     0.012109375              73              42
68700             194              31      0.07578125     0.012109375              73              42
68800             196              30       0.0765625      0.01171875              73              43
68900             196              30       0.0765625      0.01171875              73              43
69000             196              30       0.0765625      0.01171875              73              43
69100             196              30       0.0765625      0.01171875              73              43
69200             196              30       0.0765625      0.01171875              73              43
69300             194              31      0.07578125     0.012109375              74              43
69400             194              31      0.07578125     0.012109375              74              43
69500             194              31      0.07578125     0.012109375              74              43
69600             194              31      0.07578125     0.012109375              74              43
69700             194              31      0.07578125     0.012109375              74              43
69800             194              31      0.07578125     0.012109375              74              43
69900             194              31      0.07578125     0.012109375              74              43
70000             194              31      0.07578125     0.012109375              74              43
70100             194              31      0.07578125     0.012109375              74              43
70200             194              31      0.07578125     0.012109375              74              43
70300             196              30       0.0765625      0.01171875              74              44
70400             196              30       0.0765625      0.01171875              74              44
70500             196              30       0.0765625      0.01171875              74              44
70600             196              30       0.0765625      0.01171875              74              44
70700             196              30       0.0765625      0.01171875              74              44
70800             196              30       0.0765625      0.01171875              74              44
70900             196              30       0.0765625      0.01171875              74              44
71000             196              30       0.0765625      0.01171875              74              44
71100             196              30       0.0765625      0.01171875              74              44
71200             196              30       0.0765625      0.01171875              74              44
71300             196              30       0.0765625      0.01171875              74              44
71400             196              30       0.0765625      0.01171875              74              44
71500             196              30       0.0765625      0.01171875              74              44
71600             198              29      0.07734375     0.011328125              74              45
71700             198              29      0.07734375     0.011328125              74              45
71800             198              29      0.07734375     0.011328125              74              45
71900             198              29      0.07734375     0.011328125              74              45
72000             198              29      0.07734375     0.011328125              74              45
72100             196              30       0.0765625      0.01171875              75              45
72200             196              30       0.0765625      0.01171875              75              45
72300             196              30       0.0765625      0.01171875              75              45
72400             196              30       0.0765625      0.01171875              75              45
72500             196              30       0.0765625      0.01171875              75              45
72600             196              30       0.0765625      0.01171875              75              45
72700             198              29      0.07734375     0.011328125              75              46
72800             198              29      0.07734375     0.011328125              75              46
72900             198              29      0.07734375     0.011328125              75              46
73000             198              29      0.07734375     0.011328125              75              46
73100             198              29      0.07734375     0.011328125              75              46
73200             198              29      0.07734375     0.011328125              75              46
73300             198              29      0.07734375     0.011328125              75              46
73400             198              29      0.07734375     0.011328125              75              46
73500             198              29      0.07734375     0.011328125              75              46
73600             198              29      0.07734375     0.011328125              75              46
73700             198              29      0.07734375     0.011328125              75              46
73800             198              29      0.07734375     0.011328125              75              46
73900             198              29      0.07734375     0.011328125              75              46
74000             200              28        0.078125       0.0109375              75              47
74100             200              28        0.078125       0.0109375              75              47
74200             200              28        0.078125       0.0109375              75              47
74300             200              28        0.078125       0.0109375              75              47
74400             200              28        0.078125       0.0109375              75              47
74500             200              28        0.078125       0.0109375              75              47
74600             200              28        0.078125       0.0109375              75              47
74700             200              28        0.078125       0.0109375              75              47
74800             200              28        0.078125       0.0109375              75              47
74900             200              28        0.078125       0.0109375              75              47
75000             198              29      0.07734375     0.011328125              76              47
75100             198              29      0.07734375     0.011328125              76              47
75200             198              29      0.07734375     0.011328125              76              47
75300             198              29      0.07734375     0.011328125              76              47
75400             198              29      0.07734375     0.011328125              76              47
75500             198              29      0.07734375     0.011328125              76              47
75600             198              29      0.07734375     0.011328125              76              47
75700             198              29      0.07734375     0.011328125              76              47
75800             198              29      0.07734375     0.011328125              76              47
75900             198              29      0.07734375     0.011328125              76              47
76000             198              29      0.07734375     0.011328125              76              47
76100             200              28        0.078125       0.0109375              76              48
76200             200              28        0.078125       0.0109375              76              48
76300             200              28        0.078125       0.0109375              76              48
76400             200              28        0.078125       0.0109375              76              48
76500             200              28        0.078125       0.0109375              76              48
76600             200              28        0.078125       0.0109375              76              48
76700             200              28        0.078125       0.0109375              76              48
76800             200              28        0.078125       0.0109375              76              48
76900             200              28        0.078125       0.0109375              76              48
77000             200              28        0.078125       0.0109375              76              48
77100             200              28        0.078125       0.0109375              76              48
77200             200              28        0.078125       0.0109375              76              48
77300             200              28        0.078125       0.0109375              76              48
77400             200              28        0.078125       0.0109375              76              48
77500             200              28        0.078125       0.0109375              76              48
77600             202              27      0.07890625     0.010546875              76              49
77700             202              27      0.07890625     0.010546875              76              49
77800             202              27      0.07890625     0.010546875              76              49
77900             202              27      0.07890625     0.010546875              76              49
78000             202              27      0.07890625     0.010546875              76              49
78100             202              27      0.07890625     0.010546875              76              49
78200             200              28        0.078125       0.0109375              77              49
78300             200              28        0.078125       0.0109375              77              49
78400             200              28        0.078125       0.0109375              77              49
78500             200              28        0.078125       0.0109375              77              49
78600             200              28        0.078125       0.0109375              77              49
78700             200              28        0.078125       0.0109375              77              49
78800             200              28        0.078125       0.0109375              77              49
78900             200              28        0.078125       0.0109375              77              49
79000             200              28        0.078125       0.0109375              77              49
79100             202              27      0.07890625     0.010546875              77              50
79200             202              27      0.07890625     0.010546875              77              50
79300             200              28        0.078125       0.0109375              78              50
79400             200              28        0.078125       0.0109375              78              50
79500             200              28        0.078125       0.0109375              78              50
79600             200              28        0.078125       0.0109375              78              50
79700             198              29      0.07734375     0.011328125              79              50
79800             198              29      0.07734375     0.011328125              79              50
79900             200              28        0.078125       0.0109375              79              51
80000             200              28        0.078125       0.0109375              79              51
80100             198              29      0.07734375     0.011328125              80              51
80200             198              29      0.07734375     0.011328125              80              51
80300             198              29      0.07734375     0.011328125              80              51
80400             198              29      0.07734375     0.011328125              80              51
80500             198              29      0.07734375     0.011328125              80              51
80600             200              28        0.078125       0.0109375              80              52
80700             200              28        0.078125       0.0109375              80              52
80800             200              28        0.078125       0.0109375              80              52
80900             200              28        0.078125       0.0109375              80              52
81000             200              28        0.078125       0.0109375              80              52
81100             200              28        0.078125       0.0109375              80              52
81200             200              28        0.078125       0.0109375              80              52
81300             200              28        0.078125       0.0109375              80              52
81400             202              27      0.07890625     0.010546875              80              53
81500             202              27      0.07890625     0.010546875              80              53
81600             202              27      0.07890625     0.010546875              80              53
81700             202              27      0.07890625     0.010546875              80              53
81800             202              27      0.07890625     0.010546875              80              53
81900             200              28        0.078125       0.0109375              81              53
82000             198              29      0.07734375     0.011328125              82              53
82100             198              29      0.07734375     0.011328125              82              53
82200             198              29      0.07734375     0.011328125              82              53
82300             198              29      0.07734375     0.011328125              82              53
82400             198              29      0.07734375     0.011328125              82              53
82500             198              29      0.07734375     0.011328125              82              53
82600             198              29      0.07734375     0.011328125              82              53
82700             198              29      0.07734375     0.011328125              82              53
82800             200              28        0.078125       0.0109375              82              54
82900             200              28        0.078125       0.0109375              82              54
83000             200              28        0.078125       0.0109375              82              54
83100             200              28        0.078125       0.0109375              82              54
83200             200              28        0.078125       0.0109375              82              54
83300             200              28        0.078125       0.0109375              82              54
83400             200              28        0.078125       0.0109375              82              54
83500             200              28        0.078125       0.0109375              82              54
83600             200              28        0.078125       0.0109375              82              54
83700             200              28        0.078125       0.0109375              82              54
83800             200              28        0.078125       0.0109375              82              54
83900             200              28        0.078125       0.0109375              82              54
84000             200              28        0.078125       0.0109375              82              54
84100             200              28        0.078125       0.0109375              82              54
84200             202              27      0.07890625     0.010546875              82              55
84300             202              27      0.07890625     0.010546875              82              55
84400             202              27      0.07890625     0.010546875              82              55
84500             202              27      0.07890625     0.010546875              82              55
84600             202              27      0.07890625     0.010546875              82              55
84700             200              28        0.078125       0.0109375              83              55
84800             200              28        0.078125       0.0109375              83              55
84900             202              27      0.07890625     0.010546875              83              56
85000             202              27      0.07890625     0.010546875              83              56
85100             202              27      0.07890625     0.010546875              83              56
85200             202              27      0.07890625     0.010546875              83              56
85300             202              27      0.07890625     0.010546875              83              56
85400             202              27      0.07890625     0.010546875              83              56
85500             202              27      0.07890625     0.010546875              83              56
85600             202              27      0.07890625     0.010546875              83              56
85700             204              26       0.0796875      0.01015625              83              57
85800             204              26       0.0796875      0.01015625              83              57
85900             204              26       0.0796875      0.01015625              83              57
86000             202              27      0.07890625     0.010546875              84              57
86100             202              27      0.07890625     0.010546875              84              57
86200             202              27      0.07890625     0.010546875              84              57
86300             202              27      0.07890625     0.010546875              84              57
86400             202              27      0.07890625     0.010546875              84              57
86500             202              27      0.07890625     0.010546875              84              57
86600             202              27      0.07890625     0.010546875              84              57
86700             202              27      0.07890625     0.010546875              84              57
86800             202              27      0.07890625     0.010546875              84              57
86900             202              27      0.07890625     0.010546875              84              57
87000             202              27      0.07890625     0.010546875              84              57
87100             202              27      0.07890625     0.010546875              84              57
87200             200              28        0.078125       0.0109375              85              57
87300             200              28        0.078125       0.0109375              85              57
87400             200              28        0.078125       0.0109375              85              57
87500             200              28        0.078125       0.0109375              85              57
87600             200              28        0.078125       0.0109375              85              57
87700             200              28        0.078125       0.0109375              85              57
87800             200              28        0.078125       0.0109375              85              57
87900             200              28        0.078125       0.0109375              85              57
88000             200              28        0.078125       0.0109375              85              57
88100             200              28        0.078125       0.0109375              85              57
88200             198              29      0.07734375     0.011328125              86              57
88300             198              29      0.07734375     0.011328125              86              57
88400             198              29      0.07734375     0.011328125              86              57
88500             200              28        0.078125       0.0109375              86              58
88600             200              28        0.078125       0.0109375              86              58
88700             200              28        0.078125       0.0109375              86              58
88800             200              28        0.078125       0.0109375              86              58
88900             200              28        0.078125       0.0109375              86              58
89000             200              28        0.078125       0.0109375              86              58
89100             200              28        0.078125       0.0109375              86              58
89200             200              28        0.078125       0.0109375              86              58
89300             202              27      0.07890625     0.010546875              86              59
89400             202              27      0.07890625     0.010546875              86              59
89500             202              27      0.07890625     0.010546875              86              59
89600             202              27      0.07890625     0.010546875              86              59
89700             202              27      0.07890625     0.010546875              86              59
89800             202              27      0.07890625     0.010546875              86              59
89900             204              26       0.0796875      0.01015625              86              60
90000             204              26       0.0796875      0.01015625              86              60
90100             204              26       0.0796875      0.01015625              86              60
90200             204              26       0.0796875      0.01015625              86              60
90300             204              26       0.0796875      0.01015625              86              60
90400             204              26       0.0796875      0.01015625              86              60
90500             204              26       0.0796875      0.01015625              86              60
90600             204              26       0.0796875      0.01015625              86              60
90700             204              26       0.0796875      0.01015625              86              60
90800             204              26       0.0796875      0.01015625              86              60
90900             204              26       0.0796875      0.01015625              86              60
91000             204              26       0.0796875      0.01015625              86              60
91100             204              26       0.0796875      0.01015625              86              60
91200             204              26       0.0796875      0.01015625              86              60
91300             204              26       0.0796875      0.01015625              86              60
91400             204              26       0.0796875      0.01015625              86              60
91500             204              26       0.0796875      0.01015625              86              60
91600             204              26       0.0796875      0.01015625              86              60
91700             202              27      0.07890625     0.010546875              87              60
91800             202              27      0.07890625     0.010546875              87              60
91900             204              26       0.0796875      0.01015625              87              61
92000             204              26       0.0796875      0.01015625              87              61
92100             204              26       0.0796875      0.01015625              87              61
92200             204              26       0.0796875      0.01015625              87              61
92300             204              26       0.0796875      0.01015625              87              61
92400             204              26       0.0796875      0.01015625              87              61
92500             204              26       0.0796875      0.01015625              87              61
92600             206              25      0.08046875     0.009765625              87              62
92700             206              25      0.08046875     0.009765625              87              62
92800             206              25      0.08046875     0.009765625              87              62
92900             206              25      0.08046875     0.009765625              87              62
93000             206              25      0.08046875     0.009765625              87              62
93100             206              25      0.08046875     0.009765625              87              62
93200             206              25      0.08046875     0.009765625              87              62
93300             206              25      0.08046875     0.009765625              87              62
93400             206              25      0.08046875     0.009765625              87              62
93500             206              25      0.08046875     0.009765625              87              62
93600             206              25      0.08046875     0.009765625              87              62
93700             206              25      0.08046875     0.009765625              87              62
93800             206              25      0.08046875     0.009765625              87              62
93900             206              25      0.08046875     0.009765625              87              62
94000             204              26       0.0796875      0.01015625              88              62
94100             204              26       0.0796875      0.01015625              88              62
94200             204              26       0.0796875      0.01015625              88              62
94300             204              26       0.0796875      0.01015625              88              62
94400             204              26       0.0796875      0.01015625              88              62
94500             204              26       0.0796875      0.01015625              88              62
94600             204              26       0.0796875      0.01015625              88              62
94700             204              26       0.0796875      0.01015625              88              62
94800             204              26       0.0796875      0.01015625              88              62
94900             204              26       0.0796875      0.01015625              88              62
95000             204              26       0.0796875      0.01015625              88              62
95100             204              26       0.0796875      0.01015625              88              62
95200             204              26       0.0796875      0.01015625              88              62
95300             204              26       0.0796875      0.01015625              88              62
95400             204              26       0.0796875      0.01015625              88              62
95500             204              26       0.0796875      0.01015625              88              62
95600             204              26       0.0796875      0.01015625              88              62
95700             204              26       0.0796875      0.01015625              88              62
95800             202              27      0.07890625     0.010546875              89              62
95900             202              27      0.07890625     0.010546875              89              62
96000             202              27      0.07890625     0.010546875              89              62
96100             202              27      0.07890625     0.010546875              89              62
96200             202              27      0.07890625     0.010546875              89              62
96300             202              27      0.07890625     0.010546875              89              62
96400             202              27      0.07890625     0.010546875              89              62
96500             200              28        0.078125       0.0109375              90              62
96600             200              28        0.078125       0.0109375              90              62
96700             200              28        0.078125       0.0109375              90              62
96800             200              28        0.078125       0.0109375              90              62
96900             200              28        0.078125       0.0109375              90              62
97000             200              28        0.078125       0.0109375              90              62
97100             198              29      0.07734375     0.011328125              91              62
97200             198              29      0.07734375     0.011328125              91              62
97300             198              29      0.07734375     0.011328125              91              62
97400             198              29      0.07734375     0.011328125              91              62
97500             198              29      0.07734375     0.011328125              91              62
97600             198              29      0.07734375     0.011328125              91              62
97700             198              29      0.07734375     0.011328125              91              62
97800             198              29      0.07734375     0.011328125              91              62
97900             198              29      0.07734375     0.011328125              91              62
98000             198              29      0.07734375     0.011328125              91              62
98100             198              29      0.07734375     0.011328125              91              62
98200             198              29      0.07734375     0.011328125              91              62
98300             198              29      0.07734375     0.011328125              91              62
98400             198              29      0.07734375     0.011328125              91              62
98500             198              29      0.07734375     0.011328125              91              62
98600             198              29      0.07734375     0.011328125              91              62
98700             198              29      0.07734375     0.011328125              91              62
98800             198              29      0.07734375     0.011328125              91              62
98900             198              29      0.07734375     0.011328125              91              62
99000             198              29      0.07734375     0.011328125              91              62
99100             198              29      0.07734375     0.011328125              91              62
99200             198              29      0.07734375     0.011328125              91              62
99300             198              29      0.07734375     0.011328125              91              62
99400             196              30       0.0765625      0.01171875              92              62
99500             196              30       0.0765625      0.01171875              92              62
99600             196              30       0.0765625      0.01171875              92              62
99700             196              30       0.0765625      0.01171875              92              62
99800             196              30       0.0765625      0.01171875              92              62
99900             196              30       0.0765625      0.01171875              92              62
100000             196              30       0.0765625      0.01171875              92              62
