# Time-averaged data for fix observ
# TimeStep v_nfree v_ndimer v_cfree v_cdimer f_kinetics[2] f_kinetics[3]
0             256               0             0.1               0               0               0
100             252               2       0.0984375      0.00078125               2               0
200             250               3      0.09765625     0.001171875               3               0
300             244               6       0.0953125      0.00234375               7               1
400             242               7      0.09453125     0.002734375               8               1
500             238               9      0.09296875     0.003515625              10               1
600             234              11      0.09140625     0.004296875              12               1
700             232              12        0.090625       0.0046875              13               1
800             230              13      0.08984375     0.005078125              14               1
900             230              13      0.08984375     0.005078125              14               1
1000             228              14       0.0890625      0.00546875              15               1
1100             224              16          0.0875         0.00625              17               1
1200             222              17      0.08671875     0.006640625              18               1
1300             222              17      0.08671875     0.006640625              20               3
1400             224              16          0.0875         0.00625              20               4
1500             224              16          0.0875         0.00625              20               4
1600             220              18       0.0859375      0.00703125              23               5
1700             218              19      0.08515625     0.007421875              24               5
1800             216              20        0.084375       0.0078125              25               5
1900             218              19      0.08515625     0.007421875              25               6
2000             218              19      0.08515625     0.007421875              25               6
2100             214              21      0.08359375     0.008203125              27               6
2200             210              23      0.08203125     0.008984375              29               6
2300             212              22       0.0828125      0.00859375              29               7
2400             212              22       0.0828125      0.00859375              29               7
2500             214              21      0.08359375     0.008203125              29               8
2600             214              21      0.08359375     0.008203125              29               8
2700             214              21      0.08359375     0.008203125              29               8
2800             212              22       0.0828125      0.00859375              30               8
2900             212              22       0.0828125      0.00859375              31               9
3000             212              22       0.0828125      0.00859375              31               9
3100             212              22       0.0828125      0.00859375              32              10
3200             206              25      0.08046875     0.009765625              35              10
3300             206              25      0.08046875     0.009765625              35              10
3400             200              28        0.078125       0.0109375              38              10
3500             200              28        0.078125       0.0109375              38              10
3600             200              28        0.078125       0.0109375              39              11
3700             202              27      0.07890625     0.010546875              39              12
3800             202              27      0.07890625     0.010546875              40              13
3900             202              27      0.07890625     0.010546875              40              13
4000             200              28        0.078125       0.0109375              42              14
4100             200              28        0.078125       0.0109375              42              14
4200             200              28        0.078125       0.0109375              42              14
4300             196              30       0.0765625      0.01171875              44              14
4400             196              30       0.0765625      0.01171875              44              14
4500             196              30       0.0765625      0.01171875              45              15
4600             200              28        0.078125       0.0109375              45              17
4700             204              26       0.0796875      0.01015625              45              19
4800             206              25      0.08046875     0.009765625              45              20
4900             208              24         0.08125        0.009375              46              22
5000             208              24         0.08125        0.009375              47              23
5100             206              25      0.08046875     0.009765625              48              23
5200             204              26       0.0796875      0.01015625              49              23
5300             206              25      0.08046875     0.009765625              49              24
5400             206              25      0.08046875     0.009765625              49              24
5500             204              26       0.0796875      0.01015625              51              25
5600             204              26       0.0796875      0.01015625              51              25
5700             202              27      0.07890625     0.010546875              53              26
5800             206              25      0.08046875     0.009765625              53              28
5900             206              25      0.08046875     0.009765625              54              29
6000             204              26       0.0796875      0.01015625              55              29
6100             204              26       0.0796875      0.01015625              55              29
6200             198              29      0.07734375     0.011328125              58              29
6300             196              30       0.0765625      0.01171875              59              29
6400             194              31      0.07578125     0.012109375              60              29
6500             192              32           0.075          0.0125              61              29
6600             192              32           0.075          0.0125              62              30
6700             194              31      0.07578125     0.012109375              62              31
6800             196              30       0.0765625      0.01171875              62              32
6900             198              29      0.07734375     0.011328125              62              33
7000             196              30       0.0765625      0.01171875              63              33
7100             200              28        0.078125       0.0109375              63              35
7200             200              28        0.078125       0.0109375              63              35
7300             200              28        0.078125       0.0109375              63              35
7400             198              29      0.07734375     0.011328125              65              36
7500             194              31      0.07578125     0.012109375              67              36
7600             194              31      0.07578125     0.012109375              68              37
7700             194              31      0.07578125     0.012109375              69              38
7800             194              31      0.07578125     0.012109375              69              38
7900             190              33      0.07421875     0.012890625              71              38
8000             190              33      0.07421875     0.012890625              72              39
8100             190              33      0.07421875     0.012890625              73              40
8200             190              33      0.07421875     0.012890625              74              41
8300             190              33      0.07421875     0.012890625              74              41
8400             190              33      0.07421875     0.012890625              74              41
8500             188              34       0.0734375      0.01328125              75              41
8600             186              35      0.07265625     0.013671875              77              42
8700             186              35      0.07265625     0.013671875              77              42
8800             184              36        0.071875       0.0140625              78              42
8900             184              36        0.071875       0.0140625              78              42
9000             184              36        0.071875       0.0140625              79              43
9100             184              36        0.071875       0.0140625              80              44
9200             180              38       0.0703125      0.01484375              82              44
9300             184              36        0.071875       0.0140625              82              46
9400             184              36        0.071875       0.0140625              82              46
9500             186              35      0.07265625     0.013671875              82              47
9600             186              35      0.07265625     0.013671875              82              47
9700             184              36        0.071875       0.0140625              83              47
9800             188              34       0.0734375      0.01328125              83              49
9900             182              37      0.07109375     0.014453125              86              49
10000             182              37      0.07109375     0.014453125              87              50
10100             180              38       0.0703125      0.01484375              89              51
10200             180              38       0.0703125      0.01484375              90              52
10300             180              38       0.0703125      0.01484375              90              52
10400             182              37      0.07109375     0.014453125              90              53
10500             182              37      0.07109375     0.014453125              90              53
10600             186              35      0.07265625     0.013671875              90              55
10700             182              37      0.07109375     0.014453125              92              55
10800             182              37      0.07109375     0.014453125              92              55
10900             184              36        0.071875       0.0140625              92              56
11000             184              36        0.071875       0.0140625              92              56
11100             186              35      0.07265625     0.013671875              92              57
11200             184              36        0.071875       0.0140625              93              57
11300             184              36        0.071875       0.0140625              94              58
11400             184              36        0.071875       0.0140625              94              58
11500             184              36        0.071875       0.0140625              94              58
11600             182              37      0.07109375     0.014453125              95              58
11700             182              37      0.07109375     0.014453125              95              58
11800             182              37      0.07109375     0.014453125              95              58
11900             180              38       0.0703125      0.01484375              96              58
12000             180              38       0.0703125      0.01484375              96              58
12100             180              38       0.0703125      0.01484375              96              58
12200             182              37      0.07109375     0.014453125              97              60
12300             182              37      0.07109375     0.014453125              97              60
12400             180              38       0.0703125      0.01484375              98              60
12500             182              37      0.07109375     0.014453125              98              61
12600             184              36        0.071875       0.0140625              98              62
12700             186              35      0.07265625     0.013671875              98              63
12800             188              34       0.0734375      0.01328125              98              64
12900             188              34       0.0734375      0.01328125              98              64
13000             190              33      0.07421875     0.012890625              98              65
13100             190              33      0.07421875     0.012890625              98              65
13200             186              35      0.07265625     0.013671875             100              65
13300             186              35      0.07265625     0.013671875             102              67
13400             186              35      0.07265625     0.013671875             102              67
13500             186              35      0.07265625     0.013671875             104              69
13600             188              34       0.0734375      0.01328125             105              71
13700             188              34       0.0734375      0.01328125             105              71
13800             190              33      0.07421875     0.012890625             105              72
13900             188              34       0.0734375      0.01328125             106              72
14000             188              34       0.0734375      0.01328125             107              73
14100             186              35      0.07265625     0.013671875             108              73
14200             186              35      0.07265625     0.013671875             108              73
14300             190              33      0.07421875     0.012890625             108              75
14400             190              33      0.07421875     0.012890625             109              76
14500             190              33      0.07421875     0.012890625             109              76
14600             190              33      0.07421875     0.012890625             110              77
14700             192              32           0.075          0.0125             110              78
14800             192              32           0.075          0.0125             110              78
14900             186              35      0.07265625     0.013671875             113              78
15000             190              33      0.07421875     0.012890625             113              80
15100             190              33      0.07421875     0.012890625             114              81
15200             188              34       0.0734375      0.01328125             115              81
15300             186              35      0.07265625     0.013671875             116              81
15400             192              32           0.075          0.0125             116              84
15500             190              33      0.07421875     0.012890625             117              84
15600             190              33      0.07421875     0.012890625             117              84
15700             184              36        0.071875       0.0140625             120              84
15800             186              35      0.07265625     0.013671875             120              85
15900             186              35      0.07265625     0.013671875             120              85
16000             184              36        0.071875       0.0140625             122              86
16100             186              35      0.07265625     0.013671875             122              87
16200             190              33      0.07421875     0.012890625             122              89
16300             190              33      0.07421875     0.012890625             123              90
16400             188              34       0.0734375      0.01328125             124              90
16500             188              34       0.0734375      0.01328125             125              91
16600             188              34       0.0734375      0.01328125             125              91
16700             188              34       0.0734375      0.01328125             126              92
16800             190              33      0.07421875     0.012890625             126              93
16900             190              33      0.07421875     0.012890625             126              93
17000             190              33      0.07421875     0.012890625             127              94
17100             190              33      0.07421875     0.012890625             128              95
17200             190              33      0.07421875     0.012890625             128              95
17300             190              33      0.07421875     0.012890625             128              95
17400             190              33      0.07421875     0.012890625             128              95
17500             186              35      0.07265625     0.013671875             130              95
17600             190              33      0.07421875     0.012890625             130              97
17700             190              33      0.07421875     0.012890625             130              97
17800             190              33      0.07421875     0.012890625             131              98
17900             190              33      0.07421875     0.012890625             131              98
18000             188              34       0.0734375      0.01328125             132              98
18100             186              35      0.07265625     0.013671875             133              98
18200             184              36        0.071875       0.0140625             134              98
18300             182              37      0.07109375     0.014453125             136              99
18400             178              39      0.06953125     0.015234375             138              99
18500             176              40         0.06875        0.015625             139              99
18600             178              39      0.06953125     0.015234375             140             101
18700             182              37      0.07109375     0.014453125             140             103
18800             182              37      0.07109375     0.014453125             140             103
18900             182              37      0.07109375     0.014453125             142             105
19000             184              36        0.071875       0.0140625             142             106
19100             184              36        0.071875       0.0140625             143             107
19200             184              36        0.071875       0.0140625             144             108
19300             186              35      0.07265625     0.013671875             144             109
19400             186              35      0.07265625     0.013671875             144             109
19500             184              36        0.071875       0.0140625             145             109
19600             184              36        0.071875       0.0140625             145             109
19700             186              35      0.07265625     0.013671875             146             111
19800             186              35      0.07265625     0.013671875             146             111
19900             188              34       0.0734375      0.01328125             147             113
20000             188              34       0.0734375      0.01328125             148             114
20100             186              35      0.07265625     0.013671875             149             114
20200             186              35      0.07265625     0.013671875             149             114
20300             186              35      0.07265625     0.013671875             149             114
20400             186              35      0.07265625     0.013671875             149             114
20500             186              35      0.07265625     0.013671875             149             114
20600             182              37      0.07109375     0.014453125             151             114
20700             182              37      0.07109375     0.014453125             151             114
20800             184              36        0.071875       0.0140625             152             116
20900             186              35      0.07265625     0.013671875             152             117
21000             184              36        0.071875       0.0140625             153             117
21100             186              35      0.07265625     0.013671875             154             119
21200             184              36        0.071875       0.0140625             156             120
21300             184              36        0.071875       0.0140625             157             121
21400             186              35      0.07265625     0.013671875             157             122
21500             184              36        0.071875       0.0140625             158             122
21600             184              36        0.071875       0.0140625             159             123
21700             184              36        0.071875       0.0140625             159             123
21800             184              36        0.071875       0.0140625             159             123
21900             180              38       0.0703125      0.01484375             161             123
22000             180              38       0.0703125      0.01484375             162             124
22100             180              38       0.0703125      0.01484375             162             124
22200             182              37      0.07109375     0.014453125             162             125
22300             180              38       0.0703125      0.01484375             163             125
22400             180              38       0.0703125      0.01484375             163             125
22500             184              36        0.071875       0.0140625             163             127
22600             184              36        0.071875       0.0140625             164             128
22700             182              37      0.07109375     0.014453125             165             128
22800             182              37      0.07109375     0.014453125             165             128
22900             182              37      0.07109375     0.014453125             165             128
23000             178              39      0.06953125     0.015234375             167             128
23100             180              38       0.0703125      0.01484375             168             130
23200             176              40         0.06875        0.015625             170             130
23300             176              40         0.06875        0.015625             170             130
23400             176              40         0.06875        0.015625             170             130
23500             178              39      0.06953125     0.015234375             170             131
23600             174              41      0.06796875     0.016015625             172             131
23700             174              41      0.06796875     0.016015625             172             131
23800             174              41      0.06796875     0.016015625             172             131
23900             172              42       0.0671875      0.01640625             174             132
24000             174              41      0.06796875     0.016015625             174             133
24100             176              40         0.06875        0.015625             175             135
24200             176              40         0.06875        0.015625             176             136
24300             176              40         0.06875        0.015625             177             137
24400             178              39      0.06953125     0.015234375             177             138
24500             178              39      0.06953125     0.015234375             177             138
24600             178              39      0.06953125     0.015234375             177             138
24700             176              40         0.06875        0.015625             178             138
24800             174              41      0.06796875     0.016015625             181             140
24900             176              40         0.06875        0.015625             181             141
25000             180              38       0.0703125      0.01484375             182             144
25100             180              38       0.0703125      0.01484375             182             144
25200             178              39      0.06953125     0.015234375             184             145
25300             174              41      0.06796875     0.016015625             186             145
25400             180              38       0.0703125      0.01484375             186             148
25500             180              38       0.0703125      0.01484375             186             148
25600             182              37      0.07109375     0.014453125             186             149
25700             184              36        0.071875       0.0140625             187             151
25800             184              36        0.071875       0.0140625             188             152
25900             174              41      0.06796875     0.016015625             193             152
26000             176              40         0.06875        0.015625             194             154
26100             176              40         0.06875        0.015625             195             155
26200             178              39      0.06953125     0.015234375             195             156
26300             176              40         0.06875        0.015625             196             156
26400             180              38       0.0703125      0.01484375             196             158
26500             174              41      0.06796875     0.016015625             199             158
26600             176              40         0.06875        0.015625             199             159
26700             178              39      0.06953125     0.015234375             199             160
26800             184              36        0.071875       0.0140625             199             163
26900             186              35      0.07265625     0.013671875             199             164
27000             186              35      0.07265625     0.013671875             200             165
27100             190              33      0.07421875     0.012890625             200             167
27200             190              33      0.07421875     0.012890625             201             168
27300             188              34       0.0734375      0.01328125             202             168
27400             188              34       0.0734375      0.01328125             202             168
27500             186              35      0.07265625     0.013671875             203             168
27600             184              36        0.071875       0.0140625             205             169
27700             186              35      0.07265625     0.013671875             205             170
27800             186              35      0.07265625     0.013671875             206             171
27900             188              34       0.0734375      0.01328125             206             172
28000             188              34       0.0734375      0.01328125             206             172
28100             188              34       0.0734375      0.01328125             206             172
28200             188              34       0.0734375      0.01328125             206             172
28300             190              33      0.07421875     0.012890625             206             173
28400             190              33      0.07421875     0.012890625             207             174
28500             188              34       0.0734375      0.01328125             208             174
28600             186              35      0.07265625     0.013671875             209             174
28700             188              34       0.0734375      0.01328125             209             175
28800             190              33      0.07421875     0.012890625             209             176
28900             190              33      0.07421875     0.012890625             211             178
29000             188              34       0.0734375      0.01328125             212             178
29100             186              35      0.07265625     0.013671875             213             178
29200             186              35      0.07265625     0.013671875             215             180
29300             184              36        0.071875       0.0140625             216             180
29400             186              35      0.07265625     0.013671875             216             181
29500             184              36        0.071875       0.0140625             217             181
29600             184              36        0.071875       0.0140625             218             182
29700             182              37      0.07109375     0.014453125             219             182
29800             182              37      0.07109375     0.014453125             220             183
29900             184              36        0.071875       0.0140625             220             184
30000             184              36        0.071875       0.0140625             220             184
30100             182              37      0.07109375     0.014453125             222             185
30200             180              38       0.0703125      0.01484375             224             186
30300             182              37      0.07109375     0.014453125             224             187
30400             178              39      0.06953125     0.015234375             227             188
30500             178              39      0.06953125     0.015234375             227             188
30600             178              39      0.06953125     0.015234375             228             189
30700             178              39      0.06953125     0.015234375             228             189
30800             176              40         0.06875        0.015625             229             189
30900             180              38       0.0703125      0.01484375             229             191
31000             184              36        0.071875       0.0140625             230             194
31100             184              36        0.071875       0.0140625             230             194
31200             188              34       0.0734375      0.01328125             230             196
31300             188              34       0.0734375      0.01328125             230             196
31400             188              34       0.0734375      0.01328125             231             197
31500             190              33      0.07421875     0.012890625             232             199
31600             188              34       0.0734375      0.01328125             233             199
31700             188              34       0.0734375      0.01328125             234             200
31800             190              33      0.07421875     0.012890625             234             201
31900             192              32           0.075          0.0125             234             202
32000             192              32           0.075          0.0125             235             203
32100             194              31      0.07578125     0.012109375             235             204
32200             190              33      0.07421875     0.012890625             237             204
32300             192              32           0.075          0.0125             238             206
32400             190              33      0.07421875     0.012890625             239             206
32500             188              34       0.0734375      0.01328125             240             206
32600             184              36        0.071875       0.0140625             243             207
32700             186              35      0.07265625     0.013671875             243             208
32800             186              35      0.07265625     0.013671875             244             209
32900             182              37      0.07109375     0.014453125             246             209
33000             184              36        0.071875       0.0140625             246             210
33100             184              36        0.071875       0.0140625             246             210
33200             186              35      0.07265625     0.013671875             246             211
33300             186              35      0.07265625     0.013671875             246             211
33400             180              38       0.0703125      0.01484375             249             211
33500             180              38       0.0703125      0.01484375             249             211
33600             182              37      0.07109375     0.014453125             249             212
33700             184              36        0.071875       0.0140625             249             213
33800             186              35      0.07265625     0.013671875             249             214
33900             186              35      0.07265625     0.013671875             249             214
34000             182              37      0.07109375     0.014453125             251             214
34100             186              35      0.07265625     0.013671875             251             216
34200             188              34       0.0734375      0.01328125             251             217
34300             186              35      0.07265625     0.013671875             252             217
34400             182              37      0.07109375     0.014453125             254             217
34500             180              38       0.0703125      0.01484375             255             217
34600             180              38       0.0703125      0.01484375             255             217
34700             182              37      0.07109375     0.014453125             255             218
34800             184              36        0.071875       0.0140625             256             220
34900             184              36        0.071875       0.0140625             256             220
35000             182              37      0.07109375     0.014453125             257             220
35100             186              35      0.07265625     0.013671875             257             222
35200             186              35      0.07265625     0.013671875             258             223
35300             184              36        0.071875       0.0140625             259             223
35400             186              35      0.07265625     0.013671875             259             224
35500             184              36        0.071875       0.0140625             260             224
35600             184              36        0.071875       0.0140625             261             225
35700             184              36        0.071875       0.0140625             261             225
35800             184              36        0.071875       0.0140625             261             225
35900             184              36        0.071875       0.0140625             262             226
36000             188              34       0.0734375      0.01328125             262             228
36100             188              34       0.0734375      0.01328125             262             228
36200             188              34       0.0734375      0.01328125             262             228
36300             184              36        0.071875       0.0140625             264             228
36400             180              38       0.0703125      0.01484375             266             228
36500             180              38       0.0703125      0.01484375             266             228
36600             182              37      0.07109375     0.014453125             267             230
36700             180              38       0.0703125      0.01484375             268             230
36800             184              36        0.071875       0.0140625             268             232
36900             180              38       0.0703125      0.01484375             270             232
37000             180              38       0.0703125      0.01484375             270             232
37100             180              38       0.0703125      0.01484375             270             232
37200             178              39      0.06953125     0.015234375             272             233
37300             176              40         0.06875        0.015625             273             233
37400             178              39      0.06953125     0.015234375             273             234
37500             176              40         0.06875        0.015625             275             235
37600             176              40         0.06875        0.015625             277             237
37700             176              40         0.06875        0.015625             277             237
37800             174              41      0.06796875     0.016015625             278             237
37900             174              41      0.06796875     0.016015625             279             238
38000             180              38       0.0703125      0.01484375             279             241
38100             180              38       0.0703125      0.01484375             279             241
38200             178              39      0.06953125     0.015234375             280             241
38300             176              40         0.06875        0.015625             281             241
38400             176              40         0.06875        0.015625             281             241
38500             174              41      0.06796875     0.016015625             283             242
38600             176              40         0.06875        0.015625             283             243
38700             178              39      0.06953125     0.015234375             284             245
38800             180              38       0.0703125      0.01484375             284             246
38900             184              36        0.071875       0.0140625             284             248
39000             184              36        0.071875       0.0140625             286             250
39100             184              36        0.071875       0.0140625             286             250
39200             184              36        0.071875       0.0140625             286             250
39300             182              37      0.07109375     0.014453125             287             250
39400             184              36        0.071875       0.0140625             287             251
39500             184              36        0.071875       0.0140625             287             251
39600             182              37      0.07109375     0.014453125             288             251
39700             182              37      0.07109375     0.014453125             288             251
39800             182              37      0.07109375     0.014453125             288             251
39900             178              39      0.06953125     0.015234375             290             251
40000             174              41      0.06796875     0.016015625             292             251
40100             176              40         0.06875        0.015625             292             252
40200             176              40         0.06875        0.015625             292             252
40300             176              40         0.06875        0.015625             292             252
40400             176              40         0.06875        0.015625             293             253
40500             178              39      0.06953125     0.015234375             293             254
40600             178              39      0.06953125     0.015234375             294             255
40700             176              40         0.06875        0.015625             295             255
40800             180              38       0.0703125      0.01484375             295             257
40900             182              37      0.07109375     0.014453125             296             259
41000             184              36        0.071875       0.0140625             296             260
41100             180              38       0.0703125      0.01484375             299             261
41200             178              39      0.06953125     0.015234375             300             261
41300             178              39      0.06953125     0.015234375             301             262
41400             174              41      0.06796875     0.016015625             303             262
41500             172              42       0.0671875      0.01640625             304             262
41600             168              44        0.065625       0.0171875             306             262
41700             170              43      0.06640625     0.016796875             306             263
41800             170              43      0.06640625     0.016796875             306             263
41900             168              44        0.065625       0.0171875             307             263
42000             166              45      0.06484375     0.017578125             309             264
42100             168              44        0.065625       0.0171875             309             265
42200             166              45      0.06484375     0.017578125             310             265
42300             166              45      0.06484375     0.017578125             312             267
42400             164              46       0.0640625      0.01796875             314             268
42500             164              46       0.0640625      0.01796875             314             268
42600             162              47      0.06328125     0.018359375             315             268
42700             162              47      0.06328125     0.018359375             315             268
42800             164              46       0.0640625      0.01796875             315             269
42900             166              45      0.06484375     0.017578125             315             270
43000             166              45      0.06484375     0.017578125             315             270
43100             166              45      0.06484375     0.017578125             315             270
43200             166              45      0.06484375     0.017578125             316             271
43300             166              45      0.06484375     0.017578125             316             271
43400             168              44        0.065625       0.0171875             318             274
43500             170              43      0.06640625     0.016796875             318             275
43600             172              42       0.0671875      0.01640625             319             277
43700             174              41      0.06796875     0.016015625             319             278
43800             174              41      0.06796875     0.016015625             319             278
43900             176              40         0.06875        0.015625             319             279
44000             176              40         0.06875        0.015625             321             281
44100             178              39      0.06953125     0.015234375             321             282
44200             176              40         0.06875        0.015625             322             282
44300             176              40         0.06875        0.015625             323             283
44400             174              41      0.06796875     0.016015625             324             283
44500             174              41      0.06796875     0.016015625             324             283
44600             174              41      0.06796875     0.016015625             324             283
44700             176              40         0.06875        0.015625             324             284
44800             174              41      0.06796875     0.016015625             325             284
44900             176              40         0.06875        0.015625             327             287
45000             174              41      0.06796875     0.016015625             328             287
45100             174              41      0.06796875     0.016015625             329             288
45200             176              40         0.06875        0.015625             329             289
45300             170              43      0.06640625     0.016796875             332             289
45400             172              42       0.0671875      0.01640625             332             290
45500             174              41      0.06796875     0.016015625             332             291
45600             180              38       0.0703125      0.01484375             332             294
45700             182              37      0.07109375     0.014453125             332             295
45800             182              37      0.07109375     0.014453125             332             295
45900             186              35      0.07265625     0.013671875             333             298
46000             186              35      0.07265625     0.013671875             333             298
46100             184              36        0.071875       0.0140625             334             298
46200             182              37      0.07109375     0.014453125             335             298
46300             182              37      0.07109375     0.014453125             336             299
46400             182              37      0.07109375     0.014453125             337             300
46500             182              37      0.07109375     0.014453125             337             300
46600             182              37      0.07109375     0.014453125             338             301
46700             182              37      0.07109375     0.014453125             339             302
46800             182              37      0.07109375     0.014453125             339             302
46900             184              36        0.071875       0.0140625             339             303
47000             184              36        0.071875       0.0140625             339             303
47100             186              35      0.07265625     0.013671875             341             306
47200             188              34       0.0734375      0.01328125             341             307
47300             184              36        0.071875       0.0140625             343             307
47400             184              36        0.071875       0.0140625             343             307
47500             182              37      0.07109375     0.014453125             344             307
47600             180              38       0.0703125      0.01484375             345             307
47700             180              38       0.0703125      0.01484375             346             308
47800             178              39      0.06953125     0.015234375             347             308
47900             178              39      0.06953125     0.015234375             347             308
48000             178              39      0.06953125     0.015234375             347             308
48100             178              39      0.06953125     0.015234375             347             308
48200             178              39      0.06953125     0.015234375             347             308
48300             180              38       0.0703125      0.01484375             347             309
48400             180              38       0.0703125      0.01484375             348             310
48500             178              39      0.06953125     0.015234375             350             311
48600             180              38       0.0703125      0.01484375             350             312
48700             180              38       0.0703125      0.01484375             350             312
48800             180              38       0.0703125      0.01484375             350             312
48900             180              38       0.0703125      0.01484375             351             313
49000             184              36        0.071875       0.0140625             351             315
49100             182              37      0.07109375     0.014453125             352             315
49200             184              36        0.071875       0.0140625             352             316
49300             186              35      0.07265625     0.013671875             353             318
49400             186              35      0.07265625     0.013671875             353             318
49500             184              36        0.071875       0.0140625             355             319
49600             182              37      0.07109375     0.014453125             356             319
49700             184              36        0.071875       0.0140625             356             320
49800             186              35      0.07265625     0.013671875             356             321
49900             184              36        0.071875       0.0140625             357             321
50000             184              36        0.071875       0.0140625             357             321
50100             184              36        0.071875       0.0140625             357             321
50200             184              36        0.071875       0.0140625             357             321
50300             182              37      0.07109375     0.014453125             358             321
50400             182              37      0.07109375     0.014453125             358             321
50500             180              38       0.0703125      0.01484375             360             322
50600             178              39      0.06953125     0.015234375             361             322
50700             178              39      0.06953125     0.015234375             361             322
50800             180              38       0.0703125      0.01484375             361             323
50900             178              39      0.06953125     0.015234375             363             324
51000             182              37      0.07109375     0.014453125             363             326
51100             184              36        0.071875       0.0140625             363             327
51200             180              38       0.0703125      0.01484375             365             327
51300             184              36        0.071875       0.0140625             366             330
51400             186              35      0.07265625     0.013671875             366             331
51500             186              35      0.07265625     0.013671875             368             333
51600             186              35      0.07265625     0.013671875             369             334
51700             186              35      0.07265625     0.013671875             370             335
51800             188              34       0.0734375      0.01328125             370             336
51900             186              35      0.07265625     0.013671875             372             337
52000             188              34       0.0734375      0.01328125             373             339
52100             186              35      0.07265625     0.013671875             374             339
52200             182              37      0.07109375     0.014453125             376             339
52300             184              36        0.071875       0.0140625             376             340
52400             184              36        0.071875       0.0140625             376             340
52500             182              37      0.07109375     0.014453125             378             341
52600             182              37      0.07109375     0.014453125             379             342
52700             180              38       0.0703125      0.01484375             380             342
52800             178              39      0.06953125     0.015234375             381             342
52900             174              41      0.06796875     0.016015625             383             342
53000             172              42       0.0671875      0.01640625             384             342
53100             176              40         0.06875        0.015625             384             344
53200             172              42       0.0671875      0.01640625             386             344
53300             176              40         0.06875        0.015625             386             346
53400             176              40         0.06875        0.015625             387             347
53500             174              41      0.06796875     0.016015625             388             347
53600             178              39      0.06953125     0.015234375             388             349
53700             180              38       0.0703125      0.01484375             388             350
53800             182              37      0.07109375     0.014453125             389             352
53900             180              38       0.0703125      0.01484375             392             354
54000             180              38       0.0703125      0.01484375             392             354
54100             178              39      0.06953125     0.015234375             393             354
54200             176              40         0.06875        0.015625             394             354
54300             182              37      0.07109375     0.014453125             394             357
54400             182              37      0.07109375     0.014453125             395             358
54500             180              38       0.0703125      0.01484375             396             358
54600             178              39      0.06953125     0.015234375             398             359
54700             176              40         0.06875        0.015625             399             359
54800             176              40         0.06875        0.015625             399             359
54900             170              43      0.06640625     0.016796875             402             359
55000             170              43      0.06640625     0.016796875             403             360
55100             172              42       0.0671875      0.01640625             403             361
55200             170              43      0.06640625     0.016796875             405             362
55300             172              42       0.0671875      0.01640625             405             363
55400             174              41      0.06796875     0.016015625             405             364
55500             176              40         0.06875        0.015625             405             365
55600             176              40         0.06875        0.015625             406             366
55700             178              39      0.06953125     0.015234375             406             367
55800             182              37      0.07109375     0.014453125             406             369
55900             184              36        0.071875       0.0140625             406             370
56000             184              36        0.071875       0.0140625             407             371
56100             184              36        0.071875       0.0140625             407             371
56200             186              35      0.07265625     0.013671875             407             372
56300             184              36        0.071875       0.0140625             408             372
56400             186              35      0.07265625     0.013671875             408             373
56500             188              34       0.0734375      0.01328125             409             375
56600             188              34       0.0734375      0.01328125             409             375
56700             188              34       0.0734375      0.01328125             410             376
56800             190              33      0.07421875     0.012890625             410             377
56900             190              33      0.07421875     0.012890625             410             377
57000             196              30       0.0765625      0.01171875             410             380
57100             198              29      0.07734375     0.011328125             410             381
57200             200              28        0.078125       0.0109375             410             382
57300             202              27      0.07890625     0.010546875             411             384
57400             202              27      0.07890625     0.010546875             411             384
57500             202              27      0.07890625     0.010546875             411             384
57600             200              28        0.078125       0.0109375             412             384
57700             200              28        0.078125       0.0109375             412             384
57800             200              28        0.078125       0.0109375             413             385
57900             200              28        0.078125       0.0109375             413             385
58000             200              28        0.078125       0.0109375             413             385
58100             196              30       0.0765625      0.01171875             415             385
58200             190              33      0.07421875     0.012890625             418             385
58300             190              33      0.07421875     0.012890625             419             386
58400             190              33      0.07421875     0.012890625             421             388
58500             192              32           0.075          0.0125             421             389
58600             188              34       0.0734375      0.01328125             423             389
58700             188              34       0.0734375      0.01328125             423             389
58800             188              34       0.0734375      0.01328125             423             389
58900             188              34       0.0734375      0.01328125             423             389
59000             186              35      0.07265625     0.013671875             424             389
59100             184              36        0.071875       0.0140625             425             389
59200             190              33      0.07421875     0.012890625             425             392
59300             190              33      0.07421875     0.012890625             425             392
59400             194              31      0.07578125     0.012109375             426             395
59500             192              32           0.075          0.0125             427             395
59600             192              32           0.075          0.0125             428             396
59700             194              31      0.07578125     0.012109375             428             397
59800             194              31      0.07578125     0.012109375             429             398
59900             194              31      0.07578125     0.012109375             429             398
60000             196              30       0.0765625      0.01171875             429             399
60100             192              32           0.075          0.0125             431             399
60200             192              32           0.075          0.0125             431             399
60300             192              32           0.075          0.0125             431             399
60400             194              31      0.07578125     0.012109375             431             400
60500             192              32           0.075          0.0125             432             400
60600             196              30       0.0765625      0.01171875             433             403
60700             196              30       0.0765625      0.01171875             433             403
60800             194              31      0.07578125     0.012109375             434             403
60900             194              31      0.07578125     0.012109375             434             403
61000             194              31      0.07578125     0.012109375             434             403
61100             194              31      0.07578125     0.012109375             435             404
61200             192              32           0.075          0.0125             437             405
61300             192              32           0.075          0.0125             438             406
61400             192              32           0.075          0.0125             438             406
61500             190              33      0.07421875     0.012890625             439             406
61600             188              34       0.0734375      0.01328125             441             407
61700             188              34       0.0734375      0.01328125             442             408
61800             190              33      0.07421875     0.012890625             442             409
61900             192              32           0.075          0.0125             442             410
62000             186              35      0.07265625     0.013671875             445             410
62100             184              36        0.071875       0.0140625             446             410
62200             184              36        0.071875       0.0140625             447             411
62300             182              37      0.07109375     0.014453125             448             411
62400             188              34       0.0734375      0.01328125             448             414
62500             190              33      0.07421875     0.012890625             448             415
62600             192              32           0.075          0.0125             448             416
62700             190              33      0.07421875     0.012890625             449             416
62800             190              33      0.07421875     0.012890625             450             417
62900             188              34       0.0734375      0.01328125             451             417
63000             190              33      0.07421875     0.012890625             451             418
63100             194              31      0.07578125     0.012109375             451             420
63200             194              31      0.07578125     0.012109375             455             424
63300             192              32           0.075          0.0125             456             424
63400             190              33      0.07421875     0.012890625             457             424
63500             190              33      0.07421875     0.012890625             458             425
63600             192              32           0.075          0.0125             458             426
63700             192              32           0.075          0.0125             458             426
63800             194              31      0.07578125     0.012109375             458             427
63900             194              31      0.07578125     0.012109375             458             427
64000             192              32           0.075          0.0125             461             429
64100             192              32           0.075          0.0125             461             429
64200             192              32           0.075          0.0125             461             429
64300             194              31      0.07578125     0.012109375             461             430
64400             190              33      0.07421875     0.012890625             463             430
64500             186              35      0.07265625     0.013671875             465             430
64600             186              35      0.07265625     0.013671875             466             431
64700             188              34       0.0734375      0.01328125             466             432
64800             186              35      0.07265625     0.013671875             468             433
64900             188              34       0.0734375      0.01328125             468             434
65000             190              33      0.07421875     0.012890625             468             435
65100             190              33      0.07421875     0.012890625             469             436
65200             186              35      0.07265625     0.013671875             471             436
65300             186              35      0.07265625     0.013671875             472             437
65400             186              35      0.07265625     0.013671875             472             437
65500             182              37      0.07109375     0.014453125             474             437
65600             184              36        0.071875       0.0140625             474             438
65700             188              34       0.0734375      0.01328125             475             441
65800             186              35      0.07265625     0.013671875             476             441
65900             192              32           0.075          0.0125             476             444
66000             190              33      0.07421875     0.012890625             477             444
66100             190              33      0.07421875     0.012890625             477             444
66200             190              33      0.07421875     0.012890625             477             444
66300             190              33      0.07421875     0.012890625             478             445
66400             190              33      0.07421875     0.012890625             478             445
66500             190              33      0.07421875     0.012890625             478             445
66600             190              33      0.07421875     0.012890625             479             446
66700             190              33      0.07421875     0.012890625             480             447
66800             186              35      0.07265625     0.013671875             483             448
66900             186              35      0.07265625     0.013671875             483             448
67000             188              34       0.0734375      0.01328125             483             449
67100             190              33      0.07421875     0.012890625             483             450
67200             190              33      0.07421875     0.012890625             483             450
67300             188              34       0.0734375      0.01328125             485             451
67400             186              35      0.07265625     0.013671875             489             454
67500             184              36        0.071875       0.0140625             491             455
67600             184              36        0.071875       0.0140625             491             455
67700             182              37      0.07109375     0.014453125             492             455
67800             182              37      0.07109375     0.014453125             492             455
67900             180              38       0.0703125      0.01484375             493             455
68000             184              36        0.071875       0.0140625             493             457
68100             184              36        0.071875       0.0140625             494             458
68200             186              35      0.07265625     0.013671875             495             460
68300             182              37      0.07109375     0.014453125             498             461
68400             184              36        0.071875       0.0140625             498             462
68500             184              36        0.071875       0.0140625             498             462
68600             184              36        0.071875       0.0140625             498             462
68700             184              36        0.071875       0.0140625             498             462
68800             184              36        0.071875       0.0140625             500             464
68900             184              36        0.071875       0.0140625             500             464
69000             188              34       0.0734375      0.01328125             500             466
69100             184              36        0.071875       0.0140625             502             466
69200             186              35      0.07265625     0.013671875             502             467
69300             186              35      0.07265625     0.013671875             502             467
69400             186              35      0.07265625     0.013671875             503             468
69500             186              35      0.07265625     0.013671875             504             469
69600             190              33      0.07421875     0.012890625             504             471
69700             188              34       0.0734375      0.01328125             505             471
69800             186              35      0.07265625     0.013671875             506             471
69900             188              34       0.0734375      0.01328125             506             472
70000             188              34       0.0734375      0.01328125             507             473
70100             188              34       0.0734375      0.01328125             507             473
70200             188              34       0.0734375      0.01328125             508             474
70300             190              33      0.07421875     0.012890625             509             476
70400             190              33      0.07421875     0.012890625             510             477
70500             192              32           0.075          0.0125             511             479
70600             188              34       0.0734375      0.01328125             513             479
70700             184              36        0.071875       0.0140625             515             479
70800             184              36        0.071875       0.0140625             515             479
70900             184              36        0.071875       0.0140625             516             480
71000             188              34       0.0734375      0.01328125             517             483
71100             188              34       0.0734375      0.01328125             517             483
71200             186              35      0.07265625     0.013671875             518             483
71300             186              35      0.07265625     0.013671875             518             483
71400             184              36        0.071875       0.0140625             519             483
71500             186              35      0.07265625     0.013671875             519             484
71600             186              35      0.07265625     0.013671875             519             484
71700             186              35      0.07265625     0.013671875             520             485
71800             186              35      0.07265625     0.013671875             521             486
71900             186              35      0.07265625     0.013671875             521             486
72000             186              35      0.07265625     0.013671875             521             486
72100             186              35      0.07265625     0.013671875             521             486
72200             186              35      0.07265625     0.013671875             521             486
72300             186              35      0.07265625     0.013671875             521             486
72400             182              37      0.07109375     0.014453125             523             486
72500             178              39      0.06953125     0.015234375             526             487
72600             176              40         0.06875        0.015625             527             487
72700             178              39      0.06953125     0.015234375             527             488
72800             174              41      0.06796875     0.016015625             529             488
72900             172              42       0.0671875      0.01640625             530             488
73000             170              43      0.06640625     0.016796875             531             488
73100             174              41      0.06796875     0.016015625             531             490
73200             174              41      0.06796875     0.016015625             531             490
73300             174              41      0.06796875     0.016015625             531             490
73400             172              42       0.0671875      0.01640625             532             490
73500             168              44        0.065625       0.0171875             534             490
73600             172              42       0.0671875      0.01640625             534             492
73700             170              43      0.06640625     0.016796875             535             492
73800             172              42       0.0671875      0.01640625             535             493
73900             172              42       0.0671875      0.01640625             536             494
74000             176              40         0.06875        0.015625             537             497
74100             178              39      0.06953125     0.015234375             537             498
74200             176              40         0.06875        0.015625             538             498
74300             176              40         0.06875        0.015625             538             498
74400             178              39      0.06953125     0.015234375             538             499
74500             176              40         0.06875        0.015625             539             499
74600             176              40         0.06875        0.015625             539             499
74700             172              42       0.0671875      0.01640625             541             499
74800             172              42       0.0671875      0.01640625             542             500
74900             172              42       0.0671875      0.01640625             542             500
75000             174              41      0.06796875     0.016015625             542             501
75100             174              41      0.06796875     0.016015625             543             502
75200             172              42       0.0671875      0.01640625             544             502
75300             172              42       0.0671875      0.01640625             544             502
75400             176              40         0.06875        0.015625             544             504
75500             184              36        0.071875       0.0140625             544             508
75600             186              35      0.07265625     0.013671875             545             510
75700             190              33      0.07421875     0.012890625             545             512
75800             186              35      0.07265625     0.013671875             548             513
75900             186              35      0.07265625     0.013671875             548             513
76000             188              34       0.0734375      0.01328125             549             515
76100             182              37      0.07109375     0.014453125             552             515
76200             184              36        0.071875       0.0140625             553             517
76300             184              36        0.071875       0.0140625             553             517
76400             188              34       0.0734375      0.01328125             553             519
76500             188              34       0.0734375      0.01328125             554             520
76600             186              35      0.07265625     0.013671875             555             520
76700             178              39      0.06953125     0.015234375             559             520
76800             176              40         0.06875        0.015625             560             520
76900             178              39      0.06953125     0.015234375             561             522
77000             180              38       0.0703125      0.01484375             561             523
77100             180              38       0.0703125      0.01484375             561             523
77200             178              39      0.06953125     0.015234375             562             523
77300             182              37      0.07109375     0.014453125             562             525
77400             182              37      0.07109375     0.014453125             562             525
77500             182              37      0.07109375     0.014453125             563             526
77600             178              39      0.06953125     0.015234375             566             527
77700             176              40         0.06875        0.015625             567             527
77800             176              40         0.06875        0.015625             568             528
77900             174              41      0.06796875     0.016015625             569             528
78000             172              42       0.0671875      0.01640625             570             528
78100             174              41      0.06796875     0.016015625             571             530
78200             174              41      0.06796875     0.016015625             571             530
78300             172              42       0.0671875      0.01640625             574             532
78400             174              41      0.06796875     0.016015625             574             533
78500             168              44        0.065625       0.0171875             577             533
78600             168              44        0.065625       0.0171875             577             533
78700             166              45      0.06484375     0.017578125             578             533
78800             168              44        0.065625       0.0171875             579             535
78900             168              44        0.065625       0.0171875             580             536
79000             168              44        0.065625       0.0171875             580             536
79100             170              43      0.06640625     0.016796875             580             537
79200             174              41      0.06796875     0.016015625             580             539
79300             174              41      0.06796875     0.016015625             580             539
79400             170              43      0.06640625     0.016796875             583             540
79500             172              42       0.0671875      0.01640625             583             541
79600             174              41      0.06796875     0.016015625             583             542
79700             178              39      0.06953125     0.015234375             583             544
79800             174              41      0.06796875     0.016015625             585             544
79900             174              41      0.06796875     0.016015625             585             544
80000             174              41      0.06796875     0.016015625             585             544
80100             178              39      0.06953125     0.015234375             585             546
80200             174              41      0.06796875     0.016015625             587             546
80300             172              42       0.0671875      0.01640625             588             546
80400             172              42       0.0671875      0.01640625             588             546
80500             168              44        0.065625       0.0171875             591             547
80600             174              41      0.06796875     0.016015625             591             550
80700             174              41      0.06796875     0.016015625             591             550
80800             170              43      0.06640625     0.016796875             593             550
80900             166              45      0.06484375     0.017578125             596             551
81000             166              45      0.06484375     0.017578125             596             551
81100             164              46       0.0640625      0.01796875             597             551
81200             166              45      0.06484375     0.017578125             598             553
81300             164              46       0.0640625      0.01796875             599             553
81400             166              45      0.06484375     0.017578125             599             554
81500             164              46       0.0640625      0.01796875             600             554
81600             170              43      0.06640625     0.016796875             600             557
81700             172              42       0.0671875      0.01640625             600             558
81800             168              44        0.065625       0.0171875             602             558
81900             170              43      0.06640625     0.016796875             602             559
82000             170              43      0.06640625     0.016796875             602             559
82100             170              43      0.06640625     0.016796875             604             561
82200             170              43      0.06640625     0.016796875             604             561
82300             172              42       0.0671875      0.01640625             605             563
82400             172              42       0.0671875      0.01640625             607             565
82500             176              40         0.06875        0.015625             607             567
82600             178              39      0.06953125     0.015234375             607             568
82700             178              39      0.06953125     0.015234375             608             569
82800             180              38       0.0703125      0.01484375             608             570
82900             180              38       0.0703125      0.01484375             608             570
83000             182              37      0.07109375     0.014453125             608             571
83100             180              38       0.0703125      0.01484375             609             571
83200             176              40         0.06875        0.015625             611             571
83300             176              40         0.06875        0.015625             611             571
83400             176              40         0.06875        0.015625             611             571
83500             174              41      0.06796875     0.016015625             612             571
83600             174              41      0.06796875     0.016015625             612             571
83700             172              42       0.0671875      0.01640625             613             571
83800             172              42       0.0671875      0.01640625             614             572
83900             172              42       0.0671875      0.01640625             614             572
84000             170              43      0.06640625     0.016796875             615             572
84100             172              42       0.0671875      0.01640625             615             573
84200             172              42       0.0671875      0.01640625             615             573
84300             170              43      0.06640625     0.016796875             617             574
84400             168              44        0.065625       0.0171875             618             574
84500             164              46       0.0640625      0.01796875             620             574
84600             164              46       0.0640625      0.01796875             621             575
84700             162              47      0.06328125     0.018359375             622             575
84800             166              45      0.06484375     0.017578125             622             577
84900             164              46       0.0640625      0.01796875             623             577
85000             162              47      0.06328125     0.018359375             625             578
85100             164              46       0.0640625      0.01796875             625             579
85200             166              45      0.06484375     0.017578125             627             582
85300             166              45      0.06484375     0.017578125             628             583
85400             166              45      0.06484375     0.017578125             629             584
85500             166              45      0.06484375     0.017578125             629             584
85600             168              44        0.065625       0.0171875             629             585
85700             168              44        0.065625       0.0171875             629             585
85800             170              43      0.06640625     0.016796875             629             586
85900             168              44        0.065625       0.0171875             630             586
86000             168              44        0.065625       0.0171875             630             586
86100             170              43      0.06640625     0.016796875             630             587
86200             168              44        0.065625       0.0171875             631             587
86300             168              44        0.065625       0.0171875             631             587
86400             170              43      0.06640625     0.016796875             631             588
86500             176              40         0.06875        0.015625             631             591
86600             186              35      0.07265625     0.013671875             631             596
86700             184              36        0.071875       0.0140625             632             596
86800             184              36        0.071875       0.0140625             634             598
86900             180              38       0.0703125      0.01484375             636             598
87000             180              38       0.0703125      0.01484375             637             599
87100             180              38       0.0703125      0.01484375             638             600
87200             178              39      0.06953125     0.015234375             639             600
87300             178              39      0.06953125     0.015234375             639             600
87400             178              39      0.06953125     0.015234375             640             601
87500             178              39      0.06953125     0.015234375             642             603
87600             176              40         0.06875        0.015625             644             604
87700             178              39      0.06953125     0.015234375             644             605
87800             180              38       0.0703125      0.01484375             644             606
87900             184              36        0.071875       0.0140625             644             608
88000             186              35      0.07265625     0.013671875             644             609
88100             184              36        0.071875       0.0140625             646             610
88200             184              36        0.071875       0.0140625             647             611
88300             182              37      0.07109375     0.014453125             648             611
88400             182              37      0.07109375     0.014453125             648             611
88500             182              37      0.07109375     0.014453125             648             611
88600             184              36        0.071875       0.0140625             648             612
88700             186              35      0.07265625     0.013671875             648             613
88800             186              35      0.07265625     0.013671875             649             614
88900             186              35      0.07265625     0.013671875             649             614
89000             186              35      0.07265625     0.013671875             649             614
89100             182              37      0.07109375     0.014453125             651             614
89200             182              37      0.07109375     0.014453125             652             615
89300             180              38       0.0703125      0.01484375             654             616
89400             182              37      0.07109375     0.014453125             654             617
89500             182              37      0.07109375     0.014453125             655             618
89600             182              37      0.07109375     0.014453125             656             619
89700             182              37      0.07109375     0.014453125             656             619
89800             182              37      0.07109375     0.014453125             656             619
89900             182              37      0.07109375     0.014453125             656             619
90000             180              38       0.0703125      0.01484375             657             619
90100             178              39      0.06953125     0.015234375             658             619
90200             178              39      0.06953125     0.015234375             658             619
90300             184              36        0.071875       0.0140625             659             623
90400             186              35      0.07265625     0.013671875             659             624
90500             184              36        0.071875       0.0140625             660             624
90600             184              36        0.071875       0.0140625             660             624
90700             184              36        0.071875       0.0140625             660             624
90800             180              38       0.0703125      0.01484375             662             624
90900             180              38       0.0703125      0.01484375             663             625
91000             182              37      0.07109375     0.014453125             664             627
91100             184              36        0.071875       0.0140625             664             628
91200             182              37      0.07109375     0.014453125             665             628
91300             182              37      0.07109375     0.014453125             665             628
91400             182              37      0.07109375     0.014453125             666             629
91500             184              36        0.071875       0.0140625             666             630
91600             186              35      0.07265625     0.013671875             666             631
91700             186              35      0.07265625     0.013671875             666             631
91800             186              35      0.07265625     0.013671875             667             632
91900             186              35      0.07265625     0.013671875             667             632
92000             186              35      0.07265625     0.013671875             668             633
92100             190              33      0.07421875     0.012890625             668             635
92200             188              34       0.0734375      0.01328125             669             635
92300             192              32           0.075          0.0125             669             637
92400             192              32           0.075          0.0125             670             638
92500             194              31      0.07578125     0.012109375             670             639
92600             192              32           0.075          0.0125             671             639
92700             192              32           0.075          0.0125             671             639
92800             192              32           0.075          0.0125             671             639
92900             190              33      0.07421875     0.012890625             672             639
93000             188              34       0.0734375      0.01328125             675             641
93100             188              34       0.0734375      0.01328125             676             642
93200             184              36        0.071875       0.0140625             678             642
93300             184              36        0.071875       0.0140625             678             642
93400             180              38       0.0703125      0.01484375             680             642
93500             180              38       0.0703125      0.01484375             681             643
93600             180              38       0.0703125      0.01484375             681             643
93700             184              36        0.071875       0.0140625             681             645
93800             186              35      0.07265625     0.013671875             681             646
93900             186              35      0.07265625     0.013671875             681             646
94000             186              35      0.07265625     0.013671875             683             648
94100             186              35      0.07265625     0.013671875             683             648
94200             188              34       0.0734375      0.01328125             684             650
94300             190              33      0.07421875     0.012890625             685             652
94400             186              35      0.07265625     0.013671875             687             652
94500             186              35      0.07265625     0.013671875             687             652
94600             186              35      0.07265625     0.013671875             688             653
94700             188              34       0.0734375      0.01328125             688             654
94800             184              36        0.071875       0.0140625             690             654
94900             184              36        0.071875       0.0140625             690             654
95000             184              36        0.071875       0.0140625             690             654
95100             182              37      0.07109375     0.014453125             692             655
95200             182              37      0.07109375     0.014453125             692             655
95300             182              37      0.07109375     0.014453125             692             655
95400             184              36        0.071875       0.0140625             692             656
95500             186              35      0.07265625     0.013671875             693             658
95600             188              34       0.0734375      0.01328125             693             659
95700             184              36        0.071875       0.0140625             695             659
95800             180              38       0.0703125      0.01484375             698             660
95900             182              37      0.07109375     0.014453125             698             661
96000             182              37      0.07109375     0.014453125             698             661
96100             180              38       0.0703125      0.01484375             699             661
96200             180              38       0.0703125      0.01484375             699             661
96300             180              38       0.0703125      0.01484375             701             663
96400             180              38       0.0703125      0.01484375             701             663
96500             182              37      0.07109375     0.014453125             702             665
96600             182              37      0.07109375     0.014453125             702             665
96700             182              37      0.07109375     0.014453125             702             665
96800             186              35      0.07265625     0.013671875             702             667
96900             186              35      0.07265625     0.013671875             702             667
97000             186              35      0.07265625     0.013671875             702             667
97100             186              35      0.07265625     0.013671875             702             667
97200             188              34       0.0734375      0.01328125             702             668
97300             190              33      0.07421875     0.012890625             702             669
97400             190              33      0.07421875     0.012890625             703             670
97500             188              34       0.0734375      0.01328125             705             671
97600             188              34       0.0734375      0.01328125             705             671
97700             188              34       0.0734375      0.01328125             706             672
97800             188              34       0.0734375      0.01328125             706             672
97900             190              33      0.07421875     0.012890625             707             674
98000             190              33      0.07421875     0.012890625             708             675
98100             192              32           0.075          0.0125             708             676
98200             192              32           0.075          0.0125             708             676
98300             192              32           0.075          0.0125             708             676
98400             192              32           0.075          0.0125             709             677
98500             196              30       0.0765625      0.01171875             710             680
98600             196              30       0.0765625      0.01171875             710             680
98700             196              30       0.0765625      0.01171875             710             680
98800             198              29      0.07734375     0.011328125             710             681
98900             198              29      0.07734375     0.011328125             711             682
99000             198              29      0.07734375     0.011328125             711             682
99100             194              31      0.07578125     0.012109375             713             682
99200             194              31      0.07578125     0.012109375             713             682
99300             194              31      0.07578125     0.012109375             713             682
99400             194              31      0.07578125     0.012109375             714             683
99500             192              32           0.075          0.0125             715             683
99600             192              32           0.075          0.0125             715             683
99700             188              34       0.0734375      0.01328125             717             683
99800             188              34       0.0734375      0.01328125             717             683
99900             190              33      0.07421875     0.012890625             718             685
100000             190              33      0.07421875     0.012890625             718             685
