# Time-averaged data for fix observ
# TimeStep v_nfree v_ndimer v_cfree v_cdimer f_kinetics[2] f_kinetics[3]
0             256               0             0.1               0               0               0
100             256               0             0.1               0               0               0
200             248               4        0.096875       0.0015625               4               0
300             244               6       0.0953125      0.00234375               6               0
400             238               9      0.09296875     0.003515625               9               0
500             238               9      0.09296875     0.003515625               9               0
600             228              14       0.0890625      0.00546875              14               0
700             222              17      0.08671875     0.006640625              18               1
800             220              18       0.0859375      0.00703125              20               2
900             220              18       0.0859375      0.00703125              20               2
1000             220              18       0.0859375      0.00703125              20               2
1100             216              20        0.084375       0.0078125              23               3
1200             214              21      0.08359375     0.008203125              25               4
1300             210              23      0.08203125     0.008984375              29               6
1400             210              23      0.08203125     0.008984375              29               6
1500             208              24         0.08125        0.009375              31               7
1600             206              25      0.08046875     0.009765625              34               9
1700             206              25      0.08046875     0.009765625              37              12
1800             208              24         0.08125        0.009375              39              15
1900             210              23      0.08203125     0.008984375              41              18
2000             206              25      0.08046875     0.009765625              44              19
2100             202              27      0.07890625     0.010546875              46              19
2200             200              28        0.078125       0.0109375              47              19
2300             200              28        0.078125       0.0109375              49              21
2400             198              29      0.07734375     0.011328125              51              22
2500             198              29      0.07734375     0.011328125              52              23
2600             190              33      0.07421875     0.012890625              57              24
2700             196              30       0.0765625      0.01171875              57              27
2800             194              31      0.07578125     0.012109375              59              28
2900             196              30       0.0765625      0.01171875              61              31
3000             188              34       0.0734375      0.01328125              65              31
3100             188              34       0.0734375      0.01328125              66              32
3200             186              35      0.07265625     0.013671875              68              33
3300             190              33      0.07421875     0.012890625              68              35
3400             184              36        0.071875       0.0140625              71              35
3500             188              34       0.0734375      0.01328125              71              37
3600             194              31      0.07578125     0.012109375              73              42
3700             190              33      0.07421875     0.012890625              75              42
3800             192              32           0.075          0.0125              76              44
3900             190              33      0.07421875     0.012890625              77              44
4000             190              33      0.07421875     0.012890625              79              46
4100             190              33      0.07421875     0.012890625              81              48
4200             192              32           0.075          0.0125              83              51
4300             194              31      0.07578125     0.012109375              85              54
4400             192              32           0.075          0.0125              86              54
4500             190              33      0.07421875     0.012890625              88              55
4600             190              33      0.07421875     0.012890625              89              56
4700             190              33      0.07421875     0.012890625              90              57
4800             188              34       0.0734375      0.01328125              91              57
4900             186              35      0.07265625     0.013671875              93              58
5000             184              36        0.071875       0.0140625              95              59
5100             180              38       0.0703125      0.01484375              97              59
5200             184              36        0.071875       0.0140625              97              61
5300             184              36        0.071875       0.0140625              98              62
5400             180              38       0.0703125      0.01484375             101              63
5500             180              38       0.0703125      0.01484375             102              64
5600             180              38       0.0703125      0.01484375             103              65
5700             180              38       0.0703125      0.01484375             103              65
5800             178              39      0.06953125     0.015234375             104              65
5900             178              39      0.06953125     0.015234375             105              66
6000             180              38       0.0703125      0.01484375             106              68
6100             176              40         0.06875        0.015625             108              68
6200             172              42       0.0671875      0.01640625             111              69
6300             172              42       0.0671875      0.01640625             112              70
6400             172              42       0.0671875      0.01640625             113              71
6500             166              45      0.06484375     0.017578125             117              72
6600             172              42       0.0671875      0.01640625             119              77
6700             176              40         0.06875        0.015625             120              80
6800             178              39      0.06953125     0.015234375             120              81
6900             180              38       0.0703125      0.01484375             121              83
7000             182              37      0.07109375     0.014453125             121              84
7100             178              39      0.06953125     0.015234375             123              84
7200             180              38       0.0703125      0.01484375             124              86
7300             184              36        0.071875       0.0140625             124              88
7400             186              35      0.07265625     0.013671875             126              91
7500             186              35      0.07265625     0.013671875             127              92
7600             180              38       0.0703125      0.01484375             130              92
7700             184              36        0.071875       0.0140625             130              94
7800             188              34       0.0734375      0.01328125             130              96
7900             194              31      0.07578125     0.012109375             130              99
8000             192              32           0.075          0.0125             133             101
8100             194              31      0.07578125     0.012109375             134             103
8200             200              28        0.078125       0.0109375             134             106
8300             198              29      0.07734375     0.011328125             135             106
8400             202              27      0.07890625     0.010546875             135             108
8500             202              27      0.07890625     0.010546875             136             109
8600             196              30       0.0765625      0.01171875             140             110
8700             196              30       0.0765625      0.01171875             141             111
8800             196              30       0.0765625      0.01171875             142             112
8900             192              32           0.075          0.0125             144             112
9000             190              33      0.07421875     0.012890625             145             112
9100             188              34       0.0734375      0.01328125             148             114
9200             192              32           0.075          0.0125             148             116
9300             196              30       0.0765625      0.01171875             148             118
9400             190              33      0.07421875     0.012890625             152             119
9500             190              33      0.07421875     0.012890625             153             120
9600             188              34       0.0734375      0.01328125             154             120
9700             192              32           0.075          0.0125             154             122
9800             200              28        0.078125       0.0109375             154             126
9900             198              29      0.07734375     0.011328125             156             127
10000             192              32           0.075          0.0125             159             127
10100             188              34       0.0734375      0.01328125             162             128
10200             182              37      0.07109375     0.014453125             166             129
10300             188              34       0.0734375      0.01328125             168             134
10400             192              32           0.075          0.0125             168             136
10500             182              37      0.07109375     0.014453125             173             136
10600             180              38       0.0703125      0.01484375             175             137
10700             176              40         0.06875        0.015625             177             137
10800             176              40         0.06875        0.015625             177             137
10900             180              38       0.0703125      0.01484375             178             140
11000             180              38       0.0703125      0.01484375             182             144
11100             176              40         0.06875        0.015625             185             145
11200             176              40         0.06875        0.015625             185             145
11300             174              41      0.06796875     0.016015625             186             145
11400             176              40         0.06875        0.015625             187             147
11500             178              39      0.06953125     0.015234375             189             150
11600             182              37      0.07109375     0.014453125             190             153
11700             182              37      0.07109375     0.014453125             191             154
11800             182              37      0.07109375     0.014453125             191             154
11900             182              37      0.07109375     0.014453125             192             155
12000             184              36        0.071875       0.0140625             195             159
12100             172              42       0.0671875      0.01640625             201             159
12200             174              41      0.06796875     0.016015625             202             161
12300             178              39      0.06953125     0.015234375             203             164
12400             178              39      0.06953125     0.015234375             205             166
12500             174              41      0.06796875     0.016015625             208             167
12600             164              46       0.0640625      0.01796875             213             167
12700             164              46       0.0640625      0.01796875             214             168
12800             168              44        0.065625       0.0171875             214             170
12900             172              42       0.0671875      0.01640625             217             175
13000             170              43      0.06640625     0.016796875             219             176
13100             168              44        0.065625       0.0171875             221             177
13200             166              45      0.06484375     0.017578125             223             178
13300             170              43      0.06640625     0.016796875             225             182
13400             170              43      0.06640625     0.016796875             227             184
13500             170              43      0.06640625     0.016796875             227             184
13600             164              46       0.0640625      0.01796875             231             185
13700             164              46       0.0640625      0.01796875             232             186
13800             166              45      0.06484375     0.017578125             235             190
13900             168              44        0.065625       0.0171875             236             192
14000             174              41      0.06796875     0.016015625             236             195
14100             174              41      0.06796875     0.016015625             237             196
14200             170              43      0.06640625     0.016796875             240             197
14300             172              42       0.0671875      0.01640625             240             198
14400             176              40         0.06875        0.015625             240             200
14500             176              40         0.06875        0.015625             241             201
14600             172              42       0.0671875      0.01640625             243             201
14700             166              45      0.06484375     0.017578125             246             201
14800             172              42       0.0671875      0.01640625             246             204
14900             172              42       0.0671875      0.01640625             248             206
15000             172              42       0.0671875      0.01640625             250             208
15100             178              39      0.06953125     0.015234375             250             211
15200             184              36        0.071875       0.0140625             250             214
15300             182              37      0.07109375     0.014453125             252             215
15400             180              38       0.0703125      0.01484375             254             216
15500             180              38       0.0703125      0.01484375             255             217
15600             176              40         0.06875        0.015625             258             218
15700             180              38       0.0703125      0.01484375             258             220
15800             180              38       0.0703125      0.01484375             259             221
15900             180              38       0.0703125      0.01484375             260             222
16000             182              37      0.07109375     0.014453125             261             224
16100             180              38       0.0703125      0.01484375             262             224
16200             184              36        0.071875       0.0140625             262             226
16300             186              35      0.07265625     0.013671875             263             228
16400             178              39      0.06953125     0.015234375             268             229
16500             180              38       0.0703125      0.01484375             268             230
16600             178              39      0.06953125     0.015234375             270             231
16700             178              39      0.06953125     0.015234375             271             232
16800             182              37      0.07109375     0.014453125             271             234
16900             184              36        0.071875       0.0140625             271             235
17000             184              36        0.071875       0.0140625             273             237
17100             176              40         0.06875        0.015625             277             237
17200             180              38       0.0703125      0.01484375             277             239
17300             180              38       0.0703125      0.01484375             278             240
17400             180              38       0.0703125      0.01484375             280             242
17500             186              35      0.07265625     0.013671875             280             245
17600             188              34       0.0734375      0.01328125             280             246
17700             192              32           0.075          0.0125             281             249
17800             188              34       0.0734375      0.01328125             284             250
17900             182              37      0.07109375     0.014453125             287             250
18000             180              38       0.0703125      0.01484375             289             251
18100             182              37      0.07109375     0.014453125             290             253
18200             182              37      0.07109375     0.014453125             291             254
18300             184              36        0.071875       0.0140625             292             256
18400             192              32           0.075          0.0125             293             261
18500             190              33      0.07421875     0.012890625             295             262
18600             190              33      0.07421875     0.012890625             296             263
18700             186              35      0.07265625     0.013671875             299             264
18800             184              36        0.071875       0.0140625             301             265
18900             182              37      0.07109375     0.014453125             305             268
19000             176              40         0.06875        0.015625             309             269
19100             178              39      0.06953125     0.015234375             311             272
19200             186              35      0.07265625     0.013671875             312             277
19300             186              35      0.07265625     0.013671875             313             278
19400             182              37      0.07109375     0.014453125             316             279
19500             178              39      0.06953125     0.015234375             318             279
19600             178              39      0.06953125     0.015234375             319             280
19700             176              40         0.06875        0.015625             322             282
19800             172              42       0.0671875      0.01640625             324             282
19900             176              40         0.06875        0.015625             324             284
20000             170              43      0.06640625     0.016796875             328             285
20100             174              41      0.06796875     0.016015625             328             287
20200             174              41      0.06796875     0.016015625             330             289
20300             176              40         0.06875        0.015625             331             291
20400             176              40         0.06875        0.015625             333             293
20500             172              42       0.0671875      0.01640625             335             293
20600             176              40         0.06875        0.015625             335             295
20700             180              38       0.0703125      0.01484375             335             297
20800             178              39      0.06953125     0.015234375             338             299
20900             178              39      0.06953125     0.015234375             339             300
21000             180              38       0.0703125      0.01484375             340             302
21100             182              37      0.07109375     0.014453125             340             303
21200             184              36        0.071875       0.0140625             340             304
21300             184              36        0.071875       0.0140625             341             305
21400             184              36        0.071875       0.0140625             343             307
21500             186              35      0.07265625     0.013671875             344             309
21600             186              35      0.07265625     0.013671875             346             311
21700             188              34       0.0734375      0.01328125             347             313
21800             188              34       0.0734375      0.01328125             347             313
21900             186              35      0.07265625     0.013671875             350             315
22000             184              36        0.071875       0.0140625             353             317
22100             186              35      0.07265625     0.013671875             354             319
22200             182              37      0.07109375     0.014453125             357             320
22300             184              36        0.071875       0.0140625             358             322
22400             184              36        0.071875       0.0140625             358             322
22500             184              36        0.071875       0.0140625             359             323
22600             184              36        0.071875       0.0140625             360             324
22700             188              34       0.0734375      0.01328125             360             326
22800             190              33      0.07421875     0.012890625             361             328
22900             188              34       0.0734375      0.01328125             363             329
23000             184              36        0.071875       0.0140625             365             329
23100             182              37      0.07109375     0.014453125             366             329
23200             180              38       0.0703125      0.01484375             368             330
23300             182              37      0.07109375     0.014453125             368             331
23400             184              36        0.071875       0.0140625             370             334
23500             186              35      0.07265625     0.013671875             370             335
23600             192              32           0.075          0.0125             370             338
23700             194              31      0.07578125     0.012109375             370             339
23800             196              30       0.0765625      0.01171875             372             342
23900             196              30       0.0765625      0.01171875             373             343
24000             188              34       0.0734375      0.01328125             377             343
24100             188              34       0.0734375      0.01328125             378             344
24200             188              34       0.0734375      0.01328125             379             345
24300             190              33      0.07421875     0.012890625             379             346
24400             186              35      0.07265625     0.013671875             382             347
24500             184              36        0.071875       0.0140625             383             347
24600             190              33      0.07421875     0.012890625             383             350
24700             186              35      0.07265625     0.013671875             385             350
24800             178              39      0.06953125     0.015234375             389             350
24900             184              36        0.071875       0.0140625             389             353
25000             182              37      0.07109375     0.014453125             391             354
25100             178              39      0.06953125     0.015234375             394             355
25200             184              36        0.071875       0.0140625             394             358
25300             184              36        0.071875       0.0140625             397             361
25400             188              34       0.0734375      0.01328125             398             364
25500             186              35      0.07265625     0.013671875             400             365
25600             186              35      0.07265625     0.013671875             401             366
25700             184              36        0.071875       0.0140625             403             367
25800             178              39      0.06953125     0.015234375             407             368
25900             180              38       0.0703125      0.01484375             407             369
26000             180              38       0.0703125      0.01484375             408             370
26100             180              38       0.0703125      0.01484375             410             372
26200             182              37      0.07109375     0.014453125             411             374
26300             186              35      0.07265625     0.013671875             412             377
26400             184              36        0.071875       0.0140625             414             378
26500             186              35      0.07265625     0.013671875             415             380
26600             182              37      0.07109375     0.014453125             418             381
26700             182              37      0.07109375     0.014453125             419             382
26800             174              41      0.06796875     0.016015625             423             382
26900             178              39      0.06953125     0.015234375             423             384
27000             184              36        0.071875       0.0140625             423             387
27100             182              37      0.07109375     0.014453125             424             387
27200             178              39      0.06953125     0.015234375             426             387
27300             178              39      0.06953125     0.015234375             427             388
27400             174              41      0.06796875     0.016015625             430             389
27500             182              37      0.07109375     0.014453125             430             393
27600             176              40         0.06875        0.015625             433             393
27700             178              39      0.06953125     0.015234375             433             394
27800             182              37      0.07109375     0.014453125             433             396
27900             188              34       0.0734375      0.01328125             433             399
28000             186              35      0.07265625     0.013671875             435             400
28100             188              34       0.0734375      0.01328125             437             403
28200             188              34       0.0734375      0.01328125             437             403
28300             188              34       0.0734375      0.01328125             440             406
28400             190              33      0.07421875     0.012890625             441             408
28500             192              32           0.075          0.0125             442             410
28600             192              32           0.075          0.0125             442             410
28700             184              36        0.071875       0.0140625             447             411
28800             182              37      0.07109375     0.014453125             450             413
28900             178              39      0.06953125     0.015234375             452             413
29000             176              40         0.06875        0.015625             454             414
29100             174              41      0.06796875     0.016015625             456             415
29200             172              42       0.0671875      0.01640625             457             415
29300             174              41      0.06796875     0.016015625             458             417
29400             172              42       0.0671875      0.01640625             460             418
29500             172              42       0.0671875      0.01640625             462             420
29600             176              40         0.06875        0.015625             463             423
29700             172              42       0.0671875      0.01640625             465             423
29800             168              44        0.065625       0.0171875             467             423
29900             166              45      0.06484375     0.017578125             469             424
30000             172              42       0.0671875      0.01640625             469             427
30100             178              39      0.06953125     0.015234375             470             431
30200             178              39      0.06953125     0.015234375             471             432
30300             172              42       0.0671875      0.01640625             475             433
30400             170              43      0.06640625     0.016796875             478             435
30500             170              43      0.06640625     0.016796875             480             437
30600             170              43      0.06640625     0.016796875             481             438
30700             166              45      0.06484375     0.017578125             483             438
30800             170              43      0.06640625     0.016796875             484             441
30900             168              44        0.065625       0.0171875             486             442
31000             170              43      0.06640625     0.016796875             486             443
31100             170              43      0.06640625     0.016796875             488             445
31200             166              45      0.06484375     0.017578125             491             446
31300             164              46       0.0640625      0.01796875             493             447
31400             170              43      0.06640625     0.016796875             495             452
31500             170              43      0.06640625     0.016796875             496             453
31600             172              42       0.0671875      0.01640625             496             454
31700             174              41      0.06796875     0.016015625             497             456
31800             170              43      0.06640625     0.016796875             500             457
31900             170              43      0.06640625     0.016796875             502             459
32000             172              42       0.0671875      0.01640625             502             460
32100             172              42       0.0671875      0.01640625             504             462
32200             170              43      0.06640625     0.016796875             508             465
32300             172              42       0.0671875      0.01640625             508             466
32400             172              42       0.0671875      0.01640625             509             467
32500             170              43      0.06640625     0.016796875             511             468
32600             168              44        0.065625       0.0171875             513             469
32700             174              41      0.06796875     0.016015625             513             472
32800             174              41      0.06796875     0.016015625             515             474
32900             178              39      0.06953125     0.015234375             516             477
33000             186              35      0.07265625     0.013671875             516             481
33100             176              40         0.06875        0.015625             521             481
33200             178              39      0.06953125     0.015234375             521             482
33300             184              36        0.071875       0.0140625             523             487
33400             184              36        0.071875       0.0140625             524             488
33500             180              38       0.0703125      0.01484375             526             488
33600             178              39      0.06953125     0.015234375             527             488
33700             176              40         0.06875        0.015625             529             489
33800             180              38       0.0703125      0.01484375             529             491
33900             182              37      0.07109375     0.014453125             529             492
34000             182              37      0.07109375     0.014453125             531             494
34100             180              38       0.0703125      0.01484375             532             494
34200             180              38       0.0703125      0.01484375             533             495
34300             176              40         0.06875        0.015625             535             495
34400             182              37      0.07109375     0.014453125             535             498
34500             176              40         0.06875        0.015625             538             498
34600             178              39      0.06953125     0.015234375             539             500
34700             176              40         0.06875        0.015625             541             501
34800             176              40         0.06875        0.015625             541             501
34900             174              41      0.06796875     0.016015625             543             502
35000             178              39      0.06953125     0.015234375             543             504
35100             176              40         0.06875        0.015625             546             506
35200             176              40         0.06875        0.015625             547             507
35300             180              38       0.0703125      0.01484375             547             509
35400             184              36        0.071875       0.0140625             547             511
35500             184              36        0.071875       0.0140625             548             512
35600             188              34       0.0734375      0.01328125             548             514
35700             194              31      0.07578125     0.012109375             549             518
35800             196              30       0.0765625      0.01171875             551             521
35900             188              34       0.0734375      0.01328125             555             521
36000             184              36        0.071875       0.0140625             557             521
36100             186              35      0.07265625     0.013671875             558             523
36200             184              36        0.071875       0.0140625             559             523
36300             184              36        0.071875       0.0140625             559             523
36400             182              37      0.07109375     0.014453125             560             523
36500             178              39      0.06953125     0.015234375             563             524
36600             172              42       0.0671875      0.01640625             567             525
36700             176              40         0.06875        0.015625             568             528
36800             180              38       0.0703125      0.01484375             568             530
36900             182              37      0.07109375     0.014453125             570             533
37000             178              39      0.06953125     0.015234375             572             533
37100             178              39      0.06953125     0.015234375             572             533
37200             180              38       0.0703125      0.01484375             573             535
37300             184              36        0.071875       0.0140625             573             537
37400             180              38       0.0703125      0.01484375             576             538
37500             174              41      0.06796875     0.016015625             581             540
37600             174              41      0.06796875     0.016015625             583             542
37700             180              38       0.0703125      0.01484375             583             545
37800             182              37      0.07109375     0.014453125             584             547
37900             180              38       0.0703125      0.01484375             585             547
38000             182              37      0.07109375     0.014453125             586             549
38100             178              39      0.06953125     0.015234375             589             550
38200             176              40         0.06875        0.015625             592             552
38300             180              38       0.0703125      0.01484375             593             555
38400             184              36        0.071875       0.0140625             595             559
38500             186              35      0.07265625     0.013671875             596             561
38600             184              36        0.071875       0.0140625             598             562
38700             182              37      0.07109375     0.014453125             600             563
38800             178              39      0.06953125     0.015234375             602             563
38900             180              38       0.0703125      0.01484375             602             564
39000             180              38       0.0703125      0.01484375             604             566
39100             174              41      0.06796875     0.016015625             607             566
39200             172              42       0.0671875      0.01640625             608             566
39300             176              40         0.06875        0.015625             610             570
39400             176              40         0.06875        0.015625             611             571
39500             172              42       0.0671875      0.01640625             613             571
39600             174              41      0.06796875     0.016015625             613             572
39700             172              42       0.0671875      0.01640625             615             573
39800             164              46       0.0640625      0.01796875             620             574
39900             164              46       0.0640625      0.01796875             621             575
40000             168              44        0.065625       0.0171875             622             578
40100             170              43      0.06640625     0.016796875             623             580
40200             170              43      0.06640625     0.016796875             624             581
40300             172              42       0.0671875      0.01640625             625             583
40400             176              40         0.06875        0.015625             625             585
40500             174              41      0.06796875     0.016015625             626             585
40600             172              42       0.0671875      0.01640625             627             585
40700             170              43      0.06640625     0.016796875             630             587
40800             170              43      0.06640625     0.016796875             631             588
40900             170              43      0.06640625     0.016796875             632             589
41000             172              42       0.0671875      0.01640625             632             590
41100             176              40         0.06875        0.015625             636             596
41200             174              41      0.06796875     0.016015625             637             596
41300             174              41      0.06796875     0.016015625             637             596
41400             182              37      0.07109375     0.014453125             637             600
41500             186              35      0.07265625     0.013671875             637             602
41600             184              36        0.071875       0.0140625             639             603
41700             190              33      0.07421875     0.012890625             639             606
41800             188              34       0.0734375      0.01328125             641             607
41900             188              34       0.0734375      0.01328125             641             607
42000             192              32           0.075          0.0125             643             611
42100             190              33      0.07421875     0.012890625             645             612
42200             194              31      0.07578125     0.012109375             646             615
42300             196              30       0.0765625      0.01171875             648             618
42400             198              29      0.07734375     0.011328125             648             619
42500             196              30       0.0765625      0.01171875             650             620
42600             196              30       0.0765625      0.01171875             651             621
42700             190              33      0.07421875     0.012890625             655             622
42800             190              33      0.07421875     0.012890625             655             622
42900             182              37      0.07109375     0.014453125             660             623
43000             182              37      0.07109375     0.014453125             660             623
43100             188              34       0.0734375      0.01328125             660             626
43200             186              35      0.07265625     0.013671875             661             626
43300             188              34       0.0734375      0.01328125             664             630
43400             184              36        0.071875       0.0140625             668             632
43500             180              38       0.0703125      0.01484375             673             635
43600             180              38       0.0703125      0.01484375             674             636
43700             184              36        0.071875       0.0140625             675             639
43800             188              34       0.0734375      0.01328125             676             642
43900             184              36        0.071875       0.0140625             678             642
44000             190              33      0.07421875     0.012890625             679             646
44100             194              31      0.07578125     0.012109375             680             649
44200             190              33      0.07421875     0.012890625             683             650
44300             188              34       0.0734375      0.01328125             685             651
44400             188              34       0.0734375      0.01328125             687             653
44500             184              36        0.071875       0.0140625             689             653
44600             182              37      0.07109375     0.014453125             692             655
44700             178              39      0.06953125     0.015234375             696             657
44800             180              38       0.0703125      0.01484375             698             660
44900             180              38       0.0703125      0.01484375             698             660
45000             180              38       0.0703125      0.01484375             701             663
45100             178              39      0.06953125     0.015234375             702             663
45200             176              40         0.06875        0.015625             705             665
45300             180              38       0.0703125      0.01484375             705             667
45400             184              36        0.071875       0.0140625             705             669
45500             184              36        0.071875       0.0140625             707             671
45600             186              35      0.07265625     0.013671875             707             672
45700             192              32           0.075          0.0125             709             677
45800             190              33      0.07421875     0.012890625             711             678
45900             192              32           0.075          0.0125             712             680
46000             188              34       0.0734375      0.01328125             716             682
46100             186              35      0.07265625     0.013671875             717             682
46200             194              31      0.07578125     0.012109375             717             686
46300             194              31      0.07578125     0.012109375             720             689
46400             186              35      0.07265625     0.013671875             724             689
46500             188              34       0.0734375      0.01328125             724             690
46600             188              34       0.0734375      0.01328125             726             692
46700             192              32           0.075          0.0125             727             695
46800             190              33      0.07421875     0.012890625             730             697
46900             188              34       0.0734375      0.01328125             732             698
47000             186              35      0.07265625     0.013671875             733             698
47100             190              33      0.07421875     0.012890625             733             700
47200             190              33      0.07421875     0.012890625             735             702
47300             184              36        0.071875       0.0140625             738             702
47400             180              38       0.0703125      0.01484375             741             703
47500             178              39      0.06953125     0.015234375             742             703
47600             184              36        0.071875       0.0140625             743             707
47700             186              35      0.07265625     0.013671875             744             709
47800             188              34       0.0734375      0.01328125             745             711
47900             184              36        0.071875       0.0140625             749             713
48000             180              38       0.0703125      0.01484375             752             714
48100             180              38       0.0703125      0.01484375             752             714
48200             180              38       0.0703125      0.01484375             755             717
48300             180              38       0.0703125      0.01484375             757             719
48400             182              37      0.07109375     0.014453125             758             721
48500             182              37      0.07109375     0.014453125             761             724
48600             178              39      0.06953125     0.015234375             763             724
48700             186              35      0.07265625     0.013671875             763             728
48800             184              36        0.071875       0.0140625             767             731
48900             184              36        0.071875       0.0140625             768             732
49000             184              36        0.071875       0.0140625             770             734
49100             180              38       0.0703125      0.01484375             772             734
49200             182              37      0.07109375     0.014453125             773             736
49300             182              37      0.07109375     0.014453125             773             736
49400             182              37      0.07109375     0.014453125             773             736
49500             186              35      0.07265625     0.013671875             773             738
49600             190              33      0.07421875     0.012890625             773             740
49700             188              34       0.0734375      0.01328125             774             740
49800             184              36        0.071875       0.0140625             776             740
49900             180              38       0.0703125      0.01484375             779             741
50000             180              38       0.0703125      0.01484375             780             742
50100             174              41      0.06796875     0.016015625             784             743
50200             168              44        0.065625       0.0171875             788             744
50300             166              45      0.06484375     0.017578125             789             744
50400             170              43      0.06640625     0.016796875             789             746
50500             172              42       0.0671875      0.01640625             789             747
50600             170              43      0.06640625     0.016796875             792             749
50700             170              43      0.06640625     0.016796875             795             752
50800             172              42       0.0671875      0.01640625             795             753
50900             170              43      0.06640625     0.016796875             796             753
51000             170              43      0.06640625     0.016796875             796             753
51100             172              42       0.0671875      0.01640625             796             754
51200             166              45      0.06484375     0.017578125             799             754
51300             164              46       0.0640625      0.01796875             802             756
51400             166              45      0.06484375     0.017578125             803             758
51500             166              45      0.06484375     0.017578125             805             760
51600             170              43      0.06640625     0.016796875             805             762
51700             172              42       0.0671875      0.01640625             806             764
51800             174              41      0.06796875     0.016015625             807             766
51900             180              38       0.0703125      0.01484375             808             770
52000             178              39      0.06953125     0.015234375             809             770
52100             182              37      0.07109375     0.014453125             810             773
52200             182              37      0.07109375     0.014453125             811             774
52300             184              36        0.071875       0.0140625             813             777
52400             180              38       0.0703125      0.01484375             816             778
52500             180              38       0.0703125      0.01484375             817             779
52600             176              40         0.06875        0.015625             820             780
52700             172              42       0.0671875      0.01640625             822             780
52800             174              41      0.06796875     0.016015625             823             782
52900             178              39      0.06953125     0.015234375             824             785
53000             174              41      0.06796875     0.016015625             826             785
53100             174              41      0.06796875     0.016015625             828             787
53200             172              42       0.0671875      0.01640625             830             788
53300             168              44        0.065625       0.0171875             832             788
53400             166              45      0.06484375     0.017578125             836             791
53500             164              46       0.0640625      0.01796875             840             794
53600             172              42       0.0671875      0.01640625             841             799
53700             174              41      0.06796875     0.016015625             844             803
53800             172              42       0.0671875      0.01640625             846             804
53900             172              42       0.0671875      0.01640625             846             804
54000             170              43      0.06640625     0.016796875             848             805
54100             170              43      0.06640625     0.016796875             848             805
54200             174              41      0.06796875     0.016015625             852             811
54300             172              42       0.0671875      0.01640625             854             812
54400             180              38       0.0703125      0.01484375             854             816
54500             188              34       0.0734375      0.01328125             854             820
54600             184              36        0.071875       0.0140625             857             821
54700             186              35      0.07265625     0.013671875             859             824
54800             192              32           0.075          0.0125             860             828
54900             186              35      0.07265625     0.013671875             863             828
55000             184              36        0.071875       0.0140625             865             829
55100             186              35      0.07265625     0.013671875             866             831
55200             180              38       0.0703125      0.01484375             870             832
55300             178              39      0.06953125     0.015234375             871             832
55400             176              40         0.06875        0.015625             872             832
55500             174              41      0.06796875     0.016015625             874             833
55600             172              42       0.0671875      0.01640625             875             833
55700             168              44        0.065625       0.0171875             878             834
55800             168              44        0.065625       0.0171875             878             834
55900             172              42       0.0671875      0.01640625             880             838
56000             176              40         0.06875        0.015625             881             841
56100             178              39      0.06953125     0.015234375             882             843
56200             184              36        0.071875       0.0140625             882             846
56300             180              38       0.0703125      0.01484375             884             846
56400             186              35      0.07265625     0.013671875             884             849
56500             188              34       0.0734375      0.01328125             885             851
56600             184              36        0.071875       0.0140625             887             851
56700             188              34       0.0734375      0.01328125             888             854
56800             190              33      0.07421875     0.012890625             889             856
56900             184              36        0.071875       0.0140625             893             857
57000             186              35      0.07265625     0.013671875             893             858
57100             186              35      0.07265625     0.013671875             895             860
57200             188              34       0.0734375      0.01328125             895             861
57300             186              35      0.07265625     0.013671875             896             861
57400             188              34       0.0734375      0.01328125             897             863
57500             188              34       0.0734375      0.01328125             898             864
57600             190              33      0.07421875     0.012890625             899             866
57700             186              35      0.07265625     0.013671875             901             866
57800             182              37      0.07109375     0.014453125             903             866
57900             180              38       0.0703125      0.01484375             906             868
58000             186              35      0.07265625     0.013671875             906             871
58100             194              31      0.07578125     0.012109375             906             875
58200             200              28        0.078125       0.0109375             907             879
58300             188              34       0.0734375      0.01328125             913             879
58400             184              36        0.071875       0.0140625             916             880
58500             182              37      0.07109375     0.014453125             919             882
58600             182              37      0.07109375     0.014453125             920             883
58700             180              38       0.0703125      0.01484375             921             883
58800             178              39      0.06953125     0.015234375             922             883
58900             168              44        0.065625       0.0171875             927             883
59000             166              45      0.06484375     0.017578125             929             884
59100             168              44        0.065625       0.0171875             931             887
59200             168              44        0.065625       0.0171875             932             888
59300             170              43      0.06640625     0.016796875             933             890
59400             172              42       0.0671875      0.01640625             933             891
59500             178              39      0.06953125     0.015234375             933             894
59600             182              37      0.07109375     0.014453125             933             896
59700             176              40         0.06875        0.015625             936             896
59800             172              42       0.0671875      0.01640625             938             896
59900             172              42       0.0671875      0.01640625             938             896
60000             170              43      0.06640625     0.016796875             939             896
60100             178              39      0.06953125     0.015234375             939             900
60200             178              39      0.06953125     0.015234375             940             901
60300             180              38       0.0703125      0.01484375             940             902
60400             176              40         0.06875        0.015625             945             905
60500             176              40         0.06875        0.015625             946             906
60600             176              40         0.06875        0.015625             948             908
60700             174              41      0.06796875     0.016015625             949             908
60800             172              42       0.0671875      0.01640625             950             908
60900             176              40         0.06875        0.015625             950             910
61000             182              37      0.07109375     0.014453125             951             914
61100             182              37      0.07109375     0.014453125             953             916
61200             178              39      0.06953125     0.015234375             955             916
61300             184              36        0.071875       0.0140625             956             920
61400             188              34       0.0734375      0.01328125             957             923
61500             186              35      0.07265625     0.013671875             958             923
61600             188              34       0.0734375      0.01328125             960             926
61700             188              34       0.0734375      0.01328125             961             927
61800             192              32           0.075          0.0125             962             930
61900             190              33      0.07421875     0.012890625             963             930
62000             188              34       0.0734375      0.01328125             964             930
62100             194              31      0.07578125     0.012109375             964             933
62200             190              33      0.07421875     0.012890625             966             933
62300             190              33      0.07421875     0.012890625             967             934
62400             190              33      0.07421875     0.012890625             968             935
62500             190              33      0.07421875     0.012890625             969             936
62600             192              32           0.075          0.0125             970             938
62700             194              31      0.07578125     0.012109375             971             940
62800             198              29      0.07734375     0.011328125             971             942
62900             198              29      0.07734375     0.011328125             973             944
63000             196              30       0.0765625      0.01171875             975             945
63100             202              27      0.07890625     0.010546875             975             948
63200             198              29      0.07734375     0.011328125             978             949
63300             198              29      0.07734375     0.011328125             981             952
63400             196              30       0.0765625      0.01171875             982             952
63500             194              31      0.07578125     0.012109375             985             954
63600             194              31      0.07578125     0.012109375             986             955
63700             198              29      0.07734375     0.011328125             988             959
63800             198              29      0.07734375     0.011328125             990             961
63900             196              30       0.0765625      0.01171875             992             962
64000             196              30       0.0765625      0.01171875             993             963
64100             192              32           0.075          0.0125             998             966
64200             192              32           0.075          0.0125            1001             969
64300             190              33      0.07421875     0.012890625            1003             970
64400             194              31      0.07578125     0.012109375            1005             974
64500             192              32           0.075          0.0125            1007             975
64600             194              31      0.07578125     0.012109375            1007             976
64700             190              33      0.07421875     0.012890625            1009             976
64800             186              35      0.07265625     0.013671875            1011             976
64900             190              33      0.07421875     0.012890625            1013             980
65000             188              34       0.0734375      0.01328125            1015             981
65100             186              35      0.07265625     0.013671875            1017             982
65200             190              33      0.07421875     0.012890625            1019             986
65300             186              35      0.07265625     0.013671875            1023             988
65400             188              34       0.0734375      0.01328125            1025             991
65500             186              35      0.07265625     0.013671875            1026             991
65600             190              33      0.07421875     0.012890625            1026             993
65700             182              37      0.07109375     0.014453125            1030             993
65800             178              39      0.06953125     0.015234375            1034             995
65900             180              38       0.0703125      0.01484375            1036             998
66000             180              38       0.0703125      0.01484375            1037             999
66100             182              37      0.07109375     0.014453125            1037            1000
66200             184              36        0.071875       0.0140625            1038            1002
66300             188              34       0.0734375      0.01328125            1039            1005
66400             188              34       0.0734375      0.01328125            1040            1006
66500             188              34       0.0734375      0.01328125            1043            1009
66600             190              33      0.07421875     0.012890625            1043            1010
66700             186              35      0.07265625     0.013671875            1046            1011
66800             186              35      0.07265625     0.013671875            1047            1012
66900             184              36        0.071875       0.0140625            1050            1014
67000             180              38       0.0703125      0.01484375            1052            1014
67100             182              37      0.07109375     0.014453125            1053            1016
67200             178              39      0.06953125     0.015234375            1056            1017
67300             178              39      0.06953125     0.015234375            1057            1018
67400             180              38       0.0703125      0.01484375            1058            1020
67500             176              40         0.06875        0.015625            1061            1021
67600             176              40         0.06875        0.015625            1062            1022
67700             174              41      0.06796875     0.016015625            1065            1024
67800             180              38       0.0703125      0.01484375            1065            1027
67900             184              36        0.071875       0.0140625            1066            1030
68000             180              38       0.0703125      0.01484375            1069            1031
68100             174              41      0.06796875     0.016015625            1073            1032
68200             180              38       0.0703125      0.01484375            1073            1035
68300             180              38       0.0703125      0.01484375            1074            1036
68400             182              37      0.07109375     0.014453125            1076            1039
68500             176              40         0.06875        0.015625            1079            1039
68600             180              38       0.0703125      0.01484375            1079            1041
68700             176              40         0.06875        0.015625            1081            1041
68800             188              34       0.0734375      0.01328125            1081            1047
68900             184              36        0.071875       0.0140625            1084            1048
69000             176              40         0.06875        0.015625            1089            1049
69100             176              40         0.06875        0.015625            1091            1051
69200             174              41      0.06796875     0.016015625            1093            1052
69300             166              45      0.06484375     0.017578125            1097            1052
69400             166              45      0.06484375     0.017578125            1097            1052
69500             172              42       0.0671875      0.01640625            1098            1056
69600             168              44        0.065625       0.0171875            1100            1056
69700             172              42       0.0671875      0.01640625            1101            1059
69800             176              40         0.06875        0.015625            1101            1061
69900             170              43      0.06640625     0.016796875            1106            1063
70000             174              41      0.06796875     0.016015625            1106            1065
70100             176              40         0.06875        0.015625            1107            1067
70200             176              40         0.06875        0.015625            1108            1068
70300             176              40         0.06875        0.015625            1109            1069
70400             174              41      0.06796875     0.016015625            1110            1069
70500             172              42       0.0671875      0.01640625            1111            1069
70600             174              41      0.06796875     0.016015625            1112            1071
70700             176              40         0.06875        0.015625            1114            1074
70800             174              41      0.06796875     0.016015625            1117            1076
70900             168              44        0.065625       0.0171875            1120            1076
71000             168              44        0.065625       0.0171875            1121            1077
71100             164              46       0.0640625      0.01796875            1123            1077
71200             166              45      0.06484375     0.017578125            1124            1079
71300             160              48          0.0625         0.01875            1127            1079
71400             160              48          0.0625         0.01875            1127            1079
71500             170              43      0.06640625     0.016796875            1127            1084
71600             174              41      0.06796875     0.016015625            1128            1087
71700             178              39      0.06953125     0.015234375            1129            1090
71800             180              38       0.0703125      0.01484375            1130            1092
71900             182              37      0.07109375     0.014453125            1132            1095
72000             188              34       0.0734375      0.01328125            1132            1098
72100             182              37      0.07109375     0.014453125            1135            1098
72200             186              35      0.07265625     0.013671875            1136            1101
72300             188              34       0.0734375      0.01328125            1137            1103
72400             188              34       0.0734375      0.01328125            1138            1104
72500             188              34       0.0734375      0.01328125            1138            1104
72600             190              33      0.07421875     0.012890625            1138            1105
72700             188              34       0.0734375      0.01328125            1139            1105
72800             188              34       0.0734375      0.01328125            1140            1106
72900             188              34       0.0734375      0.01328125            1142            1108
73000             188              34       0.0734375      0.01328125            1143            1109
73100             182              37      0.07109375     0.014453125            1147            1110
73200             178              39      0.06953125     0.015234375            1149            1110
73300             182              37      0.07109375     0.014453125            1151            1114
73400             186              35      0.07265625     0.013671875            1151            1116
73500             186              35      0.07265625     0.013671875            1152            1117
73600             188              34       0.0734375      0.01328125            1153            1119
73700             190              33      0.07421875     0.012890625            1154            1121
73800             194              31      0.07578125     0.012109375            1155            1124
73900             192              32           0.075          0.0125            1156            1124
74000             190              33      0.07421875     0.012890625            1158            1125
74100             182              37      0.07109375     0.014453125            1162            1125
74200             182              37      0.07109375     0.014453125            1162            1125
74300             182              37      0.07109375     0.014453125            1162            1125
74400             178              39      0.06953125     0.015234375            1164            1125
74500             184              36        0.071875       0.0140625            1165            1129
74600             184              36        0.071875       0.0140625            1166            1130
74700             180              38       0.0703125      0.01484375            1168            1130
74800             176              40         0.06875        0.015625            1170            1130
74900             172              42       0.0671875      0.01640625            1173            1131
75000             178              39      0.06953125     0.015234375            1175            1136
75100             182              37      0.07109375     0.014453125            1177            1140
75200             188              34       0.0734375      0.01328125            1177            1143
75300             190              33      0.07421875     0.012890625            1179            1146
75400             188              34       0.0734375      0.01328125            1180            1146
75500             186              35      0.07265625     0.013671875            1181            1146
75600             184              36        0.071875       0.0140625            1183            1147
75700             184              36        0.071875       0.0140625            1183            1147
75800             184              36        0.071875       0.0140625            1184            1148
75900             182              37      0.07109375     0.014453125            1187            1150
76000             184              36        0.071875       0.0140625            1188            1152
76100             182              37      0.07109375     0.014453125            1189            1152
76200             184              36        0.071875       0.0140625            1189            1153
76300             180              38       0.0703125      0.01484375            1192            1154
76400             182              37      0.07109375     0.014453125            1192            1155
76500             182              37      0.07109375     0.014453125            1193            1156
76600             182              37      0.07109375     0.014453125            1194            1157
76700             182              37      0.07109375     0.014453125            1195            1158
76800             186              35      0.07265625     0.013671875            1195            1160
76900             188              34       0.0734375      0.01328125            1196            1162
77000             182              37      0.07109375     0.014453125            1200            1163
77100             180              38       0.0703125      0.01484375            1202            1164
77200             180              38       0.0703125      0.01484375            1203            1165
77300             178              39      0.06953125     0.015234375            1204            1165
77400             176              40         0.06875        0.015625            1206            1166
77500             178              39      0.06953125     0.015234375            1206            1167
77600             178              39      0.06953125     0.015234375            1206            1167
77700             176              40         0.06875        0.015625            1209            1169
77800             172              42       0.0671875      0.01640625            1211            1169
77900             172              42       0.0671875      0.01640625            1212            1170
78000             176              40         0.06875        0.015625            1215            1175
78100             178              39      0.06953125     0.015234375            1216            1177
78200             180              38       0.0703125      0.01484375            1216            1178
78300             176              40         0.06875        0.015625            1220            1180
78400             174              41      0.06796875     0.016015625            1222            1181
78500             176              40         0.06875        0.015625            1223            1183
78600             178              39      0.06953125     0.015234375            1223            1184
78700             182              37      0.07109375     0.014453125            1224            1187
78800             180              38       0.0703125      0.01484375            1227            1189
78900             182              37      0.07109375     0.014453125            1227            1190
79000             182              37      0.07109375     0.014453125            1229            1192
79100             190              33      0.07421875     0.012890625            1229            1196
79200             192              32           0.075          0.0125            1229            1197
79300             186              35      0.07265625     0.013671875            1232            1197
79400             178              39      0.06953125     0.015234375            1236            1197
79500             174              41      0.06796875     0.016015625            1239            1198
79600             176              40         0.06875        0.015625            1240            1200
79700             180              38       0.0703125      0.01484375            1241            1203
79800             182              37      0.07109375     0.014453125            1241            1204
79900             182              37      0.07109375     0.014453125            1242            1205
80000             180              38       0.0703125      0.01484375            1244            1206
80100             180              38       0.0703125      0.01484375            1247            1209
80200             188              34       0.0734375      0.01328125            1247            1213
80300             196              30       0.0765625      0.01171875            1247            1217
80400             198              29      0.07734375     0.011328125            1247            1218
80500             198              29      0.07734375     0.011328125            1247            1218
80600             194              31      0.07578125     0.012109375            1249            1218
80700             196              30       0.0765625      0.01171875            1250            1220
80800             192              32           0.075          0.0125            1253            1221
80900             190              33      0.07421875     0.012890625            1255            1222
81000             192              32           0.075          0.0125            1255            1223
81100             192              32           0.075          0.0125            1256            1224
81200             192              32           0.075          0.0125            1258            1226
81300             192              32           0.075          0.0125            1259            1227
81400             192              32           0.075          0.0125            1260            1228
81500             194              31      0.07578125     0.012109375            1260            1229
81600             192              32           0.075          0.0125            1263            1231
81700             192              32           0.075          0.0125            1266            1234
81800             192              32           0.075          0.0125            1268            1236
81900             196              30       0.0765625      0.01171875            1269            1239
82000             196              30       0.0765625      0.01171875            1270            1240
82100             196              30       0.0765625      0.01171875            1272            1242
82200             192              32           0.075          0.0125            1275            1243
82300             198              29      0.07734375     0.011328125            1275            1246
82400             196              30       0.0765625      0.01171875            1278            1248
82500             198              29      0.07734375     0.011328125            1279            1250
82600             200              28        0.078125       0.0109375            1280            1252
82700             198              29      0.07734375     0.011328125            1281            1252
82800             192              32           0.075          0.0125            1287            1255
82900             186              35      0.07265625     0.013671875            1290            1255
83000             184              36        0.071875       0.0140625            1292            1256
83100             182              37      0.07109375     0.014453125            1294            1257
83200             188              34       0.0734375      0.01328125            1295            1261
83300             182              37      0.07109375     0.014453125            1300            1263
83400             184              36        0.071875       0.0140625            1300            1264
83500             178              39      0.06953125     0.015234375            1304            1265
83600             176              40         0.06875        0.015625            1306            1266
83700             176              40         0.06875        0.015625            1307            1267
83800             188              34       0.0734375      0.01328125            1308            1274
83900             188              34       0.0734375      0.01328125            1310            1276
84000             184              36        0.071875       0.0140625            1313            1277
84100             182              37      0.07109375     0.014453125            1315            1278
84200             182              37      0.07109375     0.014453125            1315            1278
84300             180              38       0.0703125      0.01484375            1316            1278
84400             182              37      0.07109375     0.014453125            1317            1280
84500             186              35      0.07265625     0.013671875            1319            1284
84600             178              39      0.06953125     0.015234375            1326            1287
84700             184              36        0.071875       0.0140625            1328            1292
84800             178              39      0.06953125     0.015234375            1331            1292
84900             174              41      0.06796875     0.016015625            1334            1293
85000             180              38       0.0703125      0.01484375            1336            1298
85100             186              35      0.07265625     0.013671875            1337            1302
85200             186              35      0.07265625     0.013671875            1339            1304
85300             188              34       0.0734375      0.01328125            1340            1306
85400             188              34       0.0734375      0.01328125            1341            1307
85500             184              36        0.071875       0.0140625            1343            1307
85600             182              37      0.07109375     0.014453125            1345            1308
85700             182              37      0.07109375     0.014453125            1346            1309
85800             182              37      0.07109375     0.014453125            1346            1309
85900             184              36        0.071875       0.0140625            1347            1311
86000             182              37      0.07109375     0.014453125            1349            1312
86100             176              40         0.06875        0.015625            1352            1312
86200             176              40         0.06875        0.015625            1352            1312
86300             170              43      0.06640625     0.016796875            1356            1313
86400             176              40         0.06875        0.015625            1357            1317
86500             178              39      0.06953125     0.015234375            1359            1320
86600             176              40         0.06875        0.015625            1360            1320
86700             178              39      0.06953125     0.015234375            1361            1322
86800             182              37      0.07109375     0.014453125            1363            1326
86900             184              36        0.071875       0.0140625            1365            1329
87000             188              34       0.0734375      0.01328125            1365            1331
87100             188              34       0.0734375      0.01328125            1366            1332
87200             194              31      0.07578125     0.012109375            1368            1337
87300             192              32           0.075          0.0125            1370            1338
87400             190              33      0.07421875     0.012890625            1375            1342
87500             192              32           0.075          0.0125            1376            1344
87600             190              33      0.07421875     0.012890625            1378            1345
87700             190              33      0.07421875     0.012890625            1379            1346
87800             188              34       0.0734375      0.01328125            1380            1346
87900             188              34       0.0734375      0.01328125            1382            1348
88000             186              35      0.07265625     0.013671875            1384            1349
88100             188              34       0.0734375      0.01328125            1384            1350
88200             188              34       0.0734375      0.01328125            1386            1352
88300             190              33      0.07421875     0.012890625            1386            1353
88400             190              33      0.07421875     0.012890625            1387            1354
88500             192              32           0.075          0.0125            1388            1356
88600             192              32           0.075          0.0125            1389            1357
88700             186              35      0.07265625     0.013671875            1392            1357
88800             190              33      0.07421875     0.012890625            1393            1360
88900             186              35      0.07265625     0.013671875            1395            1360
89000             184              36        0.071875       0.0140625            1397            1361
89100             186              35      0.07265625     0.013671875            1397            1362
89200             190              33      0.07421875     0.012890625            1397            1364
89300             190              33      0.07421875     0.012890625            1398            1365
89400             188              34       0.0734375      0.01328125            1401            1367
89500             190              33      0.07421875     0.012890625            1401            1368
89600             188              34       0.0734375      0.01328125            1403            1369
89700             184              36        0.071875       0.0140625            1406            1370
89800             184              36        0.071875       0.0140625            1408            1372
89900             184              36        0.071875       0.0140625            1410            1374
90000             182              37      0.07109375     0.014453125            1412            1375
90100             180              38       0.0703125      0.01484375            1414            1376
90200             182              37      0.07109375     0.014453125            1414            1377
90300             178              39      0.06953125     0.015234375            1418            1379
90400             178              39      0.06953125     0.015234375            1420            1381
90500             176              40         0.06875        0.015625            1423            1383
90600             170              43      0.06640625     0.016796875            1426            1383
90700             172              42       0.0671875      0.01640625            1426            1384
90800             180              38       0.0703125      0.01484375            1427            1389
90900             176              40         0.06875        0.015625            1429            1389
91000             178              39      0.06953125     0.015234375            1430            1391
91100             178              39      0.06953125     0.015234375            1432            1393
91200             182              37      0.07109375     0.014453125            1432            1395
91300             182              37      0.07109375     0.014453125            1433            1396
91400             188              34       0.0734375      0.01328125            1435            1401
91500             194              31      0.07578125     0.012109375            1435            1404
91600             198              29      0.07734375     0.011328125            1436            1407
91700             198              29      0.07734375     0.011328125            1436            1407
91800             200              28        0.078125       0.0109375            1436            1408
91900             202              27      0.07890625     0.010546875            1436            1409
92000             196              30       0.0765625      0.01171875            1440            1410
92100             194              31      0.07578125     0.012109375            1441            1410
92200             192              32           0.075          0.0125            1442            1410
92300             196              30       0.0765625      0.01171875            1442            1412
92400             196              30       0.0765625      0.01171875            1443            1413
92500             192              32           0.075          0.0125            1446            1414
92600             188              34       0.0734375      0.01328125            1448            1414
92700             182              37      0.07109375     0.014453125            1451            1414
92800             184              36        0.071875       0.0140625            1452            1416
92900             184              36        0.071875       0.0140625            1454            1418
93000             188              34       0.0734375      0.01328125            1454            1420
93100             188              34       0.0734375      0.01328125            1455            1421
93200             188              34       0.0734375      0.01328125            1456            1422
93300             188              34       0.0734375      0.01328125            1459            1425
93400             192              32           0.075          0.0125            1459            1427
93500             194              31      0.07578125     0.012109375            1460            1429
93600             192              32           0.075          0.0125            1462            1430
93700             200              28        0.078125       0.0109375            1462            1434
93800             202              27      0.07890625     0.010546875            1463            1436
93900             196              30       0.0765625      0.01171875            1466            1436
94000             202              27      0.07890625     0.010546875            1466            1439
94100             204              26       0.0796875      0.01015625            1467            1441
94200             206              25      0.08046875     0.009765625            1468            1443
94300             204              26       0.0796875      0.01015625            1469            1443
94400             204              26       0.0796875      0.01015625            1470            1444
94500             204              26       0.0796875      0.01015625            1470            1444
94600             198              29      0.07734375     0.011328125            1473            1444
94700             200              28        0.078125       0.0109375            1474            1446
94800             198              29      0.07734375     0.011328125            1475            1446
94900             196              30       0.0765625      0.01171875            1477            1447
95000             196              30       0.0765625      0.01171875            1478            1448
95100             194              31      0.07578125     0.012109375            1480            1449
95200             194              31      0.07578125     0.012109375            1482            1451
95300             192              32           0.075          0.0125            1483            1451
95400             194              31      0.07578125     0.012109375            1484            1453
95500             198              29      0.07734375     0.011328125            1485            1456
95600             196              30       0.0765625      0.01171875            1486            1456
95700             196              30       0.0765625      0.01171875            1487            1457
95800             198              29      0.07734375     0.011328125            1489            1460
95900             196              30       0.0765625      0.01171875            1492            1462
96000             190              33      0.07421875     0.012890625            1495            1462
96100             194              31      0.07578125     0.012109375            1495            1464
96200             192              32           0.075          0.0125            1496            1464
96300             190              33      0.07421875     0.012890625            1498            1465
96400             186              35      0.07265625     0.013671875            1502            1467
96500             184              36        0.071875       0.0140625            1504            1468
96600             178              39      0.06953125     0.015234375            1508            1469
96700             180              38       0.0703125      0.01484375            1508            1470
96800             182              37      0.07109375     0.014453125            1509            1472
96900             180              38       0.0703125      0.01484375            1511            1473
97000             182              37      0.07109375     0.014453125            1513            1476
97100             180              38       0.0703125      0.01484375            1516            1478
97200             184              36        0.071875       0.0140625            1516            1480
97300             184              36        0.071875       0.0140625            1517            1481
97400             180              38       0.0703125      0.01484375            1519            1481
97500             178              39      0.06953125     0.015234375            1521            1482
97600             176              40         0.06875        0.015625            1522            1482
97700             176              40         0.06875        0.015625            1524            1484
97800             176              40         0.06875        0.015625            1524            1484
97900             182              37      0.07109375     0.014453125            1524            1487
98000             184              36        0.071875       0.0140625            1525            1489
98100             182              37      0.07109375     0.014453125            1526            1489
98200             186              35      0.07265625     0.013671875            1528            1493
98300             186              35      0.07265625     0.013671875            1530            1495
98400             178              39      0.06953125     0.015234375            1534            1495
98500             182              37      0.07109375     0.014453125            1534            1497
98600             188              34       0.0734375      0.01328125            1535            1501
98700             188              34       0.0734375      0.01328125            1535            1501
98800             186              35      0.07265625     0.013671875            1536            1501
98900             188              34       0.0734375      0.01328125            1537            1503
99000             184              36        0.071875       0.0140625            1539            1503
99100             178              39      0.06953125     0.015234375            1542            1503
99200             176              40         0.06875        0.015625            1543            1503
99300             182              37      0.07109375     0.014453125            1543            1506
99400             180              38       0.0703125      0.01484375            1545            1507
99500             180              38       0.0703125      0.01484375            1546            1508
99600             176              40         0.06875        0.015625            1548            1508
99700             178              39      0.06953125     0.015234375            1549            1510
99800             176              40         0.06875        0.015625            1550            1510
99900             172              42       0.0671875      0.01640625            1554            1512
100000             172              42       0.0671875      0.01640625            1555            1513
