# Time-averaged data for fix observ
# TimeStep v_nfree v_ndimer v_cfree v_cdimer f_kinetics[2] f_kinetics[3]
0             256               0             0.2               0               0               0
100             250               3       0.1953125      0.00234375               3               0
200             250               3       0.1953125      0.00234375               3               0
300             240               8          0.1875         0.00625               8               0
400             234              11       0.1828125      0.00859375              11               0
500             224              16           0.175          0.0125              16               0
600             218              19       0.1703125      0.01484375              19               0
700             214              21       0.1671875      0.01640625              21               0
800             208              24          0.1625         0.01875              24               0
900             206              25       0.1609375      0.01953125              25               0
1000             202              27       0.1578125      0.02109375              28               1
1100             198              29       0.1546875      0.02265625              30               1
1200             200              28         0.15625        0.021875              30               2
1300             188              34        0.146875       0.0265625              36               2
1400             188              34        0.146875       0.0265625              36               2
1500             180              38        0.140625       0.0296875              41               3
1600             178              39       0.1390625      0.03046875              42               3
1700             176              40          0.1375         0.03125              44               4
1800             172              42        0.134375       0.0328125              46               4
1900             166              45       0.1296875      0.03515625              49               4
2000             162              47       0.1265625      0.03671875              52               5
2100             164              46        0.128125       0.0359375              53               7
2200             166              45       0.1296875      0.03515625              53               8
2300             166              45       0.1296875      0.03515625              53               8
2400             168              44         0.13125        0.034375              53               9
2500             166              45       0.1296875      0.03515625              54               9
2600             156              50        0.121875       0.0390625              60              10
2700             156              50        0.121875       0.0390625              61              11
2800             154              51       0.1203125      0.03984375              63              12
2900             156              50        0.121875       0.0390625              63              13
3000             154              51       0.1203125      0.03984375              64              13
3100             160              48           0.125          0.0375              64              16
3200             160              48           0.125          0.0375              64              16
3300             160              48           0.125          0.0375              65              17
3400             154              51       0.1203125      0.03984375              68              17
3500             152              52         0.11875        0.040625              69              17
3600             152              52         0.11875        0.040625              69              17
3700             154              51       0.1203125      0.03984375              69              18
3800             156              50        0.121875       0.0390625              70              20
3900             158              49       0.1234375      0.03828125              70              21
4000             160              48           0.125          0.0375              70              22
4100             160              48           0.125          0.0375              70              22
4200             162              47       0.1265625      0.03671875              71              24
4300             160              48           0.125          0.0375              72              24
4400             156              50        0.121875       0.0390625              74              24
4500             154              51       0.1203125      0.03984375              75              24
4600             156              50        0.121875       0.0390625              75              25
4700             152              52         0.11875        0.040625              77              25
4800             156              50        0.121875       0.0390625              78              28
4900             156              50        0.121875       0.0390625              78              28
5000             150              53       0.1171875      0.04140625              81              28
5100             150              53       0.1171875      0.04140625              82              29
5200             148              54        0.115625       0.0421875              84              30
5300             146              55       0.1140625      0.04296875              85              30
5400             146              55       0.1140625      0.04296875              85              30
5500             146              55       0.1140625      0.04296875              86              31
5600             148              54        0.115625       0.0421875              87              33
5700             148              54        0.115625       0.0421875              88              34
5800             150              53       0.1171875      0.04140625              88              35
5900             150              53       0.1171875      0.04140625              90              37
6000             150              53       0.1171875      0.04140625              92              39
6100             150              53       0.1171875      0.04140625              93              40
6200             156              50        0.121875       0.0390625              94              44
6300             160              48           0.125          0.0375              94              46
6400             152              52         0.11875        0.040625              98              46
6500             150              53       0.1171875      0.04140625             100              47
6600             152              52         0.11875        0.040625             101              49
6700             148              54        0.115625       0.0421875             104              50
6800             146              55       0.1140625      0.04296875             105              50
6900             144              56          0.1125         0.04375             106              50
7000             142              57       0.1109375      0.04453125             108              51
7100             142              57       0.1109375      0.04453125             109              52
7200             146              55       0.1140625      0.04296875             109              54
7300             144              56          0.1125         0.04375             110              54
7400             140              58        0.109375       0.0453125             112              54
7500             144              56          0.1125         0.04375             112              56
7600             144              56          0.1125         0.04375             113              57
7700             150              53       0.1171875      0.04140625             113              60
7800             150              53       0.1171875      0.04140625             114              61
7900             152              52         0.11875        0.040625             114              62
8000             152              52         0.11875        0.040625             116              64
8100             148              54        0.115625       0.0421875             118              64
8200             142              57       0.1109375      0.04453125             121              64
8300             140              58        0.109375       0.0453125             123              65
8400             140              58        0.109375       0.0453125             124              66
8500             138              59       0.1078125      0.04609375             125              66
8600             140              58        0.109375       0.0453125             126              68
8700             140              58        0.109375       0.0453125             126              68
8800             138              59       0.1078125      0.04609375             127              68
8900             136              60         0.10625        0.046875             129              69
9000             138              59       0.1078125      0.04609375             129              70
9100             138              59       0.1078125      0.04609375             130              71
9200             138              59       0.1078125      0.04609375             131              72
9300             138              59       0.1078125      0.04609375             132              73
9400             138              59       0.1078125      0.04609375             132              73
9500             136              60         0.10625        0.046875             133              73
9600             138              59       0.1078125      0.04609375             133              74
9700             138              59       0.1078125      0.04609375             133              74
9800             138              59       0.1078125      0.04609375             133              74
9900             138              59       0.1078125      0.04609375             133              74
10000             136              60         0.10625        0.046875             134              74
10100             138              59       0.1078125      0.04609375             134              75
10200             138              59       0.1078125      0.04609375             134              75
10300             136              60         0.10625        0.046875             136              76
10400             138              59       0.1078125      0.04609375             137              78
10500             138              59       0.1078125      0.04609375             137              78
10600             138              59       0.1078125      0.04609375             138              79
10700             138              59       0.1078125      0.04609375             139              80
10800             140              58        0.109375       0.0453125             139              81
10900             138              59       0.1078125      0.04609375             140              81
11000             142              57       0.1109375      0.04453125             141              84
11100             142              57       0.1109375      0.04453125             141              84
11200             138              59       0.1078125      0.04609375             143              84
11300             134              61       0.1046875      0.04765625             145              84
11400             140              58        0.109375       0.0453125             145              87
11500             136              60         0.10625        0.046875             147              87
11600             132              62        0.103125       0.0484375             150              88
11700             130              63       0.1015625      0.04921875             151              88
11800             130              63       0.1015625      0.04921875             151              88
11900             136              60         0.10625        0.046875             151              91
12000             140              58        0.109375       0.0453125             151              93
12100             136              60         0.10625        0.046875             153              93
12200             138              59       0.1078125      0.04609375             153              94
12300             140              58        0.109375       0.0453125             154              96
12400             136              60         0.10625        0.046875             156              96
12500             136              60         0.10625        0.046875             156              96
12600             142              57       0.1109375      0.04453125             156              99
12700             142              57       0.1109375      0.04453125             157             100
12800             138              59       0.1078125      0.04609375             160             101
12900             138              59       0.1078125      0.04609375             160             101
13000             138              59       0.1078125      0.04609375             161             102
13100             142              57       0.1109375      0.04453125             161             104
13200             146              55       0.1140625      0.04296875             161             106
13300             148              54        0.115625       0.0421875             162             108
13400             148              54        0.115625       0.0421875             163             109
13500             150              53       0.1171875      0.04140625             163             110
13600             152              52         0.11875        0.040625             163             111
13700             148              54        0.115625       0.0421875             165             111
13800             146              55       0.1140625      0.04296875             167             112
13900             144              56          0.1125         0.04375             168             112
14000             144              56          0.1125         0.04375             170             114
14100             146              55       0.1140625      0.04296875             170             115
14200             148              54        0.115625       0.0421875             170             116
14300             150              53       0.1171875      0.04140625             170             117
14400             152              52         0.11875        0.040625             170             118
14500             152              52         0.11875        0.040625             170             118
14600             150              53       0.1171875      0.04140625             172             119
14700             152              52         0.11875        0.040625             172             120
14800             152              52         0.11875        0.040625             174             122
14900             156              50        0.121875       0.0390625             176             126
15000             154              51       0.1203125      0.03984375             177             126
15100             150              53       0.1171875      0.04140625             179             126
15200             150              53       0.1171875      0.04140625             179             126
15300             148              54        0.115625       0.0421875             180             126
15400             144              56          0.1125         0.04375             182             126
15500             140              58        0.109375       0.0453125             184             126
15600             142              57       0.1109375      0.04453125             184             127
15700             140              58        0.109375       0.0453125             186             128
15800             138              59       0.1078125      0.04609375             188             129
15900             136              60         0.10625        0.046875             191             131
16000             138              59       0.1078125      0.04609375             191             132
16100             138              59       0.1078125      0.04609375             193             134
16200             140              58        0.109375       0.0453125             193             135
16300             136              60         0.10625        0.046875             195             135
16400             132              62        0.103125       0.0484375             197             135
16500             132              62        0.103125       0.0484375             199             137
16600             132              62        0.103125       0.0484375             201             139
16700             132              62        0.103125       0.0484375             202             140
16800             138              59       0.1078125      0.04609375             203             144
16900             134              61       0.1046875      0.04765625             205             144
17000             138              59       0.1078125      0.04609375             205             146
17100             134              61       0.1046875      0.04765625             208             147
17200             134              61       0.1046875      0.04765625             209             148
17300             130              63       0.1015625      0.04921875             212             149
17400             130              63       0.1015625      0.04921875             213             150
17500             128              64             0.1            0.05             215             151
17600             128              64             0.1            0.05             217             153
17700             130              63       0.1015625      0.04921875             217             154
17800             132              62        0.103125       0.0484375             217             155
17900             130              63       0.1015625      0.04921875             218             155
18000             130              63       0.1015625      0.04921875             219             156
18100             132              62        0.103125       0.0484375             219             157
18200             132              62        0.103125       0.0484375             220             158
18300             124              66        0.096875       0.0515625             224             158
18400             126              65       0.0984375      0.05078125             224             159
18500             128              64             0.1            0.05             224             160
18600             132              62        0.103125       0.0484375             224             162
18700             132              62        0.103125       0.0484375             226             164
18800             136              60         0.10625        0.046875             226             166
18900             136              60         0.10625        0.046875             226             166
19000             132              62        0.103125       0.0484375             228             166
19100             134              61       0.1046875      0.04765625             229             168
19200             134              61       0.1046875      0.04765625             230             169
19300             138              59       0.1078125      0.04609375             230             171
19400             140              58        0.109375       0.0453125             230             172
19500             138              59       0.1078125      0.04609375             233             174
19600             136              60         0.10625        0.046875             234             174
19700             138              59       0.1078125      0.04609375             236             177
19800             136              60         0.10625        0.046875             238             178
19900             134              61       0.1046875      0.04765625             240             179
20000             136              60         0.10625        0.046875             240             180
20100             138              59       0.1078125      0.04609375             240             181
20200             142              57       0.1109375      0.04453125             240             183
20300             136              60         0.10625        0.046875             243             183
20400             136              60         0.10625        0.046875             243             183
20500             134              61       0.1046875      0.04765625             245             184
20600             134              61       0.1046875      0.04765625             245             184
20700             134              61       0.1046875      0.04765625             246             185
20800             134              61       0.1046875      0.04765625             246             185
20900             136              60         0.10625        0.046875             246             186
21000             134              61       0.1046875      0.04765625             247             186
21100             138              59       0.1078125      0.04609375             247             188
21200             138              59       0.1078125      0.04609375             248             189
21300             138              59       0.1078125      0.04609375             248             189
21400             136              60         0.10625        0.046875             249             189
21500             140              58        0.109375       0.0453125             249             191
21600             142              57       0.1109375      0.04453125             249             192
21700             142              57       0.1109375      0.04453125             250             193
21800             140              58        0.109375       0.0453125             253             195
21900             140              58        0.109375       0.0453125             253             195
22000             140              58        0.109375       0.0453125             254             196
22100             136              60         0.10625        0.046875             256             196
22200             140              58        0.109375       0.0453125             256             198
22300             138              59       0.1078125      0.04609375             258             199
22400             136              60         0.10625        0.046875             259             199
22500             138              59       0.1078125      0.04609375             261             202
22600             138              59       0.1078125      0.04609375             264             205
22700             134              61       0.1046875      0.04765625             266             205
22800             136              60         0.10625        0.046875             266             206
22900             138              59       0.1078125      0.04609375             269             210
23000             138              59       0.1078125      0.04609375             269             210
23100             136              60         0.10625        0.046875             270             210
23200             138              59       0.1078125      0.04609375             270             211
23300             140              58        0.109375       0.0453125             271             213
23400             142              57       0.1109375      0.04453125             271             214
23500             142              57       0.1109375      0.04453125             272             215
23600             140              58        0.109375       0.0453125             273             215
23700             142              57       0.1109375      0.04453125             273             216
23800             136              60         0.10625        0.046875             277             217
23900             136              60         0.10625        0.046875             278             218
24000             140              58        0.109375       0.0453125             278             220
24100             136              60         0.10625        0.046875             280             220
24200             140              58        0.109375       0.0453125             280             222
24300             138              59       0.1078125      0.04609375             283             224
24400             142              57       0.1109375      0.04453125             283             226
24500             140              58        0.109375       0.0453125             285             227
24600             140              58        0.109375       0.0453125             285             227
24700             140              58        0.109375       0.0453125             286             228
24800             146              55       0.1140625      0.04296875             286             231
24900             150              53       0.1171875      0.04140625             286             233
25000             150              53       0.1171875      0.04140625             287             234
25100             148              54        0.115625       0.0421875             288             234
25200             148              54        0.115625       0.0421875             290             236
25300             148              54        0.115625       0.0421875             290             236
25400             142              57       0.1109375      0.04453125             293             236
25500             144              56          0.1125         0.04375             293             237
25600             142              57       0.1109375      0.04453125             294             237
25700             148              54        0.115625       0.0421875             294             240
25800             148              54        0.115625       0.0421875             294             240
25900             154              51       0.1203125      0.03984375             294             243
26000             150              53       0.1171875      0.04140625             296             243
26100             152              52         0.11875        0.040625             296             244
26200             148              54        0.115625       0.0421875             298             244
26300             152              52         0.11875        0.040625             298             246
26400             152              52         0.11875        0.040625             299             247
26500             150              53       0.1171875      0.04140625             301             248
26600             152              52         0.11875        0.040625             301             249
26700             152              52         0.11875        0.040625             301             249
26800             152              52         0.11875        0.040625             301             249
26900             154              51       0.1203125      0.03984375             301             250
27000             150              53       0.1171875      0.04140625             303             250
27100             152              52         0.11875        0.040625             303             251
27200             150              53       0.1171875      0.04140625             306             253
27300             148              54        0.115625       0.0421875             307             253
27400             152              52         0.11875        0.040625             307             255
27500             154              51       0.1203125      0.03984375             307             256
27600             156              50        0.121875       0.0390625             307             257
27700             158              49       0.1234375      0.03828125             308             259
27800             158              49       0.1234375      0.03828125             309             260
27900             158              49       0.1234375      0.03828125             310             261
28000             160              48           0.125          0.0375             310             262
28100             158              49       0.1234375      0.03828125             314             265
28200             160              48           0.125          0.0375             316             268
28300             162              47       0.1265625      0.03671875             317             270
28400             164              46        0.128125       0.0359375             318             272
28500             162              47       0.1265625      0.03671875             319             272
28600             164              46        0.128125       0.0359375             319             273
28700             162              47       0.1265625      0.03671875             320             273
28800             158              49       0.1234375      0.03828125             322             273
28900             158              49       0.1234375      0.03828125             323             274
29000             156              50        0.121875       0.0390625             325             275
29100             156              50        0.121875       0.0390625             327             277
29200             152              52         0.11875        0.040625             329             277
29300             152              52         0.11875        0.040625             330             278
29400             152              52         0.11875        0.040625             330             278
29500             160              48           0.125          0.0375             330             282
29600             156              50        0.121875       0.0390625             332             282
29700             158              49       0.1234375      0.03828125             332             283
29800             160              48           0.125          0.0375             332             284
29900             158              49       0.1234375      0.03828125             333             284
30000             152              52         0.11875        0.040625             336             284
30100             152              52         0.11875        0.040625             336             284
30200             154              51       0.1203125      0.03984375             336             285
30300             152              52         0.11875        0.040625             337             285
30400             154              51       0.1203125      0.03984375             338             287
30500             154              51       0.1203125      0.03984375             339             288
30600             152              52         0.11875        0.040625             341             289
30700             150              53       0.1171875      0.04140625             342             289
30800             154              51       0.1203125      0.03984375             342             291
30900             154              51       0.1203125      0.03984375             342             291
31000             156              50        0.121875       0.0390625             342             292
31100             156              50        0.121875       0.0390625             343             293
31200             154              51       0.1203125      0.03984375             344             293
31300             156              50        0.121875       0.0390625             344             294
31400             158              49       0.1234375      0.03828125             345             296
31500             158              49       0.1234375      0.03828125             345             296
31600             160              48           0.125          0.0375             345             297
31700             160              48           0.125          0.0375             346             298
31800             160              48           0.125          0.0375             348             300
31900             160              48           0.125          0.0375             348             300
32000             160              48           0.125          0.0375             349             301
32100             162              47       0.1265625      0.03671875             350             303
32200             162              47       0.1265625      0.03671875             351             304
32300             166              45       0.1296875      0.03515625             351             306
32400             162              47       0.1265625      0.03671875             353             306
32500             166              45       0.1296875      0.03515625             353             308
32600             170              43       0.1328125      0.03359375             353             310
32700             170              43       0.1328125      0.03359375             354             311
32800             168              44         0.13125        0.034375             355             311
32900             170              43       0.1328125      0.03359375             356             313
33000             166              45       0.1296875      0.03515625             358             313
33100             164              46        0.128125       0.0359375             359             313
33200             166              45       0.1296875      0.03515625             359             314
33300             162              47       0.1265625      0.03671875             362             315
33400             162              47       0.1265625      0.03671875             363             316
33500             160              48           0.125          0.0375             364             316
33600             162              47       0.1265625      0.03671875             364             317
33700             160              48           0.125          0.0375             367             319
33800             160              48           0.125          0.0375             368             320
33900             158              49       0.1234375      0.03828125             370             321
34000             158              49       0.1234375      0.03828125             370             321
34100             158              49       0.1234375      0.03828125             370             321
34200             152              52         0.11875        0.040625             373             321
34300             158              49       0.1234375      0.03828125             373             324
34400             158              49       0.1234375      0.03828125             374             325
34500             162              47       0.1265625      0.03671875             374             327
34600             160              48           0.125          0.0375             375             327
34700             160              48           0.125          0.0375             375             327
34800             160              48           0.125          0.0375             375             327
34900             162              47       0.1265625      0.03671875             375             328
35000             160              48           0.125          0.0375             376             328
35100             164              46        0.128125       0.0359375             376             330
35200             160              48           0.125          0.0375             378             330
35300             160              48           0.125          0.0375             379             331
35400             162              47       0.1265625      0.03671875             380             333
35500             154              51       0.1203125      0.03984375             384             333
35600             152              52         0.11875        0.040625             385             333
35700             150              53       0.1171875      0.04140625             386             333
35800             150              53       0.1171875      0.04140625             387             334
35900             152              52         0.11875        0.040625             388             336
36000             156              50        0.121875       0.0390625             389             339
36100             156              50        0.121875       0.0390625             390             340
36200             154              51       0.1203125      0.03984375             391             340
36300             156              50        0.121875       0.0390625             391             341
36400             152              52         0.11875        0.040625             393             341
36500             156              50        0.121875       0.0390625             393             343
36600             154              51       0.1203125      0.03984375             394             343
36700             154              51       0.1203125      0.03984375             395             344
36800             152              52         0.11875        0.040625             396             344
36900             150              53       0.1171875      0.04140625             397             344
37000             150              53       0.1171875      0.04140625             398             345
37100             150              53       0.1171875      0.04140625             399             346
37200             152              52         0.11875        0.040625             399             347
37300             152              52         0.11875        0.040625             399             347
37400             148              54        0.115625       0.0421875             402             348
37500             148              54        0.115625       0.0421875             402             348
37600             148              54        0.115625       0.0421875             404             350
37700             150              53       0.1171875      0.04140625             406             353
37800             152              52         0.11875        0.040625             407             355
37900             156              50        0.121875       0.0390625             408             358
38000             158              49       0.1234375      0.03828125             409             360
38100             158              49       0.1234375      0.03828125             411             362
38200             160              48           0.125          0.0375             411             363
38300             154              51       0.1203125      0.03984375             414             363
38400             148              54        0.115625       0.0421875             418             364
38500             144              56          0.1125         0.04375             420             364
38600             146              55       0.1140625      0.04296875             420             365
38700             144              56          0.1125         0.04375             422             366
38800             146              55       0.1140625      0.04296875             422             367
38900             142              57       0.1109375      0.04453125             425             368
39000             138              59       0.1078125      0.04609375             427             368
39100             138              59       0.1078125      0.04609375             427             368
39200             134              61       0.1046875      0.04765625             429             368
39300             130              63       0.1015625      0.04921875             431             368
39400             134              61       0.1046875      0.04765625             431             370
39500             134              61       0.1046875      0.04765625             432             371
39600             132              62        0.103125       0.0484375             434             372
39700             132              62        0.103125       0.0484375             435             373
39800             128              64             0.1            0.05             437             373
39900             132              62        0.103125       0.0484375             438             376
40000             134              61       0.1046875      0.04765625             438             377
40100             132              62        0.103125       0.0484375             439             377
40200             132              62        0.103125       0.0484375             440             378
40300             134              61       0.1046875      0.04765625             441             380
40400             132              62        0.103125       0.0484375             443             381
40500             134              61       0.1046875      0.04765625             443             382
40600             134              61       0.1046875      0.04765625             443             382
40700             134              61       0.1046875      0.04765625             444             383
40800             136              60         0.10625        0.046875             444             384
40900             144              56          0.1125         0.04375             444             388
41000             142              57       0.1109375      0.04453125             445             388
41100             142              57       0.1109375      0.04453125             446             389
41200             142              57       0.1109375      0.04453125             446             389
41300             144              56          0.1125         0.04375             446             390
41400             144              56          0.1125         0.04375             446             390
41500             144              56          0.1125         0.04375             449             393
41600             148              54        0.115625       0.0421875             449             395
41700             152              52         0.11875        0.040625             449             397
41800             148              54        0.115625       0.0421875             452             398
41900             144              56          0.1125         0.04375             454             398
42000             140              58        0.109375       0.0453125             456             398
42100             138              59       0.1078125      0.04609375             458             399
42200             134              61       0.1046875      0.04765625             460             399
42300             130              63       0.1015625      0.04921875             462             399
42400             128              64             0.1            0.05             463             399
42500             128              64             0.1            0.05             463             399
42600             128              64             0.1            0.05             465             401
42700             130              63       0.1015625      0.04921875             466             403
42800             130              63       0.1015625      0.04921875             468             405
42900             128              64             0.1            0.05             469             405
43000             122              67       0.0953125      0.05234375             472             405
43100             124              66        0.096875       0.0515625             473             407
43200             118              69       0.0921875      0.05390625             476             407
43300             122              67       0.0953125      0.05234375             476             409
43400             124              66        0.096875       0.0515625             477             411
43500             124              66        0.096875       0.0515625             479             413
43600             128              64             0.1            0.05             479             415
43700             128              64             0.1            0.05             480             416
43800             130              63       0.1015625      0.04921875             480             417
43900             134              61       0.1046875      0.04765625             480             419
44000             130              63       0.1015625      0.04921875             482             419
44100             130              63       0.1015625      0.04921875             482             419
44200             132              62        0.103125       0.0484375             483             421
44300             130              63       0.1015625      0.04921875             484             421
44400             130              63       0.1015625      0.04921875             485             422
44500             132              62        0.103125       0.0484375             485             423
44600             136              60         0.10625        0.046875             485             425
44700             138              59       0.1078125      0.04609375             486             427
44800             140              58        0.109375       0.0453125             486             428
44900             140              58        0.109375       0.0453125             487             429
45000             144              56          0.1125         0.04375             487             431
45100             140              58        0.109375       0.0453125             491             433
45200             138              59       0.1078125      0.04609375             492             433
45300             138              59       0.1078125      0.04609375             493             434
45400             136              60         0.10625        0.046875             494             434
45500             132              62        0.103125       0.0484375             496             434
45600             134              61       0.1046875      0.04765625             497             436
45700             136              60         0.10625        0.046875             497             437
45800             138              59       0.1078125      0.04609375             497             438
45900             138              59       0.1078125      0.04609375             498             439
46000             144              56          0.1125         0.04375             498             442
46100             142              57       0.1109375      0.04453125             499             442
46200             146              55       0.1140625      0.04296875             499             444
46300             144              56          0.1125         0.04375             501             445
46400             140              58        0.109375       0.0453125             504             446
46500             144              56          0.1125         0.04375             504             448
46600             142              57       0.1109375      0.04453125             506             449
46700             138              59       0.1078125      0.04609375             508             449
46800             142              57       0.1109375      0.04453125             508             451
46900             148              54        0.115625       0.0421875             508             454
47000             152              52         0.11875        0.040625             508             456
47100             152              52         0.11875        0.040625             508             456
47200             152              52         0.11875        0.040625             509             457
47300             152              52         0.11875        0.040625             509             457
47400             148              54        0.115625       0.0421875             511             457
47500             144              56          0.1125         0.04375             514             458
47600             140              58        0.109375       0.0453125             516             458
47700             144              56          0.1125         0.04375             516             460
47800             144              56          0.1125         0.04375             516             460
47900             142              57       0.1109375      0.04453125             518             461
48000             138              59       0.1078125      0.04609375             520             461
48100             136              60         0.10625        0.046875             521             461
48200             136              60         0.10625        0.046875             523             463
48300             138              59       0.1078125      0.04609375             523             464
48400             136              60         0.10625        0.046875             524             464
48500             138              59       0.1078125      0.04609375             524             465
48600             138              59       0.1078125      0.04609375             524             465
48700             140              58        0.109375       0.0453125             524             466
48800             138              59       0.1078125      0.04609375             526             467
48900             138              59       0.1078125      0.04609375             526             467
49000             140              58        0.109375       0.0453125             526             468
49100             140              58        0.109375       0.0453125             526             468
49200             140              58        0.109375       0.0453125             526             468
49300             142              57       0.1109375      0.04453125             527             470
49400             148              54        0.115625       0.0421875             527             473
49500             148              54        0.115625       0.0421875             528             474
49600             148              54        0.115625       0.0421875             529             475
49700             140              58        0.109375       0.0453125             533             475
49800             142              57       0.1109375      0.04453125             533             476
49900             142              57       0.1109375      0.04453125             533             476
50000             140              58        0.109375       0.0453125             535             477
50100             140              58        0.109375       0.0453125             535             477
50200             144              56          0.1125         0.04375             535             479
50300             140              58        0.109375       0.0453125             537             479
50400             134              61       0.1046875      0.04765625             540             479
50500             136              60         0.10625        0.046875             540             480
50600             132              62        0.103125       0.0484375             542             480
50700             140              58        0.109375       0.0453125             542             484
50800             138              59       0.1078125      0.04609375             543             484
50900             138              59       0.1078125      0.04609375             543             484
51000             142              57       0.1109375      0.04453125             543             486
51100             142              57       0.1109375      0.04453125             543             486
51200             142              57       0.1109375      0.04453125             543             486
51300             138              59       0.1078125      0.04609375             545             486
51400             136              60         0.10625        0.046875             546             486
51500             136              60         0.10625        0.046875             546             486
51600             136              60         0.10625        0.046875             547             487
51700             138              59       0.1078125      0.04609375             548             489
51800             144              56          0.1125         0.04375             548             492
51900             154              51       0.1203125      0.03984375             548             497
52000             150              53       0.1171875      0.04140625             550             497
52100             148              54        0.115625       0.0421875             551             497
52200             148              54        0.115625       0.0421875             552             498
52300             148              54        0.115625       0.0421875             554             500
52400             148              54        0.115625       0.0421875             557             503
52500             146              55       0.1140625      0.04296875             558             503
52600             142              57       0.1109375      0.04453125             560             503
52700             142              57       0.1109375      0.04453125             561             504
52800             142              57       0.1109375      0.04453125             562             505
52900             140              58        0.109375       0.0453125             563             505
53000             136              60         0.10625        0.046875             565             505
53100             140              58        0.109375       0.0453125             565             507
53200             140              58        0.109375       0.0453125             566             508
53300             138              59       0.1078125      0.04609375             568             509
53400             140              58        0.109375       0.0453125             568             510
53500             138              59       0.1078125      0.04609375             570             511
53600             142              57       0.1109375      0.04453125             571             514
53700             140              58        0.109375       0.0453125             572             514
53800             136              60         0.10625        0.046875             575             515
53900             140              58        0.109375       0.0453125             575             517
54000             138              59       0.1078125      0.04609375             576             517
54100             140              58        0.109375       0.0453125             576             518
54200             140              58        0.109375       0.0453125             576             518
54300             142              57       0.1109375      0.04453125             576             519
54400             144              56          0.1125         0.04375             576             520
54500             144              56          0.1125         0.04375             577             521
54600             142              57       0.1109375      0.04453125             579             522
54700             146              55       0.1140625      0.04296875             579             524
54800             150              53       0.1171875      0.04140625             579             526
54900             150              53       0.1171875      0.04140625             580             527
55000             150              53       0.1171875      0.04140625             582             529
55100             146              55       0.1140625      0.04296875             584             529
55200             148              54        0.115625       0.0421875             585             531
55300             144              56          0.1125         0.04375             587             531
55400             144              56          0.1125         0.04375             587             531
55500             142              57       0.1109375      0.04453125             588             531
55600             140              58        0.109375       0.0453125             589             531
55700             142              57       0.1109375      0.04453125             589             532
55800             140              58        0.109375       0.0453125             590             532
55900             142              57       0.1109375      0.04453125             590             533
56000             140              58        0.109375       0.0453125             592             534
56100             142              57       0.1109375      0.04453125             592             535
56200             142              57       0.1109375      0.04453125             592             535
56300             140              58        0.109375       0.0453125             593             535
56400             140              58        0.109375       0.0453125             593             535
56500             138              59       0.1078125      0.04609375             597             538
56600             138              59       0.1078125      0.04609375             599             540
56700             138              59       0.1078125      0.04609375             599             540
56800             138              59       0.1078125      0.04609375             599             540
56900             138              59       0.1078125      0.04609375             600             541
57000             140              58        0.109375       0.0453125             600             542
57100             144              56          0.1125         0.04375             600             544
57200             148              54        0.115625       0.0421875             600             546
57300             142              57       0.1109375      0.04453125             604             547
57400             140              58        0.109375       0.0453125             605             547
57500             144              56          0.1125         0.04375             605             549
57600             144              56          0.1125         0.04375             605             549
57700             146              55       0.1140625      0.04296875             605             550
57800             146              55       0.1140625      0.04296875             605             550
57900             142              57       0.1109375      0.04453125             607             550
58000             138              59       0.1078125      0.04609375             609             550
58100             140              58        0.109375       0.0453125             609             551
58200             140              58        0.109375       0.0453125             610             552
58300             140              58        0.109375       0.0453125             612             554
58400             140              58        0.109375       0.0453125             612             554
58500             138              59       0.1078125      0.04609375             613             554
58600             138              59       0.1078125      0.04609375             614             555
58700             138              59       0.1078125      0.04609375             615             556
58800             140              58        0.109375       0.0453125             615             557
58900             140              58        0.109375       0.0453125             616             558
59000             138              59       0.1078125      0.04609375             617             558
59100             144              56          0.1125         0.04375             618             562
59200             146              55       0.1140625      0.04296875             619             564
59300             144              56          0.1125         0.04375             620             564
59400             146              55       0.1140625      0.04296875             620             565
59500             144              56          0.1125         0.04375             622             566
59600             146              55       0.1140625      0.04296875             622             567
59700             146              55       0.1140625      0.04296875             622             567
59800             148              54        0.115625       0.0421875             622             568
59900             146              55       0.1140625      0.04296875             623             568
60000             144              56          0.1125         0.04375             625             569
60100             148              54        0.115625       0.0421875             625             571
60200             146              55       0.1140625      0.04296875             626             571
60300             148              54        0.115625       0.0421875             627             573
60400             148              54        0.115625       0.0421875             628             574
60500             144              56          0.1125         0.04375             630             574
60600             150              53       0.1171875      0.04140625             631             578
60700             156              50        0.121875       0.0390625             631             581
60800             152              52         0.11875        0.040625             634             582
60900             154              51       0.1203125      0.03984375             636             585
61000             158              49       0.1234375      0.03828125             637             588
61100             156              50        0.121875       0.0390625             638             588
61200             152              52         0.11875        0.040625             640             588
61300             156              50        0.121875       0.0390625             640             590
61400             154              51       0.1203125      0.03984375             642             591
61500             158              49       0.1234375      0.03828125             642             593
61600             152              52         0.11875        0.040625             646             594
61700             144              56          0.1125         0.04375             650             594
61800             146              55       0.1140625      0.04296875             651             596
61900             144              56          0.1125         0.04375             652             596
62000             152              52         0.11875        0.040625             652             600
62100             152              52         0.11875        0.040625             652             600
62200             154              51       0.1203125      0.03984375             653             602
62300             156              50        0.121875       0.0390625             653             603
62400             152              52         0.11875        0.040625             655             603
62500             152              52         0.11875        0.040625             656             604
62600             154              51       0.1203125      0.03984375             657             606
62700             154              51       0.1203125      0.03984375             657             606
62800             152              52         0.11875        0.040625             658             606
62900             156              50        0.121875       0.0390625             658             608
63000             156              50        0.121875       0.0390625             658             608
63100             156              50        0.121875       0.0390625             659             609
63200             158              49       0.1234375      0.03828125             659             610
63300             156              50        0.121875       0.0390625             660             610
63400             154              51       0.1203125      0.03984375             662             611
63500             148              54        0.115625       0.0421875             665             611
63600             142              57       0.1109375      0.04453125             668             611
63700             148              54        0.115625       0.0421875             668             614
63800             146              55       0.1140625      0.04296875             670             615
63900             144              56          0.1125         0.04375             672             616
64000             144              56          0.1125         0.04375             673             617
64100             146              55       0.1140625      0.04296875             673             618
64200             148              54        0.115625       0.0421875             673             619
64300             148              54        0.115625       0.0421875             673             619
64400             144              56          0.1125         0.04375             676             620
64500             144              56          0.1125         0.04375             676             620
64600             142              57       0.1109375      0.04453125             677             620
64700             142              57       0.1109375      0.04453125             677             620
64800             144              56          0.1125         0.04375             677             621
64900             148              54        0.115625       0.0421875             677             623
65000             146              55       0.1140625      0.04296875             679             624
65100             146              55       0.1140625      0.04296875             681             626
65200             148              54        0.115625       0.0421875             682             628
65300             150              53       0.1171875      0.04140625             682             629
65400             156              50        0.121875       0.0390625             682             632
65500             152              52         0.11875        0.040625             685             633
65600             150              53       0.1171875      0.04140625             686             633
65700             156              50        0.121875       0.0390625             686             636
65800             154              51       0.1203125      0.03984375             687             636
65900             148              54        0.115625       0.0421875             690             636
66000             148              54        0.115625       0.0421875             692             638
66100             154              51       0.1203125      0.03984375             692             641
66200             156              50        0.121875       0.0390625             692             642
66300             156              50        0.121875       0.0390625             694             644
66400             156              50        0.121875       0.0390625             696             646
66500             156              50        0.121875       0.0390625             697             647
66600             156              50        0.121875       0.0390625             698             648
66700             158              49       0.1234375      0.03828125             699             650
66800             150              53       0.1171875      0.04140625             703             650
66900             148              54        0.115625       0.0421875             705             651
67000             146              55       0.1140625      0.04296875             706             651
67100             148              54        0.115625       0.0421875             706             652
67200             146              55       0.1140625      0.04296875             707             652
67300             144              56          0.1125         0.04375             709             653
67400             144              56          0.1125         0.04375             710             654
67500             146              55       0.1140625      0.04296875             710             655
67600             144              56          0.1125         0.04375             712             656
67700             146              55       0.1140625      0.04296875             713             658
67800             144              56          0.1125         0.04375             714             658
67900             142              57       0.1109375      0.04453125             715             658
68000             140              58        0.109375       0.0453125             716             658
68100             140              58        0.109375       0.0453125             717             659
68200             140              58        0.109375       0.0453125             717             659
68300             142              57       0.1109375      0.04453125             718             661
68400             142              57       0.1109375      0.04453125             719             662
68500             148              54        0.115625       0.0421875             719             665
68600             146              55       0.1140625      0.04296875             720             665
68700             150              53       0.1171875      0.04140625             722             669
68800             148              54        0.115625       0.0421875             723             669
68900             152              52         0.11875        0.040625             724             672
69000             152              52         0.11875        0.040625             724             672
69100             154              51       0.1203125      0.03984375             724             673
69200             154              51       0.1203125      0.03984375             725             674
69300             156              50        0.121875       0.0390625             725             675
69400             160              48           0.125          0.0375             726             678
69500             158              49       0.1234375      0.03828125             729             680
69600             158              49       0.1234375      0.03828125             729             680
69700             156              50        0.121875       0.0390625             730             680
69800             154              51       0.1203125      0.03984375             732             681
69900             158              49       0.1234375      0.03828125             732             683
70000             156              50        0.121875       0.0390625             733             683
70100             156              50        0.121875       0.0390625             733             683
70200             162              47       0.1265625      0.03671875             734             687
70300             162              47       0.1265625      0.03671875             736             689
70400             164              46        0.128125       0.0359375             737             691
70500             158              49       0.1234375      0.03828125             740             691
70600             160              48           0.125          0.0375             741             693
70700             152              52         0.11875        0.040625             745             693
70800             156              50        0.121875       0.0390625             746             696
70900             154              51       0.1203125      0.03984375             749             698
71000             156              50        0.121875       0.0390625             750             700
71100             158              49       0.1234375      0.03828125             751             702
71200             156              50        0.121875       0.0390625             753             703
71300             158              49       0.1234375      0.03828125             753             704
71400             156              50        0.121875       0.0390625             754             704
71500             160              48           0.125          0.0375             754             706
71600             156              50        0.121875       0.0390625             756             706
71700             158              49       0.1234375      0.03828125             756             707
71800             158              49       0.1234375      0.03828125             756             707
71900             158              49       0.1234375      0.03828125             757             708
72000             160              48           0.125          0.0375             757             709
72100             160              48           0.125          0.0375             758             710
72200             158              49       0.1234375      0.03828125             759             710
72300             160              48           0.125          0.0375             760             712
72400             158              49       0.1234375      0.03828125             761             712
72500             156              50        0.121875       0.0390625             762             712
72600             158              49       0.1234375      0.03828125             762             713
72700             156              50        0.121875       0.0390625             764             714
72800             154              51       0.1203125      0.03984375             765             714
72900             154              51       0.1203125      0.03984375             767             716
73000             156              50        0.121875       0.0390625             767             717
73100             154              51       0.1203125      0.03984375             769             718
73200             154              51       0.1203125      0.03984375             770             719
73300             152              52         0.11875        0.040625             773             721
73400             150              53       0.1171875      0.04140625             774             721
73500             148              54        0.115625       0.0421875             776             722
73600             148              54        0.115625       0.0421875             776             722
73700             144              56          0.1125         0.04375             778             722
73800             142              57       0.1109375      0.04453125             780             723
73900             142              57       0.1109375      0.04453125             780             723
74000             144              56          0.1125         0.04375             780             724
74100             144              56          0.1125         0.04375             780             724
74200             146              55       0.1140625      0.04296875             781             726
74300             142              57       0.1109375      0.04453125             783             726
74400             140              58        0.109375       0.0453125             785             727
74500             142              57       0.1109375      0.04453125             786             729
74600             144              56          0.1125         0.04375             786             730
74700             154              51       0.1203125      0.03984375             786             735
74800             156              50        0.121875       0.0390625             786             736
74900             154              51       0.1203125      0.03984375             787             736
75000             156              50        0.121875       0.0390625             787             737
75100             156              50        0.121875       0.0390625             788             738
75200             156              50        0.121875       0.0390625             788             738
75300             152              52         0.11875        0.040625             791             739
75400             152              52         0.11875        0.040625             792             740
75500             154              51       0.1203125      0.03984375             792             741
75600             154              51       0.1203125      0.03984375             792             741
75700             148              54        0.115625       0.0421875             795             741
75800             148              54        0.115625       0.0421875             795             741
75900             146              55       0.1140625      0.04296875             797             742
76000             144              56          0.1125         0.04375             798             742
76100             144              56          0.1125         0.04375             798             742
76200             142              57       0.1109375      0.04453125             799             742
76300             144              56          0.1125         0.04375             801             745
76400             140              58        0.109375       0.0453125             803             745
76500             140              58        0.109375       0.0453125             804             746
76600             142              57       0.1109375      0.04453125             805             748
76700             146              55       0.1140625      0.04296875             805             750
76800             146              55       0.1140625      0.04296875             805             750
76900             146              55       0.1140625      0.04296875             807             752
77000             146              55       0.1140625      0.04296875             807             752
77100             146              55       0.1140625      0.04296875             808             753
77200             148              54        0.115625       0.0421875             808             754
77300             148              54        0.115625       0.0421875             809             755
77400             150              53       0.1171875      0.04140625             809             756
77500             154              51       0.1203125      0.03984375             809             758
77600             152              52         0.11875        0.040625             810             758
77700             150              53       0.1171875      0.04140625             811             758
77800             148              54        0.115625       0.0421875             814             760
77900             150              53       0.1171875      0.04140625             814             761
78000             146              55       0.1140625      0.04296875             817             762
78100             146              55       0.1140625      0.04296875             818             763
78200             142              57       0.1109375      0.04453125             820             763
78300             142              57       0.1109375      0.04453125             823             766
78400             144              56          0.1125         0.04375             824             768
78500             136              60         0.10625        0.046875             829             769
78600             136              60         0.10625        0.046875             830             770
78700             140              58        0.109375       0.0453125             830             772
78800             142              57       0.1109375      0.04453125             830             773
78900             138              59       0.1078125      0.04609375             833             774
79000             138              59       0.1078125      0.04609375             833             774
79100             136              60         0.10625        0.046875             835             775
79200             134              61       0.1046875      0.04765625             836             775
79300             136              60         0.10625        0.046875             836             776
79400             138              59       0.1078125      0.04609375             836             777
79500             138              59       0.1078125      0.04609375             836             777
79600             134              61       0.1046875      0.04765625             839             778
79700             132              62        0.103125       0.0484375             841             779
79800             132              62        0.103125       0.0484375             841             779
79900             132              62        0.103125       0.0484375             842             780
80000             132              62        0.103125       0.0484375             842             780
80100             130              63       0.1015625      0.04921875             844             781
80200             130              63       0.1015625      0.04921875             844             781
80300             128              64             0.1            0.05             846             782
80400             124              66        0.096875       0.0515625             848             782
80500             128              64             0.1            0.05             848             784
80600             128              64             0.1            0.05             849             785
80700             130              63       0.1015625      0.04921875             849             786
80800             128              64             0.1            0.05             850             786
80900             130              63       0.1015625      0.04921875             850             787
81000             130              63       0.1015625      0.04921875             851             788
81100             130              63       0.1015625      0.04921875             852             789
81200             132              62        0.103125       0.0484375             852             790
81300             130              63       0.1015625      0.04921875             855             792
81400             130              63       0.1015625      0.04921875             855             792
81500             126              65       0.0984375      0.05078125             857             792
81600             128              64             0.1            0.05             857             793
81700             128              64             0.1            0.05             858             794
81800             128              64             0.1            0.05             858             794
81900             130              63       0.1015625      0.04921875             858             795
82000             128              64             0.1            0.05             859             795
82100             130              63       0.1015625      0.04921875             859             796
82200             134              61       0.1046875      0.04765625             859             798
82300             136              60         0.10625        0.046875             859             799
82400             134              61       0.1046875      0.04765625             860             799
82500             132              62        0.103125       0.0484375             861             799
82600             134              61       0.1046875      0.04765625             861             800
82700             134              61       0.1046875      0.04765625             862             801
82800             132              62        0.103125       0.0484375             863             801
82900             132              62        0.103125       0.0484375             863             801
83000             132              62        0.103125       0.0484375             864             802
83100             132              62        0.103125       0.0484375             865             803
83200             130              63       0.1015625      0.04921875             866             803
83300             134              61       0.1046875      0.04765625             866             805
83400             130              63       0.1015625      0.04921875             868             805
83500             128              64             0.1            0.05             870             806
83600             132              62        0.103125       0.0484375             870             808
83700             128              64             0.1            0.05             872             808
83800             126              65       0.0984375      0.05078125             873             808
83900             126              65       0.0984375      0.05078125             873             808
84000             128              64             0.1            0.05             873             809
84100             128              64             0.1            0.05             875             811
84200             132              62        0.103125       0.0484375             875             813
84300             134              61       0.1046875      0.04765625             876             815
84400             132              62        0.103125       0.0484375             877             815
84500             132              62        0.103125       0.0484375             877             815
84600             128              64             0.1            0.05             880             816
84700             128              64             0.1            0.05             880             816
84800             130              63       0.1015625      0.04921875             880             817
84900             130              63       0.1015625      0.04921875             881             818
85000             132              62        0.103125       0.0484375             884             822
85100             138              59       0.1078125      0.04609375             885             826
85200             140              58        0.109375       0.0453125             886             828
85300             140              58        0.109375       0.0453125             886             828
85400             140              58        0.109375       0.0453125             887             829
85500             138              59       0.1078125      0.04609375             888             829
85600             136              60         0.10625        0.046875             889             829
85700             138              59       0.1078125      0.04609375             889             830
85800             136              60         0.10625        0.046875             890             830
85900             136              60         0.10625        0.046875             890             830
86000             138              59       0.1078125      0.04609375             890             831
86100             144              56          0.1125         0.04375             890             834
86200             146              55       0.1140625      0.04296875             890             835
86300             144              56          0.1125         0.04375             892             836
86400             144              56          0.1125         0.04375             894             838
86500             140              58        0.109375       0.0453125             896             838
86600             140              58        0.109375       0.0453125             897             839
86700             140              58        0.109375       0.0453125             898             840
86800             142              57       0.1109375      0.04453125             899             842
86900             136              60         0.10625        0.046875             902             842
87000             136              60         0.10625        0.046875             903             843
87100             136              60         0.10625        0.046875             903             843
87200             134              61       0.1046875      0.04765625             905             844
87300             134              61       0.1046875      0.04765625             906             845
87400             136              60         0.10625        0.046875             906             846
87500             138              59       0.1078125      0.04609375             907             848
87600             138              59       0.1078125      0.04609375             907             848
87700             138              59       0.1078125      0.04609375             907             848
87800             138              59       0.1078125      0.04609375             909             850
87900             134              61       0.1046875      0.04765625             911             850
88000             134              61       0.1046875      0.04765625             911             850
88100             134              61       0.1046875      0.04765625             911             850
88200             134              61       0.1046875      0.04765625             912             851
88300             134              61       0.1046875      0.04765625             912             851
88400             134              61       0.1046875      0.04765625             912             851
88500             132              62        0.103125       0.0484375             915             853
88600             138              59       0.1078125      0.04609375             915             856
88700             140              58        0.109375       0.0453125             915             857
88800             138              59       0.1078125      0.04609375             916             857
88900             140              58        0.109375       0.0453125             917             859
89000             142              57       0.1109375      0.04453125             917             860
89100             146              55       0.1140625      0.04296875             917             862
89200             144              56          0.1125         0.04375             919             863
89300             144              56          0.1125         0.04375             921             865
89400             142              57       0.1109375      0.04453125             922             865
89500             140              58        0.109375       0.0453125             923             865
89600             136              60         0.10625        0.046875             925             865
89700             136              60         0.10625        0.046875             925             865
89800             136              60         0.10625        0.046875             925             865
89900             138              59       0.1078125      0.04609375             925             866
90000             146              55       0.1140625      0.04296875             925             870
90100             144              56          0.1125         0.04375             926             870
90200             150              53       0.1171875      0.04140625             926             873
90300             152              52         0.11875        0.040625             926             874
90400             156              50        0.121875       0.0390625             926             876
90500             150              53       0.1171875      0.04140625             929             876
90600             146              55       0.1140625      0.04296875             931             876
90700             144              56          0.1125         0.04375             932             876
90800             138              59       0.1078125      0.04609375             935             876
90900             130              63       0.1015625      0.04921875             940             877
91000             126              65       0.0984375      0.05078125             942             877
91100             128              64             0.1            0.05             943             879
91200             126              65       0.0984375      0.05078125             944             879
91300             126              65       0.0984375      0.05078125             945             880
91400             124              66        0.096875       0.0515625             946             880
91500             126              65       0.0984375      0.05078125             946             881
91600             126              65       0.0984375      0.05078125             947             882
91700             128              64             0.1            0.05             948             884
91800             128              64             0.1            0.05             948             884
91900             126              65       0.0984375      0.05078125             949             884
92000             126              65       0.0984375      0.05078125             951             886
92100             126              65       0.0984375      0.05078125             952             887
92200             124              66        0.096875       0.0515625             953             887
92300             122              67       0.0953125      0.05234375             954             887
92400             126              65       0.0984375      0.05078125             955             890
92500             130              63       0.1015625      0.04921875             955             892
92600             130              63       0.1015625      0.04921875             955             892
92700             130              63       0.1015625      0.04921875             955             892
92800             134              61       0.1046875      0.04765625             955             894
92900             134              61       0.1046875      0.04765625             956             895
93000             130              63       0.1015625      0.04921875             958             895
93100             130              63       0.1015625      0.04921875             959             896
93200             130              63       0.1015625      0.04921875             960             897
93300             128              64             0.1            0.05             962             898
93400             128              64             0.1            0.05             963             899
93500             124              66        0.096875       0.0515625             965             899
93600             124              66        0.096875       0.0515625             966             900
93700             124              66        0.096875       0.0515625             967             901
93800             124              66        0.096875       0.0515625             967             901
93900             126              65       0.0984375      0.05078125             967             902
94000             124              66        0.096875       0.0515625             968             902
94100             124              66        0.096875       0.0515625             969             903
94200             124              66        0.096875       0.0515625             969             903
94300             124              66        0.096875       0.0515625             969             903
94400             126              65       0.0984375      0.05078125             969             904
94500             126              65       0.0984375      0.05078125             970             905
94600             124              66        0.096875       0.0515625             971             905
94700             126              65       0.0984375      0.05078125             971             906
94800             126              65       0.0984375      0.05078125             972             907
94900             130              63       0.1015625      0.04921875             972             909
95000             130              63       0.1015625      0.04921875             974             911
95100             130              63       0.1015625      0.04921875             975             912
95200             128              64             0.1            0.05             977             913
95300             136              60         0.10625        0.046875             977             917
95400             130              63       0.1015625      0.04921875             980             917
95500             130              63       0.1015625      0.04921875             980             917
95600             132              62        0.103125       0.0484375             981             919
95700             130              63       0.1015625      0.04921875             983             920
95800             130              63       0.1015625      0.04921875             984             921
95900             132              62        0.103125       0.0484375             984             922
96000             130              63       0.1015625      0.04921875             986             923
96100             126              65       0.0984375      0.05078125             989             924
96200             128              64             0.1            0.05             989             925
96300             128              64             0.1            0.05             991             927
96400             126              65       0.0984375      0.05078125             992             927
96500             128              64             0.1            0.05             992             928
96600             128              64             0.1            0.05             992             928
96700             130              63       0.1015625      0.04921875             993             930
96800             134              61       0.1046875      0.04765625             993             932
96900             130              63       0.1015625      0.04921875             996             933
97000             130              63       0.1015625      0.04921875             996             933
97100             138              59       0.1078125      0.04609375             996             937
97200             138              59       0.1078125      0.04609375             996             937
97300             138              59       0.1078125      0.04609375             998             939
97400             140              58        0.109375       0.0453125             998             940
97500             136              60         0.10625        0.046875            1000             940
97600             138              59       0.1078125      0.04609375            1001             942
97700             136              60         0.10625        0.046875            1003             943
97800             148              54        0.115625       0.0421875            1004             950
97900             146              55       0.1140625      0.04296875            1007             952
98000             148              54        0.115625       0.0421875            1007             953
98100             150              53       0.1171875      0.04140625            1008             955
98200             148              54        0.115625       0.0421875            1009             955
98300             148              54        0.115625       0.0421875            1010             956
98400             146              55       0.1140625      0.04296875            1012             957
98500             144              56          0.1125         0.04375            1014             958
98600             142              57       0.1109375      0.04453125            1016             959
98700             146              55       0.1140625      0.04296875            1016             961
98800             144              56          0.1125         0.04375            1017             961
98900             146              55       0.1140625      0.04296875            1017             962
99000             146              55       0.1140625      0.04296875            1017             962
99100             140              58        0.109375       0.0453125            1020             962
99200             140              58        0.109375       0.0453125            1020             962
99300             146              55       0.1140625      0.04296875            1020             965
99400             146              55       0.1140625      0.04296875            1020             965
99500             142              57       0.1109375      0.04453125            1023             966
99600             142              57       0.1109375      0.04453125            1025             968
99700             142              57       0.1109375      0.04453125            1026             969
99800             148              54        0.115625       0.0421875            1026             972
99900             148              54        0.115625       0.0421875            1027             973
100000             154              51       0.1203125      0.03984375            1028             977
