# Time-averaged data for fix observ
# TimeStep v_nfree v_ndimer v_cfree v_cdimer f_kinetics[2] f_kinetics[3]
0             256               0             0.1               0               0               0
100             256               0             0.1               0               0               0
200             256               0             0.1               0               0               0
300             254               1      0.09921875     0.000390625               1               0
400             254               1      0.09921875     0.000390625               1               0
500             252               2       0.0984375      0.00078125               2               0
600             252               2       0.0984375      0.00078125               2               0
700             250               3      0.09765625     0.001171875               3               0
800             250               3      0.09765625     0.001171875               3               0
900             248               4        0.096875       0.0015625               5               1
1000             246               5      0.09609375     0.001953125               6               1
1100             244               6       0.0953125      0.00234375               8               2
1200             246               5      0.09609375     0.001953125               8               3
1300             246               5      0.09609375     0.001953125               8               3
1400             242               7      0.09453125     0.002734375              10               3
1500             246               5      0.09609375     0.001953125              10               5
1600             246               5      0.09609375     0.001953125              10               5
1700             246               5      0.09609375     0.001953125              10               5
1800             248               4        0.096875       0.0015625              10               6
1900             246               5      0.09609375     0.001953125              11               6
2000             246               5      0.09609375     0.001953125              11               6
2100             246               5      0.09609375     0.001953125              11               6
2200             248               4        0.096875       0.0015625              11               7
2300             248               4        0.096875       0.0015625              11               7
2400             248               4        0.096875       0.0015625              11               7
2500             248               4        0.096875       0.0015625              11               7
2600             246               5      0.09609375     0.001953125              12               7
2700             246               5      0.09609375     0.001953125              12               7
2800             244               6       0.0953125      0.00234375              13               7
2900             242               7      0.09453125     0.002734375              15               8
3000             244               6       0.0953125      0.00234375              15               9
3100             242               7      0.09453125     0.002734375              16               9
3200             242               7      0.09453125     0.002734375              16               9
3300             242               7      0.09453125     0.002734375              16               9
3400             240               8         0.09375        0.003125              17               9
3500             240               8         0.09375        0.003125              18              10
3600             240               8         0.09375        0.003125              18              10
3700             242               7      0.09453125     0.002734375              18              11
3800             242               7      0.09453125     0.002734375              18              11
3900             240               8         0.09375        0.003125              20              12
4000             236              10       0.0921875      0.00390625              22              12
4100             238               9      0.09296875     0.003515625              22              13
4200             238               9      0.09296875     0.003515625              22              13
4300             238               9      0.09296875     0.003515625              22              13
4400             240               8         0.09375        0.003125              22              14
4500             238               9      0.09296875     0.003515625              23              14
4600             236              10       0.0921875      0.00390625              25              15
4700             234              11      0.09140625     0.004296875              26              15
4800             230              13      0.08984375     0.005078125              28              15
4900             226              15      0.08828125     0.005859375              30              15
5000             228              14       0.0890625      0.00546875              30              16
5100             230              13      0.08984375     0.005078125              30              17
5200             232              12        0.090625       0.0046875              30              18
5300             234              11      0.09140625     0.004296875              30              19
5400             240               8         0.09375        0.003125              31              23
5500             240               8         0.09375        0.003125              31              23
5600             240               8         0.09375        0.003125              31              23
5700             240               8         0.09375        0.003125              31              23
5800             240               8         0.09375        0.003125              31              23
5900             240               8         0.09375        0.003125              31              23
6000             240               8         0.09375        0.003125              31              23
6100             238               9      0.09296875     0.003515625              32              23
6200             240               8         0.09375        0.003125              32              24
6300             240               8         0.09375        0.003125              32              24
6400             238               9      0.09296875     0.003515625              33              24
6500             236              10       0.0921875      0.00390625              34              24
6600             238               9      0.09296875     0.003515625              34              25
6700             240               8         0.09375        0.003125              34              26
6800             238               9      0.09296875     0.003515625              35              26
6900             240               8         0.09375        0.003125              35              27
7000             238               9      0.09296875     0.003515625              36              27
7100             238               9      0.09296875     0.003515625              36              27
7200             240               8         0.09375        0.003125              36              28
7300             240               8         0.09375        0.003125              36              28
7400             240               8         0.09375        0.003125              36              28
7500             244               6       0.0953125      0.00234375              36              30
7600             244               6       0.0953125      0.00234375              36              30
7700             246               5      0.09609375     0.001953125              37              32
7800             250               3      0.09765625     0.001171875              37              34
7900             250               3      0.09765625     0.001171875              37              34
8000             250               3      0.09765625     0.001171875              37              34
8100             248               4        0.096875       0.0015625              38              34
8200             246               5      0.09609375     0.001953125              40              35
8300             244               6       0.0953125      0.00234375              41              35
8400             244               6       0.0953125      0.00234375              42              36
8500             244               6       0.0953125      0.00234375              42              36
8600             246               5      0.09609375     0.001953125              42              37
8700             246               5      0.09609375     0.001953125              42              37
8800             244               6       0.0953125      0.00234375              43              37
8900             246               5      0.09609375     0.001953125              43              38
9000             246               5      0.09609375     0.001953125              43              38
9100             240               8         0.09375        0.003125              47              39
9200             240               8         0.09375        0.003125              47              39
9300             238               9      0.09296875     0.003515625              48              39
9400             236              10       0.0921875      0.00390625              49              39
9500             236              10       0.0921875      0.00390625              49              39
9600             234              11      0.09140625     0.004296875              50              39
9700             234              11      0.09140625     0.004296875              51              40
9800             232              12        0.090625       0.0046875              52              40
9900             232              12        0.090625       0.0046875              53              41
10000             234              11      0.09140625     0.004296875              53              42
10100             238               9      0.09296875     0.003515625              53              44
10200             238               9      0.09296875     0.003515625              53              44
10300             236              10       0.0921875      0.00390625              54              44
10400             236              10       0.0921875      0.00390625              54              44
10500             236              10       0.0921875      0.00390625              54              44
10600             236              10       0.0921875      0.00390625              54              44
10700             234              11      0.09140625     0.004296875              56              45
10800             234              11      0.09140625     0.004296875              56              45
10900             234              11      0.09140625     0.004296875              56              45
11000             234              11      0.09140625     0.004296875              56              45
11100             234              11      0.09140625     0.004296875              56              45
11200             230              13      0.08984375     0.005078125              58              45
11300             228              14       0.0890625      0.00546875              59              45
11400             230              13      0.08984375     0.005078125              59              46
11500             232              12        0.090625       0.0046875              61              49
11600             232              12        0.090625       0.0046875              61              49
11700             232              12        0.090625       0.0046875              61              49
11800             232              12        0.090625       0.0046875              61              49
11900             230              13      0.08984375     0.005078125              62              49
12000             230              13      0.08984375     0.005078125              63              50
12100             230              13      0.08984375     0.005078125              63              50
12200             228              14       0.0890625      0.00546875              64              50
12300             228              14       0.0890625      0.00546875              65              51
12400             226              15      0.08828125     0.005859375              66              51
12500             230              13      0.08984375     0.005078125              66              53
12600             232              12        0.090625       0.0046875              66              54
12700             234              11      0.09140625     0.004296875              66              55
12800             232              12        0.090625       0.0046875              68              56
12900             232              12        0.090625       0.0046875              69              57
13000             230              13      0.08984375     0.005078125              70              57
13100             230              13      0.08984375     0.005078125              70              57
13200             230              13      0.08984375     0.005078125              70              57
13300             230              13      0.08984375     0.005078125              70              57
13400             232              12        0.090625       0.0046875              70              58
13500             232              12        0.090625       0.0046875              70              58
13600             232              12        0.090625       0.0046875              71              59
13700             234              11      0.09140625     0.004296875              71              60
13800             232              12        0.090625       0.0046875              72              60
13900             228              14       0.0890625      0.00546875              74              60
14000             230              13      0.08984375     0.005078125              75              62
14100             232              12        0.090625       0.0046875              75              63
14200             238               9      0.09296875     0.003515625              75              66
14300             236              10       0.0921875      0.00390625              76              66
14400             236              10       0.0921875      0.00390625              76              66
14500             236              10       0.0921875      0.00390625              76              66
14600             236              10       0.0921875      0.00390625              77              67
14700             238               9      0.09296875     0.003515625              77              68
14800             240               8         0.09375        0.003125              77              69
14900             240               8         0.09375        0.003125              77              69
15000             238               9      0.09296875     0.003515625              78              69
15100             240               8         0.09375        0.003125              78              70
15200             238               9      0.09296875     0.003515625              79              70
15300             236              10       0.0921875      0.00390625              80              70
15400             238               9      0.09296875     0.003515625              80              71
15500             238               9      0.09296875     0.003515625              80              71
15600             238               9      0.09296875     0.003515625              80              71
15700             238               9      0.09296875     0.003515625              80              71
15800             236              10       0.0921875      0.00390625              81              71
15900             238               9      0.09296875     0.003515625              81              72
16000             236              10       0.0921875      0.00390625              82              72
16100             234              11      0.09140625     0.004296875              83              72
16200             234              11      0.09140625     0.004296875              83              72
16300             238               9      0.09296875     0.003515625              83              74
16400             240               8         0.09375        0.003125              83              75
16500             238               9      0.09296875     0.003515625              84              75
16600             232              12        0.090625       0.0046875              87              75
16700             232              12        0.090625       0.0046875              88              76
16800             234              11      0.09140625     0.004296875              88              77
16900             232              12        0.090625       0.0046875              89              77
17000             234              11      0.09140625     0.004296875              89              78
17100             234              11      0.09140625     0.004296875              89              78
17200             234              11      0.09140625     0.004296875              89              78
17300             232              12        0.090625       0.0046875              90              78
17400             232              12        0.090625       0.0046875              91              79
17500             234              11      0.09140625     0.004296875              91              80
17600             234              11      0.09140625     0.004296875              91              80
17700             236              10       0.0921875      0.00390625              92              82
17800             236              10       0.0921875      0.00390625              92              82
17900             238               9      0.09296875     0.003515625              92              83
18000             238               9      0.09296875     0.003515625              93              84
18100             238               9      0.09296875     0.003515625              93              84
18200             238               9      0.09296875     0.003515625              93              84
18300             236              10       0.0921875      0.00390625              94              84
18400             236              10       0.0921875      0.00390625              94              84
18500             234              11      0.09140625     0.004296875              95              84
18600             234              11      0.09140625     0.004296875              95              84
18700             234              11      0.09140625     0.004296875              96              85
18800             234              11      0.09140625     0.004296875              96              85
18900             234              11      0.09140625     0.004296875              96              85
19000             238               9      0.09296875     0.003515625              96              87
19100             236              10       0.0921875      0.00390625              97              87
19200             234              11      0.09140625     0.004296875              98              87
19300             236              10       0.0921875      0.00390625              98              88
19400             234              11      0.09140625     0.004296875             100              89
19500             234              11      0.09140625     0.004296875             100              89
19600             234              11      0.09140625     0.004296875             101              90
19700             232              12        0.090625       0.0046875             102              90
19800             234              11      0.09140625     0.004296875             103              92
19900             236              10       0.0921875      0.00390625             105              95
20000             236              10       0.0921875      0.00390625             105              95
20100             240               8         0.09375        0.003125             105              97
20200             240               8         0.09375        0.003125             106              98
20300             242               7      0.09453125     0.002734375             106              99
20400             240               8         0.09375        0.003125             107              99
20500             240               8         0.09375        0.003125             107              99
20600             240               8         0.09375        0.003125             107              99
20700             240               8         0.09375        0.003125             107              99
20800             240               8         0.09375        0.003125             107              99
20900             238               9      0.09296875     0.003515625             108              99
21000             240               8         0.09375        0.003125             108             100
21100             240               8         0.09375        0.003125             108             100
21200             244               6       0.0953125      0.00234375             108             102
21300             244               6       0.0953125      0.00234375             108             102
21400             246               5      0.09609375     0.001953125             108             103
21500             248               4        0.096875       0.0015625             108             104
21600             248               4        0.096875       0.0015625             108             104
21700             248               4        0.096875       0.0015625             108             104
21800             248               4        0.096875       0.0015625             108             104
21900             246               5      0.09609375     0.001953125             109             104
22000             246               5      0.09609375     0.001953125             109             104
22100             244               6       0.0953125      0.00234375             111             105
22200             244               6       0.0953125      0.00234375             112             106
22300             244               6       0.0953125      0.00234375             113             107
22400             242               7      0.09453125     0.002734375             116             109
22500             244               6       0.0953125      0.00234375             116             110
22600             242               7      0.09453125     0.002734375             117             110
22700             240               8         0.09375        0.003125             118             110
22800             238               9      0.09296875     0.003515625             119             110
22900             242               7      0.09453125     0.002734375             119             112
23000             246               5      0.09609375     0.001953125             119             114
23100             246               5      0.09609375     0.001953125             120             115
23200             246               5      0.09609375     0.001953125             120             115
23300             242               7      0.09453125     0.002734375             122             115
23400             242               7      0.09453125     0.002734375             122             115
23500             244               6       0.0953125      0.00234375             122             116
23600             242               7      0.09453125     0.002734375             123             116
23700             244               6       0.0953125      0.00234375             123             117
23800             244               6       0.0953125      0.00234375             124             118
23900             244               6       0.0953125      0.00234375             124             118
24000             240               8         0.09375        0.003125             126             118
24100             240               8         0.09375        0.003125             127             119
24200             238               9      0.09296875     0.003515625             128             119
24300             240               8         0.09375        0.003125             128             120
24400             240               8         0.09375        0.003125             128             120
24500             240               8         0.09375        0.003125             129             121
24600             238               9      0.09296875     0.003515625             130             121
24700             234              11      0.09140625     0.004296875             132             121
24800             234              11      0.09140625     0.004296875             132             121
24900             238               9      0.09296875     0.003515625             132             123
25000             242               7      0.09453125     0.002734375             132             125
25100             244               6       0.0953125      0.00234375             132             126
25200             244               6       0.0953125      0.00234375             132             126
25300             246               5      0.09609375     0.001953125             132             127
25400             246               5      0.09609375     0.001953125             132             127
25500             248               4        0.096875       0.0015625             132             128
25600             244               6       0.0953125      0.00234375             134             128
25700             242               7      0.09453125     0.002734375             135             128
25800             242               7      0.09453125     0.002734375             135             128
25900             242               7      0.09453125     0.002734375             135             128
26000             242               7      0.09453125     0.002734375             135             128
26100             242               7      0.09453125     0.002734375             135             128
26200             242               7      0.09453125     0.002734375             136             129
26300             244               6       0.0953125      0.00234375             136             130
26400             246               5      0.09609375     0.001953125             136             131
26500             244               6       0.0953125      0.00234375             137             131
26600             242               7      0.09453125     0.002734375             138             131
26700             242               7      0.09453125     0.002734375             138             131
26800             240               8         0.09375        0.003125             139             131
26900             238               9      0.09296875     0.003515625             140             131
27000             238               9      0.09296875     0.003515625             140             131
27100             238               9      0.09296875     0.003515625             140             131
27200             238               9      0.09296875     0.003515625             140             131
27300             234              11      0.09140625     0.004296875             142             131
27400             232              12        0.090625       0.0046875             143             131
27500             232              12        0.090625       0.0046875             143             131
27600             230              13      0.08984375     0.005078125             144             131
27700             230              13      0.08984375     0.005078125             145             132
27800             232              12        0.090625       0.0046875             145             133
27900             234              11      0.09140625     0.004296875             145             134
28000             238               9      0.09296875     0.003515625             145             136
28100             240               8         0.09375        0.003125             145             137
28200             242               7      0.09453125     0.002734375             145             138
28300             242               7      0.09453125     0.002734375             145             138
28400             238               9      0.09296875     0.003515625             147             138
28500             238               9      0.09296875     0.003515625             147             138
28600             236              10       0.0921875      0.00390625             149             139
28700             236              10       0.0921875      0.00390625             149             139
28800             236              10       0.0921875      0.00390625             149             139
28900             236              10       0.0921875      0.00390625             149             139
29000             236              10       0.0921875      0.00390625             149             139
29100             240               8         0.09375        0.003125             149             141
29200             240               8         0.09375        0.003125             149             141
29300             240               8         0.09375        0.003125             149             141
29400             242               7      0.09453125     0.002734375             149             142
29500             242               7      0.09453125     0.002734375             149             142
29600             240               8         0.09375        0.003125             150             142
29700             240               8         0.09375        0.003125             150             142
29800             242               7      0.09453125     0.002734375             150             143
29900             242               7      0.09453125     0.002734375             151             144
30000             240               8         0.09375        0.003125             152             144
30100             234              11      0.09140625     0.004296875             155             144
30200             236              10       0.0921875      0.00390625             155             145
30300             234              11      0.09140625     0.004296875             156             145
30400             234              11      0.09140625     0.004296875             157             146
30500             234              11      0.09140625     0.004296875             157             146
30600             234              11      0.09140625     0.004296875             157             146
30700             236              10       0.0921875      0.00390625             157             147
30800             234              11      0.09140625     0.004296875             158             147
30900             232              12        0.090625       0.0046875             159             147
31000             232              12        0.090625       0.0046875             160             148
31100             232              12        0.090625       0.0046875             160             148
31200             238               9      0.09296875     0.003515625             160             151
31300             238               9      0.09296875     0.003515625             160             151
31400             240               8         0.09375        0.003125             160             152
31500             242               7      0.09453125     0.002734375             160             153
31600             242               7      0.09453125     0.002734375             160             153
31700             242               7      0.09453125     0.002734375             160             153
31800             242               7      0.09453125     0.002734375             160             153
31900             244               6       0.0953125      0.00234375             160             154
32000             242               7      0.09453125     0.002734375             161             154
32100             242               7      0.09453125     0.002734375             161             154
32200             244               6       0.0953125      0.00234375             162             156
32300             246               5      0.09609375     0.001953125             162             157
32400             244               6       0.0953125      0.00234375             163             157
32500             248               4        0.096875       0.0015625             163             159
32600             248               4        0.096875       0.0015625             163             159
32700             248               4        0.096875       0.0015625             163             159
32800             246               5      0.09609375     0.001953125             164             159
32900             246               5      0.09609375     0.001953125             164             159
33000             244               6       0.0953125      0.00234375             165             159
33100             244               6       0.0953125      0.00234375             166             160
33200             244               6       0.0953125      0.00234375             166             160
33300             244               6       0.0953125      0.00234375             166             160
33400             244               6       0.0953125      0.00234375             166             160
33500             244               6       0.0953125      0.00234375             166             160
33600             248               4        0.096875       0.0015625             166             162
33700             246               5      0.09609375     0.001953125             167             162
33800             246               5      0.09609375     0.001953125             167             162
33900             244               6       0.0953125      0.00234375             168             162
34000             242               7      0.09453125     0.002734375             169             162
34100             242               7      0.09453125     0.002734375             169             162
34200             244               6       0.0953125      0.00234375             169             163
34300             244               6       0.0953125      0.00234375             169             163
34400             242               7      0.09453125     0.002734375             170             163
34500             240               8         0.09375        0.003125             171             163
34600             242               7      0.09453125     0.002734375             171             164
34700             240               8         0.09375        0.003125             172             164
34800             242               7      0.09453125     0.002734375             172             165
34900             244               6       0.0953125      0.00234375             172             166
35000             244               6       0.0953125      0.00234375             172             166
35100             246               5      0.09609375     0.001953125             172             167
35200             246               5      0.09609375     0.001953125             172             167
35300             246               5      0.09609375     0.001953125             172             167
35400             246               5      0.09609375     0.001953125             172             167
35500             244               6       0.0953125      0.00234375             173             167
35600             246               5      0.09609375     0.001953125             173             168
35700             246               5      0.09609375     0.001953125             173             168
35800             244               6       0.0953125      0.00234375             174             168
35900             246               5      0.09609375     0.001953125             174             169
36000             246               5      0.09609375     0.001953125             174             169
36100             244               6       0.0953125      0.00234375             176             170
36200             246               5      0.09609375     0.001953125             176             171
36300             244               6       0.0953125      0.00234375             177             171
36400             244               6       0.0953125      0.00234375             178             172
36500             244               6       0.0953125      0.00234375             178             172
36600             244               6       0.0953125      0.00234375             178             172
36700             242               7      0.09453125     0.002734375             180             173
36800             244               6       0.0953125      0.00234375             180             174
36900             244               6       0.0953125      0.00234375             180             174
37000             242               7      0.09453125     0.002734375             182             175
37100             242               7      0.09453125     0.002734375             182             175
37200             242               7      0.09453125     0.002734375             182             175
37300             242               7      0.09453125     0.002734375             182             175
37400             240               8         0.09375        0.003125             183             175
37500             240               8         0.09375        0.003125             183             175
37600             240               8         0.09375        0.003125             183             175
37700             242               7      0.09453125     0.002734375             183             176
37800             240               8         0.09375        0.003125             184             176
37900             238               9      0.09296875     0.003515625             185             176
38000             238               9      0.09296875     0.003515625             185             176
38100             236              10       0.0921875      0.00390625             186             176
38200             236              10       0.0921875      0.00390625             187             177
38300             238               9      0.09296875     0.003515625             187             178
38400             240               8         0.09375        0.003125             188             180
38500             242               7      0.09453125     0.002734375             188             181
38600             240               8         0.09375        0.003125             189             181
38700             242               7      0.09453125     0.002734375             189             182
38800             242               7      0.09453125     0.002734375             189             182
38900             242               7      0.09453125     0.002734375             189             182
39000             242               7      0.09453125     0.002734375             189             182
39100             240               8         0.09375        0.003125             191             183
39200             240               8         0.09375        0.003125             192             184
39300             242               7      0.09453125     0.002734375             192             185
39400             240               8         0.09375        0.003125             193             185
39500             240               8         0.09375        0.003125             193             185
39600             240               8         0.09375        0.003125             193             185
39700             238               9      0.09296875     0.003515625             194             185
39800             238               9      0.09296875     0.003515625             194             185
39900             238               9      0.09296875     0.003515625             195             186
40000             240               8         0.09375        0.003125             195             187
40100             238               9      0.09296875     0.003515625             196             187
40200             238               9      0.09296875     0.003515625             196             187
40300             242               7      0.09453125     0.002734375             196             189
40400             242               7      0.09453125     0.002734375             196             189
40500             242               7      0.09453125     0.002734375             196             189
40600             242               7      0.09453125     0.002734375             196             189
40700             242               7      0.09453125     0.002734375             196             189
40800             240               8         0.09375        0.003125             197             189
40900             236              10       0.0921875      0.00390625             199             189
41000             236              10       0.0921875      0.00390625             200             190
41100             238               9      0.09296875     0.003515625             200             191
41200             238               9      0.09296875     0.003515625             200             191
41300             236              10       0.0921875      0.00390625             201             191
41400             236              10       0.0921875      0.00390625             202             192
41500             238               9      0.09296875     0.003515625             202             193
41600             242               7      0.09453125     0.002734375             203             196
41700             242               7      0.09453125     0.002734375             203             196
41800             246               5      0.09609375     0.001953125             203             198
41900             246               5      0.09609375     0.001953125             204             199
42000             242               7      0.09453125     0.002734375             206             199
42100             244               6       0.0953125      0.00234375             206             200
42200             244               6       0.0953125      0.00234375             206             200
42300             238               9      0.09296875     0.003515625             209             200
42400             238               9      0.09296875     0.003515625             210             201
42500             238               9      0.09296875     0.003515625             210             201
42600             240               8         0.09375        0.003125             210             202
42700             238               9      0.09296875     0.003515625             211             202
42800             238               9      0.09296875     0.003515625             212             203
42900             238               9      0.09296875     0.003515625             213             204
43000             238               9      0.09296875     0.003515625             214             205
43100             242               7      0.09453125     0.002734375             214             207
43200             240               8         0.09375        0.003125             215             207
43300             240               8         0.09375        0.003125             215             207
43400             240               8         0.09375        0.003125             215             207
43500             244               6       0.0953125      0.00234375             215             209
43600             242               7      0.09453125     0.002734375             216             209
43700             240               8         0.09375        0.003125             217             209
43800             244               6       0.0953125      0.00234375             217             211
43900             242               7      0.09453125     0.002734375             219             212
44000             242               7      0.09453125     0.002734375             219             212
44100             240               8         0.09375        0.003125             221             213
44200             240               8         0.09375        0.003125             221             213
44300             238               9      0.09296875     0.003515625             222             213
44400             242               7      0.09453125     0.002734375             222             215
44500             240               8         0.09375        0.003125             223             215
44600             242               7      0.09453125     0.002734375             223             216
44700             242               7      0.09453125     0.002734375             223             216
44800             244               6       0.0953125      0.00234375             223             217
44900             246               5      0.09609375     0.001953125             223             218
45000             246               5      0.09609375     0.001953125             223             218
45100             246               5      0.09609375     0.001953125             223             218
45200             246               5      0.09609375     0.001953125             223             218
45300             244               6       0.0953125      0.00234375             225             219
45400             244               6       0.0953125      0.00234375             225             219
45500             246               5      0.09609375     0.001953125             225             220
45600             246               5      0.09609375     0.001953125             225             220
45700             246               5      0.09609375     0.001953125             226             221
45800             246               5      0.09609375     0.001953125             226             221
45900             246               5      0.09609375     0.001953125             226             221
46000             244               6       0.0953125      0.00234375             227             221
46100             244               6       0.0953125      0.00234375             227             221
46200             244               6       0.0953125      0.00234375             227             221
46300             242               7      0.09453125     0.002734375             228             221
46400             244               6       0.0953125      0.00234375             228             222
46500             244               6       0.0953125      0.00234375             228             222
46600             246               5      0.09609375     0.001953125             228             223
46700             244               6       0.0953125      0.00234375             229             223
46800             246               5      0.09609375     0.001953125             229             224
46900             246               5      0.09609375     0.001953125             229             224
47000             244               6       0.0953125      0.00234375             230             224
47100             246               5      0.09609375     0.001953125             230             225
47200             244               6       0.0953125      0.00234375             231             225
47300             242               7      0.09453125     0.002734375             232             225
47400             240               8         0.09375        0.003125             233             225
47500             244               6       0.0953125      0.00234375             233             227
47600             244               6       0.0953125      0.00234375             233             227
47700             246               5      0.09609375     0.001953125             233             228
47800             246               5      0.09609375     0.001953125             233             228
47900             248               4        0.096875       0.0015625             233             229
48000             246               5      0.09609375     0.001953125             234             229
48100             246               5      0.09609375     0.001953125             234             229
48200             244               6       0.0953125      0.00234375             235             229
48300             244               6       0.0953125      0.00234375             236             230
48400             244               6       0.0953125      0.00234375             236             230
48500             244               6       0.0953125      0.00234375             236             230
48600             242               7      0.09453125     0.002734375             237             230
48700             244               6       0.0953125      0.00234375             238             232
48800             244               6       0.0953125      0.00234375             238             232
48900             244               6       0.0953125      0.00234375             239             233
49000             242               7      0.09453125     0.002734375             240             233
49100             240               8         0.09375        0.003125             241             233
49200             240               8         0.09375        0.003125             241             233
49300             242               7      0.09453125     0.002734375             241             234
49400             242               7      0.09453125     0.002734375             241             234
49500             240               8         0.09375        0.003125             242             234
49600             242               7      0.09453125     0.002734375             242             235
49700             242               7      0.09453125     0.002734375             242             235
49800             242               7      0.09453125     0.002734375             243             236
49900             240               8         0.09375        0.003125             244             236
50000             238               9      0.09296875     0.003515625             245             236
50100             238               9      0.09296875     0.003515625             245             236
50200             234              11      0.09140625     0.004296875             247             236
50300             236              10       0.0921875      0.00390625             247             237
50400             234              11      0.09140625     0.004296875             248             237
50500             236              10       0.0921875      0.00390625             248             238
50600             234              11      0.09140625     0.004296875             249             238
50700             234              11      0.09140625     0.004296875             250             239
50800             234              11      0.09140625     0.004296875             250             239
50900             234              11      0.09140625     0.004296875             250             239
51000             234              11      0.09140625     0.004296875             250             239
51100             236              10       0.0921875      0.00390625             250             240
51200             236              10       0.0921875      0.00390625             250             240
51300             236              10       0.0921875      0.00390625             250             240
51400             234              11      0.09140625     0.004296875             251             240
51500             234              11      0.09140625     0.004296875             251             240
51600             234              11      0.09140625     0.004296875             252             241
51700             234              11      0.09140625     0.004296875             252             241
51800             234              11      0.09140625     0.004296875             252             241
51900             234              11      0.09140625     0.004296875             253             242
52000             234              11      0.09140625     0.004296875             253             242
52100             234              11      0.09140625     0.004296875             253             242
52200             238               9      0.09296875     0.003515625             253             244
52300             238               9      0.09296875     0.003515625             253             244
52400             238               9      0.09296875     0.003515625             254             245
52500             236              10       0.0921875      0.00390625             255             245
52600             236              10       0.0921875      0.00390625             255             245
52700             234              11      0.09140625     0.004296875             256             245
52800             232              12        0.090625       0.0046875             257             245
52900             230              13      0.08984375     0.005078125             258             245
53000             226              15      0.08828125     0.005859375             260             245
53100             226              15      0.08828125     0.005859375             260             245
53200             224              16          0.0875         0.00625             261             245
53300             224              16          0.0875         0.00625             261             245
53400             220              18       0.0859375      0.00703125             263             245
53500             220              18       0.0859375      0.00703125             263             245
53600             226              15      0.08828125     0.005859375             263             248
53700             228              14       0.0890625      0.00546875             263             249
53800             230              13      0.08984375     0.005078125             263             250
53900             232              12        0.090625       0.0046875             263             251
54000             230              13      0.08984375     0.005078125             264             251
54100             230              13      0.08984375     0.005078125             264             251
54200             234              11      0.09140625     0.004296875             264             253
54300             236              10       0.0921875      0.00390625             264             254
54400             242               7      0.09453125     0.002734375             264             257
54500             238               9      0.09296875     0.003515625             266             257
54600             238               9      0.09296875     0.003515625             267             258
54700             240               8         0.09375        0.003125             267             259
54800             240               8         0.09375        0.003125             267             259
54900             240               8         0.09375        0.003125             267             259
55000             238               9      0.09296875     0.003515625             268             259
55100             242               7      0.09453125     0.002734375             268             261
55200             242               7      0.09453125     0.002734375             268             261
55300             242               7      0.09453125     0.002734375             268             261
55400             242               7      0.09453125     0.002734375             269             262
55500             246               5      0.09609375     0.001953125             269             264
55600             248               4        0.096875       0.0015625             269             265
55700             244               6       0.0953125      0.00234375             271             265
55800             244               6       0.0953125      0.00234375             272             266
55900             238               9      0.09296875     0.003515625             275             266
56000             240               8         0.09375        0.003125             275             267
56100             238               9      0.09296875     0.003515625             276             267
56200             238               9      0.09296875     0.003515625             276             267
56300             242               7      0.09453125     0.002734375             277             270
56400             240               8         0.09375        0.003125             278             270
56500             240               8         0.09375        0.003125             278             270
56600             240               8         0.09375        0.003125             278             270
56700             240               8         0.09375        0.003125             279             271
56800             238               9      0.09296875     0.003515625             280             271
56900             238               9      0.09296875     0.003515625             280             271
57000             236              10       0.0921875      0.00390625             281             271
57100             240               8         0.09375        0.003125             281             273
57200             238               9      0.09296875     0.003515625             282             273
57300             236              10       0.0921875      0.00390625             283             273
57400             234              11      0.09140625     0.004296875             284             273
57500             230              13      0.08984375     0.005078125             287             274
57600             230              13      0.08984375     0.005078125             287             274
57700             232              12        0.090625       0.0046875             288             276
57800             238               9      0.09296875     0.003515625             288             279
57900             240               8         0.09375        0.003125             288             280
58000             238               9      0.09296875     0.003515625             289             280
58100             238               9      0.09296875     0.003515625             289             280
58200             238               9      0.09296875     0.003515625             289             280
58300             242               7      0.09453125     0.002734375             289             282
58400             242               7      0.09453125     0.002734375             290             283
58500             242               7      0.09453125     0.002734375             290             283
58600             242               7      0.09453125     0.002734375             291             284
58700             242               7      0.09453125     0.002734375             291             284
58800             242               7      0.09453125     0.002734375             292             285
58900             240               8         0.09375        0.003125             293             285
59000             238               9      0.09296875     0.003515625             294             285
59100             238               9      0.09296875     0.003515625             295             286
59200             240               8         0.09375        0.003125             295             287
59300             238               9      0.09296875     0.003515625             296             287
59400             240               8         0.09375        0.003125             296             288
59500             238               9      0.09296875     0.003515625             297             288
59600             238               9      0.09296875     0.003515625             298             289
59700             236              10       0.0921875      0.00390625             299             289
59800             234              11      0.09140625     0.004296875             300             289
59900             236              10       0.0921875      0.00390625             300             290
60000             238               9      0.09296875     0.003515625             300             291
60100             238               9      0.09296875     0.003515625             300             291
60200             238               9      0.09296875     0.003515625             300             291
60300             236              10       0.0921875      0.00390625             302             292
60400             234              11      0.09140625     0.004296875             304             293
60500             236              10       0.0921875      0.00390625             304             294
60600             236              10       0.0921875      0.00390625             304             294
60700             236              10       0.0921875      0.00390625             306             296
60800             238               9      0.09296875     0.003515625             306             297
60900             238               9      0.09296875     0.003515625             307             298
61000             238               9      0.09296875     0.003515625             307             298
61100             240               8         0.09375        0.003125             307             299
61200             236              10       0.0921875      0.00390625             309             299
61300             236              10       0.0921875      0.00390625             309             299
61400             236              10       0.0921875      0.00390625             310             300
61500             236              10       0.0921875      0.00390625             310             300
61600             236              10       0.0921875      0.00390625             310             300
61700             234              11      0.09140625     0.004296875             311             300
61800             240               8         0.09375        0.003125             311             303
61900             238               9      0.09296875     0.003515625             312             303
62000             242               7      0.09453125     0.002734375             313             306
62100             242               7      0.09453125     0.002734375             314             307
62200             246               5      0.09609375     0.001953125             314             309
62300             246               5      0.09609375     0.001953125             314             309
62400             246               5      0.09609375     0.001953125             314             309
62500             244               6       0.0953125      0.00234375             315             309
62600             244               6       0.0953125      0.00234375             315             309
62700             244               6       0.0953125      0.00234375             315             309
62800             244               6       0.0953125      0.00234375             315             309
62900             244               6       0.0953125      0.00234375             317             311
63000             244               6       0.0953125      0.00234375             317             311
63100             242               7      0.09453125     0.002734375             318             311
63200             242               7      0.09453125     0.002734375             318             311
63300             238               9      0.09296875     0.003515625             320             311
63400             238               9      0.09296875     0.003515625             320             311
63500             240               8         0.09375        0.003125             320             312
63600             240               8         0.09375        0.003125             320             312
63700             242               7      0.09453125     0.002734375             320             313
63800             240               8         0.09375        0.003125             321             313
63900             242               7      0.09453125     0.002734375             321             314
64000             240               8         0.09375        0.003125             322             314
64100             242               7      0.09453125     0.002734375             322             315
64200             244               6       0.0953125      0.00234375             322             316
64300             244               6       0.0953125      0.00234375             322             316
64400             248               4        0.096875       0.0015625             322             318
64500             248               4        0.096875       0.0015625             322             318
64600             248               4        0.096875       0.0015625             322             318
64700             246               5      0.09609375     0.001953125             323             318
64800             246               5      0.09609375     0.001953125             323             318
64900             242               7      0.09453125     0.002734375             325             318
65000             242               7      0.09453125     0.002734375             326             319
65100             240               8         0.09375        0.003125             327             319
65200             240               8         0.09375        0.003125             327             319
65300             240               8         0.09375        0.003125             327             319
65400             238               9      0.09296875     0.003515625             329             320
65500             236              10       0.0921875      0.00390625             330             320
65600             236              10       0.0921875      0.00390625             330             320
65700             238               9      0.09296875     0.003515625             330             321
65800             236              10       0.0921875      0.00390625             331             321
65900             236              10       0.0921875      0.00390625             331             321
66000             234              11      0.09140625     0.004296875             332             321
66100             234              11      0.09140625     0.004296875             332             321
66200             234              11      0.09140625     0.004296875             332             321
66300             238               9      0.09296875     0.003515625             332             323
66400             238               9      0.09296875     0.003515625             332             323
66500             240               8         0.09375        0.003125             333             325
66600             240               8         0.09375        0.003125             333             325
66700             244               6       0.0953125      0.00234375             333             327
66800             244               6       0.0953125      0.00234375             333             327
66900             246               5      0.09609375     0.001953125             333             328
67000             246               5      0.09609375     0.001953125             333             328
67100             244               6       0.0953125      0.00234375             334             328
67200             244               6       0.0953125      0.00234375             334             328
67300             246               5      0.09609375     0.001953125             334             329
67400             248               4        0.096875       0.0015625             334             330
67500             246               5      0.09609375     0.001953125             335             330
67600             246               5      0.09609375     0.001953125             335             330
67700             242               7      0.09453125     0.002734375             337             330
67800             244               6       0.0953125      0.00234375             337             331
67900             244               6       0.0953125      0.00234375             338             332
68000             244               6       0.0953125      0.00234375             338             332
68100             246               5      0.09609375     0.001953125             338             333
68200             246               5      0.09609375     0.001953125             338             333
68300             244               6       0.0953125      0.00234375             339             333
68400             242               7      0.09453125     0.002734375             340             333
68500             242               7      0.09453125     0.002734375             340             333
68600             242               7      0.09453125     0.002734375             340             333
68700             242               7      0.09453125     0.002734375             340             333
68800             244               6       0.0953125      0.00234375             340             334
68900             242               7      0.09453125     0.002734375             341             334
69000             242               7      0.09453125     0.002734375             341             334
69100             242               7      0.09453125     0.002734375             343             336
69200             244               6       0.0953125      0.00234375             343             337
69300             246               5      0.09609375     0.001953125             343             338
69400             250               3      0.09765625     0.001171875             343             340
69500             250               3      0.09765625     0.001171875             343             340
69600             248               4        0.096875       0.0015625             344             340
69700             250               3      0.09765625     0.001171875             344             341
69800             250               3      0.09765625     0.001171875             344             341
69900             250               3      0.09765625     0.001171875             344             341
70000             248               4        0.096875       0.0015625             345             341
70100             248               4        0.096875       0.0015625             345             341
70200             246               5      0.09609375     0.001953125             346             341
70300             244               6       0.0953125      0.00234375             347             341
70400             244               6       0.0953125      0.00234375             347             341
70500             244               6       0.0953125      0.00234375             347             341
70600             242               7      0.09453125     0.002734375             348             341
70700             244               6       0.0953125      0.00234375             348             342
70800             248               4        0.096875       0.0015625             348             344
70900             248               4        0.096875       0.0015625             348             344
71000             248               4        0.096875       0.0015625             348             344
71100             242               7      0.09453125     0.002734375             351             344
71200             242               7      0.09453125     0.002734375             351             344
71300             242               7      0.09453125     0.002734375             351             344
71400             242               7      0.09453125     0.002734375             352             345
71500             242               7      0.09453125     0.002734375             353             346
71600             242               7      0.09453125     0.002734375             355             348
71700             242               7      0.09453125     0.002734375             355             348
71800             238               9      0.09296875     0.003515625             357             348
71900             238               9      0.09296875     0.003515625             357             348
72000             236              10       0.0921875      0.00390625             358             348
72100             236              10       0.0921875      0.00390625             358             348
72200             238               9      0.09296875     0.003515625             358             349
72300             240               8         0.09375        0.003125             358             350
72400             240               8         0.09375        0.003125             358             350
72500             240               8         0.09375        0.003125             358             350
72600             240               8         0.09375        0.003125             358             350
72700             242               7      0.09453125     0.002734375             358             351
72800             242               7      0.09453125     0.002734375             358             351
72900             240               8         0.09375        0.003125             359             351
73000             238               9      0.09296875     0.003515625             360             351
73100             242               7      0.09453125     0.002734375             360             353
73200             240               8         0.09375        0.003125             361             353
73300             240               8         0.09375        0.003125             361             353
73400             238               9      0.09296875     0.003515625             362             353
73500             240               8         0.09375        0.003125             362             354
73600             240               8         0.09375        0.003125             363             355
73700             240               8         0.09375        0.003125             364             356
73800             242               7      0.09453125     0.002734375             364             357
73900             242               7      0.09453125     0.002734375             365             358
74000             242               7      0.09453125     0.002734375             365             358
74100             244               6       0.0953125      0.00234375             365             359
74200             244               6       0.0953125      0.00234375             365             359
74300             242               7      0.09453125     0.002734375             366             359
74400             240               8         0.09375        0.003125             367             359
74500             242               7      0.09453125     0.002734375             367             360
74600             240               8         0.09375        0.003125             368             360
74700             240               8         0.09375        0.003125             368             360
74800             242               7      0.09453125     0.002734375             368             361
74900             242               7      0.09453125     0.002734375             368             361
75000             240               8         0.09375        0.003125             369             361
75100             242               7      0.09453125     0.002734375             369             362
75200             240               8         0.09375        0.003125             370             362
75300             240               8         0.09375        0.003125             370             362
75400             238               9      0.09296875     0.003515625             371             362
75500             240               8         0.09375        0.003125             371             363
75600             240               8         0.09375        0.003125             371             363
75700             240               8         0.09375        0.003125             371             363
75800             242               7      0.09453125     0.002734375             371             364
75900             242               7      0.09453125     0.002734375             371             364
76000             242               7      0.09453125     0.002734375             371             364
76100             242               7      0.09453125     0.002734375             372             365
76200             244               6       0.0953125      0.00234375             372             366
76300             244               6       0.0953125      0.00234375             372             366
76400             244               6       0.0953125      0.00234375             372             366
76500             244               6       0.0953125      0.00234375             372             366
76600             242               7      0.09453125     0.002734375             373             366
76700             242               7      0.09453125     0.002734375             373             366
76800             244               6       0.0953125      0.00234375             373             367
76900             240               8         0.09375        0.003125             375             367
77000             240               8         0.09375        0.003125             376             368
77100             240               8         0.09375        0.003125             377             369
77200             242               7      0.09453125     0.002734375             377             370
77300             242               7      0.09453125     0.002734375             377             370
77400             242               7      0.09453125     0.002734375             377             370
77500             242               7      0.09453125     0.002734375             377             370
77600             240               8         0.09375        0.003125             378             370
77700             238               9      0.09296875     0.003515625             379             370
77800             238               9      0.09296875     0.003515625             379             370
77900             238               9      0.09296875     0.003515625             379             370
78000             240               8         0.09375        0.003125             379             371
78100             236              10       0.0921875      0.00390625             381             371
78200             234              11      0.09140625     0.004296875             382             371
78300             236              10       0.0921875      0.00390625             382             372
78400             236              10       0.0921875      0.00390625             382             372
78500             236              10       0.0921875      0.00390625             382             372
78600             236              10       0.0921875      0.00390625             383             373
78700             236              10       0.0921875      0.00390625             383             373
78800             234              11      0.09140625     0.004296875             384             373
78900             232              12        0.090625       0.0046875             385             373
79000             234              11      0.09140625     0.004296875             385             374
79100             234              11      0.09140625     0.004296875             385             374
79200             236              10       0.0921875      0.00390625             385             375
79300             234              11      0.09140625     0.004296875             386             375
79400             230              13      0.08984375     0.005078125             388             375
79500             228              14       0.0890625      0.00546875             389             375
79600             224              16          0.0875         0.00625             391             375
79700             222              17      0.08671875     0.006640625             392             375
79800             224              16          0.0875         0.00625             392             376
79900             226              15      0.08828125     0.005859375             392             377
80000             226              15      0.08828125     0.005859375             392             377
80100             226              15      0.08828125     0.005859375             392             377
80200             228              14       0.0890625      0.00546875             392             378
80300             232              12        0.090625       0.0046875             392             380
80400             238               9      0.09296875     0.003515625             392             383
80500             236              10       0.0921875      0.00390625             394             384
80600             236              10       0.0921875      0.00390625             394             384
80700             238               9      0.09296875     0.003515625             394             385
80800             236              10       0.0921875      0.00390625             395             385
80900             234              11      0.09140625     0.004296875             396             385
81000             234              11      0.09140625     0.004296875             396             385
81100             234              11      0.09140625     0.004296875             397             386
81200             234              11      0.09140625     0.004296875             397             386
81300             234              11      0.09140625     0.004296875             399             388
81400             236              10       0.0921875      0.00390625             399             389
81500             238               9      0.09296875     0.003515625             399             390
81600             240               8         0.09375        0.003125             400             392
81700             240               8         0.09375        0.003125             400             392
81800             240               8         0.09375        0.003125             401             393
81900             240               8         0.09375        0.003125             401             393
82000             238               9      0.09296875     0.003515625             402             393
82100             234              11      0.09140625     0.004296875             405             394
82200             234              11      0.09140625     0.004296875             405             394
82300             234              11      0.09140625     0.004296875             405             394
82400             236              10       0.0921875      0.00390625             406             396
82500             236              10       0.0921875      0.00390625             406             396
82600             240               8         0.09375        0.003125             406             398
82700             240               8         0.09375        0.003125             406             398
82800             240               8         0.09375        0.003125             407             399
82900             240               8         0.09375        0.003125             407             399
83000             240               8         0.09375        0.003125             407             399
83100             242               7      0.09453125     0.002734375             407             400
83200             240               8         0.09375        0.003125             409             401
83300             240               8         0.09375        0.003125             409             401
83400             238               9      0.09296875     0.003515625             410             401
83500             242               7      0.09453125     0.002734375             410             403
83600             244               6       0.0953125      0.00234375             410             404
83700             246               5      0.09609375     0.001953125             410             405
83800             246               5      0.09609375     0.001953125             410             405
83900             244               6       0.0953125      0.00234375             411             405
84000             242               7      0.09453125     0.002734375             412             405
84100             242               7      0.09453125     0.002734375             412             405
84200             242               7      0.09453125     0.002734375             412             405
84300             242               7      0.09453125     0.002734375             412             405
84400             244               6       0.0953125      0.00234375             412             406
84500             242               7      0.09453125     0.002734375             413             406
84600             242               7      0.09453125     0.002734375             414             407
84700             242               7      0.09453125     0.002734375             414             407
84800             244               6       0.0953125      0.00234375             414             408
84900             244               6       0.0953125      0.00234375             414             408
85000             246               5      0.09609375     0.001953125             414             409
85100             248               4        0.096875       0.0015625             414             410
85200             246               5      0.09609375     0.001953125             415             410
85300             246               5      0.09609375     0.001953125             416             411
85400             248               4        0.096875       0.0015625             416             412
85500             248               4        0.096875       0.0015625             416             412
85600             246               5      0.09609375     0.001953125             417             412
85700             246               5      0.09609375     0.001953125             417             412
85800             242               7      0.09453125     0.002734375             419             412
85900             242               7      0.09453125     0.002734375             419             412
86000             242               7      0.09453125     0.002734375             419             412
86100             242               7      0.09453125     0.002734375             419             412
86200             242               7      0.09453125     0.002734375             419             412
86300             242               7      0.09453125     0.002734375             419             412
86400             242               7      0.09453125     0.002734375             420             413
86500             238               9      0.09296875     0.003515625             422             413
86600             240               8         0.09375        0.003125             422             414
86700             238               9      0.09296875     0.003515625             423             414
86800             240               8         0.09375        0.003125             423             415
86900             244               6       0.0953125      0.00234375             423             417
87000             248               4        0.096875       0.0015625             423             419
87100             248               4        0.096875       0.0015625             423             419
87200             246               5      0.09609375     0.001953125             424             419
87300             242               7      0.09453125     0.002734375             426             419
87400             240               8         0.09375        0.003125             427             419
87500             240               8         0.09375        0.003125             427             419
87600             238               9      0.09296875     0.003515625             428             419
87700             234              11      0.09140625     0.004296875             431             420
87800             234              11      0.09140625     0.004296875             431             420
87900             236              10       0.0921875      0.00390625             431             421
88000             230              13      0.08984375     0.005078125             434             421
88100             228              14       0.0890625      0.00546875             435             421
88200             232              12        0.090625       0.0046875             435             423
88300             232              12        0.090625       0.0046875             435             423
88400             232              12        0.090625       0.0046875             436             424
88500             232              12        0.090625       0.0046875             437             425
88600             232              12        0.090625       0.0046875             438             426
88700             232              12        0.090625       0.0046875             438             426
88800             232              12        0.090625       0.0046875             438             426
88900             230              13      0.08984375     0.005078125             440             427
89000             228              14       0.0890625      0.00546875             441             427
89100             228              14       0.0890625      0.00546875             441             427
89200             226              15      0.08828125     0.005859375             443             428
89300             228              14       0.0890625      0.00546875             443             429
89400             230              13      0.08984375     0.005078125             443             430
89500             230              13      0.08984375     0.005078125             443             430
89600             230              13      0.08984375     0.005078125             444             431
89700             232              12        0.090625       0.0046875             444             432
89800             232              12        0.090625       0.0046875             444             432
89900             232              12        0.090625       0.0046875             445             433
90000             234              11      0.09140625     0.004296875             445             434
90100             234              11      0.09140625     0.004296875             445             434
90200             232              12        0.090625       0.0046875             446             434
90300             232              12        0.090625       0.0046875             446             434
90400             234              11      0.09140625     0.004296875             446             435
90500             232              12        0.090625       0.0046875             447             435
90600             234              11      0.09140625     0.004296875             447             436
90700             236              10       0.0921875      0.00390625             448             438
90800             240               8         0.09375        0.003125             448             440
90900             234              11      0.09140625     0.004296875             451             440
91000             236              10       0.0921875      0.00390625             451             441
91100             234              11      0.09140625     0.004296875             452             441
91200             238               9      0.09296875     0.003515625             452             443
91300             238               9      0.09296875     0.003515625             452             443
91400             238               9      0.09296875     0.003515625             453             444
91500             236              10       0.0921875      0.00390625             454             444
91600             236              10       0.0921875      0.00390625             454             444
91700             236              10       0.0921875      0.00390625             455             445
91800             238               9      0.09296875     0.003515625             455             446
91900             236              10       0.0921875      0.00390625             457             447
92000             234              11      0.09140625     0.004296875             458             447
92100             234              11      0.09140625     0.004296875             458             447
92200             236              10       0.0921875      0.00390625             458             448
92300             236              10       0.0921875      0.00390625             458             448
92400             234              11      0.09140625     0.004296875             459             448
92500             234              11      0.09140625     0.004296875             459             448
92600             236              10       0.0921875      0.00390625             459             449
92700             236              10       0.0921875      0.00390625             459             449
92800             236              10       0.0921875      0.00390625             459             449
92900             238               9      0.09296875     0.003515625             459             450
93000             240               8         0.09375        0.003125             459             451
93100             240               8         0.09375        0.003125             459             451
93200             242               7      0.09453125     0.002734375             459             452
93300             240               8         0.09375        0.003125             461             453
93400             242               7      0.09453125     0.002734375             461             454
93500             246               5      0.09609375     0.001953125             461             456
93600             244               6       0.0953125      0.00234375             462             456
93700             248               4        0.096875       0.0015625             462             458
93800             250               3      0.09765625     0.001171875             462             459
93900             250               3      0.09765625     0.001171875             462             459
94000             250               3      0.09765625     0.001171875             462             459
94100             252               2       0.0984375      0.00078125             462             460
94200             252               2       0.0984375      0.00078125             462             460
94300             250               3      0.09765625     0.001171875             463             460
94400             248               4        0.096875       0.0015625             464             460
94500             248               4        0.096875       0.0015625             464             460
94600             250               3      0.09765625     0.001171875             465             462
94700             246               5      0.09609375     0.001953125             467             462
94800             244               6       0.0953125      0.00234375             468             462
94900             246               5      0.09609375     0.001953125             469             464
95000             244               6       0.0953125      0.00234375             470             464
95100             244               6       0.0953125      0.00234375             471             465
95200             246               5      0.09609375     0.001953125             471             466
95300             248               4        0.096875       0.0015625             471             467
95400             246               5      0.09609375     0.001953125             472             467
95500             242               7      0.09453125     0.002734375             474             467
95600             240               8         0.09375        0.003125             476             468
95700             240               8         0.09375        0.003125             476             468
95800             238               9      0.09296875     0.003515625             477             468
95900             238               9      0.09296875     0.003515625             478             469
96000             236              10       0.0921875      0.00390625             479             469
96100             234              11      0.09140625     0.004296875             480             469
96200             234              11      0.09140625     0.004296875             481             470
96300             232              12        0.090625       0.0046875             482             470
96400             238               9      0.09296875     0.003515625             482             473
96500             232              12        0.090625       0.0046875             485             473
96600             234              11      0.09140625     0.004296875             485             474
96700             236              10       0.0921875      0.00390625             485             475
96800             236              10       0.0921875      0.00390625             485             475
96900             236              10       0.0921875      0.00390625             485             475
97000             238               9      0.09296875     0.003515625             485             476
97100             238               9      0.09296875     0.003515625             485             476
97200             240               8         0.09375        0.003125             485             477
97300             240               8         0.09375        0.003125             485             477
97400             242               7      0.09453125     0.002734375             485             478
97500             242               7      0.09453125     0.002734375             486             479
97600             238               9      0.09296875     0.003515625             488             479
97700             238               9      0.09296875     0.003515625             489             480
97800             234              11      0.09140625     0.004296875             492             481
97900             234              11      0.09140625     0.004296875             493             482
98000             234              11      0.09140625     0.004296875             493             482
98100             234              11      0.09140625     0.004296875             493             482
98200             236              10       0.0921875      0.00390625             493             483
98300             236              10       0.0921875      0.00390625             494             484
98400             236              10       0.0921875      0.00390625             494             484
98500             238               9      0.09296875     0.003515625             494             485
98600             236              10       0.0921875      0.00390625             495             485
98700             236              10       0.0921875      0.00390625             496             486
98800             238               9      0.09296875     0.003515625             496             487
98900             238               9      0.09296875     0.003515625             496             487
99000             238               9      0.09296875     0.003515625             496             487
99100             236              10       0.0921875      0.00390625             497             487
99200             236              10       0.0921875      0.00390625             497             487
99300             236              10       0.0921875      0.00390625             497             487
99400             236              10       0.0921875      0.00390625             497             487
99500             236              10       0.0921875      0.00390625             497             487
99600             234              11      0.09140625     0.004296875             498             487
99700             234              11      0.09140625     0.004296875             498             487
99800             230              13      0.08984375     0.005078125             500             487
99900             230              13      0.08984375     0.005078125             500             487
100000             228              14       0.0890625      0.00546875             501             487
