# Time-averaged data for fix observ
# TimeStep v_nfree v_ndimer v_cfree v_cdimer f_kinetics[2] f_kinetics[3]
0             256               0           0.025               0               0               0
100             254               1    0.0248046875    9.765625e-05               1               0
200             252               2     0.024609375    0.0001953125               2               0
300             250               3    0.0244140625   0.00029296875               3               0
400             250               3    0.0244140625   0.00029296875               3               0
500             250               3    0.0244140625   0.00029296875               3               0
600             252               2     0.024609375    0.0001953125               3               1
700             252               2     0.024609375    0.0001953125               3               1
800             250               3    0.0244140625   0.00029296875               4               1
900             248               4      0.02421875     0.000390625               5               1
1000             242               7    0.0236328125   0.00068359375               8               1
1100             242               7    0.0236328125   0.00068359375               8               1
1200             242               7    0.0236328125   0.00068359375               8               1
1300             242               7    0.0236328125   0.00068359375               8               1
1400             242               7    0.0236328125   0.00068359375               8               1
1500             242               7    0.0236328125   0.00068359375               8               1
1600             242               7    0.0236328125   0.00068359375               8               1
1700             240               8       0.0234375      0.00078125               9               1
1800             236              10     0.023046875    0.0009765625              11               1
1900             236              10     0.023046875    0.0009765625              11               1
2000             236              10     0.023046875    0.0009765625              11               1
2100             236              10     0.023046875    0.0009765625              11               1
2200             238               9    0.0232421875   0.00087890625              11               2
2300             238               9    0.0232421875   0.00087890625              11               2
2400             238               9    0.0232421875   0.00087890625              11               2
2500             238               9    0.0232421875   0.00087890625              11               2
2600             238               9    0.0232421875   0.00087890625              11               2
2700             238               9    0.0232421875   0.00087890625              12               3
2800             238               9    0.0232421875   0.00087890625              12               3
2900             238               9    0.0232421875   0.00087890625              12               3
3000             238               9    0.0232421875   0.00087890625              12               3
3100             236              10     0.023046875    0.0009765625              13               3
3200             234              11    0.0228515625   0.00107421875              14               3
3300             234              11    0.0228515625   0.00107421875              14               3
3400             232              12      0.02265625     0.001171875              15               3
3500             230              13    0.0224609375   0.00126953125              16               3
3600             230              13    0.0224609375   0.00126953125              16               3
3700             230              13    0.0224609375   0.00126953125              16               3
3800             230              13    0.0224609375   0.00126953125              16               3
3900             230              13    0.0224609375   0.00126953125              16               3
4000             228              14     0.022265625    0.0013671875              17               3
4100             226              15    0.0220703125   0.00146484375              18               3
4200             222              17    0.0216796875   0.00166015625              20               3
4300             220              18     0.021484375    0.0017578125              21               3
4400             220              18     0.021484375    0.0017578125              21               3
4500             220              18     0.021484375    0.0017578125              21               3
4600             216              20      0.02109375     0.001953125              23               3
4700             216              20      0.02109375     0.001953125              23               3
4800             212              22     0.020703125    0.0021484375              25               3
4900             210              23    0.0205078125   0.00224609375              26               3
5000             208              24       0.0203125      0.00234375              27               3
5100             206              25    0.0201171875   0.00244140625              28               3
5200             206              25    0.0201171875   0.00244140625              28               3
5300             202              27    0.0197265625   0.00263671875              30               3
5400             202              27    0.0197265625   0.00263671875              30               3
5500             198              29    0.0193359375   0.00283203125              32               3
5600             194              31    0.0189453125   0.00302734375              34               3
5700             196              30     0.019140625    0.0029296875              34               4
5800             196              30     0.019140625    0.0029296875              34               4
5900             196              30     0.019140625    0.0029296875              34               4
6000             198              29    0.0193359375   0.00283203125              34               5
6100             196              30     0.019140625    0.0029296875              35               5
6200             196              30     0.019140625    0.0029296875              35               5
6300             192              32         0.01875        0.003125              37               5
6400             192              32         0.01875        0.003125              37               5
6500             192              32         0.01875        0.003125              37               5
6600             190              33    0.0185546875   0.00322265625              38               5
6700             190              33    0.0185546875   0.00322265625              38               5
6800             190              33    0.0185546875   0.00322265625              38               5
6900             190              33    0.0185546875   0.00322265625              38               5
7000             192              32         0.01875        0.003125              38               6
7100             192              32         0.01875        0.003125              38               6
7200             192              32         0.01875        0.003125              38               6
7300             192              32         0.01875        0.003125              39               7
7400             190              33    0.0185546875   0.00322265625              40               7
7500             188              34     0.018359375    0.0033203125              41               7
7600             186              35    0.0181640625   0.00341796875              42               7
7700             186              35    0.0181640625   0.00341796875              42               7
7800             186              35    0.0181640625   0.00341796875              42               7
7900             186              35    0.0181640625   0.00341796875              42               7
8000             188              34     0.018359375    0.0033203125              42               8
8100             188              34     0.018359375    0.0033203125              43               9
8200             190              33    0.0185546875   0.00322265625              43              10
8300             190              33    0.0185546875   0.00322265625              43              10
8400             190              33    0.0185546875   0.00322265625              43              10
8500             190              33    0.0185546875   0.00322265625              43              10
8600             190              33    0.0185546875   0.00322265625              43              10
8700             192              32         0.01875        0.003125              43              11
8800             188              34     0.018359375    0.0033203125              45              11
8900             188              34     0.018359375    0.0033203125              45              11
9000             188              34     0.018359375    0.0033203125              45              11
9100             188              34     0.018359375    0.0033203125              45              11
9200             188              34     0.018359375    0.0033203125              45              11
9300             188              34     0.018359375    0.0033203125              45              11
9400             190              33    0.0185546875   0.00322265625              45              12
9500             188              34     0.018359375    0.0033203125              46              12
9600             188              34     0.018359375    0.0033203125              46              12
9700             186              35    0.0181640625   0.00341796875              47              12
9800             186              35    0.0181640625   0.00341796875              47              12
9900             186              35    0.0181640625   0.00341796875              47              12
10000             186              35    0.0181640625   0.00341796875              47              12
10100             186              35    0.0181640625   0.00341796875              47              12
10200             186              35    0.0181640625   0.00341796875              47              12
10300             186              35    0.0181640625   0.00341796875              47              12
10400             186              35    0.0181640625   0.00341796875              47              12
10500             184              36      0.01796875     0.003515625              48              12
10600             184              36      0.01796875     0.003515625              48              12
10700             186              35    0.0181640625   0.00341796875              48              13
10800             188              34     0.018359375    0.0033203125              48              14
10900             190              33    0.0185546875   0.00322265625              48              15
11000             188              34     0.018359375    0.0033203125              49              15
11100             188              34     0.018359375    0.0033203125              49              15
11200             188              34     0.018359375    0.0033203125              49              15
11300             188              34     0.018359375    0.0033203125              49              15
11400             188              34     0.018359375    0.0033203125              49              15
11500             186              35    0.0181640625   0.00341796875              50              15
11600             184              36      0.01796875     0.003515625              51              15
11700             186              35    0.0181640625   0.00341796875              51              16
11800             186              35    0.0181640625   0.00341796875              51              16
11900             186              35    0.0181640625   0.00341796875              51              16
12000             186              35    0.0181640625   0.00341796875              51              16
12100             186              35    0.0181640625   0.00341796875              51              16
12200             186              35    0.0181640625   0.00341796875              51              16
12300             186              35    0.0181640625   0.00341796875              51              16
12400             188              34     0.018359375    0.0033203125              51              17
12500             188              34     0.018359375    0.0033203125              51              17
12600             188              34     0.018359375    0.0033203125              51              17
12700             188              34     0.018359375    0.0033203125              51              17
12800             188              34     0.018359375    0.0033203125              51              17
12900             188              34     0.018359375    0.0033203125              51              17
13000             188              34     0.018359375    0.0033203125              51              17
13100             188              34     0.018359375    0.0033203125              51              17
13200             186              35    0.0181640625   0.00341796875              52              17
13300             184              36      0.01796875     0.003515625              53              17
13400             184              36      0.01796875     0.003515625              53              17
13500             182              37    0.0177734375   0.00361328125              54              17
13600             180              38     0.017578125    0.0037109375              55              17
13700             180              38     0.017578125    0.0037109375              55              17
13800             180              38     0.017578125    0.0037109375              55              17
13900             180              38     0.017578125    0.0037109375              55              17
14000             182              37    0.0177734375   0.00361328125              55              18
14100             182              37    0.0177734375   0.00361328125              55              18
14200             182              37    0.0177734375   0.00361328125              55              18
14300             182              37    0.0177734375   0.00361328125              55              18
14400             182              37    0.0177734375   0.00361328125              55              18
14500             182              37    0.0177734375   0.00361328125              55              18
14600             184              36      0.01796875     0.003515625              55              19
14700             184              36      0.01796875     0.003515625              55              19
14800             182              37    0.0177734375   0.00361328125              56              19
14900             182              37    0.0177734375   0.00361328125              56              19
15000             182              37    0.0177734375   0.00361328125              56              19
15100             182              37    0.0177734375   0.00361328125              56              19
15200             182              37    0.0177734375   0.00361328125              56              19
15300             184              36      0.01796875     0.003515625              56              20
15400             184              36      0.01796875     0.003515625              56              20
15500             184              36      0.01796875     0.003515625              57              21
15600             182              37    0.0177734375   0.00361328125              58              21
15700             182              37    0.0177734375   0.00361328125              58              21
15800             182              37    0.0177734375   0.00361328125              58              21
15900             182              37    0.0177734375   0.00361328125              58              21
16000             180              38     0.017578125    0.0037109375              59              21
16100             182              37    0.0177734375   0.00361328125              59              22
16200             182              37    0.0177734375   0.00361328125              59              22
16300             184              36      0.01796875     0.003515625              59              23
16400             184              36      0.01796875     0.003515625              59              23
16500             182              37    0.0177734375   0.00361328125              60              23
16600             180              38     0.017578125    0.0037109375              61              23
16700             176              40       0.0171875      0.00390625              63              23
16800             176              40       0.0171875      0.00390625              63              23
16900             176              40       0.0171875      0.00390625              63              23
17000             176              40       0.0171875      0.00390625              63              23
17100             176              40       0.0171875      0.00390625              63              23
17200             176              40       0.0171875      0.00390625              63              23
17300             176              40       0.0171875      0.00390625              63              23
17400             174              41    0.0169921875   0.00400390625              64              23
17500             174              41    0.0169921875   0.00400390625              64              23
17600             176              40       0.0171875      0.00390625              64              24
17700             176              40       0.0171875      0.00390625              64              24
17800             176              40       0.0171875      0.00390625              64              24
17900             176              40       0.0171875      0.00390625              64              24
18000             178              39    0.0173828125   0.00380859375              64              25
18100             178              39    0.0173828125   0.00380859375              64              25
18200             176              40       0.0171875      0.00390625              65              25
18300             174              41    0.0169921875   0.00400390625              66              25
18400             172              42     0.016796875    0.0041015625              67              25
18500             172              42     0.016796875    0.0041015625              67              25
18600             170              43    0.0166015625   0.00419921875              68              25
18700             170              43    0.0166015625   0.00419921875              68              25
18800             174              41    0.0169921875   0.00400390625              68              27
18900             174              41    0.0169921875   0.00400390625              69              28
19000             172              42     0.016796875    0.0041015625              70              28
19100             172              42     0.016796875    0.0041015625              70              28
19200             168              44      0.01640625     0.004296875              72              28
19300             168              44      0.01640625     0.004296875              72              28
19400             166              45    0.0162109375   0.00439453125              73              28
19500             166              45    0.0162109375   0.00439453125              73              28
19600             166              45    0.0162109375   0.00439453125              73              28
19700             166              45    0.0162109375   0.00439453125              73              28
19800             168              44      0.01640625     0.004296875              73              29
19900             168              44      0.01640625     0.004296875              73              29
20000             170              43    0.0166015625   0.00419921875              73              30
20100             170              43    0.0166015625   0.00419921875              73              30
20200             170              43    0.0166015625   0.00419921875              73              30
20300             170              43    0.0166015625   0.00419921875              73              30
20400             170              43    0.0166015625   0.00419921875              73              30
20500             168              44      0.01640625     0.004296875              75              31
20600             168              44      0.01640625     0.004296875              75              31
20700             168              44      0.01640625     0.004296875              75              31
20800             166              45    0.0162109375   0.00439453125              76              31
20900             166              45    0.0162109375   0.00439453125              76              31
21000             166              45    0.0162109375   0.00439453125              76              31
21100             166              45    0.0162109375   0.00439453125              76              31
21200             166              45    0.0162109375   0.00439453125              76              31
21300             166              45    0.0162109375   0.00439453125              76              31
21400             166              45    0.0162109375   0.00439453125              76              31
21500             166              45    0.0162109375   0.00439453125              76              31
21600             166              45    0.0162109375   0.00439453125              76              31
21700             166              45    0.0162109375   0.00439453125              76              31
21800             166              45    0.0162109375   0.00439453125              76              31
21900             166              45    0.0162109375   0.00439453125              76              31
22000             166              45    0.0162109375   0.00439453125              76              31
22100             168              44      0.01640625     0.004296875              76              32
22200             168              44      0.01640625     0.004296875              76              32
22300             170              43    0.0166015625   0.00419921875              76              33
22400             170              43    0.0166015625   0.00419921875              76              33
22500             170              43    0.0166015625   0.00419921875              76              33
22600             168              44      0.01640625     0.004296875              77              33
22700             166              45    0.0162109375   0.00439453125              78              33
22800             166              45    0.0162109375   0.00439453125              78              33
22900             166              45    0.0162109375   0.00439453125              79              34
23000             166              45    0.0162109375   0.00439453125              79              34
23100             162              47    0.0158203125   0.00458984375              81              34
23200             162              47    0.0158203125   0.00458984375              81              34
23300             162              47    0.0158203125   0.00458984375              81              34
23400             164              46     0.016015625    0.0044921875              81              35
23500             164              46     0.016015625    0.0044921875              81              35
23600             164              46     0.016015625    0.0044921875              81              35
23700             164              46     0.016015625    0.0044921875              82              36
23800             162              47    0.0158203125   0.00458984375              83              36
23900             162              47    0.0158203125   0.00458984375              83              36
24000             158              49    0.0154296875   0.00478515625              85              36
24100             158              49    0.0154296875   0.00478515625              85              36
24200             158              49    0.0154296875   0.00478515625              85              36
24300             158              49    0.0154296875   0.00478515625              85              36
24400             158              49    0.0154296875   0.00478515625              85              36
24500             158              49    0.0154296875   0.00478515625              85              36
24600             158              49    0.0154296875   0.00478515625              85              36
24700             158              49    0.0154296875   0.00478515625              85              36
24800             158              49    0.0154296875   0.00478515625              85              36
24900             158              49    0.0154296875   0.00478515625              85              36
25000             160              48        0.015625       0.0046875              85              37
25100             160              48        0.015625       0.0046875              85              37
25200             158              49    0.0154296875   0.00478515625              86              37
25300             154              51    0.0150390625   0.00498046875              88              37
25400             154              51    0.0150390625   0.00498046875              88              37
25500             154              51    0.0150390625   0.00498046875              88              37
25600             154              51    0.0150390625   0.00498046875              88              37
25700             154              51    0.0150390625   0.00498046875              89              38
25800             154              51    0.0150390625   0.00498046875              89              38
25900             156              50     0.015234375    0.0048828125              89              39
26000             156              50     0.015234375    0.0048828125              89              39
26100             156              50     0.015234375    0.0048828125              89              39
26200             158              49    0.0154296875   0.00478515625              89              40
26300             156              50     0.015234375    0.0048828125              90              40
26400             156              50     0.015234375    0.0048828125              90              40
26500             154              51    0.0150390625   0.00498046875              91              40
26600             156              50     0.015234375    0.0048828125              91              41
26700             154              51    0.0150390625   0.00498046875              92              41
26800             150              53    0.0146484375   0.00517578125              94              41
26900             152              52      0.01484375     0.005078125              94              42
27000             152              52      0.01484375     0.005078125              94              42
27100             154              51    0.0150390625   0.00498046875              94              43
27200             154              51    0.0150390625   0.00498046875              94              43
27300             156              50     0.015234375    0.0048828125              94              44
27400             156              50     0.015234375    0.0048828125              94              44
27500             156              50     0.015234375    0.0048828125              94              44
27600             156              50     0.015234375    0.0048828125              94              44
27700             156              50     0.015234375    0.0048828125              94              44
27800             156              50     0.015234375    0.0048828125              94              44
27900             156              50     0.015234375    0.0048828125              94              44
28000             158              49    0.0154296875   0.00478515625              94              45
28100             162              47    0.0158203125   0.00458984375              94              47
28200             162              47    0.0158203125   0.00458984375              94              47
28300             162              47    0.0158203125   0.00458984375              94              47
28400             164              46     0.016015625    0.0044921875              94              48
28500             166              45    0.0162109375   0.00439453125              94              49
28600             166              45    0.0162109375   0.00439453125              94              49
28700             166              45    0.0162109375   0.00439453125              94              49
28800             166              45    0.0162109375   0.00439453125              94              49
28900             166              45    0.0162109375   0.00439453125              94              49
29000             168              44      0.01640625     0.004296875              94              50
29100             168              44      0.01640625     0.004296875              94              50
29200             168              44      0.01640625     0.004296875              94              50
29300             170              43    0.0166015625   0.00419921875              94              51
29400             170              43    0.0166015625   0.00419921875              94              51
29500             170              43    0.0166015625   0.00419921875              94              51
29600             170              43    0.0166015625   0.00419921875              94              51
29700             170              43    0.0166015625   0.00419921875              94              51
29800             172              42     0.016796875    0.0041015625              94              52
29900             176              40       0.0171875      0.00390625              94              54
30000             176              40       0.0171875      0.00390625              94              54
30100             174              41    0.0169921875   0.00400390625              95              54
30200             174              41    0.0169921875   0.00400390625              95              54
30300             176              40       0.0171875      0.00390625              95              55
30400             178              39    0.0173828125   0.00380859375              95              56
30500             178              39    0.0173828125   0.00380859375              95              56
30600             178              39    0.0173828125   0.00380859375              95              56
30700             178              39    0.0173828125   0.00380859375              95              56
30800             178              39    0.0173828125   0.00380859375              95              56
30900             178              39    0.0173828125   0.00380859375              95              56
31000             180              38     0.017578125    0.0037109375              95              57
31100             180              38     0.017578125    0.0037109375              95              57
31200             180              38     0.017578125    0.0037109375              95              57
31300             180              38     0.017578125    0.0037109375              95              57
31400             180              38     0.017578125    0.0037109375              95              57
31500             180              38     0.017578125    0.0037109375              95              57
31600             180              38     0.017578125    0.0037109375              95              57
31700             180              38     0.017578125    0.0037109375              95              57
31800             178              39    0.0173828125   0.00380859375              96              57
31900             178              39    0.0173828125   0.00380859375              96              57
32000             178              39    0.0173828125   0.00380859375              96              57
32100             178              39    0.0173828125   0.00380859375              96              57
32200             178              39    0.0173828125   0.00380859375              96              57
32300             178              39    0.0173828125   0.00380859375              96              57
32400             176              40       0.0171875      0.00390625              97              57
32500             176              40       0.0171875      0.00390625              97              57
32600             174              41    0.0169921875   0.00400390625              98              57
32700             174              41    0.0169921875   0.00400390625              98              57
32800             174              41    0.0169921875   0.00400390625              99              58
32900             174              41    0.0169921875   0.00400390625              99              58
33000             174              41    0.0169921875   0.00400390625              99              58
33100             174              41    0.0169921875   0.00400390625              99              58
33200             174              41    0.0169921875   0.00400390625              99              58
33300             174              41    0.0169921875   0.00400390625              99              58
33400             174              41    0.0169921875   0.00400390625              99              58
33500             168              44      0.01640625     0.004296875             102              58
33600             168              44      0.01640625     0.004296875             102              58
33700             168              44      0.01640625     0.004296875             102              58
33800             170              43    0.0166015625   0.00419921875             102              59
33900             170              43    0.0166015625   0.00419921875             102              59
34000             170              43    0.0166015625   0.00419921875             102              59
34100             170              43    0.0166015625   0.00419921875             102              59
34200             170              43    0.0166015625   0.00419921875             102              59
34300             170              43    0.0166015625   0.00419921875             102              59
34400             172              42     0.016796875    0.0041015625             102              60
34500             172              42     0.016796875    0.0041015625             102              60
34600             174              41    0.0169921875   0.00400390625             102              61
34700             176              40       0.0171875      0.00390625             102              62
34800             174              41    0.0169921875   0.00400390625             103              62
34900             174              41    0.0169921875   0.00400390625             103              62
35000             176              40       0.0171875      0.00390625             103              63
35100             174              41    0.0169921875   0.00400390625             104              63
35200             174              41    0.0169921875   0.00400390625             104              63
35300             174              41    0.0169921875   0.00400390625             104              63
35400             174              41    0.0169921875   0.00400390625             104              63
35500             174              41    0.0169921875   0.00400390625             104              63
35600             172              42     0.016796875    0.0041015625             105              63
35700             170              43    0.0166015625   0.00419921875             106              63
35800             170              43    0.0166015625   0.00419921875             106              63
35900             170              43    0.0166015625   0.00419921875             106              63
36000             170              43    0.0166015625   0.00419921875             106              63
36100             172              42     0.016796875    0.0041015625             106              64
36200             170              43    0.0166015625   0.00419921875             107              64
36300             170              43    0.0166015625   0.00419921875             107              64
36400             166              45    0.0162109375   0.00439453125             109              64
36500             164              46     0.016015625    0.0044921875             110              64
36600             164              46     0.016015625    0.0044921875             110              64
36700             162              47    0.0158203125   0.00458984375             111              64
36800             160              48        0.015625       0.0046875             112              64
36900             158              49    0.0154296875   0.00478515625             113              64
37000             156              50     0.015234375    0.0048828125             114              64
37100             158              49    0.0154296875   0.00478515625             114              65
37200             158              49    0.0154296875   0.00478515625             114              65
37300             158              49    0.0154296875   0.00478515625             114              65
37400             158              49    0.0154296875   0.00478515625             116              67
37500             158              49    0.0154296875   0.00478515625             116              67
37600             158              49    0.0154296875   0.00478515625             116              67
37700             160              48        0.015625       0.0046875             116              68
37800             160              48        0.015625       0.0046875             116              68
37900             160              48        0.015625       0.0046875             116              68
38000             162              47    0.0158203125   0.00458984375             116              69
38100             162              47    0.0158203125   0.00458984375             116              69
38200             162              47    0.0158203125   0.00458984375             116              69
38300             162              47    0.0158203125   0.00458984375             116              69
38400             164              46     0.016015625    0.0044921875             116              70
38500             164              46     0.016015625    0.0044921875             116              70
38600             166              45    0.0162109375   0.00439453125             116              71
38700             166              45    0.0162109375   0.00439453125             116              71
38800             168              44      0.01640625     0.004296875             116              72
38900             170              43    0.0166015625   0.00419921875             116              73
39000             170              43    0.0166015625   0.00419921875             116              73
39100             168              44      0.01640625     0.004296875             117              73
39200             168              44      0.01640625     0.004296875             117              73
39300             168              44      0.01640625     0.004296875             117              73
39400             168              44      0.01640625     0.004296875             117              73
39500             172              42     0.016796875    0.0041015625             117              75
39600             172              42     0.016796875    0.0041015625             117              75
39700             172              42     0.016796875    0.0041015625             117              75
39800             172              42     0.016796875    0.0041015625             117              75
39900             172              42     0.016796875    0.0041015625             117              75
40000             172              42     0.016796875    0.0041015625             117              75
40100             172              42     0.016796875    0.0041015625             117              75
40200             172              42     0.016796875    0.0041015625             117              75
40300             172              42     0.016796875    0.0041015625             117              75
40400             172              42     0.016796875    0.0041015625             117              75
40500             172              42     0.016796875    0.0041015625             117              75
40600             176              40       0.0171875      0.00390625             117              77
40700             176              40       0.0171875      0.00390625             117              77
40800             176              40       0.0171875      0.00390625             117              77
40900             176              40       0.0171875      0.00390625             117              77
41000             176              40       0.0171875      0.00390625             117              77
41100             176              40       0.0171875      0.00390625             117              77
41200             176              40       0.0171875      0.00390625             117              77
41300             176              40       0.0171875      0.00390625             117              77
41400             176              40       0.0171875      0.00390625             117              77
41500             176              40       0.0171875      0.00390625             117              77
41600             174              41    0.0169921875   0.00400390625             118              77
41700             174              41    0.0169921875   0.00400390625             118              77
41800             174              41    0.0169921875   0.00400390625             118              77
41900             174              41    0.0169921875   0.00400390625             118              77
42000             174              41    0.0169921875   0.00400390625             118              77
42100             174              41    0.0169921875   0.00400390625             118              77
42200             174              41    0.0169921875   0.00400390625             118              77
42300             172              42     0.016796875    0.0041015625             119              77
42400             172              42     0.016796875    0.0041015625             119              77
42500             172              42     0.016796875    0.0041015625             119              77
42600             174              41    0.0169921875   0.00400390625             119              78
42700             174              41    0.0169921875   0.00400390625             119              78
42800             174              41    0.0169921875   0.00400390625             119              78
42900             174              41    0.0169921875   0.00400390625             119              78
43000             174              41    0.0169921875   0.00400390625             119              78
43100             176              40       0.0171875      0.00390625             119              79
43200             174              41    0.0169921875   0.00400390625             120              79
43300             174              41    0.0169921875   0.00400390625             120              79
43400             174              41    0.0169921875   0.00400390625             121              80
43500             172              42     0.016796875    0.0041015625             122              80
43600             174              41    0.0169921875   0.00400390625             122              81
43700             174              41    0.0169921875   0.00400390625             122              81
43800             172              42     0.016796875    0.0041015625             123              81
43900             172              42     0.016796875    0.0041015625             123              81
44000             170              43    0.0166015625   0.00419921875             124              81
44100             170              43    0.0166015625   0.00419921875             124              81
44200             170              43    0.0166015625   0.00419921875             124              81
44300             170              43    0.0166015625   0.00419921875             124              81
44400             170              43    0.0166015625   0.00419921875             124              81
44500             170              43    0.0166015625   0.00419921875             124              81
44600             170              43    0.0166015625   0.00419921875             124              81
44700             170              43    0.0166015625   0.00419921875             124              81
44800             174              41    0.0169921875   0.00400390625             124              83
44900             174              41    0.0169921875   0.00400390625             124              83
45000             174              41    0.0169921875   0.00400390625             124              83
45100             174              41    0.0169921875   0.00400390625             124              83
45200             174              41    0.0169921875   0.00400390625             124              83
45300             174              41    0.0169921875   0.00400390625             124              83
45400             174              41    0.0169921875   0.00400390625             124              83
45500             174              41    0.0169921875   0.00400390625             124              83
45600             172              42     0.016796875    0.0041015625             125              83
45700             172              42     0.016796875    0.0041015625             125              83
45800             172              42     0.016796875    0.0041015625             125              83
45900             170              43    0.0166015625   0.00419921875             126              83
46000             170              43    0.0166015625   0.00419921875             126              83
46100             170              43    0.0166015625   0.00419921875             126              83
46200             168              44      0.01640625     0.004296875             127              83
46300             168              44      0.01640625     0.004296875             127              83
46400             166              45    0.0162109375   0.00439453125             128              83
46500             166              45    0.0162109375   0.00439453125             128              83
46600             166              45    0.0162109375   0.00439453125             128              83
46700             166              45    0.0162109375   0.00439453125             129              84
46800             166              45    0.0162109375   0.00439453125             129              84
46900             166              45    0.0162109375   0.00439453125             129              84
47000             166              45    0.0162109375   0.00439453125             129              84
47100             170              43    0.0166015625   0.00419921875             129              86
47200             170              43    0.0166015625   0.00419921875             129              86
47300             172              42     0.016796875    0.0041015625             129              87
47400             170              43    0.0166015625   0.00419921875             130              87
47500             170              43    0.0166015625   0.00419921875             130              87
47600             170              43    0.0166015625   0.00419921875             130              87
47700             170              43    0.0166015625   0.00419921875             130              87
47800             172              42     0.016796875    0.0041015625             130              88
47900             172              42     0.016796875    0.0041015625             130              88
48000             172              42     0.016796875    0.0041015625             130              88
48100             174              41    0.0169921875   0.00400390625             130              89
48200             174              41    0.0169921875   0.00400390625             130              89
48300             170              43    0.0166015625   0.00419921875             132              89
48400             170              43    0.0166015625   0.00419921875             132              89
48500             170              43    0.0166015625   0.00419921875             132              89
48600             170              43    0.0166015625   0.00419921875             132              89
48700             170              43    0.0166015625   0.00419921875             133              90
48800             170              43    0.0166015625   0.00419921875             133              90
48900             170              43    0.0166015625   0.00419921875             133              90
49000             170              43    0.0166015625   0.00419921875             133              90
49100             170              43    0.0166015625   0.00419921875             133              90
49200             168              44      0.01640625     0.004296875             134              90
49300             168              44      0.01640625     0.004296875             134              90
49400             168              44      0.01640625     0.004296875             134              90
49500             166              45    0.0162109375   0.00439453125             135              90
49600             166              45    0.0162109375   0.00439453125             135              90
49700             166              45    0.0162109375   0.00439453125             135              90
49800             168              44      0.01640625     0.004296875             135              91
49900             170              43    0.0166015625   0.00419921875             135              92
50000             170              43    0.0166015625   0.00419921875             135              92
50100             170              43    0.0166015625   0.00419921875             135              92
50200             170              43    0.0166015625   0.00419921875             135              92
50300             168              44      0.01640625     0.004296875             136              92
50400             166              45    0.0162109375   0.00439453125             137              92
50500             170              43    0.0166015625   0.00419921875             137              94
50600             172              42     0.016796875    0.0041015625             137              95
50700             172              42     0.016796875    0.0041015625             137              95
50800             172              42     0.016796875    0.0041015625             137              95
50900             170              43    0.0166015625   0.00419921875             138              95
51000             170              43    0.0166015625   0.00419921875             138              95
51100             170              43    0.0166015625   0.00419921875             138              95
51200             170              43    0.0166015625   0.00419921875             138              95
51300             170              43    0.0166015625   0.00419921875             138              95
51400             170              43    0.0166015625   0.00419921875             138              95
51500             168              44      0.01640625     0.004296875             139              95
51600             166              45    0.0162109375   0.00439453125             140              95
51700             168              44      0.01640625     0.004296875             140              96
51800             168              44      0.01640625     0.004296875             140              96
51900             166              45    0.0162109375   0.00439453125             141              96
52000             166              45    0.0162109375   0.00439453125             141              96
52100             166              45    0.0162109375   0.00439453125             141              96
52200             166              45    0.0162109375   0.00439453125             142              97
52300             168              44      0.01640625     0.004296875             142              98
52400             168              44      0.01640625     0.004296875             142              98
52500             166              45    0.0162109375   0.00439453125             143              98
52600             166              45    0.0162109375   0.00439453125             144              99
52700             164              46     0.016015625    0.0044921875             145              99
52800             164              46     0.016015625    0.0044921875             145              99
52900             164              46     0.016015625    0.0044921875             145              99
53000             164              46     0.016015625    0.0044921875             145              99
53100             162              47    0.0158203125   0.00458984375             146              99
53200             162              47    0.0158203125   0.00458984375             146              99
53300             164              46     0.016015625    0.0044921875             146             100
53400             166              45    0.0162109375   0.00439453125             147             102
53500             166              45    0.0162109375   0.00439453125             147             102
53600             166              45    0.0162109375   0.00439453125             147             102
53700             166              45    0.0162109375   0.00439453125             147             102
53800             166              45    0.0162109375   0.00439453125             147             102
53900             166              45    0.0162109375   0.00439453125             147             102
54000             166              45    0.0162109375   0.00439453125             147             102
54100             168              44      0.01640625     0.004296875             147             103
54200             166              45    0.0162109375   0.00439453125             148             103
54300             166              45    0.0162109375   0.00439453125             148             103
54400             166              45    0.0162109375   0.00439453125             148             103
54500             166              45    0.0162109375   0.00439453125             148             103
54600             166              45    0.0162109375   0.00439453125             148             103
54700             164              46     0.016015625    0.0044921875             149             103
54800             164              46     0.016015625    0.0044921875             149             103
54900             164              46     0.016015625    0.0044921875             149             103
55000             162              47    0.0158203125   0.00458984375             150             103
55100             162              47    0.0158203125   0.00458984375             151             104
55200             162              47    0.0158203125   0.00458984375             151             104
55300             162              47    0.0158203125   0.00458984375             151             104
55400             162              47    0.0158203125   0.00458984375             151             104
55500             162              47    0.0158203125   0.00458984375             151             104
55600             162              47    0.0158203125   0.00458984375             151             104
55700             162              47    0.0158203125   0.00458984375             151             104
55800             162              47    0.0158203125   0.00458984375             151             104
55900             162              47    0.0158203125   0.00458984375             151             104
56000             162              47    0.0158203125   0.00458984375             151             104
56100             162              47    0.0158203125   0.00458984375             151             104
56200             162              47    0.0158203125   0.00458984375             151             104
56300             162              47    0.0158203125   0.00458984375             151             104
56400             162              47    0.0158203125   0.00458984375             151             104
56500             162              47    0.0158203125   0.00458984375             151             104
56600             162              47    0.0158203125   0.00458984375             151             104
56700             160              48        0.015625       0.0046875             152             104
56800             162              47    0.0158203125   0.00458984375             152             105
56900             162              47    0.0158203125   0.00458984375             152             105
57000             164              46     0.016015625    0.0044921875             152             106
57100             164              46     0.016015625    0.0044921875             152             106
57200             164              46     0.016015625    0.0044921875             152             106
57300             164              46     0.016015625    0.0044921875             152             106
57400             164              46     0.016015625    0.0044921875             152             106
57500             164              46     0.016015625    0.0044921875             152             106
57600             164              46     0.016015625    0.0044921875             152             106
57700             164              46     0.016015625    0.0044921875             152             106
57800             164              46     0.016015625    0.0044921875             152             106
57900             164              46     0.016015625    0.0044921875             152             106
58000             164              46     0.016015625    0.0044921875             152             106
58100             164              46     0.016015625    0.0044921875             152             106
58200             160              48        0.015625       0.0046875             154             106
58300             160              48        0.015625       0.0046875             155             107
58400             160              48        0.015625       0.0046875             155             107
58500             160              48        0.015625       0.0046875             155             107
58600             160              48        0.015625       0.0046875             155             107
58700             160              48        0.015625       0.0046875             155             107
58800             162              47    0.0158203125   0.00458984375             155             108
58900             158              49    0.0154296875   0.00478515625             157             108
59000             156              50     0.015234375    0.0048828125             158             108
59100             156              50     0.015234375    0.0048828125             158             108
59200             156              50     0.015234375    0.0048828125             158             108
59300             156              50     0.015234375    0.0048828125             158             108
59400             156              50     0.015234375    0.0048828125             158             108
59500             156              50     0.015234375    0.0048828125             158             108
59600             156              50     0.015234375    0.0048828125             158             108
59700             156              50     0.015234375    0.0048828125             158             108
59800             156              50     0.015234375    0.0048828125             158             108
59900             156              50     0.015234375    0.0048828125             158             108
60000             154              51    0.0150390625   0.00498046875             159             108
60100             158              49    0.0154296875   0.00478515625             159             110
60200             158              49    0.0154296875   0.00478515625             159             110
60300             158              49    0.0154296875   0.00478515625             159             110
60400             160              48        0.015625       0.0046875             159             111
60500             160              48        0.015625       0.0046875             159             111
60600             160              48        0.015625       0.0046875             159             111
60700             162              47    0.0158203125   0.00458984375             159             112
60800             162              47    0.0158203125   0.00458984375             159             112
60900             164              46     0.016015625    0.0044921875             159             113
61000             164              46     0.016015625    0.0044921875             159             113
61100             162              47    0.0158203125   0.00458984375             160             113
61200             162              47    0.0158203125   0.00458984375             160             113
61300             162              47    0.0158203125   0.00458984375             160             113
61400             162              47    0.0158203125   0.00458984375             160             113
61500             162              47    0.0158203125   0.00458984375             160             113
61600             164              46     0.016015625    0.0044921875             160             114
61700             164              46     0.016015625    0.0044921875             160             114
61800             164              46     0.016015625    0.0044921875             160             114
61900             164              46     0.016015625    0.0044921875             160             114
62000             164              46     0.016015625    0.0044921875             160             114
62100             164              46     0.016015625    0.0044921875             160             114
62200             162              47    0.0158203125   0.00458984375             161             114
62300             162              47    0.0158203125   0.00458984375             161             114
62400             160              48        0.015625       0.0046875             162             114
62500             162              47    0.0158203125   0.00458984375             162             115
62600             164              46     0.016015625    0.0044921875             162             116
62700             164              46     0.016015625    0.0044921875             162             116
62800             166              45    0.0162109375   0.00439453125             162             117
62900             166              45    0.0162109375   0.00439453125             162             117
63000             166              45    0.0162109375   0.00439453125             162             117
63100             166              45    0.0162109375   0.00439453125             162             117
63200             166              45    0.0162109375   0.00439453125             162             117
63300             166              45    0.0162109375   0.00439453125             162             117
63400             166              45    0.0162109375   0.00439453125             162             117
63500             166              45    0.0162109375   0.00439453125             162             117
63600             166              45    0.0162109375   0.00439453125             162             117
63700             166              45    0.0162109375   0.00439453125             162             117
63800             166              45    0.0162109375   0.00439453125             162             117
63900             166              45    0.0162109375   0.00439453125             162             117
64000             164              46     0.016015625    0.0044921875             163             117
64100             164              46     0.016015625    0.0044921875             163             117
64200             164              46     0.016015625    0.0044921875             163             117
64300             162              47    0.0158203125   0.00458984375             164             117
64400             162              47    0.0158203125   0.00458984375             164             117
64500             162              47    0.0158203125   0.00458984375             164             117
64600             164              46     0.016015625    0.0044921875             164             118
64700             164              46     0.016015625    0.0044921875             164             118
64800             164              46     0.016015625    0.0044921875             164             118
64900             164              46     0.016015625    0.0044921875             164             118
65000             162              47    0.0158203125   0.00458984375             165             118
65100             162              47    0.0158203125   0.00458984375             165             118
65200             160              48        0.015625       0.0046875             166             118
65300             160              48        0.015625       0.0046875             166             118
65400             160              48        0.015625       0.0046875             166             118
65500             160              48        0.015625       0.0046875             166             118
65600             160              48        0.015625       0.0046875             166             118
65700             160              48        0.015625       0.0046875             166             118
65800             160              48        0.015625       0.0046875             166             118
65900             160              48        0.015625       0.0046875             166             118
66000             160              48        0.015625       0.0046875             166             118
66100             160              48        0.015625       0.0046875             166             118
66200             160              48        0.015625       0.0046875             166             118
66300             160              48        0.015625       0.0046875             166             118
66400             162              47    0.0158203125   0.00458984375             166             119
66500             162              47    0.0158203125   0.00458984375             166             119
66600             162              47    0.0158203125   0.00458984375             166             119
66700             162              47    0.0158203125   0.00458984375             166             119
66800             162              47    0.0158203125   0.00458984375             166             119
66900             160              48        0.015625       0.0046875             167             119
67000             160              48        0.015625       0.0046875             168             120
67100             160              48        0.015625       0.0046875             168             120
67200             162              47    0.0158203125   0.00458984375             168             121
67300             164              46     0.016015625    0.0044921875             168             122
67400             168              44      0.01640625     0.004296875             168             124
67500             166              45    0.0162109375   0.00439453125             169             124
67600             166              45    0.0162109375   0.00439453125             169             124
67700             164              46     0.016015625    0.0044921875             170             124
67800             164              46     0.016015625    0.0044921875             170             124
67900             164              46     0.016015625    0.0044921875             170             124
68000             164              46     0.016015625    0.0044921875             170             124
68100             166              45    0.0162109375   0.00439453125             170             125
68200             166              45    0.0162109375   0.00439453125             171             126
68300             164              46     0.016015625    0.0044921875             172             126
68400             164              46     0.016015625    0.0044921875             172             126
68500             164              46     0.016015625    0.0044921875             172             126
68600             162              47    0.0158203125   0.00458984375             173             126
68700             162              47    0.0158203125   0.00458984375             173             126
68800             162              47    0.0158203125   0.00458984375             173             126
68900             164              46     0.016015625    0.0044921875             173             127
69000             164              46     0.016015625    0.0044921875             173             127
69100             164              46     0.016015625    0.0044921875             173             127
69200             164              46     0.016015625    0.0044921875             173             127
69300             166              45    0.0162109375   0.00439453125             173             128
69400             166              45    0.0162109375   0.00439453125             173             128
69500             164              46     0.016015625    0.0044921875             174             128
69600             164              46     0.016015625    0.0044921875             174             128
69700             164              46     0.016015625    0.0044921875             174             128
69800             164              46     0.016015625    0.0044921875             174             128
69900             162              47    0.0158203125   0.00458984375             175             128
70000             160              48        0.015625       0.0046875             177             129
70100             160              48        0.015625       0.0046875             178             130
70200             162              47    0.0158203125   0.00458984375             178             131
70300             162              47    0.0158203125   0.00458984375             179             132
70400             164              46     0.016015625    0.0044921875             179             133
70500             162              47    0.0158203125   0.00458984375             180             133
70600             160              48        0.015625       0.0046875             181             133
70700             160              48        0.015625       0.0046875             181             133
70800             160              48        0.015625       0.0046875             181             133
70900             160              48        0.015625       0.0046875             182             134
71000             158              49    0.0154296875   0.00478515625             183             134
71100             158              49    0.0154296875   0.00478515625             183             134
71200             158              49    0.0154296875   0.00478515625             183             134
71300             158              49    0.0154296875   0.00478515625             183             134
71400             158              49    0.0154296875   0.00478515625             183             134
71500             158              49    0.0154296875   0.00478515625             183             134
71600             160              48        0.015625       0.0046875             183             135
71700             160              48        0.015625       0.0046875             183             135
71800             160              48        0.015625       0.0046875             183             135
71900             162              47    0.0158203125   0.00458984375             183             136
72000             162              47    0.0158203125   0.00458984375             183             136
72100             160              48        0.015625       0.0046875             184             136
72200             160              48        0.015625       0.0046875             184             136
72300             160              48        0.015625       0.0046875             184             136
72400             162              47    0.0158203125   0.00458984375             184             137
72500             162              47    0.0158203125   0.00458984375             184             137
72600             162              47    0.0158203125   0.00458984375             184             137
72700             162              47    0.0158203125   0.00458984375             184             137
72800             162              47    0.0158203125   0.00458984375             184             137
72900             162              47    0.0158203125   0.00458984375             184             137
73000             160              48        0.015625       0.0046875             185             137
73100             158              49    0.0154296875   0.00478515625             186             137
73200             158              49    0.0154296875   0.00478515625             186             137
73300             160              48        0.015625       0.0046875             186             138
73400             162              47    0.0158203125   0.00458984375             186             139
73500             166              45    0.0162109375   0.00439453125             186             141
73600             166              45    0.0162109375   0.00439453125             186             141
73700             166              45    0.0162109375   0.00439453125             186             141
73800             166              45    0.0162109375   0.00439453125             186             141
73900             166              45    0.0162109375   0.00439453125             186             141
74000             166              45    0.0162109375   0.00439453125             186             141
74100             166              45    0.0162109375   0.00439453125             186             141
74200             166              45    0.0162109375   0.00439453125             186             141
74300             166              45    0.0162109375   0.00439453125             186             141
74400             168              44      0.01640625     0.004296875             186             142
74500             168              44      0.01640625     0.004296875             186             142
74600             168              44      0.01640625     0.004296875             186             142
74700             168              44      0.01640625     0.004296875             186             142
74800             168              44      0.01640625     0.004296875             186             142
74900             168              44      0.01640625     0.004296875             186             142
75000             168              44      0.01640625     0.004296875             186             142
75100             168              44      0.01640625     0.004296875             186             142
75200             168              44      0.01640625     0.004296875             186             142
75300             166              45    0.0162109375   0.00439453125             187             142
75400             166              45    0.0162109375   0.00439453125             187             142
75500             166              45    0.0162109375   0.00439453125             187             142
75600             166              45    0.0162109375   0.00439453125             187             142
75700             166              45    0.0162109375   0.00439453125             187             142
75800             166              45    0.0162109375   0.00439453125             187             142
75900             168              44      0.01640625     0.004296875             187             143
76000             172              42     0.016796875    0.0041015625             187             145
76100             174              41    0.0169921875   0.00400390625             187             146
76200             176              40       0.0171875      0.00390625             187             147
76300             176              40       0.0171875      0.00390625             187             147
76400             176              40       0.0171875      0.00390625             187             147
76500             178              39    0.0173828125   0.00380859375             187             148
76600             178              39    0.0173828125   0.00380859375             187             148
76700             178              39    0.0173828125   0.00380859375             187             148
76800             178              39    0.0173828125   0.00380859375             187             148
76900             178              39    0.0173828125   0.00380859375             187             148
77000             178              39    0.0173828125   0.00380859375             187             148
77100             178              39    0.0173828125   0.00380859375             187             148
77200             178              39    0.0173828125   0.00380859375             187             148
77300             178              39    0.0173828125   0.00380859375             187             148
77400             178              39    0.0173828125   0.00380859375             187             148
77500             178              39    0.0173828125   0.00380859375             187             148
77600             178              39    0.0173828125   0.00380859375             187             148
77700             180              38     0.017578125    0.0037109375             187             149
77800             180              38     0.017578125    0.0037109375             187             149
77900             180              38     0.017578125    0.0037109375             187             149
78000             180              38     0.017578125    0.0037109375             187             149
78100             180              38     0.017578125    0.0037109375             187             149
78200             182              37    0.0177734375   0.00361328125             187             150
78300             182              37    0.0177734375   0.00361328125             187             150
78400             182              37    0.0177734375   0.00361328125             187             150
78500             182              37    0.0177734375   0.00361328125             187             150
78600             182              37    0.0177734375   0.00361328125             187             150
78700             182              37    0.0177734375   0.00361328125             187             150
78800             182              37    0.0177734375   0.00361328125             187             150
78900             182              37    0.0177734375   0.00361328125             187             150
79000             182              37    0.0177734375   0.00361328125             187             150
79100             182              37    0.0177734375   0.00361328125             187             150
79200             182              37    0.0177734375   0.00361328125             187             150
79300             182              37    0.0177734375   0.00361328125             187             150
79400             180              38     0.017578125    0.0037109375             188             150
79500             176              40       0.0171875      0.00390625             190             150
79600             176              40       0.0171875      0.00390625             190             150
79700             176              40       0.0171875      0.00390625             190             150
79800             176              40       0.0171875      0.00390625             190             150
79900             176              40       0.0171875      0.00390625             190             150
80000             176              40       0.0171875      0.00390625             190             150
80100             176              40       0.0171875      0.00390625             190             150
80200             176              40       0.0171875      0.00390625             190             150
80300             176              40       0.0171875      0.00390625             191             151
80400             172              42     0.016796875    0.0041015625             193             151
80500             170              43    0.0166015625   0.00419921875             194             151
80600             170              43    0.0166015625   0.00419921875             194             151
80700             170              43    0.0166015625   0.00419921875             194             151
80800             170              43    0.0166015625   0.00419921875             194             151
80900             170              43    0.0166015625   0.00419921875             194             151
81000             170              43    0.0166015625   0.00419921875             194             151
81100             170              43    0.0166015625   0.00419921875             194             151
81200             170              43    0.0166015625   0.00419921875             194             151
81300             168              44      0.01640625     0.004296875             195             151
81400             170              43    0.0166015625   0.00419921875             195             152
81500             170              43    0.0166015625   0.00419921875             195             152
81600             170              43    0.0166015625   0.00419921875             196             153
81700             170              43    0.0166015625   0.00419921875             196             153
81800             170              43    0.0166015625   0.00419921875             196             153
81900             172              42     0.016796875    0.0041015625             196             154
82000             172              42     0.016796875    0.0041015625             196             154
82100             172              42     0.016796875    0.0041015625             196             154
82200             172              42     0.016796875    0.0041015625             196             154
82300             172              42     0.016796875    0.0041015625             196             154
82400             172              42     0.016796875    0.0041015625             196             154
82500             172              42     0.016796875    0.0041015625             196             154
82600             170              43    0.0166015625   0.00419921875             197             154
82700             172              42     0.016796875    0.0041015625             197             155
82800             172              42     0.016796875    0.0041015625             197             155
82900             172              42     0.016796875    0.0041015625             197             155
83000             172              42     0.016796875    0.0041015625             197             155
83100             174              41    0.0169921875   0.00400390625             197             156
83200             176              40       0.0171875      0.00390625             197             157
83300             174              41    0.0169921875   0.00400390625             198             157
83400             174              41    0.0169921875   0.00400390625             198             157
83500             174              41    0.0169921875   0.00400390625             198             157
83600             174              41    0.0169921875   0.00400390625             198             157
83700             174              41    0.0169921875   0.00400390625             198             157
83800             172              42     0.016796875    0.0041015625             199             157
83900             172              42     0.016796875    0.0041015625             199             157
84000             172              42     0.016796875    0.0041015625             199             157
84100             174              41    0.0169921875   0.00400390625             199             158
84200             172              42     0.016796875    0.0041015625             200             158
84300             172              42     0.016796875    0.0041015625             200             158
84400             172              42     0.016796875    0.0041015625             200             158
84500             172              42     0.016796875    0.0041015625             200             158
84600             172              42     0.016796875    0.0041015625             200             158
84700             170              43    0.0166015625   0.00419921875             201             158
84800             170              43    0.0166015625   0.00419921875             201             158
84900             172              42     0.016796875    0.0041015625             201             159
85000             172              42     0.016796875    0.0041015625             201             159
85100             172              42     0.016796875    0.0041015625             201             159
85200             174              41    0.0169921875   0.00400390625             201             160
85300             176              40       0.0171875      0.00390625             201             161
85400             176              40       0.0171875      0.00390625             201             161
85500             178              39    0.0173828125   0.00380859375             201             162
85600             180              38     0.017578125    0.0037109375             201             163
85700             176              40       0.0171875      0.00390625             203             163
85800             178              39    0.0173828125   0.00380859375             203             164
85900             178              39    0.0173828125   0.00380859375             203             164
86000             178              39    0.0173828125   0.00380859375             203             164
86100             178              39    0.0173828125   0.00380859375             203             164
86200             178              39    0.0173828125   0.00380859375             203             164
86300             178              39    0.0173828125   0.00380859375             203             164
86400             178              39    0.0173828125   0.00380859375             203             164
86500             178              39    0.0173828125   0.00380859375             203             164
86600             178              39    0.0173828125   0.00380859375             203             164
86700             178              39    0.0173828125   0.00380859375             203             164
86800             176              40       0.0171875      0.00390625             204             164
86900             176              40       0.0171875      0.00390625             204             164
87000             176              40       0.0171875      0.00390625             204             164
87100             178              39    0.0173828125   0.00380859375             204             165
87200             174              41    0.0169921875   0.00400390625             206             165
87300             174              41    0.0169921875   0.00400390625             206             165
87400             176              40       0.0171875      0.00390625             206             166
87500             176              40       0.0171875      0.00390625             206             166
87600             176              40       0.0171875      0.00390625             206             166
87700             176              40       0.0171875      0.00390625             206             166
87800             178              39    0.0173828125   0.00380859375             206             167
87900             176              40       0.0171875      0.00390625             207             167
88000             178              39    0.0173828125   0.00380859375             207             168
88100             178              39    0.0173828125   0.00380859375             207             168
88200             178              39    0.0173828125   0.00380859375             207             168
88300             178              39    0.0173828125   0.00380859375             207             168
88400             180              38     0.017578125    0.0037109375             207             169
88500             180              38     0.017578125    0.0037109375             207             169
88600             180              38     0.017578125    0.0037109375             207             169
88700             178              39    0.0173828125   0.00380859375             208             169
88800             178              39    0.0173828125   0.00380859375             208             169
88900             176              40       0.0171875      0.00390625             209             169
89000             176              40       0.0171875      0.00390625             209             169
89100             176              40       0.0171875      0.00390625             210             170
89200             176              40       0.0171875      0.00390625             210             170
89300             176              40       0.0171875      0.00390625             210             170
89400             174              41    0.0169921875   0.00400390625             211             170
89500             174              41    0.0169921875   0.00400390625             211             170
89600             174              41    0.0169921875   0.00400390625             211             170
89700             176              40       0.0171875      0.00390625             211             171
89800             176              40       0.0171875      0.00390625             211             171
89900             178              39    0.0173828125   0.00380859375             211             172
90000             178              39    0.0173828125   0.00380859375             211             172
90100             178              39    0.0173828125   0.00380859375             211             172
90200             178              39    0.0173828125   0.00380859375             212             173
90300             178              39    0.0173828125   0.00380859375             212             173
90400             178              39    0.0173828125   0.00380859375             212             173
90500             178              39    0.0173828125   0.00380859375             212             173
90600             178              39    0.0173828125   0.00380859375             212             173
90700             178              39    0.0173828125   0.00380859375             212             173
90800             178              39    0.0173828125   0.00380859375             212             173
90900             178              39    0.0173828125   0.00380859375             212             173
91000             178              39    0.0173828125   0.00380859375             212             173
91100             176              40       0.0171875      0.00390625             213             173
91200             178              39    0.0173828125   0.00380859375             213             174
91300             178              39    0.0173828125   0.00380859375             213             174
91400             178              39    0.0173828125   0.00380859375             213             174
91500             178              39    0.0173828125   0.00380859375             213             174
91600             178              39    0.0173828125   0.00380859375             213             174
91700             176              40       0.0171875      0.00390625             214             174
91800             176              40       0.0171875      0.00390625             214             174
91900             178              39    0.0173828125   0.00380859375             214             175
92000             176              40       0.0171875      0.00390625             216             176
92100             178              39    0.0173828125   0.00380859375             216             177
92200             176              40       0.0171875      0.00390625             217             177
92300             180              38     0.017578125    0.0037109375             217             179
92400             180              38     0.017578125    0.0037109375             217             179
92500             180              38     0.017578125    0.0037109375             217             179
92600             180              38     0.017578125    0.0037109375             217             179
92700             180              38     0.017578125    0.0037109375             217             179
92800             180              38     0.017578125    0.0037109375             217             179
92900             180              38     0.017578125    0.0037109375             217             179
93000             180              38     0.017578125    0.0037109375             217             179
93100             180              38     0.017578125    0.0037109375             217             179
93200             176              40       0.0171875      0.00390625             219             179
93300             178              39    0.0173828125   0.00380859375             219             180
93400             178              39    0.0173828125   0.00380859375             219             180
93500             176              40       0.0171875      0.00390625             220             180
93600             174              41    0.0169921875   0.00400390625             221             180
93700             174              41    0.0169921875   0.00400390625             221             180
93800             172              42     0.016796875    0.0041015625             222             180
93900             170              43    0.0166015625   0.00419921875             223             180
94000             170              43    0.0166015625   0.00419921875             223             180
94100             170              43    0.0166015625   0.00419921875             223             180
94200             170              43    0.0166015625   0.00419921875             223             180
94300             170              43    0.0166015625   0.00419921875             223             180
94400             170              43    0.0166015625   0.00419921875             223             180
94500             168              44      0.01640625     0.004296875             224             180
94600             168              44      0.01640625     0.004296875             224             180
94700             168              44      0.01640625     0.004296875             224             180
94800             168              44      0.01640625     0.004296875             224             180
94900             168              44      0.01640625     0.004296875             224             180
95000             168              44      0.01640625     0.004296875             224             180
95100             168              44      0.01640625     0.004296875             224             180
95200             166              45    0.0162109375   0.00439453125             225             180
95300             164              46     0.016015625    0.0044921875             226             180
95400             164              46     0.016015625    0.0044921875             226             180
95500             164              46     0.016015625    0.0044921875             226             180
95600             164              46     0.016015625    0.0044921875             226             180
95700             164              46     0.016015625    0.0044921875             226             180
95800             164              46     0.016015625    0.0044921875             226             180
95900             164              46     0.016015625    0.0044921875             226             180
96000             162              47    0.0158203125   0.00458984375             227             180
96100             164              46     0.016015625    0.0044921875             227             181
96200             164              46     0.016015625    0.0044921875             227             181
96300             164              46     0.016015625    0.0044921875             227             181
96400             164              46     0.016015625    0.0044921875             227             181
96500             164              46     0.016015625    0.0044921875             227             181
96600             164              46     0.016015625    0.0044921875             227             181
96700             164              46     0.016015625    0.0044921875             227             181
96800             166              45    0.0162109375   0.00439453125             227             182
96900             166              45    0.0162109375   0.00439453125             227             182
97000             166              45    0.0162109375   0.00439453125             227             182
97100             170              43    0.0166015625   0.00419921875             227             184
97200             170              43    0.0166015625   0.00419921875             227             184
97300             172              42     0.016796875    0.0041015625             227             185
97400             172              42     0.016796875    0.0041015625             227             185
97500             174              41    0.0169921875   0.00400390625             227             186
97600             174              41    0.0169921875   0.00400390625             227             186
97700             174              41    0.0169921875   0.00400390625             227             186
97800             176              40       0.0171875      0.00390625             227             187
97900             176              40       0.0171875      0.00390625             227             187
98000             178              39    0.0173828125   0.00380859375             227             188
98100             178              39    0.0173828125   0.00380859375             227             188
98200             178              39    0.0173828125   0.00380859375             227             188
98300             178              39    0.0173828125   0.00380859375             227             188
98400             180              38     0.017578125    0.0037109375             227             189
98500             180              38     0.017578125    0.0037109375             227             189
98600             178              39    0.0173828125   0.00380859375             228             189
98700             178              39    0.0173828125   0.00380859375             228             189
98800             176              40       0.0171875      0.00390625             229             189
98900             176              40       0.0171875      0.00390625             229             189
99000             174              41    0.0169921875   0.00400390625             230             189
99100             174              41    0.0169921875   0.00400390625             230             189
99200             174              41    0.0169921875   0.00400390625             230             189
99300             174              41    0.0169921875   0.00400390625             230             189
99400             176              40       0.0171875      0.00390625             230             190
99500             176              40       0.0171875      0.00390625             230             190
99600             176              40       0.0171875      0.00390625             230             190
99700             176              40       0.0171875      0.00390625             230             190
99800             176              40       0.0171875      0.00390625             231             191
99900             176              40       0.0171875      0.00390625             231             191
100000             176              40       0.0171875      0.00390625             231             191
