# Time-averaged data for fix observ
# TimeStep v_nfree v_ndimer v_cfree v_cdimer f_kinetics[2] f_kinetics[3]
0             256               0             0.1               0               0               0
100             254               1      0.09921875     0.000390625               1               0
200             250               3      0.09765625     0.001171875               3               0
300             244               6       0.0953125      0.00234375               6               0
400             238               9      0.09296875     0.003515625               9               0
500             236              10       0.0921875      0.00390625              10               0
600             234              11      0.09140625     0.004296875              11               0
700             228              14       0.0890625      0.00546875              14               0
800             224              16          0.0875         0.00625              16               0
900             222              17      0.08671875     0.006640625              17               0
1000             214              21      0.08359375     0.008203125              21               0
1100             210              23      0.08203125     0.008984375              23               0
1200             208              24         0.08125        0.009375              24               0
1300             206              25      0.08046875     0.009765625              25               0
1400             202              27      0.07890625     0.010546875              27               0
1500             200              28        0.078125       0.0109375              28               0
1600             194              31      0.07578125     0.012109375              31               0
1700             194              31      0.07578125     0.012109375              31               0
1800             190              33      0.07421875     0.012890625              33               0
1900             186              35      0.07265625     0.013671875              35               0
2000             182              37      0.07109375     0.014453125              37               0
2100             174              41      0.06796875     0.016015625              41               0
2200             172              42       0.0671875      0.01640625              42               0
2300             168              44        0.065625       0.0171875              44               0
2400             168              44        0.065625       0.0171875              44               0
2500             166              45      0.06484375     0.017578125              45               0
2600             166              45      0.06484375     0.017578125              46               1
2700             164              46       0.0640625      0.01796875              47               1
2800             162              47      0.06328125     0.018359375              48               1
2900             160              48          0.0625         0.01875              49               1
3000             160              48          0.0625         0.01875              49               1
3100             154              51      0.06015625     0.019921875              52               1
3200             152              52        0.059375       0.0203125              53               1
3300             148              54       0.0578125      0.02109375              55               1
3400             144              56         0.05625        0.021875              57               1
3500             142              57      0.05546875     0.022265625              58               1
3600             140              58       0.0546875      0.02265625              59               1
3700             138              59      0.05390625     0.023046875              60               1
3800             132              62       0.0515625      0.02421875              63               1
3900             134              61      0.05234375     0.023828125              63               2
4000             132              62       0.0515625      0.02421875              64               2
4100             132              62       0.0515625      0.02421875              64               2
4200             130              63      0.05078125     0.024609375              65               2
4300             130              63      0.05078125     0.024609375              65               2
4400             128              64            0.05           0.025              66               2
4500             128              64            0.05           0.025              66               2
4600             126              65      0.04921875     0.025390625              67               2
4700             126              65      0.04921875     0.025390625              67               2
4800             124              66       0.0484375      0.02578125              68               2
4900             124              66       0.0484375      0.02578125              68               2
5000             124              66       0.0484375      0.02578125              68               2
5100             124              66       0.0484375      0.02578125              68               2
5200             122              67      0.04765625     0.026171875              69               2
5300             120              68        0.046875       0.0265625              70               2
5400             120              68        0.046875       0.0265625              70               2
5500             118              69      0.04609375     0.026953125              71               2
5600             114              71      0.04453125     0.027734375              73               2
5700             114              71      0.04453125     0.027734375              73               2
5800             114              71      0.04453125     0.027734375              73               2
5900             114              71      0.04453125     0.027734375              73               2
6000             112              72         0.04375        0.028125              74               2
6100             114              71      0.04453125     0.027734375              74               3
6200             114              71      0.04453125     0.027734375              74               3
6300             110              73      0.04296875     0.028515625              76               3
6400             110              73      0.04296875     0.028515625              76               3
6500             110              73      0.04296875     0.028515625              76               3
6600             110              73      0.04296875     0.028515625              76               3
6700             110              73      0.04296875     0.028515625              76               3
6800             110              73      0.04296875     0.028515625              76               3
6900             110              73      0.04296875     0.028515625              76               3
7000             108              74       0.0421875      0.02890625              78               4
7100             106              75      0.04140625     0.029296875              79               4
7200             106              75      0.04140625     0.029296875              80               5
7300             104              76        0.040625       0.0296875              81               5
7400             104              76        0.040625       0.0296875              81               5
7500             102              77      0.03984375     0.030078125              82               5
7600             100              78       0.0390625      0.03046875              83               5
7700              98              79      0.03828125     0.030859375              84               5
7800              98              79      0.03828125     0.030859375              84               5
7900              98              79      0.03828125     0.030859375              84               5
8000              96              80          0.0375         0.03125              85               5
8100              96              80          0.0375         0.03125              85               5
8200              94              81      0.03671875     0.031640625              86               5
8300              92              82       0.0359375      0.03203125              87               5
8400              92              82       0.0359375      0.03203125              87               5
8500              90              83      0.03515625     0.032421875              88               5
8600              90              83      0.03515625     0.032421875              88               5
8700              90              83      0.03515625     0.032421875              88               5
8800              88              84        0.034375       0.0328125              89               5
8900              88              84        0.034375       0.0328125              89               5
9000              88              84        0.034375       0.0328125              89               5
9100              90              83      0.03515625     0.032421875              89               6
9200              90              83      0.03515625     0.032421875              89               6
9300              88              84        0.034375       0.0328125              90               6
9400              88              84        0.034375       0.0328125              90               6
9500              88              84        0.034375       0.0328125              90               6
9600              88              84        0.034375       0.0328125              90               6
9700              88              84        0.034375       0.0328125              90               6
9800              88              84        0.034375       0.0328125              90               6
9900              88              84        0.034375       0.0328125              90               6
10000              88              84        0.034375       0.0328125              90               6
10100              88              84        0.034375       0.0328125              90               6
10200              86              85      0.03359375     0.033203125              91               6
10300              84              86       0.0328125      0.03359375              92               6
10400              80              88         0.03125        0.034375              94               6
10500              78              89      0.03046875     0.034765625              95               6
10600              76              90       0.0296875      0.03515625              96               6
10700              76              90       0.0296875      0.03515625              96               6
10800              76              90       0.0296875      0.03515625              96               6
10900              76              90       0.0296875      0.03515625              96               6
11000              76              90       0.0296875      0.03515625              96               6
11100              76              90       0.0296875      0.03515625              96               6
11200              76              90       0.0296875      0.03515625              96               6
11300              76              90       0.0296875      0.03515625              96               6
11400              76              90       0.0296875      0.03515625              96               6
11500              74              91      0.02890625     0.035546875              97               6
11600              74              91      0.02890625     0.035546875              97               6
11700              74              91      0.02890625     0.035546875              97               6
11800              76              90       0.0296875      0.03515625              97               7
11900              76              90       0.0296875      0.03515625              97               7
12000              78              89      0.03046875     0.034765625              97               8
12100              78              89      0.03046875     0.034765625              97               8
12200              76              90       0.0296875      0.03515625              98               8
12300              74              91      0.02890625     0.035546875              99               8
12400              74              91      0.02890625     0.035546875              99               8
12500              74              91      0.02890625     0.035546875              99               8
12600              74              91      0.02890625     0.035546875              99               8
12700              70              93      0.02734375     0.036328125             101               8
12800              70              93      0.02734375     0.036328125             101               8
12900              72              92        0.028125       0.0359375             101               9
13000              72              92        0.028125       0.0359375             101               9
13100              72              92        0.028125       0.0359375             101               9
13200              72              92        0.028125       0.0359375             101               9
13300              70              93      0.02734375     0.036328125             102               9
13400              70              93      0.02734375     0.036328125             102               9
13500              70              93      0.02734375     0.036328125             102               9
13600              70              93      0.02734375     0.036328125             102               9
13700              70              93      0.02734375     0.036328125             102               9
13800              70              93      0.02734375     0.036328125             102               9
13900              70              93      0.02734375     0.036328125             102               9
14000              68              94       0.0265625      0.03671875             103               9
14100              68              94       0.0265625      0.03671875             103               9
14200              68              94       0.0265625      0.03671875             103               9
14300              66              95      0.02578125     0.037109375             104               9
14400              66              95      0.02578125     0.037109375             104               9
14500              66              95      0.02578125     0.037109375             104               9
14600              66              95      0.02578125     0.037109375             104               9
14700              66              95      0.02578125     0.037109375             104               9
14800              66              95      0.02578125     0.037109375             104               9
14900              64              96           0.025          0.0375             105               9
15000              64              96           0.025          0.0375             105               9
15100              64              96           0.025          0.0375             105               9
15200              64              96           0.025          0.0375             105               9
15300              64              96           0.025          0.0375             105               9
15400              62              97      0.02421875     0.037890625             106               9
15500              62              97      0.02421875     0.037890625             106               9
15600              62              97      0.02421875     0.037890625             106               9
15700              62              97      0.02421875     0.037890625             106               9
15800              60              98       0.0234375      0.03828125             107               9
15900              60              98       0.0234375      0.03828125             107               9
16000              60              98       0.0234375      0.03828125             107               9
16100              60              98       0.0234375      0.03828125             107               9
16200              58              99      0.02265625     0.038671875             108               9
16300              58              99      0.02265625     0.038671875             108               9
16400              58              99      0.02265625     0.038671875             108               9
16500              58              99      0.02265625     0.038671875             108               9
16600              58              99      0.02265625     0.038671875             108               9
16700              56             100        0.021875       0.0390625             109               9
16800              52             102       0.0203125      0.03984375             111               9
16900              52             102       0.0203125      0.03984375             111               9
17000              52             102       0.0203125      0.03984375             111               9
17100              52             102       0.0203125      0.03984375             111               9
17200              52             102       0.0203125      0.03984375             111               9
17300              52             102       0.0203125      0.03984375             111               9
17400              52             102       0.0203125      0.03984375             111               9
17500              52             102       0.0203125      0.03984375             111               9
17600              52             102       0.0203125      0.03984375             111               9
17700              54             101      0.02109375     0.039453125             111              10
17800              54             101      0.02109375     0.039453125             111              10
17900              52             102       0.0203125      0.03984375             112              10
18000              52             102       0.0203125      0.03984375             112              10
18100              52             102       0.0203125      0.03984375             112              10
18200              52             102       0.0203125      0.03984375             112              10
18300              54             101      0.02109375     0.039453125             112              11
18400              54             101      0.02109375     0.039453125             112              11
18500              54             101      0.02109375     0.039453125             112              11
18600              52             102       0.0203125      0.03984375             113              11
18700              52             102       0.0203125      0.03984375             113              11
18800              52             102       0.0203125      0.03984375             113              11
18900              52             102       0.0203125      0.03984375             113              11
19000              54             101      0.02109375     0.039453125             113              12
19100              54             101      0.02109375     0.039453125             113              12
19200              52             102       0.0203125      0.03984375             114              12
19300              52             102       0.0203125      0.03984375             114              12
19400              52             102       0.0203125      0.03984375             114              12
19500              52             102       0.0203125      0.03984375             114              12
19600              52             102       0.0203125      0.03984375             114              12
19700              52             102       0.0203125      0.03984375             114              12
19800              52             102       0.0203125      0.03984375             114              12
19900              52             102       0.0203125      0.03984375             114              12
20000              52             102       0.0203125      0.03984375             114              12
20100              52             102       0.0203125      0.03984375             114              12
20200              52             102       0.0203125      0.03984375             114              12
20300              52             102       0.0203125      0.03984375             114              12
20400              52             102       0.0203125      0.03984375             114              12
20500              52             102       0.0203125      0.03984375             114              12
20600              52             102       0.0203125      0.03984375             114              12
20700              52             102       0.0203125      0.03984375             114              12
20800              56             100        0.021875       0.0390625             114              14
20900              56             100        0.021875       0.0390625             114              14
21000              56             100        0.021875       0.0390625             114              14
21100              56             100        0.021875       0.0390625             114              14
21200              56             100        0.021875       0.0390625             114              14
21300              56             100        0.021875       0.0390625             114              14
21400              56             100        0.021875       0.0390625             114              14
21500              56             100        0.021875       0.0390625             114              14
21600              54             101      0.02109375     0.039453125             115              14
21700              52             102       0.0203125      0.03984375             116              14
21800              52             102       0.0203125      0.03984375             116              14
21900              52             102       0.0203125      0.03984375             116              14
22000              52             102       0.0203125      0.03984375             116              14
22100              50             103      0.01953125     0.040234375             117              14
22200              52             102       0.0203125      0.03984375             117              15
22300              50             103      0.01953125     0.040234375             118              15
22400              50             103      0.01953125     0.040234375             118              15
22500              52             102       0.0203125      0.03984375             118              16
22600              52             102       0.0203125      0.03984375             118              16
22700              52             102       0.0203125      0.03984375             118              16
22800              52             102       0.0203125      0.03984375             118              16
22900              50             103      0.01953125     0.040234375             119              16
23000              50             103      0.01953125     0.040234375             119              16
23100              50             103      0.01953125     0.040234375             119              16
23200              50             103      0.01953125     0.040234375             119              16
23300              48             104         0.01875        0.040625             120              16
23400              50             103      0.01953125     0.040234375             120              17
23500              50             103      0.01953125     0.040234375             120              17
23600              50             103      0.01953125     0.040234375             120              17
23700              50             103      0.01953125     0.040234375             120              17
23800              52             102       0.0203125      0.03984375             120              18
23900              52             102       0.0203125      0.03984375             120              18
24000              52             102       0.0203125      0.03984375             120              18
24100              52             102       0.0203125      0.03984375             120              18
24200              52             102       0.0203125      0.03984375             120              18
24300              52             102       0.0203125      0.03984375             120              18
24400              52             102       0.0203125      0.03984375             120              18
24500              52             102       0.0203125      0.03984375             120              18
24600              52             102       0.0203125      0.03984375             120              18
24700              52             102       0.0203125      0.03984375             120              18
24800              50             103      0.01953125     0.040234375             121              18
24900              50             103      0.01953125     0.040234375             121              18
25000              50             103      0.01953125     0.040234375             121              18
25100              50             103      0.01953125     0.040234375             121              18
25200              50             103      0.01953125     0.040234375             121              18
25300              50             103      0.01953125     0.040234375             121              18
25400              50             103      0.01953125     0.040234375             121              18
25500              50             103      0.01953125     0.040234375             121              18
25600              48             104         0.01875        0.040625             122              18
25700              48             104         0.01875        0.040625             122              18
25800              48             104         0.01875        0.040625             122              18
25900              48             104         0.01875        0.040625             122              18
26000              48             104         0.01875        0.040625             122              18
26100              48             104         0.01875        0.040625             122              18
26200              48             104         0.01875        0.040625             122              18
26300              50             103      0.01953125     0.040234375             122              19
26400              50             103      0.01953125     0.040234375             122              19
26500              48             104         0.01875        0.040625             123              19
26600              48             104         0.01875        0.040625             123              19
26700              48             104         0.01875        0.040625             123              19
26800              48             104         0.01875        0.040625             123              19
26900              48             104         0.01875        0.040625             123              19
27000              48             104         0.01875        0.040625             123              19
27100              48             104         0.01875        0.040625             123              19
27200              48             104         0.01875        0.040625             123              19
27300              48             104         0.01875        0.040625             123              19
27400              48             104         0.01875        0.040625             123              19
27500              46             105      0.01796875     0.041015625             124              19
27600              46             105      0.01796875     0.041015625             124              19
27700              46             105      0.01796875     0.041015625             124              19
27800              46             105      0.01796875     0.041015625             124              19
27900              46             105      0.01796875     0.041015625             124              19
28000              46             105      0.01796875     0.041015625             124              19
28100              46             105      0.01796875     0.041015625             124              19
28200              46             105      0.01796875     0.041015625             124              19
28300              46             105      0.01796875     0.041015625             124              19
28400              44             106       0.0171875      0.04140625             125              19
28500              44             106       0.0171875      0.04140625             125              19
28600              44             106       0.0171875      0.04140625             125              19
28700              44             106       0.0171875      0.04140625             125              19
28800              44             106       0.0171875      0.04140625             125              19
28900              44             106       0.0171875      0.04140625             125              19
29000              46             105      0.01796875     0.041015625             125              20
29100              48             104         0.01875        0.040625             125              21
29200              48             104         0.01875        0.040625             125              21
29300              48             104         0.01875        0.040625             125              21
29400              46             105      0.01796875     0.041015625             126              21
29500              46             105      0.01796875     0.041015625             126              21
29600              46             105      0.01796875     0.041015625             126              21
29700              46             105      0.01796875     0.041015625             126              21
29800              46             105      0.01796875     0.041015625             126              21
29900              44             106       0.0171875      0.04140625             127              21
30000              46             105      0.01796875     0.041015625             127              22
30100              46             105      0.01796875     0.041015625             127              22
30200              46             105      0.01796875     0.041015625             127              22
30300              46             105      0.01796875     0.041015625             127              22
30400              46             105      0.01796875     0.041015625             127              22
30500              46             105      0.01796875     0.041015625             127              22
30600              44             106       0.0171875      0.04140625             128              22
30700              44             106       0.0171875      0.04140625             128              22
30800              44             106       0.0171875      0.04140625             128              22
30900              42             107      0.01640625     0.041796875             129              22
31000              42             107      0.01640625     0.041796875             129              22
31100              42             107      0.01640625     0.041796875             129              22
31200              42             107      0.01640625     0.041796875             129              22
31300              42             107      0.01640625     0.041796875             129              22
31400              42             107      0.01640625     0.041796875             129              22
31500              42             107      0.01640625     0.041796875             129              22
31600              42             107      0.01640625     0.041796875             129              22
31700              42             107      0.01640625     0.041796875             129              22
31800              42             107      0.01640625     0.041796875             129              22
31900              42             107      0.01640625     0.041796875             129              22
32000              40             108        0.015625       0.0421875             130              22
32100              40             108        0.015625       0.0421875             130              22
32200              40             108        0.015625       0.0421875             130              22
32300              40             108        0.015625       0.0421875             130              22
32400              40             108        0.015625       0.0421875             130              22
32500              40             108        0.015625       0.0421875             130              22
32600              40             108        0.015625       0.0421875             130              22
32700              40             108        0.015625       0.0421875             130              22
32800              40             108        0.015625       0.0421875             130              22
32900              40             108        0.015625       0.0421875             130              22
33000              40             108        0.015625       0.0421875             130              22
33100              38             109      0.01484375     0.042578125             131              22
33200              38             109      0.01484375     0.042578125             131              22
33300              38             109      0.01484375     0.042578125             131              22
33400              38             109      0.01484375     0.042578125             131              22
33500              40             108        0.015625       0.0421875             131              23
33600              40             108        0.015625       0.0421875             131              23
33700              40             108        0.015625       0.0421875             131              23
33800              40             108        0.015625       0.0421875             131              23
33900              40             108        0.015625       0.0421875             131              23
34000              38             109      0.01484375     0.042578125             132              23
34100              38             109      0.01484375     0.042578125             132              23
34200              38             109      0.01484375     0.042578125             132              23
34300              38             109      0.01484375     0.042578125             132              23
34400              38             109      0.01484375     0.042578125             132              23
34500              38             109      0.01484375     0.042578125             132              23
34600              36             110       0.0140625      0.04296875             133              23
34700              38             109      0.01484375     0.042578125             133              24
34800              38             109      0.01484375     0.042578125             133              24
34900              38             109      0.01484375     0.042578125             133              24
35000              36             110       0.0140625      0.04296875             134              24
35100              38             109      0.01484375     0.042578125             134              25
35200              38             109      0.01484375     0.042578125             134              25
35300              38             109      0.01484375     0.042578125             134              25
35400              36             110       0.0140625      0.04296875             135              25
35500              36             110       0.0140625      0.04296875             135              25
35600              36             110       0.0140625      0.04296875             135              25
35700              34             111      0.01328125     0.043359375             136              25
35800              34             111      0.01328125     0.043359375             136              25
35900              36             110       0.0140625      0.04296875             136              26
36000              36             110       0.0140625      0.04296875             136              26
36100              36             110       0.0140625      0.04296875             136              26
36200              36             110       0.0140625      0.04296875             136              26
36300              36             110       0.0140625      0.04296875             136              26
36400              36             110       0.0140625      0.04296875             136              26
36500              36             110       0.0140625      0.04296875             136              26
36600              36             110       0.0140625      0.04296875             136              26
36700              36             110       0.0140625      0.04296875             136              26
36800              36             110       0.0140625      0.04296875             136              26
36900              36             110       0.0140625      0.04296875             136              26
37000              36             110       0.0140625      0.04296875             136              26
37100              38             109      0.01484375     0.042578125             136              27
37200              38             109      0.01484375     0.042578125             136              27
37300              38             109      0.01484375     0.042578125             136              27
37400              38             109      0.01484375     0.042578125             136              27
37500              38             109      0.01484375     0.042578125             136              27
37600              38             109      0.01484375     0.042578125             136              27
37700              38             109      0.01484375     0.042578125             136              27
37800              38             109      0.01484375     0.042578125             136              27
37900              38             109      0.01484375     0.042578125             136              27
38000              38             109      0.01484375     0.042578125             136              27
38100              38             109      0.01484375     0.042578125             136              27
38200              38             109      0.01484375     0.042578125             136              27
38300              38             109      0.01484375     0.042578125             136              27
38400              38             109      0.01484375     0.042578125             136              27
38500              36             110       0.0140625      0.04296875             137              27
38600              36             110       0.0140625      0.04296875             137              27
38700              36             110       0.0140625      0.04296875             137              27
38800              36             110       0.0140625      0.04296875             137              27
38900              36             110       0.0140625      0.04296875             137              27
39000              36             110       0.0140625      0.04296875             137              27
39100              34             111      0.01328125     0.043359375             138              27
39200              34             111      0.01328125     0.043359375             138              27
39300              34             111      0.01328125     0.043359375             138              27
39400              34             111      0.01328125     0.043359375             138              27
39500              34             111      0.01328125     0.043359375             138              27
39600              34             111      0.01328125     0.043359375             138              27
39700              34             111      0.01328125     0.043359375             138              27
39800              34             111      0.01328125     0.043359375             138              27
39900              34             111      0.01328125     0.043359375             138              27
40000              34             111      0.01328125     0.043359375             138              27
40100              34             111      0.01328125     0.043359375             138              27
40200              34             111      0.01328125     0.043359375             138              27
40300              34             111      0.01328125     0.043359375             138              27
40400              34             111      0.01328125     0.043359375             138              27
40500              34             111      0.01328125     0.043359375             138              27
40600              36             110       0.0140625      0.04296875             138              28
40700              36             110       0.0140625      0.04296875             138              28
40800              36             110       0.0140625      0.04296875             138              28
40900              36             110       0.0140625      0.04296875             138              28
41000              36             110       0.0140625      0.04296875             138              28
41100              36             110       0.0140625      0.04296875             138              28
41200              36             110       0.0140625      0.04296875             138              28
41300              36             110       0.0140625      0.04296875             138              28
41400              36             110       0.0140625      0.04296875             138              28
41500              34             111      0.01328125     0.043359375             139              28
41600              34             111      0.01328125     0.043359375             139              28
41700              34             111      0.01328125     0.043359375             139              28
41800              34             111      0.01328125     0.043359375             139              28
41900              34             111      0.01328125     0.043359375             139              28
42000              34             111      0.01328125     0.043359375             139              28
42100              34             111      0.01328125     0.043359375             139              28
42200              34             111      0.01328125     0.043359375             139              28
42300              34             111      0.01328125     0.043359375             139              28
42400              32             112          0.0125         0.04375             140              28
42500              32             112          0.0125         0.04375             140              28
42600              32             112          0.0125         0.04375             140              28
42700              32             112          0.0125         0.04375             140              28
42800              32             112          0.0125         0.04375             140              28
42900              34             111      0.01328125     0.043359375             140              29
43000              34             111      0.01328125     0.043359375             140              29
43100              34             111      0.01328125     0.043359375             140              29
43200              34             111      0.01328125     0.043359375             140              29
43300              34             111      0.01328125     0.043359375             140              29
43400              34             111      0.01328125     0.043359375             140              29
43500              34             111      0.01328125     0.043359375             140              29
43600              34             111      0.01328125     0.043359375             140              29
43700              34             111      0.01328125     0.043359375             140              29
43800              32             112          0.0125         0.04375             141              29
43900              32             112          0.0125         0.04375             141              29
44000              32             112          0.0125         0.04375             141              29
44100              32             112          0.0125         0.04375             141              29
44200              32             112          0.0125         0.04375             141              29
44300              32             112          0.0125         0.04375             141              29
44400              32             112          0.0125         0.04375             141              29
44500              32             112          0.0125         0.04375             141              29
44600              32             112          0.0125         0.04375             141              29
44700              32             112          0.0125         0.04375             141              29
44800              32             112          0.0125         0.04375             141              29
44900              32             112          0.0125         0.04375             141              29
45000              32             112          0.0125         0.04375             141              29
45100              32             112          0.0125         0.04375             141              29
45200              36             110       0.0140625      0.04296875             141              31
45300              34             111      0.01328125     0.043359375             142              31
45400              34             111      0.01328125     0.043359375             142              31
45500              34             111      0.01328125     0.043359375             142              31
45600              34             111      0.01328125     0.043359375             142              31
45700              34             111      0.01328125     0.043359375             142              31
45800              34             111      0.01328125     0.043359375             142              31
45900              34             111      0.01328125     0.043359375             142              31
46000              34             111      0.01328125     0.043359375             142              31
46100              34             111      0.01328125     0.043359375             142              31
46200              34             111      0.01328125     0.043359375             142              31
46300              38             109      0.01484375     0.042578125             142              33
46400              38             109      0.01484375     0.042578125             142              33
46500              38             109      0.01484375     0.042578125             142              33
46600              38             109      0.01484375     0.042578125             142              33
46700              38             109      0.01484375     0.042578125             142              33
46800              38             109      0.01484375     0.042578125             142              33
46900              38             109      0.01484375     0.042578125             142              33
47000              38             109      0.01484375     0.042578125             142              33
47100              40             108        0.015625       0.0421875             142              34
47200              40             108        0.015625       0.0421875             142              34
47300              40             108        0.015625       0.0421875             142              34
47400              40             108        0.015625       0.0421875             142              34
47500              40             108        0.015625       0.0421875             142              34
47600              40             108        0.015625       0.0421875             142              34
47700              40             108        0.015625       0.0421875             142              34
47800              40             108        0.015625       0.0421875             142              34
47900              42             107      0.01640625     0.041796875             142              35
48000              42             107      0.01640625     0.041796875             142              35
48100              40             108        0.015625       0.0421875             143              35
48200              40             108        0.015625       0.0421875             143              35
48300              38             109      0.01484375     0.042578125             144              35
48400              38             109      0.01484375     0.042578125             144              35
48500              38             109      0.01484375     0.042578125             144              35
48600              38             109      0.01484375     0.042578125             144              35
48700              38             109      0.01484375     0.042578125             144              35
48800              38             109      0.01484375     0.042578125             144              35
48900              38             109      0.01484375     0.042578125             144              35
49000              38             109      0.01484375     0.042578125             144              35
49100              40             108        0.015625       0.0421875             144              36
49200              40             108        0.015625       0.0421875             144              36
49300              40             108        0.015625       0.0421875             144              36
49400              40             108        0.015625       0.0421875             144              36
49500              40             108        0.015625       0.0421875             144              36
49600              42             107      0.01640625     0.041796875             144              37
49700              42             107      0.01640625     0.041796875             144              37
49800              42             107      0.01640625     0.041796875             144              37
49900              42             107      0.01640625     0.041796875             144              37
50000              42             107      0.01640625     0.041796875             144              37
50100              42             107      0.01640625     0.041796875             144              37
50200              42             107      0.01640625     0.041796875             144              37
50300              42             107      0.01640625     0.041796875             144              37
50400              42             107      0.01640625     0.041796875             144              37
50500              42             107      0.01640625     0.041796875             144              37
50600              44             106       0.0171875      0.04140625             144              38
50700              44             106       0.0171875      0.04140625             144              38
50800              44             106       0.0171875      0.04140625             144              38
50900              44             106       0.0171875      0.04140625             144              38
51000              44             106       0.0171875      0.04140625             144              38
51100              44             106       0.0171875      0.04140625             144              38
51200              44             106       0.0171875      0.04140625             144              38
51300              44             106       0.0171875      0.04140625             144              38
51400              44             106       0.0171875      0.04140625             144              38
51500              44             106       0.0171875      0.04140625             144              38
51600              44             106       0.0171875      0.04140625             144              38
51700              44             106       0.0171875      0.04140625             144              38
51800              44             106       0.0171875      0.04140625             144              38
51900              44             106       0.0171875      0.04140625             144              38
52000              44             106       0.0171875      0.04140625             144              38
52100              44             106       0.0171875      0.04140625             144              38
52200              44             106       0.0171875      0.04140625             144              38
52300              44             106       0.0171875      0.04140625             144              38
52400              46             105      0.01796875     0.041015625             144              39
52500              46             105      0.01796875     0.041015625             144              39
52600              46             105      0.01796875     0.041015625             144              39
52700              46             105      0.01796875     0.041015625             144              39
52800              46             105      0.01796875     0.041015625             144              39
52900              46             105      0.01796875     0.041015625             144              39
53000              46             105      0.01796875     0.041015625             144              39
53100              46             105      0.01796875     0.041015625             144              39
53200              46             105      0.01796875     0.041015625             144              39
53300              46             105      0.01796875     0.041015625             144              39
53400              46             105      0.01796875     0.041015625             144              39
53500              48             104         0.01875        0.040625             144              40
53600              48             104         0.01875        0.040625             144              40
53700              48             104         0.01875        0.040625             144              40
53800              48             104         0.01875        0.040625             144              40
53900              48             104         0.01875        0.040625             144              40
54000              48             104         0.01875        0.040625             144              40
54100              48             104         0.01875        0.040625             144              40
54200              48             104         0.01875        0.040625             144              40
54300              46             105      0.01796875     0.041015625             145              40
54400              46             105      0.01796875     0.041015625             145              40
54500              46             105      0.01796875     0.041015625             145              40
54600              46             105      0.01796875     0.041015625             145              40
54700              46             105      0.01796875     0.041015625             145              40
54800              44             106       0.0171875      0.04140625             146              40
54900              44             106       0.0171875      0.04140625             146              40
55000              44             106       0.0171875      0.04140625             146              40
55100              42             107      0.01640625     0.041796875             147              40
55200              42             107      0.01640625     0.041796875             147              40
55300              42             107      0.01640625     0.041796875             147              40
55400              42             107      0.01640625     0.041796875             147              40
55500              42             107      0.01640625     0.041796875             147              40
55600              42             107      0.01640625     0.041796875             147              40
55700              40             108        0.015625       0.0421875             148              40
55800              42             107      0.01640625     0.041796875             148              41
55900              46             105      0.01796875     0.041015625             148              43
56000              46             105      0.01796875     0.041015625             148              43
56100              46             105      0.01796875     0.041015625             148              43
56200              46             105      0.01796875     0.041015625             148              43
56300              46             105      0.01796875     0.041015625             148              43
56400              46             105      0.01796875     0.041015625             148              43
56500              46             105      0.01796875     0.041015625             148              43
56600              46             105      0.01796875     0.041015625             148              43
56700              44             106       0.0171875      0.04140625             149              43
56800              44             106       0.0171875      0.04140625             149              43
56900              44             106       0.0171875      0.04140625             149              43
57000              44             106       0.0171875      0.04140625             149              43
57100              44             106       0.0171875      0.04140625             149              43
57200              44             106       0.0171875      0.04140625             149              43
57300              44             106       0.0171875      0.04140625             149              43
57400              44             106       0.0171875      0.04140625             149              43
57500              46             105      0.01796875     0.041015625             149              44
57600              46             105      0.01796875     0.041015625             149              44
57700              46             105      0.01796875     0.041015625             149              44
57800              46             105      0.01796875     0.041015625             149              44
57900              44             106       0.0171875      0.04140625             150              44
58000              44             106       0.0171875      0.04140625             150              44
58100              44             106       0.0171875      0.04140625             150              44
58200              44             106       0.0171875      0.04140625             150              44
58300              44             106       0.0171875      0.04140625             150              44
58400              44             106       0.0171875      0.04140625             150              44
58500              44             106       0.0171875      0.04140625             150              44
58600              44             106       0.0171875      0.04140625             150              44
58700              44             106       0.0171875      0.04140625             150              44
58800              44             106       0.0171875      0.04140625             150              44
58900              44             106       0.0171875      0.04140625             150              44
59000              44             106       0.0171875      0.04140625             150              44
59100              44             106       0.0171875      0.04140625             150              44
59200              42             107      0.01640625     0.041796875             151              44
59300              42             107      0.01640625     0.041796875             151              44
59400              42             107      0.01640625     0.041796875             151              44
59500              42             107      0.01640625     0.041796875             151              44
59600              42             107      0.01640625     0.041796875             151              44
59700              42             107      0.01640625     0.041796875             151              44
59800              42             107      0.01640625     0.041796875             151              44
59900              42             107      0.01640625     0.041796875             151              44
60000              42             107      0.01640625     0.041796875             151              44
60100              42             107      0.01640625     0.041796875             151              44
60200              44             106       0.0171875      0.04140625             151              45
60300              44             106       0.0171875      0.04140625             151              45
60400              44             106       0.0171875      0.04140625             151              45
60500              44             106       0.0171875      0.04140625             151              45
60600              44             106       0.0171875      0.04140625             151              45
60700              44             106       0.0171875      0.04140625             151              45
60800              44             106       0.0171875      0.04140625             151              45
60900              44             106       0.0171875      0.04140625             151              45
61000              44             106       0.0171875      0.04140625             151              45
61100              44             106       0.0171875      0.04140625             151              45
61200              44             106       0.0171875      0.04140625             151              45
61300              44             106       0.0171875      0.04140625             151              45
61400              46             105      0.01796875     0.041015625             151              46
61500              46             105      0.01796875     0.041015625             151              46
61600              46             105      0.01796875     0.041015625             151              46
61700              46             105      0.01796875     0.041015625             151              46
61800              46             105      0.01796875     0.041015625             151              46
61900              48             104         0.01875        0.040625             151              47
62000              48             104         0.01875        0.040625             151              47
62100              48             104         0.01875        0.040625             151              47
62200              48             104         0.01875        0.040625             151              47
62300              48             104         0.01875        0.040625             151              47
62400              46             105      0.01796875     0.041015625             152              47
62500              46             105      0.01796875     0.041015625             152              47
62600              48             104         0.01875        0.040625             152              48
62700              48             104         0.01875        0.040625             153              49
62800              48             104         0.01875        0.040625             153              49
62900              48             104         0.01875        0.040625             153              49
63000              46             105      0.01796875     0.041015625             154              49
63100              46             105      0.01796875     0.041015625             154              49
63200              46             105      0.01796875     0.041015625             154              49
63300              46             105      0.01796875     0.041015625             154              49
63400              46             105      0.01796875     0.041015625             154              49
63500              46             105      0.01796875     0.041015625             154              49
63600              46             105      0.01796875     0.041015625             154              49
63700              46             105      0.01796875     0.041015625             154              49
63800              48             104         0.01875        0.040625             154              50
63900              48             104         0.01875        0.040625             154              50
64000              48             104         0.01875        0.040625             154              50
64100              48             104         0.01875        0.040625             154              50
64200              48             104         0.01875        0.040625             154              50
64300              48             104         0.01875        0.040625             154              50
64400              48             104         0.01875        0.040625             154              50
64500              48             104         0.01875        0.040625             154              50
64600              48             104         0.01875        0.040625             154              50
64700              48             104         0.01875        0.040625             154              50
64800              48             104         0.01875        0.040625             154              50
64900              48             104         0.01875        0.040625             154              50
65000              48             104         0.01875        0.040625             154              50
65100              48             104         0.01875        0.040625             154              50
65200              48             104         0.01875        0.040625             154              50
65300              44             106       0.0171875      0.04140625             156              50
65400              44             106       0.0171875      0.04140625             156              50
65500              44             106       0.0171875      0.04140625             156              50
65600              44             106       0.0171875      0.04140625             156              50
65700              44             106       0.0171875      0.04140625             156              50
65800              44             106       0.0171875      0.04140625             156              50
65900              44             106       0.0171875      0.04140625             156              50
66000              42             107      0.01640625     0.041796875             157              50
66100              42             107      0.01640625     0.041796875             157              50
66200              42             107      0.01640625     0.041796875             157              50
66300              42             107      0.01640625     0.041796875             157              50
66400              42             107      0.01640625     0.041796875             157              50
66500              42             107      0.01640625     0.041796875             157              50
66600              42             107      0.01640625     0.041796875             157              50
66700              42             107      0.01640625     0.041796875             157              50
66800              42             107      0.01640625     0.041796875             157              50
66900              42             107      0.01640625     0.041796875             157              50
67000              42             107      0.01640625     0.041796875             157              50
67100              44             106       0.0171875      0.04140625             157              51
67200              44             106       0.0171875      0.04140625             157              51
67300              44             106       0.0171875      0.04140625             157              51
67400              44             106       0.0171875      0.04140625             157              51
67500              44             106       0.0171875      0.04140625             157              51
67600              44             106       0.0171875      0.04140625             157              51
67700              44             106       0.0171875      0.04140625             157              51
67800              44             106       0.0171875      0.04140625             157              51
67900              44             106       0.0171875      0.04140625             157              51
68000              44             106       0.0171875      0.04140625             157              51
68100              44             106       0.0171875      0.04140625             157              51
68200              44             106       0.0171875      0.04140625             157              51
68300              44             106       0.0171875      0.04140625             157              51
68400              44             106       0.0171875      0.04140625             157              51
68500              44             106       0.0171875      0.04140625             157              51
68600              44             106       0.0171875      0.04140625             157              51
68700              44             106       0.0171875      0.04140625             157              51
68800              42             107      0.01640625     0.041796875             158              51
68900              42             107      0.01640625     0.041796875             158              51
69000              42             107      0.01640625     0.041796875             158              51
69100              42             107      0.01640625     0.041796875             158              51
69200              42             107      0.01640625     0.041796875             158              51
69300              38             109      0.01484375     0.042578125             160              51
69400              38             109      0.01484375     0.042578125             160              51
69500              38             109      0.01484375     0.042578125             160              51
69600              38             109      0.01484375     0.042578125             160              51
69700              38             109      0.01484375     0.042578125             160              51
69800              38             109      0.01484375     0.042578125             160              51
69900              38             109      0.01484375     0.042578125             160              51
70000              36             110       0.0140625      0.04296875             161              51
70100              36             110       0.0140625      0.04296875             161              51
70200              36             110       0.0140625      0.04296875             161              51
70300              36             110       0.0140625      0.04296875             161              51
70400              36             110       0.0140625      0.04296875             161              51
70500              36             110       0.0140625      0.04296875             161              51
70600              36             110       0.0140625      0.04296875             161              51
70700              36             110       0.0140625      0.04296875             161              51
70800              36             110       0.0140625      0.04296875             161              51
70900              38             109      0.01484375     0.042578125             161              52
71000              38             109      0.01484375     0.042578125             161              52
71100              40             108        0.015625       0.0421875             161              53
71200              40             108        0.015625       0.0421875             161              53
71300              40             108        0.015625       0.0421875             161              53
71400              40             108        0.015625       0.0421875             161              53
71500              40             108        0.015625       0.0421875             161              53
71600              42             107      0.01640625     0.041796875             161              54
71700              42             107      0.01640625     0.041796875             161              54
71800              42             107      0.01640625     0.041796875             161              54
71900              42             107      0.01640625     0.041796875             161              54
72000              42             107      0.01640625     0.041796875             161              54
72100              42             107      0.01640625     0.041796875             161              54
72200              42             107      0.01640625     0.041796875             161              54
72300              42             107      0.01640625     0.041796875             161              54
72400              42             107      0.01640625     0.041796875             161              54
72500              44             106       0.0171875      0.04140625             161              55
72600              44             106       0.0171875      0.04140625             161              55
72700              44             106       0.0171875      0.04140625             161              55
72800              44             106       0.0171875      0.04140625             161              55
72900              44             106       0.0171875      0.04140625             161              55
73000              42             107      0.01640625     0.041796875             162              55
73100              42             107      0.01640625     0.041796875             162              55
73200              44             106       0.0171875      0.04140625             162              56
73300              44             106       0.0171875      0.04140625             163              57
73400              44             106       0.0171875      0.04140625             163              57
73500              44             106       0.0171875      0.04140625             163              57
73600              44             106       0.0171875      0.04140625             163              57
73700              44             106       0.0171875      0.04140625             163              57
73800              44             106       0.0171875      0.04140625             163              57
73900              44             106       0.0171875      0.04140625             163              57
74000              46             105      0.01796875     0.041015625             163              58
74100              46             105      0.01796875     0.041015625             163              58
74200              44             106       0.0171875      0.04140625             164              58
74300              44             106       0.0171875      0.04140625             164              58
74400              44             106       0.0171875      0.04140625             164              58
74500              44             106       0.0171875      0.04140625             165              59
74600              44             106       0.0171875      0.04140625             165              59
74700              44             106       0.0171875      0.04140625             165              59
74800              44             106       0.0171875      0.04140625             165              59
74900              44             106       0.0171875      0.04140625             165              59
75000              44             106       0.0171875      0.04140625             165              59
75100              44             106       0.0171875      0.04140625             165              59
75200              44             106       0.0171875      0.04140625             165              59
75300              44             106       0.0171875      0.04140625             165              59
75400              46             105      0.01796875     0.041015625             165              60
75500              46             105      0.01796875     0.041015625             165              60
75600              46             105      0.01796875     0.041015625             165              60
75700              46             105      0.01796875     0.041015625             165              60
75800              46             105      0.01796875     0.041015625             165              60
75900              46             105      0.01796875     0.041015625             165              60
76000              46             105      0.01796875     0.041015625             165              60
76100              46             105      0.01796875     0.041015625             165              60
76200              46             105      0.01796875     0.041015625             165              60
76300              46             105      0.01796875     0.041015625             165              60
76400              48             104         0.01875        0.040625             165              61
76500              48             104         0.01875        0.040625             166              62
76600              48             104         0.01875        0.040625             166              62
76700              48             104         0.01875        0.040625             166              62
76800              48             104         0.01875        0.040625             166              62
76900              48             104         0.01875        0.040625             166              62
77000              46             105      0.01796875     0.041015625             167              62
77100              46             105      0.01796875     0.041015625             167              62
77200              48             104         0.01875        0.040625             167              63
77300              48             104         0.01875        0.040625             167              63
77400              48             104         0.01875        0.040625             167              63
77500              48             104         0.01875        0.040625             167              63
77600              48             104         0.01875        0.040625             167              63
77700              48             104         0.01875        0.040625             167              63
77800              48             104         0.01875        0.040625             167              63
77900              48             104         0.01875        0.040625             167              63
78000              50             103      0.01953125     0.040234375             167              64
78100              50             103      0.01953125     0.040234375             167              64
78200              50             103      0.01953125     0.040234375             167              64
78300              50             103      0.01953125     0.040234375             167              64
78400              50             103      0.01953125     0.040234375             167              64
78500              50             103      0.01953125     0.040234375             167              64
78600              50             103      0.01953125     0.040234375             167              64
78700              50             103      0.01953125     0.040234375             167              64
78800              50             103      0.01953125     0.040234375             167              64
78900              50             103      0.01953125     0.040234375             167              64
79000              50             103      0.01953125     0.040234375             167              64
79100              50             103      0.01953125     0.040234375             167              64
79200              48             104         0.01875        0.040625             168              64
79300              48             104         0.01875        0.040625             168              64
79400              48             104         0.01875        0.040625             168              64
79500              48             104         0.01875        0.040625             168              64
79600              48             104         0.01875        0.040625             168              64
79700              48             104         0.01875        0.040625             168              64
79800              50             103      0.01953125     0.040234375             168              65
79900              50             103      0.01953125     0.040234375             168              65
80000              50             103      0.01953125     0.040234375             168              65
80100              50             103      0.01953125     0.040234375             168              65
80200              50             103      0.01953125     0.040234375             168              65
80300              50             103      0.01953125     0.040234375             168              65
80400              50             103      0.01953125     0.040234375             168              65
80500              50             103      0.01953125     0.040234375             168              65
80600              50             103      0.01953125     0.040234375             168              65
80700              50             103      0.01953125     0.040234375             168              65
80800              50             103      0.01953125     0.040234375             168              65
80900              50             103      0.01953125     0.040234375             168              65
81000              50             103      0.01953125     0.040234375             168              65
81100              50             103      0.01953125     0.040234375             168              65
81200              50             103      0.01953125     0.040234375             168              65
81300              50             103      0.01953125     0.040234375             168              65
81400              50             103      0.01953125     0.040234375             168              65
81500              52             102       0.0203125      0.03984375             168              66
81600              52             102       0.0203125      0.03984375             168              66
81700              52             102       0.0203125      0.03984375             168              66
81800              52             102       0.0203125      0.03984375             168              66
81900              52             102       0.0203125      0.03984375             168              66
82000              52             102       0.0203125      0.03984375             168              66
82100              52             102       0.0203125      0.03984375             168              66
82200              54             101      0.02109375     0.039453125             168              67
82300              54             101      0.02109375     0.039453125             168              67
82400              54             101      0.02109375     0.039453125             168              67
82500              54             101      0.02109375     0.039453125             168              67
82600              58              99      0.02265625     0.038671875             168              69
82700              58              99      0.02265625     0.038671875             168              69
82800              58              99      0.02265625     0.038671875             168              69
82900              58              99      0.02265625     0.038671875             168              69
83000              58              99      0.02265625     0.038671875             168              69
83100              58              99      0.02265625     0.038671875             168              69
83200              58              99      0.02265625     0.038671875             168              69
83300              58              99      0.02265625     0.038671875             168              69
83400              58              99      0.02265625     0.038671875             168              69
83500              58              99      0.02265625     0.038671875             168              69
83600              58              99      0.02265625     0.038671875             168              69
83700              58              99      0.02265625     0.038671875             168              69
83800              58              99      0.02265625     0.038671875             168              69
83900              58              99      0.02265625     0.038671875             168              69
84000              58              99      0.02265625     0.038671875             168              69
84100              58              99      0.02265625     0.038671875             168              69
84200              58              99      0.02265625     0.038671875             168              69
84300              58              99      0.02265625     0.038671875             168              69
84400              58              99      0.02265625     0.038671875             168              69
84500              58              99      0.02265625     0.038671875             168              69
84600              58              99      0.02265625     0.038671875             168              69
84700              58              99      0.02265625     0.038671875             168              69
84800              58              99      0.02265625     0.038671875             168              69
84900              58              99      0.02265625     0.038671875             168              69
85000              58              99      0.02265625     0.038671875             168              69
85100              58              99      0.02265625     0.038671875             168              69
85200              58              99      0.02265625     0.038671875             168              69
85300              58              99      0.02265625     0.038671875             168              69
85400              58              99      0.02265625     0.038671875             168              69
85500              58              99      0.02265625     0.038671875             168              69
85600              58              99      0.02265625     0.038671875             168              69
85700              56             100        0.021875       0.0390625             169              69
85800              56             100        0.021875       0.0390625             169              69
85900              56             100        0.021875       0.0390625             169              69
86000              56             100        0.021875       0.0390625             169              69
86100              56             100        0.021875       0.0390625             169              69
86200              56             100        0.021875       0.0390625             169              69
86300              56             100        0.021875       0.0390625             169              69
86400              56             100        0.021875       0.0390625             169              69
86500              56             100        0.021875       0.0390625             169              69
86600              56             100        0.021875       0.0390625             169              69
86700              56             100        0.021875       0.0390625             169              69
86800              56             100        0.021875       0.0390625             169              69
86900              58              99      0.02265625     0.038671875             169              70
87000              58              99      0.02265625     0.038671875             169              70
87100              58              99      0.02265625     0.038671875             169              70
87200              60              98       0.0234375      0.03828125             169              71
87300              58              99      0.02265625     0.038671875             170              71
87400              58              99      0.02265625     0.038671875             170              71
87500              58              99      0.02265625     0.038671875             170              71
87600              58              99      0.02265625     0.038671875             170              71
87700              58              99      0.02265625     0.038671875             170              71
87800              58              99      0.02265625     0.038671875             170              71
87900              58              99      0.02265625     0.038671875             170              71
88000              58              99      0.02265625     0.038671875             170              71
88100              58              99      0.02265625     0.038671875             170              71
88200              58              99      0.02265625     0.038671875             170              71
88300              58              99      0.02265625     0.038671875             170              71
88400              58              99      0.02265625     0.038671875             170              71
88500              58              99      0.02265625     0.038671875             170              71
88600              58              99      0.02265625     0.038671875             170              71
88700              58              99      0.02265625     0.038671875             170              71
88800              58              99      0.02265625     0.038671875             170              71
88900              58              99      0.02265625     0.038671875             170              71
89000              56             100        0.021875       0.0390625             171              71
89100              56             100        0.021875       0.0390625             171              71
89200              56             100        0.021875       0.0390625             171              71
89300              54             101      0.02109375     0.039453125             172              71
89400              54             101      0.02109375     0.039453125             172              71
89500              54             101      0.02109375     0.039453125             172              71
89600              52             102       0.0203125      0.03984375             173              71
89700              52             102       0.0203125      0.03984375             173              71
89800              52             102       0.0203125      0.03984375             173              71
89900              52             102       0.0203125      0.03984375             173              71
90000              52             102       0.0203125      0.03984375             173              71
90100              52             102       0.0203125      0.03984375             173              71
90200              50             103      0.01953125     0.040234375             174              71
90300              50             103      0.01953125     0.040234375             174              71
90400              50             103      0.01953125     0.040234375             174              71
90500              50             103      0.01953125     0.040234375             174              71
90600              52             102       0.0203125      0.03984375             174              72
90700              52             102       0.0203125      0.03984375             174              72
90800              52             102       0.0203125      0.03984375             174              72
90900              52             102       0.0203125      0.03984375             174              72
91000              52             102       0.0203125      0.03984375             174              72
91100              50             103      0.01953125     0.040234375             175              72
91200              50             103      0.01953125     0.040234375             175              72
91300              50             103      0.01953125     0.040234375             175              72
91400              48             104         0.01875        0.040625             176              72
91500              48             104         0.01875        0.040625             176              72
91600              48             104         0.01875        0.040625             176              72
91700              48             104         0.01875        0.040625             176              72
91800              48             104         0.01875        0.040625             176              72
91900              48             104         0.01875        0.040625             176              72
92000              48             104         0.01875        0.040625             176              72
92100              46             105      0.01796875     0.041015625             177              72
92200              46             105      0.01796875     0.041015625             177              72
92300              46             105      0.01796875     0.041015625             177              72
92400              46             105      0.01796875     0.041015625             177              72
92500              46             105      0.01796875     0.041015625             177              72
92600              46             105      0.01796875     0.041015625             177              72
92700              46             105      0.01796875     0.041015625             177              72
92800              46             105      0.01796875     0.041015625             177              72
92900              46             105      0.01796875     0.041015625             177              72
93000              46             105      0.01796875     0.041015625             177              72
93100              46             105      0.01796875     0.041015625             177              72
93200              44             106       0.0171875      0.04140625             178              72
93300              44             106       0.0171875      0.04140625             178              72
93400              44             106       0.0171875      0.04140625             178              72
93500              46             105      0.01796875     0.041015625             178              73
93600              46             105      0.01796875     0.041015625             178              73
93700              46             105      0.01796875     0.041015625             178              73
93800              46             105      0.01796875     0.041015625             178              73
93900              48             104         0.01875        0.040625             178              74
94000              48             104         0.01875        0.040625             178              74
94100              50             103      0.01953125     0.040234375             178              75
94200              50             103      0.01953125     0.040234375             178              75
94300              48             104         0.01875        0.040625             179              75
94400              48             104         0.01875        0.040625             179              75
94500              48             104         0.01875        0.040625             179              75
94600              46             105      0.01796875     0.041015625             180              75
94700              46             105      0.01796875     0.041015625             180              75
94800              46             105      0.01796875     0.041015625             180              75
94900              46             105      0.01796875     0.041015625             180              75
95000              46             105      0.01796875     0.041015625             180              75
95100              48             104         0.01875        0.040625             180              76
95200              48             104         0.01875        0.040625             180              76
95300              48             104         0.01875        0.040625             180              76
95400              48             104         0.01875        0.040625             180              76
95500              48             104         0.01875        0.040625             180              76
95600              48             104         0.01875        0.040625             180              76
95700              48             104         0.01875        0.040625             180              76
95800              48             104         0.01875        0.040625             180              76
95900              46             105      0.01796875     0.041015625             181              76
96000              46             105      0.01796875     0.041015625             181              76
96100              46             105      0.01796875     0.041015625             181              76
96200              46             105      0.01796875     0.041015625             181              76
96300              46             105      0.01796875     0.041015625             181              76
96400              44             106       0.0171875      0.04140625             182              76
96500              44             106       0.0171875      0.04140625             182              76
96600              44             106       0.0171875      0.04140625             182              76
96700              46             105      0.01796875     0.041015625             182              77
96800              46             105      0.01796875     0.041015625             182              77
96900              44             106       0.0171875      0.04140625             183              77
97000              44             106       0.0171875      0.04140625             183              77
97100              46             105      0.01796875     0.041015625             183              78
97200              48             104         0.01875        0.040625             183              79
97300              46             105      0.01796875     0.041015625             184              79
97400              46             105      0.01796875     0.041015625             184              79
97500              46             105      0.01796875     0.041015625             184              79
97600              46             105      0.01796875     0.041015625             184              79
97700              46             105      0.01796875     0.041015625             184              79
97800              46             105      0.01796875     0.041015625             184              79
97900              46             105      0.01796875     0.041015625             184              79
98000              46             105      0.01796875     0.041015625             184              79
98100              48             104         0.01875        0.040625             184              80
98200              48             104         0.01875        0.040625             184              80
98300              48             104         0.01875        0.040625             184              80
98400              48             104         0.01875        0.040625             184              80
98500              50             103      0.01953125     0.040234375             184              81
98600              50             103      0.01953125     0.040234375             184              81
98700              50             103      0.01953125     0.040234375             184              81
98800              50             103      0.01953125     0.040234375             184              81
98900              50             103      0.01953125     0.040234375             184              81
99000              50             103      0.01953125     0.040234375             184              81
99100              50             103      0.01953125     0.040234375             184              81
99200              50             103      0.01953125     0.040234375             184              81
99300              50             103      0.01953125     0.040234375             184              81
99400              50             103      0.01953125     0.040234375             184              81
99500              50             103      0.01953125     0.040234375             184              81
99600              50             103      0.01953125     0.040234375             184              81
99700              50             103      0.01953125     0.040234375             184              81
99800              50             103      0.01953125     0.040234375             184              81
99900              50             103      0.01953125     0.040234375             184              81
100000              50             103      0.01953125     0.040234375             184              81
