# Time-averaged data for fix observ
# TimeStep v_nfree v_ndimer v_cfree v_cdimer f_kinetics[2] f_kinetics[3]
0             256               0             0.1               0               0               0
100             250               3      0.09765625     0.001171875               3               0
200             250               3      0.09765625     0.001171875               3               0
300             248               4        0.096875       0.0015625               4               0
400             244               6       0.0953125      0.00234375               6               0
500             240               8         0.09375        0.003125               8               0
600             234              11      0.09140625     0.004296875              11               0
700             232              12        0.090625       0.0046875              12               0
800             230              13      0.08984375     0.005078125              13               0
900             226              15      0.08828125     0.005859375              16               1
1000             226              15      0.08828125     0.005859375              16               1
1100             230              13      0.08984375     0.005078125              16               3
1200             230              13      0.08984375     0.005078125              17               4
1300             226              15      0.08828125     0.005859375              19               4
1400             228              14       0.0890625      0.00546875              19               5
1500             228              14       0.0890625      0.00546875              19               5
1600             224              16          0.0875         0.00625              21               5
1700             226              15      0.08828125     0.005859375              22               7
1800             226              15      0.08828125     0.005859375              22               7
1900             224              16          0.0875         0.00625              23               7
2000             224              16          0.0875         0.00625              23               7
2100             224              16          0.0875         0.00625              23               7
2200             222              17      0.08671875     0.006640625              24               7
2300             220              18       0.0859375      0.00703125              26               8
2400             216              20        0.084375       0.0078125              28               8
2500             210              23      0.08203125     0.008984375              31               8
2600             212              22       0.0828125      0.00859375              31               9
2700             210              23      0.08203125     0.008984375              32               9
2800             208              24         0.08125        0.009375              34              10
2900             208              24         0.08125        0.009375              34              10
3000             208              24         0.08125        0.009375              34              10
3100             206              25      0.08046875     0.009765625              35              10
3200             206              25      0.08046875     0.009765625              36              11
3300             208              24         0.08125        0.009375              37              13
3400             206              25      0.08046875     0.009765625              38              13
3500             202              27      0.07890625     0.010546875              40              13
3600             202              27      0.07890625     0.010546875              40              13
3700             202              27      0.07890625     0.010546875              41              14
3800             202              27      0.07890625     0.010546875              42              15
3900             202              27      0.07890625     0.010546875              43              16
4000             202              27      0.07890625     0.010546875              44              17
4100             196              30       0.0765625      0.01171875              47              17
4200             194              31      0.07578125     0.012109375              49              18
4300             196              30       0.0765625      0.01171875              49              19
4400             194              31      0.07578125     0.012109375              50              19
4500             194              31      0.07578125     0.012109375              52              21
4600             198              29      0.07734375     0.011328125              53              24
4700             200              28        0.078125       0.0109375              53              25
4800             200              28        0.078125       0.0109375              53              25
4900             200              28        0.078125       0.0109375              53              25
5000             200              28        0.078125       0.0109375              53              25
5100             200              28        0.078125       0.0109375              54              26
5200             198              29      0.07734375     0.011328125              55              26
5300             200              28        0.078125       0.0109375              55              27
5400             194              31      0.07578125     0.012109375              58              27
5500             194              31      0.07578125     0.012109375              58              27
5600             192              32           0.075          0.0125              59              27
5700             192              32           0.075          0.0125              60              28
5800             190              33      0.07421875     0.012890625              62              29
5900             188              34       0.0734375      0.01328125              63              29
6000             188              34       0.0734375      0.01328125              63              29
6100             184              36        0.071875       0.0140625              65              29
6200             184              36        0.071875       0.0140625              65              29
6300             184              36        0.071875       0.0140625              66              30
6400             182              37      0.07109375     0.014453125              68              31
6500             180              38       0.0703125      0.01484375              69              31
6600             184              36        0.071875       0.0140625              69              33
6700             184              36        0.071875       0.0140625              69              33
6800             186              35      0.07265625     0.013671875              69              34
6900             188              34       0.0734375      0.01328125              69              35
7000             188              34       0.0734375      0.01328125              70              36
7100             192              32           0.075          0.0125              70              38
7200             194              31      0.07578125     0.012109375              70              39
7300             194              31      0.07578125     0.012109375              70              39
7400             196              30       0.0765625      0.01171875              71              41
7500             192              32           0.075          0.0125              73              41
7600             196              30       0.0765625      0.01171875              74              44
7700             196              30       0.0765625      0.01171875              75              45
7800             198              29      0.07734375     0.011328125              75              46
7900             200              28        0.078125       0.0109375              75              47
8000             200              28        0.078125       0.0109375              77              49
8100             202              27      0.07890625     0.010546875              77              50
8200             200              28        0.078125       0.0109375              78              50
8300             196              30       0.0765625      0.01171875              80              50
8400             196              30       0.0765625      0.01171875              81              51
8500             200              28        0.078125       0.0109375              81              53
8600             200              28        0.078125       0.0109375              81              53
8700             198              29      0.07734375     0.011328125              82              53
8800             200              28        0.078125       0.0109375              82              54
8900             198              29      0.07734375     0.011328125              84              55
9000             194              31      0.07578125     0.012109375              86              55
9100             194              31      0.07578125     0.012109375              86              55
9200             196              30       0.0765625      0.01171875              87              57
9300             194              31      0.07578125     0.012109375              88              57
9400             194              31      0.07578125     0.012109375              89              58
9500             194              31      0.07578125     0.012109375              89              58
9600             196              30       0.0765625      0.01171875              89              59
9700             196              30       0.0765625      0.01171875              89              59
9800             190              33      0.07421875     0.012890625              93              60
9900             192              32           0.075          0.0125              93              61
10000             190              33      0.07421875     0.012890625              94              61
10100             190              33      0.07421875     0.012890625              95              62
10200             188              34       0.0734375      0.01328125              96              62
10300             186              35      0.07265625     0.013671875              97              62
10400             186              35      0.07265625     0.013671875              97              62
10500             188              34       0.0734375      0.01328125              98              64
10600             188              34       0.0734375      0.01328125              99              65
10700             188              34       0.0734375      0.01328125              99              65
10800             188              34       0.0734375      0.01328125              99              65
10900             192              32           0.075          0.0125              99              67
11000             192              32           0.075          0.0125             100              68
11100             190              33      0.07421875     0.012890625             101              68
11200             190              33      0.07421875     0.012890625             101              68
11300             186              35      0.07265625     0.013671875             103              68
11400             186              35      0.07265625     0.013671875             103              68
11500             184              36        0.071875       0.0140625             105              69
11600             182              37      0.07109375     0.014453125             106              69
11700             180              38       0.0703125      0.01484375             107              69
11800             182              37      0.07109375     0.014453125             107              70
11900             180              38       0.0703125      0.01484375             108              70
12000             184              36        0.071875       0.0140625             108              72
12100             180              38       0.0703125      0.01484375             110              72
12200             182              37      0.07109375     0.014453125             110              73
12300             184              36        0.071875       0.0140625             110              74
12400             186              35      0.07265625     0.013671875             110              75
12500             188              34       0.0734375      0.01328125             111              77
12600             190              33      0.07421875     0.012890625             111              78
12700             188              34       0.0734375      0.01328125             112              78
12800             184              36        0.071875       0.0140625             114              78
12900             182              37      0.07109375     0.014453125             115              78
13000             178              39      0.06953125     0.015234375             117              78
13100             178              39      0.06953125     0.015234375             118              79
13200             176              40         0.06875        0.015625             119              79
13300             180              38       0.0703125      0.01484375             119              81
13400             178              39      0.06953125     0.015234375             120              81
13500             176              40         0.06875        0.015625             121              81
13600             174              41      0.06796875     0.016015625             122              81
13700             176              40         0.06875        0.015625             122              82
13800             178              39      0.06953125     0.015234375             123              84
13900             176              40         0.06875        0.015625             125              85
14000             174              41      0.06796875     0.016015625             126              85
14100             174              41      0.06796875     0.016015625             126              85
14200             168              44        0.065625       0.0171875             129              85
14300             174              41      0.06796875     0.016015625             129              88
14400             174              41      0.06796875     0.016015625             129              88
14500             172              42       0.0671875      0.01640625             133              91
14600             172              42       0.0671875      0.01640625             133              91
14700             170              43      0.06640625     0.016796875             134              91
14800             170              43      0.06640625     0.016796875             134              91
14900             172              42       0.0671875      0.01640625             134              92
15000             176              40         0.06875        0.015625             134              94
15100             174              41      0.06796875     0.016015625             136              95
15200             174              41      0.06796875     0.016015625             138              97
15300             176              40         0.06875        0.015625             139              99
15400             174              41      0.06796875     0.016015625             140              99
15500             174              41      0.06796875     0.016015625             140              99
15600             176              40         0.06875        0.015625             140             100
15700             178              39      0.06953125     0.015234375             140             101
15800             178              39      0.06953125     0.015234375             140             101
15900             174              41      0.06796875     0.016015625             142             101
16000             174              41      0.06796875     0.016015625             143             102
16100             174              41      0.06796875     0.016015625             144             103
16200             176              40         0.06875        0.015625             144             104
16300             178              39      0.06953125     0.015234375             145             106
16400             178              39      0.06953125     0.015234375             145             106
16500             180              38       0.0703125      0.01484375             145             107
16600             178              39      0.06953125     0.015234375             146             107
16700             182              37      0.07109375     0.014453125             146             109
16800             184              36        0.071875       0.0140625             146             110
16900             186              35      0.07265625     0.013671875             146             111
17000             188              34       0.0734375      0.01328125             146             112
17100             188              34       0.0734375      0.01328125             147             113
17200             190              33      0.07421875     0.012890625             147             114
17300             190              33      0.07421875     0.012890625             147             114
17400             188              34       0.0734375      0.01328125             148             114
17500             188              34       0.0734375      0.01328125             148             114
17600             186              35      0.07265625     0.013671875             149             114
17700             186              35      0.07265625     0.013671875             150             115
17800             186              35      0.07265625     0.013671875             150             115
17900             186              35      0.07265625     0.013671875             150             115
18000             182              37      0.07109375     0.014453125             152             115
18100             182              37      0.07109375     0.014453125             152             115
18200             178              39      0.06953125     0.015234375             154             115
18300             174              41      0.06796875     0.016015625             156             115
18400             176              40         0.06875        0.015625             156             116
18500             176              40         0.06875        0.015625             158             118
18600             178              39      0.06953125     0.015234375             158             119
18700             178              39      0.06953125     0.015234375             158             119
18800             178              39      0.06953125     0.015234375             158             119
18900             176              40         0.06875        0.015625             159             119
19000             174              41      0.06796875     0.016015625             160             119
19100             180              38       0.0703125      0.01484375             160             122
19200             180              38       0.0703125      0.01484375             160             122
19300             180              38       0.0703125      0.01484375             160             122
19400             176              40         0.06875        0.015625             162             122
19500             176              40         0.06875        0.015625             163             123
19600             174              41      0.06796875     0.016015625             164             123
19700             178              39      0.06953125     0.015234375             164             125
19800             176              40         0.06875        0.015625             165             125
19900             178              39      0.06953125     0.015234375             167             128
20000             176              40         0.06875        0.015625             168             128
20100             176              40         0.06875        0.015625             169             129
20200             176              40         0.06875        0.015625             169             129
20300             176              40         0.06875        0.015625             169             129
20400             178              39      0.06953125     0.015234375             169             130
20500             180              38       0.0703125      0.01484375             170             132
20600             178              39      0.06953125     0.015234375             171             132
20700             178              39      0.06953125     0.015234375             172             133
20800             178              39      0.06953125     0.015234375             173             134
20900             182              37      0.07109375     0.014453125             173             136
21000             184              36        0.071875       0.0140625             173             137
21100             180              38       0.0703125      0.01484375             175             137
21200             180              38       0.0703125      0.01484375             175             137
21300             184              36        0.071875       0.0140625             175             139
21400             182              37      0.07109375     0.014453125             177             140
21500             182              37      0.07109375     0.014453125             178             141
21600             174              41      0.06796875     0.016015625             182             141
21700             172              42       0.0671875      0.01640625             183             141
21800             172              42       0.0671875      0.01640625             184             142
21900             170              43      0.06640625     0.016796875             185             142
22000             166              45      0.06484375     0.017578125             187             142
22100             164              46       0.0640625      0.01796875             188             142
22200             168              44        0.065625       0.0171875             188             144
22300             174              41      0.06796875     0.016015625             189             148
22400             180              38       0.0703125      0.01484375             189             151
22500             178              39      0.06953125     0.015234375             190             151
22600             178              39      0.06953125     0.015234375             190             151
22700             182              37      0.07109375     0.014453125             190             153
22800             178              39      0.06953125     0.015234375             192             153
22900             174              41      0.06796875     0.016015625             195             154
23000             172              42       0.0671875      0.01640625             196             154
23100             172              42       0.0671875      0.01640625             196             154
23200             170              43      0.06640625     0.016796875             197             154
23300             170              43      0.06640625     0.016796875             198             155
23400             168              44        0.065625       0.0171875             199             155
23500             170              43      0.06640625     0.016796875             199             156
23600             166              45      0.06484375     0.017578125             201             156
23700             166              45      0.06484375     0.017578125             201             156
23800             166              45      0.06484375     0.017578125             202             157
23900             168              44        0.065625       0.0171875             202             158
24000             168              44        0.065625       0.0171875             202             158
24100             168              44        0.065625       0.0171875             202             158
24200             168              44        0.065625       0.0171875             203             159
24300             174              41      0.06796875     0.016015625             203             162
24400             174              41      0.06796875     0.016015625             203             162
24500             178              39      0.06953125     0.015234375             204             165
24600             180              38       0.0703125      0.01484375             204             166
24700             184              36        0.071875       0.0140625             204             168
24800             180              38       0.0703125      0.01484375             206             168
24900             178              39      0.06953125     0.015234375             207             168
25000             176              40         0.06875        0.015625             208             168
25100             178              39      0.06953125     0.015234375             208             169
25200             180              38       0.0703125      0.01484375             208             170
25300             182              37      0.07109375     0.014453125             208             171
25400             178              39      0.06953125     0.015234375             210             171
25500             174              41      0.06796875     0.016015625             212             171
25600             176              40         0.06875        0.015625             212             172
25700             176              40         0.06875        0.015625             213             173
25800             176              40         0.06875        0.015625             213             173
25900             178              39      0.06953125     0.015234375             214             175
26000             178              39      0.06953125     0.015234375             215             176
26100             174              41      0.06796875     0.016015625             217             176
26200             174              41      0.06796875     0.016015625             218             177
26300             176              40         0.06875        0.015625             218             178
26400             178              39      0.06953125     0.015234375             218             179
26500             178              39      0.06953125     0.015234375             220             181
26600             178              39      0.06953125     0.015234375             220             181
26700             182              37      0.07109375     0.014453125             220             183
26800             178              39      0.06953125     0.015234375             222             183
26900             176              40         0.06875        0.015625             223             183
27000             178              39      0.06953125     0.015234375             223             184
27100             176              40         0.06875        0.015625             224             184
27200             180              38       0.0703125      0.01484375             224             186
27300             184              36        0.071875       0.0140625             224             188
27400             182              37      0.07109375     0.014453125             225             188
27500             182              37      0.07109375     0.014453125             226             189
27600             184              36        0.071875       0.0140625             226             190
27700             182              37      0.07109375     0.014453125             227             190
27800             184              36        0.071875       0.0140625             227             191
27900             184              36        0.071875       0.0140625             227             191
28000             184              36        0.071875       0.0140625             228             192
28100             182              37      0.07109375     0.014453125             230             193
28200             184              36        0.071875       0.0140625             231             195
28300             184              36        0.071875       0.0140625             232             196
28400             182              37      0.07109375     0.014453125             233             196
28500             178              39      0.06953125     0.015234375             235             196
28600             176              40         0.06875        0.015625             236             196
28700             178              39      0.06953125     0.015234375             238             199
28800             178              39      0.06953125     0.015234375             239             200
28900             182              37      0.07109375     0.014453125             240             203
29000             184              36        0.071875       0.0140625             240             204
29100             184              36        0.071875       0.0140625             241             205
29200             186              35      0.07265625     0.013671875             241             206
29300             186              35      0.07265625     0.013671875             242             207
29400             188              34       0.0734375      0.01328125             242             208
29500             188              34       0.0734375      0.01328125             243             209
29600             188              34       0.0734375      0.01328125             243             209
29700             188              34       0.0734375      0.01328125             244             210
29800             188              34       0.0734375      0.01328125             244             210
29900             190              33      0.07421875     0.012890625             244             211
30000             190              33      0.07421875     0.012890625             244             211
30100             190              33      0.07421875     0.012890625             246             213
30200             192              32           0.075          0.0125             246             214
30300             188              34       0.0734375      0.01328125             248             214
30400             190              33      0.07421875     0.012890625             248             215
30500             192              32           0.075          0.0125             248             216
30600             192              32           0.075          0.0125             249             217
30700             190              33      0.07421875     0.012890625             250             217
30800             190              33      0.07421875     0.012890625             250             217
30900             190              33      0.07421875     0.012890625             251             218
31000             190              33      0.07421875     0.012890625             252             219
31100             184              36        0.071875       0.0140625             255             219
31200             192              32           0.075          0.0125             256             224
31300             190              33      0.07421875     0.012890625             257             224
31400             190              33      0.07421875     0.012890625             258             225
31500             190              33      0.07421875     0.012890625             258             225
31600             186              35      0.07265625     0.013671875             260             225
31700             186              35      0.07265625     0.013671875             261             226
31800             184              36        0.071875       0.0140625             263             227
31900             184              36        0.071875       0.0140625             264             228
32000             180              38       0.0703125      0.01484375             266             228
32100             178              39      0.06953125     0.015234375             267             228
32200             176              40         0.06875        0.015625             269             229
32300             178              39      0.06953125     0.015234375             270             231
32400             176              40         0.06875        0.015625             271             231
32500             180              38       0.0703125      0.01484375             272             234
32600             178              39      0.06953125     0.015234375             273             234
32700             178              39      0.06953125     0.015234375             273             234
32800             182              37      0.07109375     0.014453125             273             236
32900             180              38       0.0703125      0.01484375             274             236
33000             176              40         0.06875        0.015625             276             236
33100             176              40         0.06875        0.015625             276             236
33200             176              40         0.06875        0.015625             276             236
33300             178              39      0.06953125     0.015234375             277             238
33400             176              40         0.06875        0.015625             278             238
33500             172              42       0.0671875      0.01640625             280             238
33600             170              43      0.06640625     0.016796875             281             238
33700             168              44        0.065625       0.0171875             282             238
33800             168              44        0.065625       0.0171875             282             238
33900             172              42       0.0671875      0.01640625             282             240
34000             176              40         0.06875        0.015625             282             242
34100             174              41      0.06796875     0.016015625             283             242
34200             174              41      0.06796875     0.016015625             284             243
34300             174              41      0.06796875     0.016015625             284             243
34400             180              38       0.0703125      0.01484375             284             246
34500             174              41      0.06796875     0.016015625             287             246
34600             174              41      0.06796875     0.016015625             289             248
34700             174              41      0.06796875     0.016015625             289             248
34800             176              40         0.06875        0.015625             290             250
34900             176              40         0.06875        0.015625             291             251
35000             172              42       0.0671875      0.01640625             293             251
35100             172              42       0.0671875      0.01640625             294             252
35200             172              42       0.0671875      0.01640625             296             254
35300             168              44        0.065625       0.0171875             298             254
35400             172              42       0.0671875      0.01640625             298             256
35500             170              43      0.06640625     0.016796875             299             256
35600             168              44        0.065625       0.0171875             300             256
35700             170              43      0.06640625     0.016796875             300             257
35800             170              43      0.06640625     0.016796875             302             259
35900             172              42       0.0671875      0.01640625             302             260
36000             172              42       0.0671875      0.01640625             302             260
36100             176              40         0.06875        0.015625             302             262
36200             176              40         0.06875        0.015625             302             262
36300             174              41      0.06796875     0.016015625             304             263
36400             174              41      0.06796875     0.016015625             305             264
36500             174              41      0.06796875     0.016015625             305             264
36600             174              41      0.06796875     0.016015625             305             264
36700             174              41      0.06796875     0.016015625             305             264
36800             174              41      0.06796875     0.016015625             305             264
36900             174              41      0.06796875     0.016015625             306             265
37000             172              42       0.0671875      0.01640625             307             265
37100             172              42       0.0671875      0.01640625             308             266
37200             172              42       0.0671875      0.01640625             309             267
37300             170              43      0.06640625     0.016796875             311             268
37400             172              42       0.0671875      0.01640625             311             269
37500             174              41      0.06796875     0.016015625             311             270
37600             174              41      0.06796875     0.016015625             312             271
37700             174              41      0.06796875     0.016015625             313             272
37800             176              40         0.06875        0.015625             314             274
37900             180              38       0.0703125      0.01484375             316             278
38000             178              39      0.06953125     0.015234375             318             279
38100             180              38       0.0703125      0.01484375             318             280
38200             180              38       0.0703125      0.01484375             318             280
38300             180              38       0.0703125      0.01484375             320             282
38400             182              37      0.07109375     0.014453125             320             283
38500             184              36        0.071875       0.0140625             320             284
38600             182              37      0.07109375     0.014453125             321             284
38700             182              37      0.07109375     0.014453125             321             284
38800             178              39      0.06953125     0.015234375             323             284
38900             178              39      0.06953125     0.015234375             323             284
39000             176              40         0.06875        0.015625             324             284
39100             174              41      0.06796875     0.016015625             325             284
39200             172              42       0.0671875      0.01640625             326             284
39300             170              43      0.06640625     0.016796875             328             285
39400             168              44        0.065625       0.0171875             330             286
39500             166              45      0.06484375     0.017578125             331             286
39600             166              45      0.06484375     0.017578125             331             286
39700             164              46       0.0640625      0.01796875             332             286
39800             166              45      0.06484375     0.017578125             332             287
39900             168              44        0.065625       0.0171875             332             288
40000             166              45      0.06484375     0.017578125             333             288
40100             166              45      0.06484375     0.017578125             333             288
40200             166              45      0.06484375     0.017578125             333             288
40300             168              44        0.065625       0.0171875             333             289
40400             166              45      0.06484375     0.017578125             335             290
40500             166              45      0.06484375     0.017578125             335             290
40600             166              45      0.06484375     0.017578125             335             290
40700             164              46       0.0640625      0.01796875             336             290
40800             168              44        0.065625       0.0171875             336             292
40900             164              46       0.0640625      0.01796875             338             292
41000             166              45      0.06484375     0.017578125             338             293
41100             166              45      0.06484375     0.017578125             339             294
41200             170              43      0.06640625     0.016796875             339             296
41300             166              45      0.06484375     0.017578125             341             296
41400             164              46       0.0640625      0.01796875             342             296
41500             168              44        0.065625       0.0171875             343             299
41600             168              44        0.065625       0.0171875             343             299
41700             166              45      0.06484375     0.017578125             344             299
41800             168              44        0.065625       0.0171875             344             300
41900             164              46       0.0640625      0.01796875             346             300
42000             166              45      0.06484375     0.017578125             347             302
42100             168              44        0.065625       0.0171875             347             303
42200             166              45      0.06484375     0.017578125             348             303
42300             168              44        0.065625       0.0171875             348             304
42400             170              43      0.06640625     0.016796875             348             305
42500             172              42       0.0671875      0.01640625             348             306
42600             174              41      0.06796875     0.016015625             348             307
42700             178              39      0.06953125     0.015234375             348             309
42800             176              40         0.06875        0.015625             349             309
42900             178              39      0.06953125     0.015234375             349             310
43000             176              40         0.06875        0.015625             350             310
43100             172              42       0.0671875      0.01640625             352             310
43200             178              39      0.06953125     0.015234375             352             313
43300             178              39      0.06953125     0.015234375             352             313
43400             176              40         0.06875        0.015625             353             313
43500             176              40         0.06875        0.015625             353             313
43600             172              42       0.0671875      0.01640625             355             313
43700             174              41      0.06796875     0.016015625             355             314
43800             176              40         0.06875        0.015625             355             315
43900             174              41      0.06796875     0.016015625             357             316
44000             172              42       0.0671875      0.01640625             359             317
44100             174              41      0.06796875     0.016015625             360             319
44200             172              42       0.0671875      0.01640625             361             319
44300             170              43      0.06640625     0.016796875             362             319
44400             172              42       0.0671875      0.01640625             362             320
44500             174              41      0.06796875     0.016015625             363             322
44600             174              41      0.06796875     0.016015625             364             323
44700             174              41      0.06796875     0.016015625             365             324
44800             176              40         0.06875        0.015625             365             325
44900             180              38       0.0703125      0.01484375             365             327
45000             178              39      0.06953125     0.015234375             367             328
45100             178              39      0.06953125     0.015234375             367             328
45200             176              40         0.06875        0.015625             369             329
45300             180              38       0.0703125      0.01484375             370             332
45400             180              38       0.0703125      0.01484375             371             333
45500             178              39      0.06953125     0.015234375             372             333
45600             180              38       0.0703125      0.01484375             372             334
45700             182              37      0.07109375     0.014453125             372             335
45800             176              40         0.06875        0.015625             375             335
45900             180              38       0.0703125      0.01484375             375             337
46000             180              38       0.0703125      0.01484375             376             338
46100             182              37      0.07109375     0.014453125             376             339
46200             184              36        0.071875       0.0140625             376             340
46300             178              39      0.06953125     0.015234375             379             340
46400             180              38       0.0703125      0.01484375             380             342
46500             178              39      0.06953125     0.015234375             381             342
46600             178              39      0.06953125     0.015234375             383             344
46700             178              39      0.06953125     0.015234375             383             344
46800             182              37      0.07109375     0.014453125             384             347
46900             182              37      0.07109375     0.014453125             385             348
47000             182              37      0.07109375     0.014453125             385             348
47100             184              36        0.071875       0.0140625             385             349
47200             184              36        0.071875       0.0140625             385             349
47300             186              35      0.07265625     0.013671875             385             350
47400             182              37      0.07109375     0.014453125             387             350
47500             182              37      0.07109375     0.014453125             387             350
47600             178              39      0.06953125     0.015234375             389             350
47700             168              44        0.065625       0.0171875             394             350
47800             168              44        0.065625       0.0171875             395             351
47900             168              44        0.065625       0.0171875             395             351
48000             170              43      0.06640625     0.016796875             395             352
48100             170              43      0.06640625     0.016796875             395             352
48200             170              43      0.06640625     0.016796875             396             353
48300             170              43      0.06640625     0.016796875             396             353
48400             164              46       0.0640625      0.01796875             399             353
48500             164              46       0.0640625      0.01796875             399             353
48600             166              45      0.06484375     0.017578125             399             354
48700             166              45      0.06484375     0.017578125             399             354
48800             168              44        0.065625       0.0171875             399             355
48900             168              44        0.065625       0.0171875             400             356
49000             166              45      0.06484375     0.017578125             401             356
49100             174              41      0.06796875     0.016015625             401             360
49200             180              38       0.0703125      0.01484375             401             363
49300             180              38       0.0703125      0.01484375             401             363
49400             178              39      0.06953125     0.015234375             402             363
49500             180              38       0.0703125      0.01484375             402             364
49600             182              37      0.07109375     0.014453125             402             365
49700             180              38       0.0703125      0.01484375             403             365
49800             178              39      0.06953125     0.015234375             404             365
49900             178              39      0.06953125     0.015234375             404             365
50000             176              40         0.06875        0.015625             405             365
50100             176              40         0.06875        0.015625             405             365
50200             176              40         0.06875        0.015625             405             365
50300             174              41      0.06796875     0.016015625             406             365
50400             174              41      0.06796875     0.016015625             407             366
50500             180              38       0.0703125      0.01484375             407             369
50600             182              37      0.07109375     0.014453125             407             370
50700             180              38       0.0703125      0.01484375             408             370
50800             184              36        0.071875       0.0140625             408             372
50900             184              36        0.071875       0.0140625             408             372
51000             182              37      0.07109375     0.014453125             409             372
51100             184              36        0.071875       0.0140625             409             373
51200             184              36        0.071875       0.0140625             410             374
51300             184              36        0.071875       0.0140625             410             374
51400             190              33      0.07421875     0.012890625             410             377
51500             190              33      0.07421875     0.012890625             410             377
51600             188              34       0.0734375      0.01328125             411             377
51700             190              33      0.07421875     0.012890625             411             378
51800             192              32           0.075          0.0125             411             379
51900             192              32           0.075          0.0125             411             379
52000             190              33      0.07421875     0.012890625             413             380
52100             190              33      0.07421875     0.012890625             413             380
52200             190              33      0.07421875     0.012890625             413             380
52300             188              34       0.0734375      0.01328125             415             381
52400             188              34       0.0734375      0.01328125             416             382
52500             192              32           0.075          0.0125             416             384
52600             192              32           0.075          0.0125             417             385
52700             190              33      0.07421875     0.012890625             418             385
52800             188              34       0.0734375      0.01328125             419             385
52900             188              34       0.0734375      0.01328125             419             385
53000             190              33      0.07421875     0.012890625             419             386
53100             188              34       0.0734375      0.01328125             420             386
53200             186              35      0.07265625     0.013671875             421             386
53300             186              35      0.07265625     0.013671875             422             387
53400             186              35      0.07265625     0.013671875             422             387
53500             184              36        0.071875       0.0140625             423             387
53600             186              35      0.07265625     0.013671875             423             388
53700             186              35      0.07265625     0.013671875             423             388
53800             182              37      0.07109375     0.014453125             425             388
53900             186              35      0.07265625     0.013671875             425             390
54000             184              36        0.071875       0.0140625             426             390
54100             180              38       0.0703125      0.01484375             428             390
54200             178              39      0.06953125     0.015234375             429             390
54300             178              39      0.06953125     0.015234375             429             390
54400             178              39      0.06953125     0.015234375             429             390
54500             180              38       0.0703125      0.01484375             429             391
54600             178              39      0.06953125     0.015234375             430             391
54700             174              41      0.06796875     0.016015625             432             391
54800             176              40         0.06875        0.015625             432             392
54900             178              39      0.06953125     0.015234375             433             394
55000             176              40         0.06875        0.015625             434             394
55100             176              40         0.06875        0.015625             434             394
55200             178              39      0.06953125     0.015234375             434             395
55300             182              37      0.07109375     0.014453125             435             398
55400             182              37      0.07109375     0.014453125             436             399
55500             184              36        0.071875       0.0140625             437             401
55600             182              37      0.07109375     0.014453125             439             402
55700             178              39      0.06953125     0.015234375             441             402
55800             178              39      0.06953125     0.015234375             442             403
55900             178              39      0.06953125     0.015234375             442             403
56000             176              40         0.06875        0.015625             443             403
56100             174              41      0.06796875     0.016015625             444             403
56200             174              41      0.06796875     0.016015625             444             403
56300             176              40         0.06875        0.015625             444             404
56400             174              41      0.06796875     0.016015625             447             406
56500             174              41      0.06796875     0.016015625             447             406
56600             176              40         0.06875        0.015625             447             407
56700             176              40         0.06875        0.015625             448             408
56800             174              41      0.06796875     0.016015625             449             408
56900             176              40         0.06875        0.015625             449             409
57000             180              38       0.0703125      0.01484375             450             412
57100             176              40         0.06875        0.015625             452             412
57200             176              40         0.06875        0.015625             453             413
57300             180              38       0.0703125      0.01484375             453             415
57400             180              38       0.0703125      0.01484375             453             415
57500             180              38       0.0703125      0.01484375             454             416
57600             180              38       0.0703125      0.01484375             454             416
57700             182              37      0.07109375     0.014453125             454             417
57800             184              36        0.071875       0.0140625             454             418
57900             184              36        0.071875       0.0140625             455             419
58000             186              35      0.07265625     0.013671875             455             420
58100             186              35      0.07265625     0.013671875             455             420
58200             190              33      0.07421875     0.012890625             455             422
58300             190              33      0.07421875     0.012890625             455             422
58400             188              34       0.0734375      0.01328125             456             422
58500             190              33      0.07421875     0.012890625             456             423
58600             190              33      0.07421875     0.012890625             457             424
58700             192              32           0.075          0.0125             457             425
58800             192              32           0.075          0.0125             457             425
58900             194              31      0.07578125     0.012109375             458             427
59000             192              32           0.075          0.0125             459             427
59100             192              32           0.075          0.0125             460             428
59200             192              32           0.075          0.0125             460             428
59300             192              32           0.075          0.0125             460             428
59400             190              33      0.07421875     0.012890625             461             428
59500             194              31      0.07578125     0.012109375             461             430
59600             198              29      0.07734375     0.011328125             461             432
59700             194              31      0.07578125     0.012109375             463             432
59800             190              33      0.07421875     0.012890625             465             432
59900             186              35      0.07265625     0.013671875             467             432
60000             190              33      0.07421875     0.012890625             467             434
60100             192              32           0.075          0.0125             468             436
60200             192              32           0.075          0.0125             469             437
60300             190              33      0.07421875     0.012890625             470             437
60400             188              34       0.0734375      0.01328125             471             437
60500             186              35      0.07265625     0.013671875             472             437
60600             184              36        0.071875       0.0140625             474             438
60700             188              34       0.0734375      0.01328125             474             440
60800             188              34       0.0734375      0.01328125             474             440
60900             188              34       0.0734375      0.01328125             474             440
61000             190              33      0.07421875     0.012890625             474             441
61100             186              35      0.07265625     0.013671875             476             441
61200             186              35      0.07265625     0.013671875             477             442
61300             192              32           0.075          0.0125             477             445
61400             192              32           0.075          0.0125             478             446
61500             192              32           0.075          0.0125             480             448
61600             192              32           0.075          0.0125             481             449
61700             188              34       0.0734375      0.01328125             483             449
61800             188              34       0.0734375      0.01328125             484             450
61900             188              34       0.0734375      0.01328125             486             452
62000             192              32           0.075          0.0125             486             454
62100             192              32           0.075          0.0125             486             454
62200             188              34       0.0734375      0.01328125             488             454
62300             188              34       0.0734375      0.01328125             488             454
62400             186              35      0.07265625     0.013671875             489             454
62500             184              36        0.071875       0.0140625             490             454
62600             184              36        0.071875       0.0140625             490             454
62700             184              36        0.071875       0.0140625             490             454
62800             182              37      0.07109375     0.014453125             492             455
62900             180              38       0.0703125      0.01484375             494             456
63000             180              38       0.0703125      0.01484375             494             456
63100             180              38       0.0703125      0.01484375             494             456
63200             180              38       0.0703125      0.01484375             494             456
63300             182              37      0.07109375     0.014453125             494             457
63400             184              36        0.071875       0.0140625             494             458
63500             182              37      0.07109375     0.014453125             495             458
63600             178              39      0.06953125     0.015234375             498             459
63700             180              38       0.0703125      0.01484375             498             460
63800             178              39      0.06953125     0.015234375             499             460
63900             178              39      0.06953125     0.015234375             500             461
64000             180              38       0.0703125      0.01484375             501             463
64100             180              38       0.0703125      0.01484375             501             463
64200             180              38       0.0703125      0.01484375             501             463
64300             178              39      0.06953125     0.015234375             502             463
64400             178              39      0.06953125     0.015234375             503             464
64500             182              37      0.07109375     0.014453125             503             466
64600             186              35      0.07265625     0.013671875             504             469
64700             186              35      0.07265625     0.013671875             504             469
64800             188              34       0.0734375      0.01328125             504             470
64900             184              36        0.071875       0.0140625             506             470
65000             188              34       0.0734375      0.01328125             507             473
65100             190              33      0.07421875     0.012890625             507             474
65200             192              32           0.075          0.0125             507             475
65300             192              32           0.075          0.0125             507             475
65400             196              30       0.0765625      0.01171875             507             477
65500             198              29      0.07734375     0.011328125             507             478
65600             196              30       0.0765625      0.01171875             509             479
65700             194              31      0.07578125     0.012109375             510             479
65800             194              31      0.07578125     0.012109375             510             479
65900             190              33      0.07421875     0.012890625             512             479
66000             190              33      0.07421875     0.012890625             512             479
66100             188              34       0.0734375      0.01328125             514             480
66200             186              35      0.07265625     0.013671875             515             480
66300             188              34       0.0734375      0.01328125             515             481
66400             190              33      0.07421875     0.012890625             516             483
66500             190              33      0.07421875     0.012890625             516             483
66600             188              34       0.0734375      0.01328125             517             483
66700             186              35      0.07265625     0.013671875             518             483
66800             184              36        0.071875       0.0140625             519             483
66900             186              35      0.07265625     0.013671875             519             484
67000             184              36        0.071875       0.0140625             520             484
67100             182              37      0.07109375     0.014453125             521             484
67200             186              35      0.07265625     0.013671875             521             486
67300             186              35      0.07265625     0.013671875             521             486
67400             188              34       0.0734375      0.01328125             521             487
67500             188              34       0.0734375      0.01328125             521             487
67600             186              35      0.07265625     0.013671875             523             488
67700             186              35      0.07265625     0.013671875             523             488
67800             186              35      0.07265625     0.013671875             524             489
67900             186              35      0.07265625     0.013671875             524             489
68000             186              35      0.07265625     0.013671875             524             489
68100             188              34       0.0734375      0.01328125             524             490
68200             188              34       0.0734375      0.01328125             524             490
68300             186              35      0.07265625     0.013671875             525             490
68400             188              34       0.0734375      0.01328125             525             491
68500             190              33      0.07421875     0.012890625             525             492
68600             190              33      0.07421875     0.012890625             526             493
68700             186              35      0.07265625     0.013671875             528             493
68800             184              36        0.071875       0.0140625             529             493
68900             182              37      0.07109375     0.014453125             530             493
69000             180              38       0.0703125      0.01484375             531             493
69100             180              38       0.0703125      0.01484375             531             493
69200             178              39      0.06953125     0.015234375             532             493
69300             174              41      0.06796875     0.016015625             534             493
69400             174              41      0.06796875     0.016015625             534             493
69500             180              38       0.0703125      0.01484375             534             496
69600             176              40         0.06875        0.015625             536             496
69700             176              40         0.06875        0.015625             537             497
69800             176              40         0.06875        0.015625             537             497
69900             176              40         0.06875        0.015625             538             498
70000             178              39      0.06953125     0.015234375             538             499
70100             180              38       0.0703125      0.01484375             538             500
70200             176              40         0.06875        0.015625             540             500
70300             180              38       0.0703125      0.01484375             540             502
70400             176              40         0.06875        0.015625             542             502
70500             174              41      0.06796875     0.016015625             543             502
70600             176              40         0.06875        0.015625             543             503
70700             178              39      0.06953125     0.015234375             544             505
70800             176              40         0.06875        0.015625             545             505
70900             176              40         0.06875        0.015625             546             506
71000             176              40         0.06875        0.015625             546             506
71100             182              37      0.07109375     0.014453125             546             509
71200             180              38       0.0703125      0.01484375             548             510
71300             178              39      0.06953125     0.015234375             549             510
71400             180              38       0.0703125      0.01484375             549             511
71500             180              38       0.0703125      0.01484375             550             512
71600             180              38       0.0703125      0.01484375             551             513
71700             180              38       0.0703125      0.01484375             551             513
71800             178              39      0.06953125     0.015234375             552             513
71900             176              40         0.06875        0.015625             553             513
72000             178              39      0.06953125     0.015234375             553             514
72100             180              38       0.0703125      0.01484375             553             515
72200             180              38       0.0703125      0.01484375             553             515
72300             180              38       0.0703125      0.01484375             553             515
72400             182              37      0.07109375     0.014453125             553             516
72500             184              36        0.071875       0.0140625             553             517
72600             182              37      0.07109375     0.014453125             554             517
72700             182              37      0.07109375     0.014453125             554             517
72800             182              37      0.07109375     0.014453125             555             518
72900             184              36        0.071875       0.0140625             555             519
73000             184              36        0.071875       0.0140625             555             519
73100             184              36        0.071875       0.0140625             555             519
73200             184              36        0.071875       0.0140625             555             519
73300             184              36        0.071875       0.0140625             556             520
73400             182              37      0.07109375     0.014453125             558             521
73500             184              36        0.071875       0.0140625             558             522
73600             186              35      0.07265625     0.013671875             558             523
73700             186              35      0.07265625     0.013671875             558             523
73800             184              36        0.071875       0.0140625             559             523
73900             184              36        0.071875       0.0140625             560             524
74000             184              36        0.071875       0.0140625             560             524
74100             184              36        0.071875       0.0140625             560             524
74200             182              37      0.07109375     0.014453125             561             524
74300             178              39      0.06953125     0.015234375             563             524
74400             178              39      0.06953125     0.015234375             564             525
74500             178              39      0.06953125     0.015234375             564             525
74600             178              39      0.06953125     0.015234375             564             525
74700             178              39      0.06953125     0.015234375             564             525
74800             180              38       0.0703125      0.01484375             564             526
74900             180              38       0.0703125      0.01484375             564             526
75000             178              39      0.06953125     0.015234375             565             526
75100             180              38       0.0703125      0.01484375             566             528
75200             180              38       0.0703125      0.01484375             568             530
75300             180              38       0.0703125      0.01484375             568             530
75400             180              38       0.0703125      0.01484375             568             530
75500             182              37      0.07109375     0.014453125             568             531
75600             184              36        0.071875       0.0140625             568             532
75700             184              36        0.071875       0.0140625             568             532
75800             182              37      0.07109375     0.014453125             569             532
75900             182              37      0.07109375     0.014453125             569             532
76000             182              37      0.07109375     0.014453125             569             532
76100             186              35      0.07265625     0.013671875             569             534
76200             190              33      0.07421875     0.012890625             570             537
76300             188              34       0.0734375      0.01328125             571             537
76400             188              34       0.0734375      0.01328125             571             537
76500             192              32           0.075          0.0125             571             539
76600             192              32           0.075          0.0125             572             540
76700             192              32           0.075          0.0125             572             540
76800             194              31      0.07578125     0.012109375             572             541
76900             192              32           0.075          0.0125             573             541
77000             190              33      0.07421875     0.012890625             574             541
77100             190              33      0.07421875     0.012890625             575             542
77200             190              33      0.07421875     0.012890625             575             542
77300             186              35      0.07265625     0.013671875             577             542
77400             188              34       0.0734375      0.01328125             577             543
77500             188              34       0.0734375      0.01328125             578             544
77600             188              34       0.0734375      0.01328125             579             545
77700             190              33      0.07421875     0.012890625             579             546
77800             190              33      0.07421875     0.012890625             579             546
77900             186              35      0.07265625     0.013671875             581             546
78000             186              35      0.07265625     0.013671875             582             547
78100             188              34       0.0734375      0.01328125             582             548
78200             190              33      0.07421875     0.012890625             582             549
78300             190              33      0.07421875     0.012890625             583             550
78400             190              33      0.07421875     0.012890625             584             551
78500             188              34       0.0734375      0.01328125             585             551
78600             190              33      0.07421875     0.012890625             585             552
78700             190              33      0.07421875     0.012890625             585             552
78800             190              33      0.07421875     0.012890625             586             553
78900             190              33      0.07421875     0.012890625             587             554
79000             186              35      0.07265625     0.013671875             590             555
79100             184              36        0.071875       0.0140625             591             555
79200             184              36        0.071875       0.0140625             591             555
79300             180              38       0.0703125      0.01484375             593             555
79400             180              38       0.0703125      0.01484375             593             555
79500             176              40         0.06875        0.015625             595             555
79600             174              41      0.06796875     0.016015625             596             555
79700             174              41      0.06796875     0.016015625             596             555
79800             176              40         0.06875        0.015625             596             556
79900             176              40         0.06875        0.015625             597             557
80000             178              39      0.06953125     0.015234375             597             558
80100             180              38       0.0703125      0.01484375             597             559
80200             182              37      0.07109375     0.014453125             598             561
80300             182              37      0.07109375     0.014453125             599             562
80400             184              36        0.071875       0.0140625             599             563
80500             182              37      0.07109375     0.014453125             600             563
80600             180              38       0.0703125      0.01484375             601             563
80700             182              37      0.07109375     0.014453125             601             564
80800             180              38       0.0703125      0.01484375             602             564
80900             180              38       0.0703125      0.01484375             603             565
81000             180              38       0.0703125      0.01484375             604             566
81100             182              37      0.07109375     0.014453125             604             567
81200             182              37      0.07109375     0.014453125             605             568
81300             184              36        0.071875       0.0140625             605             569
81400             184              36        0.071875       0.0140625             605             569
81500             182              37      0.07109375     0.014453125             606             569
81600             180              38       0.0703125      0.01484375             607             569
81700             180              38       0.0703125      0.01484375             607             569
81800             174              41      0.06796875     0.016015625             610             569
81900             174              41      0.06796875     0.016015625             611             570
82000             174              41      0.06796875     0.016015625             611             570
82100             176              40         0.06875        0.015625             611             571
82200             180              38       0.0703125      0.01484375             612             574
82300             180              38       0.0703125      0.01484375             613             575
82400             178              39      0.06953125     0.015234375             614             575
82500             182              37      0.07109375     0.014453125             614             577
82600             178              39      0.06953125     0.015234375             616             577
82700             180              38       0.0703125      0.01484375             616             578
82800             184              36        0.071875       0.0140625             616             580
82900             184              36        0.071875       0.0140625             616             580
83000             184              36        0.071875       0.0140625             616             580
83100             184              36        0.071875       0.0140625             617             581
83200             182              37      0.07109375     0.014453125             618             581
83300             184              36        0.071875       0.0140625             618             582
83400             186              35      0.07265625     0.013671875             618             583
83500             188              34       0.0734375      0.01328125             618             584
83600             188              34       0.0734375      0.01328125             618             584
83700             188              34       0.0734375      0.01328125             618             584
83800             188              34       0.0734375      0.01328125             619             585
83900             190              33      0.07421875     0.012890625             619             586
84000             190              33      0.07421875     0.012890625             619             586
84100             190              33      0.07421875     0.012890625             619             586
84200             190              33      0.07421875     0.012890625             620             587
84300             190              33      0.07421875     0.012890625             620             587
84400             190              33      0.07421875     0.012890625             620             587
84500             190              33      0.07421875     0.012890625             620             587
84600             188              34       0.0734375      0.01328125             621             587
84700             188              34       0.0734375      0.01328125             621             587
84800             188              34       0.0734375      0.01328125             621             587
84900             184              36        0.071875       0.0140625             623             587
85000             186              35      0.07265625     0.013671875             623             588
85100             184              36        0.071875       0.0140625             624             588
85200             182              37      0.07109375     0.014453125             625             588
85300             182              37      0.07109375     0.014453125             625             588
85400             182              37      0.07109375     0.014453125             625             588
85500             182              37      0.07109375     0.014453125             625             588
85600             184              36        0.071875       0.0140625             626             590
85700             184              36        0.071875       0.0140625             626             590
85800             184              36        0.071875       0.0140625             627             591
85900             182              37      0.07109375     0.014453125             628             591
86000             184              36        0.071875       0.0140625             628             592
86100             184              36        0.071875       0.0140625             628             592
86200             186              35      0.07265625     0.013671875             628             593
86300             186              35      0.07265625     0.013671875             628             593
86400             182              37      0.07109375     0.014453125             630             593
86500             184              36        0.071875       0.0140625             630             594
86600             182              37      0.07109375     0.014453125             631             594
86700             186              35      0.07265625     0.013671875             631             596
86800             186              35      0.07265625     0.013671875             632             597
86900             186              35      0.07265625     0.013671875             633             598
87000             184              36        0.071875       0.0140625             634             598
87100             182              37      0.07109375     0.014453125             635             598
87200             182              37      0.07109375     0.014453125             635             598
87300             182              37      0.07109375     0.014453125             636             599
87400             182              37      0.07109375     0.014453125             636             599
87500             180              38       0.0703125      0.01484375             638             600
87600             184              36        0.071875       0.0140625             638             602
87700             184              36        0.071875       0.0140625             639             603
87800             184              36        0.071875       0.0140625             639             603
87900             186              35      0.07265625     0.013671875             640             605
88000             188              34       0.0734375      0.01328125             640             606
88100             190              33      0.07421875     0.012890625             640             607
88200             190              33      0.07421875     0.012890625             641             608
88300             192              32           0.075          0.0125             641             609
88400             192              32           0.075          0.0125             641             609
88500             190              33      0.07421875     0.012890625             642             609
88600             192              32           0.075          0.0125             643             611
88700             190              33      0.07421875     0.012890625             645             612
88800             190              33      0.07421875     0.012890625             646             613
88900             192              32           0.075          0.0125             647             615
89000             192              32           0.075          0.0125             647             615
89100             190              33      0.07421875     0.012890625             648             615
89200             194              31      0.07578125     0.012109375             648             617
89300             196              30       0.0765625      0.01171875             648             618
89400             194              31      0.07578125     0.012109375             649             618
89500             194              31      0.07578125     0.012109375             649             618
89600             196              30       0.0765625      0.01171875             649             619
89700             196              30       0.0765625      0.01171875             649             619
89800             198              29      0.07734375     0.011328125             649             620
89900             198              29      0.07734375     0.011328125             649             620
90000             198              29      0.07734375     0.011328125             650             621
90100             198              29      0.07734375     0.011328125             650             621
90200             196              30       0.0765625      0.01171875             651             621
90300             194              31      0.07578125     0.012109375             652             621
90400             194              31      0.07578125     0.012109375             652             621
90500             194              31      0.07578125     0.012109375             653             622
90600             196              30       0.0765625      0.01171875             653             623
90700             196              30       0.0765625      0.01171875             653             623
90800             200              28        0.078125       0.0109375             653             625
90900             198              29      0.07734375     0.011328125             654             625
91000             200              28        0.078125       0.0109375             654             626
91100             202              27      0.07890625     0.010546875             654             627
91200             200              28        0.078125       0.0109375             655             627
91300             196              30       0.0765625      0.01171875             657             627
91400             198              29      0.07734375     0.011328125             657             628
91500             196              30       0.0765625      0.01171875             659             629
91600             194              31      0.07578125     0.012109375             661             630
91700             194              31      0.07578125     0.012109375             662             631
91800             196              30       0.0765625      0.01171875             662             632
91900             194              31      0.07578125     0.012109375             663             632
92000             190              33      0.07421875     0.012890625             665             632
92100             190              33      0.07421875     0.012890625             666             633
92200             188              34       0.0734375      0.01328125             667             633
92300             190              33      0.07421875     0.012890625             668             635
92400             188              34       0.0734375      0.01328125             669             635
92500             190              33      0.07421875     0.012890625             669             636
92600             192              32           0.075          0.0125             669             637
92700             190              33      0.07421875     0.012890625             671             638
92800             188              34       0.0734375      0.01328125             672             638
92900             188              34       0.0734375      0.01328125             672             638
93000             188              34       0.0734375      0.01328125             674             640
93100             190              33      0.07421875     0.012890625             674             641
93200             192              32           0.075          0.0125             674             642
93300             196              30       0.0765625      0.01171875             674             644
93400             192              32           0.075          0.0125             676             644
93500             196              30       0.0765625      0.01171875             676             646
93600             194              31      0.07578125     0.012109375             677             646
93700             192              32           0.075          0.0125             678             646
93800             192              32           0.075          0.0125             679             647
93900             192              32           0.075          0.0125             680             648
94000             194              31      0.07578125     0.012109375             680             649
94100             190              33      0.07421875     0.012890625             682             649
94200             188              34       0.0734375      0.01328125             683             649
94300             190              33      0.07421875     0.012890625             684             651
94400             186              35      0.07265625     0.013671875             686             651
94500             184              36        0.071875       0.0140625             687             651
94600             186              35      0.07265625     0.013671875             687             652
94700             188              34       0.0734375      0.01328125             689             655
94800             190              33      0.07421875     0.012890625             689             656
94900             188              34       0.0734375      0.01328125             690             656
95000             188              34       0.0734375      0.01328125             690             656
95100             188              34       0.0734375      0.01328125             690             656
95200             186              35      0.07265625     0.013671875             691             656
95300             186              35      0.07265625     0.013671875             691             656
95400             186              35      0.07265625     0.013671875             691             656
95500             186              35      0.07265625     0.013671875             691             656
95600             190              33      0.07421875     0.012890625             691             658
95700             192              32           0.075          0.0125             691             659
95800             192              32           0.075          0.0125             691             659
95900             194              31      0.07578125     0.012109375             691             660
96000             192              32           0.075          0.0125             693             661
96100             194              31      0.07578125     0.012109375             693             662
96200             194              31      0.07578125     0.012109375             694             663
96300             192              32           0.075          0.0125             695             663
96400             190              33      0.07421875     0.012890625             696             663
96500             186              35      0.07265625     0.013671875             698             663
96600             184              36        0.071875       0.0140625             699             663
96700             186              35      0.07265625     0.013671875             701             666
96800             186              35      0.07265625     0.013671875             701             666
96900             186              35      0.07265625     0.013671875             701             666
97000             188              34       0.0734375      0.01328125             701             667
97100             186              35      0.07265625     0.013671875             702             667
97200             190              33      0.07421875     0.012890625             703             670
97300             190              33      0.07421875     0.012890625             704             671
97400             192              32           0.075          0.0125             704             672
97500             194              31      0.07578125     0.012109375             704             673
97600             194              31      0.07578125     0.012109375             704             673
97700             194              31      0.07578125     0.012109375             704             673
97800             194              31      0.07578125     0.012109375             704             673
97900             194              31      0.07578125     0.012109375             704             673
98000             194              31      0.07578125     0.012109375             704             673
98100             198              29      0.07734375     0.011328125             705             676
98200             198              29      0.07734375     0.011328125             705             676
98300             198              29      0.07734375     0.011328125             706             677
98400             192              32           0.075          0.0125             709             677
98500             188              34       0.0734375      0.01328125             711             677
98600             188              34       0.0734375      0.01328125             711             677
98700             188              34       0.0734375      0.01328125             711             677
98800             190              33      0.07421875     0.012890625             711             678
98900             186              35      0.07265625     0.013671875             713             678
99000             184              36        0.071875       0.0140625             714             678
99100             184              36        0.071875       0.0140625             715             679
99200             184              36        0.071875       0.0140625             715             679
99300             184              36        0.071875       0.0140625             715             679
99400             182              37      0.07109375     0.014453125             716             679
99500             178              39      0.06953125     0.015234375             718             679
99600             172              42       0.0671875      0.01640625             721             679
99700             176              40         0.06875        0.015625             721             681
99800             178              39      0.06953125     0.015234375             721             682
99900             180              38       0.0703125      0.01484375             721             683
100000             182              37      0.07109375     0.014453125             721             684
