# Time-averaged data for fix observ
# TimeStep v_nfree v_ndimer v_cfree v_cdimer f_kinetics[2] f_kinetics[3]
0             256               0             0.1               0               0               0
100             248               4        0.096875       0.0015625               4               0
200             238               9      0.09296875     0.003515625               9               0
300             230              13      0.08984375     0.005078125              15               2
400             216              20        0.084375       0.0078125              22               2
500             212              22       0.0828125      0.00859375              25               3
600             210              23      0.08203125     0.008984375              29               6
700             214              21      0.08359375     0.008203125              30               9
800             206              25      0.08046875     0.009765625              36              11
900             206              25      0.08046875     0.009765625              36              11
1000             200              28        0.078125       0.0109375              39              11
1100             196              30       0.0765625      0.01171875              44              14
1200             194              31      0.07578125     0.012109375              46              15
1300             192              32           0.075          0.0125              49              17
1400             194              31      0.07578125     0.012109375              51              20
1500             192              32           0.075          0.0125              55              23
1600             196              30       0.0765625      0.01171875              55              25
1700             196              30       0.0765625      0.01171875              58              28
1800             194              31      0.07578125     0.012109375              62              31
1900             198              29      0.07734375     0.011328125              64              35
2000             196              30       0.0765625      0.01171875              69              39
2100             200              28        0.078125       0.0109375              71              43
2200             196              30       0.0765625      0.01171875              73              43
2300             196              30       0.0765625      0.01171875              76              46
2400             200              28        0.078125       0.0109375              76              48
2500             196              30       0.0765625      0.01171875              80              50
2600             190              33      0.07421875     0.012890625              86              53
2700             178              39      0.06953125     0.015234375              94              55
2800             182              37      0.07109375     0.014453125              94              57
2900             182              37      0.07109375     0.014453125              97              60
3000             178              39      0.06953125     0.015234375             100              61
3100             170              43      0.06640625     0.016796875             104              61
3200             184              36        0.071875       0.0140625             104              68
3300             188              34       0.0734375      0.01328125             104              70
3400             188              34       0.0734375      0.01328125             105              71
3500             184              36        0.071875       0.0140625             111              75
3600             186              35      0.07265625     0.013671875             114              79
3700             188              34       0.0734375      0.01328125             115              81
3800             190              33      0.07421875     0.012890625             116              83
3900             194              31      0.07578125     0.012109375             118              87
4000             192              32           0.075          0.0125             123              91
4100             192              32           0.075          0.0125             126              94
4200             190              33      0.07421875     0.012890625             128              95
4300             184              36        0.071875       0.0140625             134              98
4400             180              38       0.0703125      0.01484375             139             101
4500             182              37      0.07109375     0.014453125             141             104
4600             184              36        0.071875       0.0140625             144             108
4700             184              36        0.071875       0.0140625             146             110
4800             184              36        0.071875       0.0140625             148             112
4900             190              33      0.07421875     0.012890625             150             117
5000             190              33      0.07421875     0.012890625             155             122
5100             192              32           0.075          0.0125             158             126
5200             192              32           0.075          0.0125             160             128
5300             194              31      0.07578125     0.012109375             162             131
5400             200              28        0.078125       0.0109375             162             134
5500             188              34       0.0734375      0.01328125             170             136
5600             188              34       0.0734375      0.01328125             172             138
5700             184              36        0.071875       0.0140625             178             142
5800             180              38       0.0703125      0.01484375             180             142
5900             178              39      0.06953125     0.015234375             183             144
6000             180              38       0.0703125      0.01484375             186             148
6100             184              36        0.071875       0.0140625             187             151
6200             190              33      0.07421875     0.012890625             187             154
6300             184              36        0.071875       0.0140625             191             155
6400             186              35      0.07265625     0.013671875             192             157
6500             180              38       0.0703125      0.01484375             199             161
6600             182              37      0.07109375     0.014453125             202             165
6700             180              38       0.0703125      0.01484375             205             167
6800             186              35      0.07265625     0.013671875             207             172
6900             186              35      0.07265625     0.013671875             210             175
7000             182              37      0.07109375     0.014453125             213             176
7100             182              37      0.07109375     0.014453125             218             181
7200             176              40         0.06875        0.015625             222             182
7300             184              36        0.071875       0.0140625             223             187
7400             190              33      0.07421875     0.012890625             225             192
7500             188              34       0.0734375      0.01328125             228             194
7600             184              36        0.071875       0.0140625             232             196
7700             190              33      0.07421875     0.012890625             232             199
7800             194              31      0.07578125     0.012109375             233             202
7900             192              32           0.075          0.0125             239             207
8000             192              32           0.075          0.0125             239             207
8100             188              34       0.0734375      0.01328125             246             212
8200             188              34       0.0734375      0.01328125             249             215
8300             194              31      0.07578125     0.012109375             251             220
8400             202              27      0.07890625     0.010546875             252             225
8500             202              27      0.07890625     0.010546875             254             227
8600             200              28        0.078125       0.0109375             257             229
8700             196              30       0.0765625      0.01171875             259             229
8800             194              31      0.07578125     0.012109375             261             230
8900             188              34       0.0734375      0.01328125             267             233
9000             190              33      0.07421875     0.012890625             268             235
9100             188              34       0.0734375      0.01328125             271             237
9200             190              33      0.07421875     0.012890625             275             242
9300             192              32           0.075          0.0125             277             245
9400             190              33      0.07421875     0.012890625             280             247
9500             190              33      0.07421875     0.012890625             283             250
9600             180              38       0.0703125      0.01484375             288             250
9700             186              35      0.07265625     0.013671875             289             254
9800             186              35      0.07265625     0.013671875             292             257
9900             194              31      0.07578125     0.012109375             294             263
10000             192              32           0.075          0.0125             297             265
10100             194              31      0.07578125     0.012109375             299             268
10200             192              32           0.075          0.0125             304             272
10300             182              37      0.07109375     0.014453125             311             274
10400             186              35      0.07265625     0.013671875             313             278
10500             190              33      0.07421875     0.012890625             315             282
10600             180              38       0.0703125      0.01484375             323             285
10700             184              36        0.071875       0.0140625             326             290
10800             180              38       0.0703125      0.01484375             330             292
10900             186              35      0.07265625     0.013671875             332             297
11000             186              35      0.07265625     0.013671875             334             299
11100             180              38       0.0703125      0.01484375             338             300
11200             178              39      0.06953125     0.015234375             341             302
11300             184              36        0.071875       0.0140625             344             308
11400             182              37      0.07109375     0.014453125             347             310
11500             176              40         0.06875        0.015625             351             311
11600             184              36        0.071875       0.0140625             351             315
11700             180              38       0.0703125      0.01484375             354             316
11800             182              37      0.07109375     0.014453125             358             321
11900             184              36        0.071875       0.0140625             358             322
12000             182              37      0.07109375     0.014453125             362             325
12100             184              36        0.071875       0.0140625             365             329
12200             186              35      0.07265625     0.013671875             367             332
12300             190              33      0.07421875     0.012890625             368             335
12400             182              37      0.07109375     0.014453125             373             336
12500             186              35      0.07265625     0.013671875             374             339
12600             176              40         0.06875        0.015625             380             340
12700             176              40         0.06875        0.015625             385             345
12800             176              40         0.06875        0.015625             389             349
12900             172              42       0.0671875      0.01640625             395             353
13000             176              40         0.06875        0.015625             398             358
13100             176              40         0.06875        0.015625             402             362
13200             178              39      0.06953125     0.015234375             405             366
13300             182              37      0.07109375     0.014453125             409             372
13400             174              41      0.06796875     0.016015625             415             374
13500             172              42       0.0671875      0.01640625             418             376
13600             170              43      0.06640625     0.016796875             422             379
13700             172              42       0.0671875      0.01640625             426             384
13800             162              47      0.06328125     0.018359375             431             384
13900             170              43      0.06640625     0.016796875             434             391
14000             170              43      0.06640625     0.016796875             436             393
14100             170              43      0.06640625     0.016796875             441             398
14200             170              43      0.06640625     0.016796875             443             400
14300             162              47      0.06328125     0.018359375             450             403
14400             160              48          0.0625         0.01875             452             404
14500             166              45      0.06484375     0.017578125             453             408
14600             164              46       0.0640625      0.01796875             455             409
14700             162              47      0.06328125     0.018359375             458             411
14800             166              45      0.06484375     0.017578125             459             414
14900             164              46       0.0640625      0.01796875             461             415
15000             164              46       0.0640625      0.01796875             464             418
15100             166              45      0.06484375     0.017578125             466             421
15200             164              46       0.0640625      0.01796875             469             423
15300             162              47      0.06328125     0.018359375             472             425
15400             166              45      0.06484375     0.017578125             475             430
15500             168              44        0.065625       0.0171875             477             433
15600             174              41      0.06796875     0.016015625             479             438
15700             170              43      0.06640625     0.016796875             483             440
15800             176              40         0.06875        0.015625             484             444
15900             174              41      0.06796875     0.016015625             489             448
16000             168              44        0.065625       0.0171875             493             449
16100             170              43      0.06640625     0.016796875             493             450
16200             174              41      0.06796875     0.016015625             497             456
16300             168              44        0.065625       0.0171875             500             456
16400             168              44        0.065625       0.0171875             503             459
16500             174              41      0.06796875     0.016015625             504             463
16600             174              41      0.06796875     0.016015625             508             467
16700             170              43      0.06640625     0.016796875             513             470
16800             166              45      0.06484375     0.017578125             517             472
16900             180              38       0.0703125      0.01484375             517             479
17000             178              39      0.06953125     0.015234375             520             481
17100             184              36        0.071875       0.0140625             521             485
17200             178              39      0.06953125     0.015234375             527             488
17300             174              41      0.06796875     0.016015625             531             490
17400             166              45      0.06484375     0.017578125             538             493
17500             168              44        0.065625       0.0171875             541             497
17600             170              43      0.06640625     0.016796875             544             501
17700             170              43      0.06640625     0.016796875             547             504
17800             170              43      0.06640625     0.016796875             549             506
17900             184              36        0.071875       0.0140625             550             514
18000             180              38       0.0703125      0.01484375             554             516
18100             176              40         0.06875        0.015625             557             517
18200             176              40         0.06875        0.015625             559             519
18300             176              40         0.06875        0.015625             561             521
18400             178              39      0.06953125     0.015234375             562             523
18500             180              38       0.0703125      0.01484375             564             526
18600             180              38       0.0703125      0.01484375             564             526
18700             178              39      0.06953125     0.015234375             566             527
18800             182              37      0.07109375     0.014453125             567             530
18900             180              38       0.0703125      0.01484375             571             533
19000             180              38       0.0703125      0.01484375             574             536
19100             178              39      0.06953125     0.015234375             576             537
19200             174              41      0.06796875     0.016015625             580             539
19300             174              41      0.06796875     0.016015625             583             542
19400             176              40         0.06875        0.015625             587             547
19500             178              39      0.06953125     0.015234375             589             550
19600             182              37      0.07109375     0.014453125             591             554
19700             180              38       0.0703125      0.01484375             593             555
19800             176              40         0.06875        0.015625             596             556
19900             176              40         0.06875        0.015625             599             559
20000             176              40         0.06875        0.015625             603             563
20100             184              36        0.071875       0.0140625             605             569
20200             192              32           0.075          0.0125             605             573
20300             190              33      0.07421875     0.012890625             608             575
20400             184              36        0.071875       0.0140625             613             577
20500             172              42       0.0671875      0.01640625             619             577
20600             174              41      0.06796875     0.016015625             620             579
20700             176              40         0.06875        0.015625             622             582
20800             178              39      0.06953125     0.015234375             626             587
20900             184              36        0.071875       0.0140625             628             592
21000             178              39      0.06953125     0.015234375             633             594
21100             184              36        0.071875       0.0140625             634             598
21200             184              36        0.071875       0.0140625             636             600
21300             180              38       0.0703125      0.01484375             641             603
21400             178              39      0.06953125     0.015234375             643             604
21500             182              37      0.07109375     0.014453125             646             609
21600             182              37      0.07109375     0.014453125             649             612
21700             184              36        0.071875       0.0140625             649             613
21800             184              36        0.071875       0.0140625             652             616
21900             178              39      0.06953125     0.015234375             657             618
22000             178              39      0.06953125     0.015234375             661             622
22100             178              39      0.06953125     0.015234375             665             626
22200             174              41      0.06796875     0.016015625             669             628
22300             174              41      0.06796875     0.016015625             671             630
22400             176              40         0.06875        0.015625             675             635
22500             176              40         0.06875        0.015625             679             639
22600             178              39      0.06953125     0.015234375             682             643
22700             174              41      0.06796875     0.016015625             685             644
22800             174              41      0.06796875     0.016015625             690             649
22900             174              41      0.06796875     0.016015625             692             651
23000             176              40         0.06875        0.015625             695             655
23100             182              37      0.07109375     0.014453125             696             659
23200             190              33      0.07421875     0.012890625             697             664
23300             184              36        0.071875       0.0140625             700             664
23400             184              36        0.071875       0.0140625             702             666
23500             190              33      0.07421875     0.012890625             706             673
23600             192              32           0.075          0.0125             706             674
23700             188              34       0.0734375      0.01328125             711             677
23800             186              35      0.07265625     0.013671875             713             678
23900             188              34       0.0734375      0.01328125             716             682
24000             192              32           0.075          0.0125             718             686
24100             194              31      0.07578125     0.012109375             720             689
24200             202              27      0.07890625     0.010546875             722             695
24300             186              35      0.07265625     0.013671875             732             697
24400             186              35      0.07265625     0.013671875             734             699
24500             180              38       0.0703125      0.01484375             737             699
24600             178              39      0.06953125     0.015234375             742             703
24700             170              43      0.06640625     0.016796875             747             704
24800             174              41      0.06796875     0.016015625             751             710
24900             176              40         0.06875        0.015625             754             714
25000             182              37      0.07109375     0.014453125             756             719
25100             178              39      0.06953125     0.015234375             761             722
25200             172              42       0.0671875      0.01640625             765             723
25300             164              46       0.0640625      0.01796875             770             724
25400             158              49      0.06171875     0.019140625             774             725
25500             170              43      0.06640625     0.016796875             774             731
25600             172              42       0.0671875      0.01640625             776             734
25700             172              42       0.0671875      0.01640625             778             736
25800             178              39      0.06953125     0.015234375             779             740
25900             184              36        0.071875       0.0140625             781             745
26000             184              36        0.071875       0.0140625             782             746
26100             182              37      0.07109375     0.014453125             784             747
26200             182              37      0.07109375     0.014453125             785             748
26300             178              39      0.06953125     0.015234375             790             751
26400             176              40         0.06875        0.015625             794             754
26500             172              42       0.0671875      0.01640625             798             756
26600             168              44        0.065625       0.0171875             802             758
26700             176              40         0.06875        0.015625             803             763
26800             176              40         0.06875        0.015625             805             765
26900             182              37      0.07109375     0.014453125             809             772
27000             184              36        0.071875       0.0140625             811             775
27100             178              39      0.06953125     0.015234375             814             775
27200             176              40         0.06875        0.015625             819             779
27300             174              41      0.06796875     0.016015625             822             781
27400             180              38       0.0703125      0.01484375             824             786
27500             172              42       0.0671875      0.01640625             829             787
27600             170              43      0.06640625     0.016796875             832             789
27700             172              42       0.0671875      0.01640625             835             793
27800             174              41      0.06796875     0.016015625             837             796
27900             176              40         0.06875        0.015625             837             797
28000             178              39      0.06953125     0.015234375             842             803
28100             174              41      0.06796875     0.016015625             846             805
28200             172              42       0.0671875      0.01640625             850             808
28300             172              42       0.0671875      0.01640625             855             813
28400             170              43      0.06640625     0.016796875             861             818
28500             172              42       0.0671875      0.01640625             862             820
28600             174              41      0.06796875     0.016015625             864             823
28700             178              39      0.06953125     0.015234375             869             830
28800             182              37      0.07109375     0.014453125             870             833
28900             192              32           0.075          0.0125             870             838
29000             186              35      0.07265625     0.013671875             873             838
29100             190              33      0.07421875     0.012890625             875             842
29200             188              34       0.0734375      0.01328125             878             844
29300             190              33      0.07421875     0.012890625             880             847
29400             186              35      0.07265625     0.013671875             886             851
29500             182              37      0.07109375     0.014453125             891             854
29600             178              39      0.06953125     0.015234375             895             856
29700             180              38       0.0703125      0.01484375             899             861
29800             182              37      0.07109375     0.014453125             901             864
29900             180              38       0.0703125      0.01484375             909             871
30000             182              37      0.07109375     0.014453125             912             875
30100             182              37      0.07109375     0.014453125             915             878
30200             182              37      0.07109375     0.014453125             917             880
30300             186              35      0.07265625     0.013671875             919             884
30400             186              35      0.07265625     0.013671875             920             885
30500             186              35      0.07265625     0.013671875             922             887
30600             176              40         0.06875        0.015625             928             888
30700             174              41      0.06796875     0.016015625             933             892
30800             172              42       0.0671875      0.01640625             936             894
30900             176              40         0.06875        0.015625             936             896
31000             180              38       0.0703125      0.01484375             937             899
31100             180              38       0.0703125      0.01484375             939             901
31200             172              42       0.0671875      0.01640625             944             902
31300             172              42       0.0671875      0.01640625             945             903
31400             174              41      0.06796875     0.016015625             947             906
31500             176              40         0.06875        0.015625             949             909
31600             170              43      0.06640625     0.016796875             953             910
31700             170              43      0.06640625     0.016796875             957             914
31800             164              46       0.0640625      0.01796875             962             916
31900             168              44        0.065625       0.0171875             964             920
32000             174              41      0.06796875     0.016015625             965             924
32100             178              39      0.06953125     0.015234375             968             929
32200             176              40         0.06875        0.015625             971             931
32300             178              39      0.06953125     0.015234375             973             934
32400             176              40         0.06875        0.015625             977             937
32500             174              41      0.06796875     0.016015625             980             939
32600             178              39      0.06953125     0.015234375             982             943
32700             172              42       0.0671875      0.01640625             985             943
32800             182              37      0.07109375     0.014453125             985             948
32900             172              42       0.0671875      0.01640625             992             950
33000             178              39      0.06953125     0.015234375             994             955
33100             180              38       0.0703125      0.01484375             996             958
33200             178              39      0.06953125     0.015234375             999             960
33300             174              41      0.06796875     0.016015625            1005             964
33400             174              41      0.06796875     0.016015625            1010             969
33500             170              43      0.06640625     0.016796875            1013             970
33600             166              45      0.06484375     0.017578125            1016             971
33700             172              42       0.0671875      0.01640625            1017             975
33800             180              38       0.0703125      0.01484375            1018             980
33900             182              37      0.07109375     0.014453125            1020             983
34000             182              37      0.07109375     0.014453125            1021             984
34100             188              34       0.0734375      0.01328125            1022             988
34200             192              32           0.075          0.0125            1024             992
34300             190              33      0.07421875     0.012890625            1027             994
34400             188              34       0.0734375      0.01328125            1030             996
34500             178              39      0.06953125     0.015234375            1036             997
34600             178              39      0.06953125     0.015234375            1041            1002
34700             174              41      0.06796875     0.016015625            1047            1006
34800             172              42       0.0671875      0.01640625            1051            1009
34900             178              39      0.06953125     0.015234375            1053            1014
35000             178              39      0.06953125     0.015234375            1055            1016
35100             178              39      0.06953125     0.015234375            1057            1018
35200             186              35      0.07265625     0.013671875            1058            1023
35300             176              40         0.06875        0.015625            1064            1024
35400             180              38       0.0703125      0.01484375            1067            1029
35500             184              36        0.071875       0.0140625            1071            1035
35600             184              36        0.071875       0.0140625            1072            1036
35700             186              35      0.07265625     0.013671875            1073            1038
35800             186              35      0.07265625     0.013671875            1074            1039
35900             182              37      0.07109375     0.014453125            1078            1041
36000             182              37      0.07109375     0.014453125            1080            1043
36100             178              39      0.06953125     0.015234375            1085            1046
36200             176              40         0.06875        0.015625            1088            1048
36300             178              39      0.06953125     0.015234375            1091            1052
36400             174              41      0.06796875     0.016015625            1095            1054
36500             172              42       0.0671875      0.01640625            1097            1055
36600             174              41      0.06796875     0.016015625            1100            1059
36700             180              38       0.0703125      0.01484375            1100            1062
36800             174              41      0.06796875     0.016015625            1105            1064
36900             184              36        0.071875       0.0140625            1106            1070
37000             182              37      0.07109375     0.014453125            1108            1071
37100             176              40         0.06875        0.015625            1114            1074
37200             174              41      0.06796875     0.016015625            1117            1076
37300             178              39      0.06953125     0.015234375            1118            1079
37400             184              36        0.071875       0.0140625            1120            1084
37500             180              38       0.0703125      0.01484375            1124            1086
37600             176              40         0.06875        0.015625            1127            1087
37700             176              40         0.06875        0.015625            1130            1090
37800             172              42       0.0671875      0.01640625            1132            1090
37900             172              42       0.0671875      0.01640625            1135            1093
38000             174              41      0.06796875     0.016015625            1136            1095
38100             174              41      0.06796875     0.016015625            1139            1098
38200             176              40         0.06875        0.015625            1139            1099
38300             180              38       0.0703125      0.01484375            1140            1102
38400             184              36        0.071875       0.0140625            1142            1106
38500             186              35      0.07265625     0.013671875            1144            1109
38600             186              35      0.07265625     0.013671875            1148            1113
38700             190              33      0.07421875     0.012890625            1150            1117
38800             180              38       0.0703125      0.01484375            1159            1121
38900             182              37      0.07109375     0.014453125            1161            1124
39000             182              37      0.07109375     0.014453125            1164            1127
39100             174              41      0.06796875     0.016015625            1168            1127
39200             174              41      0.06796875     0.016015625            1170            1129
39300             162              47      0.06328125     0.018359375            1177            1130
39400             164              46       0.0640625      0.01796875            1178            1132
39500             174              41      0.06796875     0.016015625            1178            1137
39600             178              39      0.06953125     0.015234375            1179            1140
39700             176              40         0.06875        0.015625            1183            1143
39800             174              41      0.06796875     0.016015625            1186            1145
39900             174              41      0.06796875     0.016015625            1188            1147
40000             172              42       0.0671875      0.01640625            1191            1149
40100             174              41      0.06796875     0.016015625            1194            1153
40200             176              40         0.06875        0.015625            1198            1158
40300             180              38       0.0703125      0.01484375            1198            1160
40400             184              36        0.071875       0.0140625            1200            1164
40500             178              39      0.06953125     0.015234375            1203            1164
40600             178              39      0.06953125     0.015234375            1205            1166
40700             176              40         0.06875        0.015625            1208            1168
40800             182              37      0.07109375     0.014453125            1211            1174
40900             180              38       0.0703125      0.01484375            1216            1178
41000             182              37      0.07109375     0.014453125            1217            1180
41100             186              35      0.07265625     0.013671875            1221            1186
41200             182              37      0.07109375     0.014453125            1225            1188
41300             172              42       0.0671875      0.01640625            1231            1189
41400             168              44        0.065625       0.0171875            1234            1190
41500             166              45      0.06484375     0.017578125            1237            1192
41600             174              41      0.06796875     0.016015625            1239            1198
41700             170              43      0.06640625     0.016796875            1242            1199
41800             166              45      0.06484375     0.017578125            1246            1201
41900             166              45      0.06484375     0.017578125            1248            1203
42000             176              40         0.06875        0.015625            1248            1208
42100             174              41      0.06796875     0.016015625            1251            1210
42200             174              41      0.06796875     0.016015625            1253            1212
42300             176              40         0.06875        0.015625            1256            1216
42400             172              42       0.0671875      0.01640625            1260            1218
42500             172              42       0.0671875      0.01640625            1263            1221
42600             170              43      0.06640625     0.016796875            1268            1225
42700             170              43      0.06640625     0.016796875            1270            1227
42800             172              42       0.0671875      0.01640625            1272            1230
42900             174              41      0.06796875     0.016015625            1274            1233
43000             180              38       0.0703125      0.01484375            1275            1237
43100             178              39      0.06953125     0.015234375            1279            1240
43200             174              41      0.06796875     0.016015625            1284            1243
43300             170              43      0.06640625     0.016796875            1287            1244
43400             172              42       0.0671875      0.01640625            1290            1248
43500             180              38       0.0703125      0.01484375            1292            1254
43600             178              39      0.06953125     0.015234375            1295            1256
43700             172              42       0.0671875      0.01640625            1299            1257
43800             172              42       0.0671875      0.01640625            1302            1260
43900             180              38       0.0703125      0.01484375            1304            1266
44000             180              38       0.0703125      0.01484375            1308            1270
44100             178              39      0.06953125     0.015234375            1312            1273
44200             174              41      0.06796875     0.016015625            1315            1274
44300             180              38       0.0703125      0.01484375            1315            1277
44400             184              36        0.071875       0.0140625            1315            1279
44500             178              39      0.06953125     0.015234375            1319            1280
44600             178              39      0.06953125     0.015234375            1321            1282
44700             174              41      0.06796875     0.016015625            1325            1284
44800             172              42       0.0671875      0.01640625            1327            1285
44900             174              41      0.06796875     0.016015625            1327            1286
45000             172              42       0.0671875      0.01640625            1332            1290
45100             178              39      0.06953125     0.015234375            1335            1296
45200             172              42       0.0671875      0.01640625            1341            1299
45300             178              39      0.06953125     0.015234375            1342            1303
45400             182              37      0.07109375     0.014453125            1342            1305
45500             188              34       0.0734375      0.01328125            1344            1310
45600             188              34       0.0734375      0.01328125            1347            1313
45700             186              35      0.07265625     0.013671875            1350            1315
45800             186              35      0.07265625     0.013671875            1352            1317
45900             196              30       0.0765625      0.01171875            1352            1322
46000             200              28        0.078125       0.0109375            1354            1326
46100             202              27      0.07890625     0.010546875            1355            1328
46200             198              29      0.07734375     0.011328125            1358            1329
46300             192              32           0.075          0.0125            1362            1330
46400             198              29      0.07734375     0.011328125            1363            1334
46500             200              28        0.078125       0.0109375            1367            1339
46600             186              35      0.07265625     0.013671875            1374            1339
46700             194              31      0.07578125     0.012109375            1374            1343
46800             194              31      0.07578125     0.012109375            1376            1345
46900             192              32           0.075          0.0125            1378            1346
47000             188              34       0.0734375      0.01328125            1382            1348
47100             182              37      0.07109375     0.014453125            1389            1352
47200             178              39      0.06953125     0.015234375            1394            1355
47300             176              40         0.06875        0.015625            1396            1356
47400             180              38       0.0703125      0.01484375            1398            1360
47500             176              40         0.06875        0.015625            1401            1361
47600             186              35      0.07265625     0.013671875            1403            1368
47700             182              37      0.07109375     0.014453125            1409            1372
47800             188              34       0.0734375      0.01328125            1410            1376
47900             186              35      0.07265625     0.013671875            1413            1378
48000             192              32           0.075          0.0125            1415            1383
48100             184              36        0.071875       0.0140625            1419            1383
48200             188              34       0.0734375      0.01328125            1419            1385
48300             188              34       0.0734375      0.01328125            1422            1388
48400             196              30       0.0765625      0.01171875            1423            1393
48500             198              29      0.07734375     0.011328125            1426            1397
48600             196              30       0.0765625      0.01171875            1428            1398
48700             194              31      0.07578125     0.012109375            1432            1401
48800             186              35      0.07265625     0.013671875            1437            1402
48900             186              35      0.07265625     0.013671875            1439            1404
49000             188              34       0.0734375      0.01328125            1442            1408
49100             188              34       0.0734375      0.01328125            1443            1409
49200             194              31      0.07578125     0.012109375            1444            1413
49300             198              29      0.07734375     0.011328125            1445            1416
49400             206              25      0.08046875     0.009765625            1445            1420
49500             202              27      0.07890625     0.010546875            1451            1424
49600             196              30       0.0765625      0.01171875            1455            1425
49700             192              32           0.075          0.0125            1460            1428
49800             190              33      0.07421875     0.012890625            1463            1430
49900             190              33      0.07421875     0.012890625            1469            1436
50000             182              37      0.07109375     0.014453125            1473            1436
50100             188              34       0.0734375      0.01328125            1474            1440
50200             186              35      0.07265625     0.013671875            1477            1442
50300             184              36        0.071875       0.0140625            1480            1444
50400             176              40         0.06875        0.015625            1486            1446
50500             178              39      0.06953125     0.015234375            1489            1450
50600             180              38       0.0703125      0.01484375            1492            1454
50700             178              39      0.06953125     0.015234375            1495            1456
50800             194              31      0.07578125     0.012109375            1496            1465
50900             192              32           0.075          0.0125            1498            1466
51000             198              29      0.07734375     0.011328125            1498            1469
51100             192              32           0.075          0.0125            1502            1470
51200             196              30       0.0765625      0.01171875            1504            1474
51300             192              32           0.075          0.0125            1509            1477
51400             198              29      0.07734375     0.011328125            1511            1482
51500             200              28        0.078125       0.0109375            1513            1485
51600             196              30       0.0765625      0.01171875            1517            1487
51700             198              29      0.07734375     0.011328125            1518            1489
51800             188              34       0.0734375      0.01328125            1525            1491
51900             182              37      0.07109375     0.014453125            1529            1492
52000             178              39      0.06953125     0.015234375            1533            1494
52100             174              41      0.06796875     0.016015625            1537            1496
52200             174              41      0.06796875     0.016015625            1540            1499
52300             176              40         0.06875        0.015625            1544            1504
52400             176              40         0.06875        0.015625            1549            1509
52500             178              39      0.06953125     0.015234375            1552            1513
52600             174              41      0.06796875     0.016015625            1557            1516
52700             178              39      0.06953125     0.015234375            1561            1522
52800             176              40         0.06875        0.015625            1566            1526
52900             172              42       0.0671875      0.01640625            1570            1528
53000             170              43      0.06640625     0.016796875            1574            1531
53100             166              45      0.06484375     0.017578125            1576            1531
53200             160              48          0.0625         0.01875            1582            1534
53300             162              47      0.06328125     0.018359375            1584            1537
53400             170              43      0.06640625     0.016796875            1586            1543
53500             170              43      0.06640625     0.016796875            1590            1547
53600             168              44        0.065625       0.0171875            1592            1548
53700             168              44        0.065625       0.0171875            1596            1552
53800             170              43      0.06640625     0.016796875            1599            1556
53900             166              45      0.06484375     0.017578125            1601            1556
54000             164              46       0.0640625      0.01796875            1602            1556
54100             170              43      0.06640625     0.016796875            1603            1560
54200             176              40         0.06875        0.015625            1603            1563
54300             176              40         0.06875        0.015625            1606            1566
54400             178              39      0.06953125     0.015234375            1609            1570
54500             172              42       0.0671875      0.01640625            1614            1572
54600             176              40         0.06875        0.015625            1616            1576
54700             180              38       0.0703125      0.01484375            1617            1579
54800             182              37      0.07109375     0.014453125            1618            1581
54900             184              36        0.071875       0.0140625            1620            1584
55000             188              34       0.0734375      0.01328125            1621            1587
55100             186              35      0.07265625     0.013671875            1624            1589
55200             176              40         0.06875        0.015625            1632            1592
55300             166              45      0.06484375     0.017578125            1638            1593
55400             176              40         0.06875        0.015625            1638            1598
55500             176              40         0.06875        0.015625            1644            1604
55600             172              42       0.0671875      0.01640625            1649            1607
55700             174              41      0.06796875     0.016015625            1651            1610
55800             172              42       0.0671875      0.01640625            1657            1615
55900             176              40         0.06875        0.015625            1659            1619
56000             176              40         0.06875        0.015625            1661            1621
56100             174              41      0.06796875     0.016015625            1664            1623
56200             186              35      0.07265625     0.013671875            1665            1630
56300             192              32           0.075          0.0125            1668            1636
56400             186              35      0.07265625     0.013671875            1671            1636
56500             182              37      0.07109375     0.014453125            1673            1636
56600             178              39      0.06953125     0.015234375            1677            1638
56700             184              36        0.071875       0.0140625            1681            1645
56800             184              36        0.071875       0.0140625            1684            1648
56900             190              33      0.07421875     0.012890625            1686            1653
57000             192              32           0.075          0.0125            1689            1657
57100             194              31      0.07578125     0.012109375            1690            1659
57200             192              32           0.075          0.0125            1695            1663
57300             192              32           0.075          0.0125            1699            1667
57400             200              28        0.078125       0.0109375            1699            1671
57500             198              29      0.07734375     0.011328125            1700            1671
57600             202              27      0.07890625     0.010546875            1700            1673
57700             200              28        0.078125       0.0109375            1703            1675
57800             200              28        0.078125       0.0109375            1705            1677
57900             200              28        0.078125       0.0109375            1708            1680
58000             196              30       0.0765625      0.01171875            1711            1681
58100             192              32           0.075          0.0125            1715            1683
58200             192              32           0.075          0.0125            1721            1689
58300             186              35      0.07265625     0.013671875            1724            1689
58400             192              32           0.075          0.0125            1726            1694
58500             190              33      0.07421875     0.012890625            1729            1696
58600             184              36        0.071875       0.0140625            1733            1697
58700             182              37      0.07109375     0.014453125            1735            1698
58800             180              38       0.0703125      0.01484375            1739            1701
58900             180              38       0.0703125      0.01484375            1741            1703
59000             188              34       0.0734375      0.01328125            1742            1708
59100             194              31      0.07578125     0.012109375            1744            1713
59200             190              33      0.07421875     0.012890625            1748            1715
59300             196              30       0.0765625      0.01171875            1749            1719
59400             188              34       0.0734375      0.01328125            1754            1720
59500             194              31      0.07578125     0.012109375            1756            1725
59600             190              33      0.07421875     0.012890625            1760            1727
59700             188              34       0.0734375      0.01328125            1763            1729
59800             182              37      0.07109375     0.014453125            1769            1732
59900             180              38       0.0703125      0.01484375            1773            1735
60000             178              39      0.06953125     0.015234375            1776            1737
60100             172              42       0.0671875      0.01640625            1779            1737
60200             170              43      0.06640625     0.016796875            1783            1740
60300             164              46       0.0640625      0.01796875            1788            1742
60400             170              43      0.06640625     0.016796875            1789            1746
60500             168              44        0.065625       0.0171875            1791            1747
60600             172              42       0.0671875      0.01640625            1792            1750
60700             174              41      0.06796875     0.016015625            1793            1752
60800             176              40         0.06875        0.015625            1796            1756
60900             176              40         0.06875        0.015625            1799            1759
61000             176              40         0.06875        0.015625            1801            1761
61100             178              39      0.06953125     0.015234375            1804            1765
61200             184              36        0.071875       0.0140625            1805            1769
61300             182              37      0.07109375     0.014453125            1808            1771
61400             188              34       0.0734375      0.01328125            1810            1776
61500             188              34       0.0734375      0.01328125            1813            1779
61600             186              35      0.07265625     0.013671875            1815            1780
61700             186              35      0.07265625     0.013671875            1816            1781
61800             178              39      0.06953125     0.015234375            1821            1782
61900             184              36        0.071875       0.0140625            1821            1785
62000             180              38       0.0703125      0.01484375            1826            1788
62100             178              39      0.06953125     0.015234375            1829            1790
62200             178              39      0.06953125     0.015234375            1832            1793
62300             182              37      0.07109375     0.014453125            1833            1796
62400             184              36        0.071875       0.0140625            1835            1799
62500             192              32           0.075          0.0125            1837            1805
62600             194              31      0.07578125     0.012109375            1840            1809
62700             194              31      0.07578125     0.012109375            1843            1812
62800             196              30       0.0765625      0.01171875            1844            1814
62900             192              32           0.075          0.0125            1846            1814
63000             182              37      0.07109375     0.014453125            1851            1814
63100             186              35      0.07265625     0.013671875            1852            1817
63200             182              37      0.07109375     0.014453125            1860            1823
63300             176              40         0.06875        0.015625            1865            1825
63400             180              38       0.0703125      0.01484375            1868            1830
63500             174              41      0.06796875     0.016015625            1871            1830
63600             176              40         0.06875        0.015625            1873            1833
63700             178              39      0.06953125     0.015234375            1874            1835
63800             180              38       0.0703125      0.01484375            1876            1838
63900             180              38       0.0703125      0.01484375            1878            1840
64000             176              40         0.06875        0.015625            1882            1842
64100             174              41      0.06796875     0.016015625            1885            1844
64200             174              41      0.06796875     0.016015625            1887            1846
64300             178              39      0.06953125     0.015234375            1887            1848
64400             182              37      0.07109375     0.014453125            1889            1852
64500             178              39      0.06953125     0.015234375            1894            1855
64600             176              40         0.06875        0.015625            1897            1857
64700             192              32           0.075          0.0125            1897            1865
64800             188              34       0.0734375      0.01328125            1902            1868
64900             188              34       0.0734375      0.01328125            1904            1870
65000             186              35      0.07265625     0.013671875            1906            1871
65100             186              35      0.07265625     0.013671875            1910            1875
65200             188              34       0.0734375      0.01328125            1911            1877
65300             196              30       0.0765625      0.01171875            1911            1881
65400             192              32           0.075          0.0125            1913            1881
65500             192              32           0.075          0.0125            1915            1883
65600             190              33      0.07421875     0.012890625            1917            1884
65700             196              30       0.0765625      0.01171875            1919            1889
65800             194              31      0.07578125     0.012109375            1922            1891
65900             190              33      0.07421875     0.012890625            1925            1892
66000             178              39      0.06953125     0.015234375            1932            1893
66100             184              36        0.071875       0.0140625            1933            1897
66200             186              35      0.07265625     0.013671875            1935            1900
66300             178              39      0.06953125     0.015234375            1940            1901
66400             182              37      0.07109375     0.014453125            1942            1905
66500             184              36        0.071875       0.0140625            1945            1909
66600             176              40         0.06875        0.015625            1950            1910
66700             170              43      0.06640625     0.016796875            1954            1911
66800             172              42       0.0671875      0.01640625            1957            1915
66900             184              36        0.071875       0.0140625            1958            1922
67000             184              36        0.071875       0.0140625            1962            1926
67100             188              34       0.0734375      0.01328125            1963            1929
67200             184              36        0.071875       0.0140625            1967            1931
67300             190              33      0.07421875     0.012890625            1969            1936
67400             178              39      0.06953125     0.015234375            1975            1936
67500             180              38       0.0703125      0.01484375            1976            1938
67600             180              38       0.0703125      0.01484375            1979            1941
67700             186              35      0.07265625     0.013671875            1980            1945
67800             184              36        0.071875       0.0140625            1982            1946
67900             186              35      0.07265625     0.013671875            1983            1948
68000             186              35      0.07265625     0.013671875            1989            1954
68100             186              35      0.07265625     0.013671875            1993            1958
68200             190              33      0.07421875     0.012890625            1996            1963
68300             190              33      0.07421875     0.012890625            1999            1966
68400             188              34       0.0734375      0.01328125            2001            1967
68500             188              34       0.0734375      0.01328125            2005            1971
68600             184              36        0.071875       0.0140625            2008            1972
68700             190              33      0.07421875     0.012890625            2011            1978
68800             196              30       0.0765625      0.01171875            2013            1983
68900             200              28        0.078125       0.0109375            2014            1986
69000             194              31      0.07578125     0.012109375            2018            1987
69100             196              30       0.0765625      0.01171875            2020            1990
69200             206              25      0.08046875     0.009765625            2022            1997
69300             202              27      0.07890625     0.010546875            2027            2000
69400             200              28        0.078125       0.0109375            2030            2002
69500             198              29      0.07734375     0.011328125            2032            2003
69600             190              33      0.07421875     0.012890625            2038            2005
69700             194              31      0.07578125     0.012109375            2040            2009
69800             190              33      0.07421875     0.012890625            2044            2011
69900             190              33      0.07421875     0.012890625            2046            2013
70000             188              34       0.0734375      0.01328125            2049            2015
70100             186              35      0.07265625     0.013671875            2052            2017
70200             184              36        0.071875       0.0140625            2055            2019
70300             186              35      0.07265625     0.013671875            2056            2021
70400             192              32           0.075          0.0125            2059            2027
70500             190              33      0.07421875     0.012890625            2063            2030
70600             198              29      0.07734375     0.011328125            2063            2034
70700             194              31      0.07578125     0.012109375            2069            2038
70800             198              29      0.07734375     0.011328125            2072            2043
70900             198              29      0.07734375     0.011328125            2076            2047
71000             200              28        0.078125       0.0109375            2078            2050
71100             194              31      0.07578125     0.012109375            2083            2052
71200             200              28        0.078125       0.0109375            2086            2058
71300             202              27      0.07890625     0.010546875            2089            2062
71400             198              29      0.07734375     0.011328125            2093            2064
71500             204              26       0.0796875      0.01015625            2094            2068
71600             202              27      0.07890625     0.010546875            2096            2069
71700             206              25      0.08046875     0.009765625            2097            2072
71800             204              26       0.0796875      0.01015625            2100            2074
71900             204              26       0.0796875      0.01015625            2104            2078
72000             202              27      0.07890625     0.010546875            2109            2082
72100             198              29      0.07734375     0.011328125            2112            2083
72200             196              30       0.0765625      0.01171875            2116            2086
72300             190              33      0.07421875     0.012890625            2121            2088
72400             192              32           0.075          0.0125            2121            2089
72500             198              29      0.07734375     0.011328125            2123            2094
72600             198              29      0.07734375     0.011328125            2125            2096
72700             190              33      0.07421875     0.012890625            2132            2099
72800             192              32           0.075          0.0125            2134            2102
72900             202              27      0.07890625     0.010546875            2135            2108
73000             194              31      0.07578125     0.012109375            2141            2110
73100             190              33      0.07421875     0.012890625            2144            2111
73200             190              33      0.07421875     0.012890625            2146            2113
73300             190              33      0.07421875     0.012890625            2149            2116
73400             182              37      0.07109375     0.014453125            2154            2117
73500             178              39      0.06953125     0.015234375            2160            2121
73600             170              43      0.06640625     0.016796875            2165            2122
73700             170              43      0.06640625     0.016796875            2166            2123
73800             178              39      0.06953125     0.015234375            2168            2129
73900             174              41      0.06796875     0.016015625            2171            2130
74000             180              38       0.0703125      0.01484375            2171            2133
74100             180              38       0.0703125      0.01484375            2174            2136
74200             176              40         0.06875        0.015625            2178            2138
74300             176              40         0.06875        0.015625            2180            2140
74400             176              40         0.06875        0.015625            2182            2142
74500             176              40         0.06875        0.015625            2186            2146
74600             170              43      0.06640625     0.016796875            2191            2148
74700             170              43      0.06640625     0.016796875            2195            2152
74800             172              42       0.0671875      0.01640625            2196            2154
74900             176              40         0.06875        0.015625            2198            2158
75000             182              37      0.07109375     0.014453125            2198            2161
75100             184              36        0.071875       0.0140625            2203            2167
75200             190              33      0.07421875     0.012890625            2203            2170
75300             194              31      0.07578125     0.012109375            2207            2176
75400             196              30       0.0765625      0.01171875            2208            2178
75500             190              33      0.07421875     0.012890625            2212            2179
75600             192              32           0.075          0.0125            2215            2183
75700             186              35      0.07265625     0.013671875            2219            2184
75800             180              38       0.0703125      0.01484375            2225            2187
75900             178              39      0.06953125     0.015234375            2228            2189
76000             184              36        0.071875       0.0140625            2229            2193
76100             188              34       0.0734375      0.01328125            2231            2197
76200             192              32           0.075          0.0125            2233            2201
76300             190              33      0.07421875     0.012890625            2237            2204
76400             192              32           0.075          0.0125            2239            2207
76500             186              35      0.07265625     0.013671875            2243            2208
76600             184              36        0.071875       0.0140625            2246            2210
76700             188              34       0.0734375      0.01328125            2247            2213
76800             184              36        0.071875       0.0140625            2251            2215
76900             182              37      0.07109375     0.014453125            2255            2218
77000             188              34       0.0734375      0.01328125            2256            2222
77100             190              33      0.07421875     0.012890625            2256            2223
77200             190              33      0.07421875     0.012890625            2258            2225
77300             188              34       0.0734375      0.01328125            2262            2228
77400             192              32           0.075          0.0125            2262            2230
77500             192              32           0.075          0.0125            2264            2232
77600             192              32           0.075          0.0125            2266            2234
77700             194              31      0.07578125     0.012109375            2269            2238
77800             194              31      0.07578125     0.012109375            2271            2240
77900             186              35      0.07265625     0.013671875            2277            2242
78000             180              38       0.0703125      0.01484375            2280            2242
78100             174              41      0.06796875     0.016015625            2284            2243
78200             184              36        0.071875       0.0140625            2285            2249
78300             178              39      0.06953125     0.015234375            2289            2250
78400             174              41      0.06796875     0.016015625            2293            2252
78500             178              39      0.06953125     0.015234375            2296            2257
78600             184              36        0.071875       0.0140625            2298            2262
78700             180              38       0.0703125      0.01484375            2304            2266
78800             186              35      0.07265625     0.013671875            2304            2269
78900             174              41      0.06796875     0.016015625            2313            2272
79000             176              40         0.06875        0.015625            2316            2276
79100             182              37      0.07109375     0.014453125            2318            2281
79200             182              37      0.07109375     0.014453125            2321            2284
79300             180              38       0.0703125      0.01484375            2324            2286
79400             172              42       0.0671875      0.01640625            2330            2288
79500             176              40         0.06875        0.015625            2334            2294
79600             180              38       0.0703125      0.01484375            2335            2297
79700             178              39      0.06953125     0.015234375            2340            2301
79800             178              39      0.06953125     0.015234375            2341            2302
79900             180              38       0.0703125      0.01484375            2341            2303
80000             174              41      0.06796875     0.016015625            2344            2303
80100             178              39      0.06953125     0.015234375            2347            2308
80200             176              40         0.06875        0.015625            2349            2309
80300             184              36        0.071875       0.0140625            2350            2314
80400             188              34       0.0734375      0.01328125            2351            2317
80500             182              37      0.07109375     0.014453125            2356            2319
80600             182              37      0.07109375     0.014453125            2358            2321
80700             184              36        0.071875       0.0140625            2363            2327
80800             178              39      0.06953125     0.015234375            2367            2328
80900             168              44        0.065625       0.0171875            2376            2332
81000             170              43      0.06640625     0.016796875            2379            2336
81100             172              42       0.0671875      0.01640625            2382            2340
81200             174              41      0.06796875     0.016015625            2385            2344
81300             174              41      0.06796875     0.016015625            2388            2347
81400             174              41      0.06796875     0.016015625            2393            2352
81500             172              42       0.0671875      0.01640625            2396            2354
81600             172              42       0.0671875      0.01640625            2398            2356
81700             168              44        0.065625       0.0171875            2402            2358
81800             168              44        0.065625       0.0171875            2405            2361
81900             172              42       0.0671875      0.01640625            2407            2365
82000             170              43      0.06640625     0.016796875            2412            2369
82100             170              43      0.06640625     0.016796875            2414            2371
82200             172              42       0.0671875      0.01640625            2416            2374
82300             176              40         0.06875        0.015625            2417            2377
82400             182              37      0.07109375     0.014453125            2418            2381
82500             180              38       0.0703125      0.01484375            2420            2382
82600             168              44        0.065625       0.0171875            2427            2383
82700             168              44        0.065625       0.0171875            2430            2386
82800             176              40         0.06875        0.015625            2434            2394
82900             182              37      0.07109375     0.014453125            2437            2400
83000             178              39      0.06953125     0.015234375            2442            2403
83100             178              39      0.06953125     0.015234375            2445            2406
83200             176              40         0.06875        0.015625            2447            2407
83300             180              38       0.0703125      0.01484375            2451            2413
83400             186              35      0.07265625     0.013671875            2452            2417
83500             188              34       0.0734375      0.01328125            2456            2422
83600             192              32           0.075          0.0125            2457            2425
83700             188              34       0.0734375      0.01328125            2462            2428
83800             192              32           0.075          0.0125            2464            2432
83900             186              35      0.07265625     0.013671875            2469            2434
84000             188              34       0.0734375      0.01328125            2473            2439
84100             182              37      0.07109375     0.014453125            2476            2439
84200             178              39      0.06953125     0.015234375            2481            2442
84300             178              39      0.06953125     0.015234375            2485            2446
84400             186              35      0.07265625     0.013671875            2485            2450
84500             182              37      0.07109375     0.014453125            2487            2450
84600             184              36        0.071875       0.0140625            2489            2453
84700             186              35      0.07265625     0.013671875            2491            2456
84800             182              37      0.07109375     0.014453125            2494            2457
84900             180              38       0.0703125      0.01484375            2495            2457
85000             180              38       0.0703125      0.01484375            2499            2461
85100             184              36        0.071875       0.0140625            2501            2465
85200             180              38       0.0703125      0.01484375            2505            2467
85300             190              33      0.07421875     0.012890625            2506            2473
85400             188              34       0.0734375      0.01328125            2509            2475
85500             190              33      0.07421875     0.012890625            2509            2476
85600             188              34       0.0734375      0.01328125            2512            2478
85700             188              34       0.0734375      0.01328125            2513            2479
85800             194              31      0.07578125     0.012109375            2514            2483
85900             196              30       0.0765625      0.01171875            2516            2486
86000             194              31      0.07578125     0.012109375            2518            2487
86100             188              34       0.0734375      0.01328125            2522            2488
86200             186              35      0.07265625     0.013671875            2526            2491
86300             184              36        0.071875       0.0140625            2528            2492
86400             180              38       0.0703125      0.01484375            2533            2495
86500             180              38       0.0703125      0.01484375            2534            2496
86600             184              36        0.071875       0.0140625            2536            2500
86700             180              38       0.0703125      0.01484375            2539            2501
86800             186              35      0.07265625     0.013671875            2541            2506
86900             184              36        0.071875       0.0140625            2544            2508
87000             184              36        0.071875       0.0140625            2547            2511
87100             192              32           0.075          0.0125            2549            2517
87200             198              29      0.07734375     0.011328125            2550            2521
87300             192              32           0.075          0.0125            2553            2521
87400             194              31      0.07578125     0.012109375            2555            2524
87500             188              34       0.0734375      0.01328125            2561            2527
87600             188              34       0.0734375      0.01328125            2564            2530
87700             190              33      0.07421875     0.012890625            2566            2533
87800             198              29      0.07734375     0.011328125            2566            2537
87900             198              29      0.07734375     0.011328125            2569            2540
88000             192              32           0.075          0.0125            2574            2542
88100             202              27      0.07890625     0.010546875            2575            2548
88200             200              28        0.078125       0.0109375            2577            2549
88300             200              28        0.078125       0.0109375            2579            2551
88400             202              27      0.07890625     0.010546875            2581            2554
88500             194              31      0.07578125     0.012109375            2588            2557
88600             192              32           0.075          0.0125            2590            2558
88700             200              28        0.078125       0.0109375            2592            2564
88800             192              32           0.075          0.0125            2596            2564
88900             194              31      0.07578125     0.012109375            2599            2568
89000             194              31      0.07578125     0.012109375            2602            2571
89100             194              31      0.07578125     0.012109375            2604            2573
89200             192              32           0.075          0.0125            2608            2576
89300             196              30       0.0765625      0.01171875            2612            2582
89400             194              31      0.07578125     0.012109375            2615            2584
89500             196              30       0.0765625      0.01171875            2619            2589
89600             186              35      0.07265625     0.013671875            2624            2589
89700             186              35      0.07265625     0.013671875            2625            2590
89800             186              35      0.07265625     0.013671875            2629            2594
89900             194              31      0.07578125     0.012109375            2631            2600
90000             188              34       0.0734375      0.01328125            2635            2601
90100             186              35      0.07265625     0.013671875            2638            2603
90200             184              36        0.071875       0.0140625            2640            2604
90300             184              36        0.071875       0.0140625            2645            2609
90400             192              32           0.075          0.0125            2648            2616
90500             194              31      0.07578125     0.012109375            2648            2617
90600             194              31      0.07578125     0.012109375            2651            2620
90700             192              32           0.075          0.0125            2654            2622
90800             190              33      0.07421875     0.012890625            2659            2626
90900             200              28        0.078125       0.0109375            2660            2632
91000             198              29      0.07734375     0.011328125            2662            2633
91100             182              37      0.07109375     0.014453125            2670            2633
91200             184              36        0.071875       0.0140625            2671            2635
91300             184              36        0.071875       0.0140625            2674            2638
91400             182              37      0.07109375     0.014453125            2677            2640
91500             176              40         0.06875        0.015625            2681            2641
91600             184              36        0.071875       0.0140625            2684            2648
91700             188              34       0.0734375      0.01328125            2686            2652
91800             184              36        0.071875       0.0140625            2689            2653
91900             190              33      0.07421875     0.012890625            2689            2656
92000             192              32           0.075          0.0125            2690            2658
92100             198              29      0.07734375     0.011328125            2692            2663
92200             198              29      0.07734375     0.011328125            2694            2665
92300             196              30       0.0765625      0.01171875            2696            2666
92400             200              28        0.078125       0.0109375            2696            2668
92500             198              29      0.07734375     0.011328125            2700            2671
92600             200              28        0.078125       0.0109375            2702            2674
92700             182              37      0.07109375     0.014453125            2711            2674
92800             178              39      0.06953125     0.015234375            2715            2676
92900             176              40         0.06875        0.015625            2719            2679
93000             180              38       0.0703125      0.01484375            2722            2684
93100             178              39      0.06953125     0.015234375            2724            2685
93200             188              34       0.0734375      0.01328125            2726            2692
93300             184              36        0.071875       0.0140625            2732            2696
93400             184              36        0.071875       0.0140625            2735            2699
93500             188              34       0.0734375      0.01328125            2737            2703
93600             182              37      0.07109375     0.014453125            2741            2704
93700             180              38       0.0703125      0.01484375            2744            2706
93800             182              37      0.07109375     0.014453125            2746            2709
93900             180              38       0.0703125      0.01484375            2748            2710
94000             176              40         0.06875        0.015625            2751            2711
94100             180              38       0.0703125      0.01484375            2752            2714
94200             180              38       0.0703125      0.01484375            2753            2715
94300             186              35      0.07265625     0.013671875            2754            2719
94400             174              41      0.06796875     0.016015625            2762            2721
94500             174              41      0.06796875     0.016015625            2763            2722
94600             182              37      0.07109375     0.014453125            2766            2729
94700             178              39      0.06953125     0.015234375            2771            2732
94800             174              41      0.06796875     0.016015625            2774            2733
94900             176              40         0.06875        0.015625            2776            2736
95000             170              43      0.06640625     0.016796875            2780            2737
95100             172              42       0.0671875      0.01640625            2784            2742
95200             172              42       0.0671875      0.01640625            2786            2744
95300             180              38       0.0703125      0.01484375            2788            2750
95400             184              36        0.071875       0.0140625            2789            2753
95500             196              30       0.0765625      0.01171875            2789            2759
95600             190              33      0.07421875     0.012890625            2792            2759
95700             192              32           0.075          0.0125            2792            2760
95800             186              35      0.07265625     0.013671875            2797            2762
95900             182              37      0.07109375     0.014453125            2801            2764
96000             184              36        0.071875       0.0140625            2804            2768
96100             186              35      0.07265625     0.013671875            2807            2772
96200             176              40         0.06875        0.015625            2813            2773
96300             172              42       0.0671875      0.01640625            2817            2775
96400             184              36        0.071875       0.0140625            2821            2785
96500             186              35      0.07265625     0.013671875            2822            2787
96600             182              37      0.07109375     0.014453125            2825            2788
96700             182              37      0.07109375     0.014453125            2829            2792
96800             182              37      0.07109375     0.014453125            2833            2796
96900             182              37      0.07109375     0.014453125            2836            2799
97000             184              36        0.071875       0.0140625            2839            2803
97100             184              36        0.071875       0.0140625            2841            2805
97200             182              37      0.07109375     0.014453125            2843            2806
97300             186              35      0.07265625     0.013671875            2843            2808
97400             184              36        0.071875       0.0140625            2845            2809
97500             182              37      0.07109375     0.014453125            2849            2812
97600             184              36        0.071875       0.0140625            2850            2814
97700             174              41      0.06796875     0.016015625            2859            2818
97800             174              41      0.06796875     0.016015625            2861            2820
97900             182              37      0.07109375     0.014453125            2862            2825
98000             182              37      0.07109375     0.014453125            2866            2829
98100             178              39      0.06953125     0.015234375            2869            2830
98200             180              38       0.0703125      0.01484375            2872            2834
98300             186              35      0.07265625     0.013671875            2874            2839
98400             184              36        0.071875       0.0140625            2880            2844
98500             188              34       0.0734375      0.01328125            2881            2847
98600             194              31      0.07578125     0.012109375            2882            2851
98700             198              29      0.07734375     0.011328125            2884            2855
98800             196              30       0.0765625      0.01171875            2887            2857
98900             192              32           0.075          0.0125            2891            2859
99000             190              33      0.07421875     0.012890625            2895            2862
99100             188              34       0.0734375      0.01328125            2897            2863
99200             188              34       0.0734375      0.01328125            2899            2865
99300             188              34       0.0734375      0.01328125            2902            2868
99400             186              35      0.07265625     0.013671875            2906            2871
99500             180              38       0.0703125      0.01484375            2910            2872
99600             182              37      0.07109375     0.014453125            2911            2874
99700             178              39      0.06953125     0.015234375            2915            2876
99800             180              38       0.0703125      0.01484375            2916            2878
99900             190              33      0.07421875     0.012890625            2918            2885
100000             190              33      0.07421875     0.012890625            2920            2887
