# Time-averaged data for fix observ
# TimeStep v_nfree v_ndimer v_cfree v_cdimer f_kinetics[2] f_kinetics[3]
0             256               0             0.2               0               0               0
100             244               6        0.190625       0.0046875               6               0
200             230              13       0.1796875      0.01015625              13               0
300             218              19       0.1703125      0.01484375              19               0
400             214              21       0.1671875      0.01640625              21               0
500             206              25       0.1609375      0.01953125              25               0
600             198              29       0.1546875      0.02265625              29               0
700             184              36         0.14375        0.028125              36               0
800             182              37       0.1421875      0.02890625              38               1
900             178              39       0.1390625      0.03046875              40               1
1000             172              42        0.134375       0.0328125              43               1
1100             172              42        0.134375       0.0328125              44               2
1200             166              45       0.1296875      0.03515625              47               2
1300             158              49       0.1234375      0.03828125              51               2
1400             156              50        0.121875       0.0390625              52               2
1500             150              53       0.1171875      0.04140625              55               2
1600             146              55       0.1140625      0.04296875              58               3
1700             144              56          0.1125         0.04375              59               3
1800             144              56          0.1125         0.04375              59               3
1900             142              57       0.1109375      0.04453125              60               3
2000             138              59       0.1078125      0.04609375              62               3
2100             136              60         0.10625        0.046875              63               3
2200             136              60         0.10625        0.046875              64               4
2300             136              60         0.10625        0.046875              64               4
2400             136              60         0.10625        0.046875              64               4
2500             132              62        0.103125       0.0484375              66               4
2600             126              65       0.0984375      0.05078125              69               4
2700             126              65       0.0984375      0.05078125              69               4
2800             120              68         0.09375        0.053125              72               4
2900             118              69       0.0921875      0.05390625              73               4
3000             116              70        0.090625       0.0546875              75               5
3100             112              72          0.0875         0.05625              77               5
3200             106              75       0.0828125      0.05859375              80               5
3300             104              76         0.08125        0.059375              81               5
3400             100              78        0.078125       0.0609375              83               5
3500             100              78        0.078125       0.0609375              83               5
3600             100              78        0.078125       0.0609375              83               5
3700             100              78        0.078125       0.0609375              83               5
3800              96              80           0.075          0.0625              86               6
3900              96              80           0.075          0.0625              86               6
4000              98              79       0.0765625      0.06171875              86               7
4100              94              81       0.0734375      0.06328125              88               7
4200              96              80           0.075          0.0625              88               8
4300              94              81       0.0734375      0.06328125              89               8
4400              96              80           0.075          0.0625              90              10
4500              94              81       0.0734375      0.06328125              91              10
4600              92              82        0.071875       0.0640625              92              10
4700              90              83       0.0703125      0.06484375              93              10
4800              92              82        0.071875       0.0640625              93              11
4900              94              81       0.0734375      0.06328125              93              12
5000              94              81       0.0734375      0.06328125              93              12
5100              96              80           0.075          0.0625              93              13
5200              96              80           0.075          0.0625              93              13
5300              96              80           0.075          0.0625              93              13
5400              94              81       0.0734375      0.06328125              94              13
5500              94              81       0.0734375      0.06328125              94              13
5600              92              82        0.071875       0.0640625              95              13
5700              92              82        0.071875       0.0640625              96              14
5800              92              82        0.071875       0.0640625              96              14
5900              92              82        0.071875       0.0640625              96              14
6000              92              82        0.071875       0.0640625              96              14
6100              94              81       0.0734375      0.06328125              96              15
6200              92              82        0.071875       0.0640625              97              15
6300              92              82        0.071875       0.0640625              98              16
6400              92              82        0.071875       0.0640625              98              16
6500              92              82        0.071875       0.0640625              98              16
6600              90              83       0.0703125      0.06484375              99              16
6700              88              84         0.06875        0.065625             100              16
6800              86              85       0.0671875      0.06640625             101              16
6900              84              86        0.065625       0.0671875             102              16
7000              82              87       0.0640625      0.06796875             103              16
7100              82              87       0.0640625      0.06796875             104              17
7200              84              86        0.065625       0.0671875             105              19
7300              84              86        0.065625       0.0671875             105              19
7400              80              88          0.0625         0.06875             107              19
7500              80              88          0.0625         0.06875             107              19
7600              84              86        0.065625       0.0671875             107              21
7700              86              85       0.0671875      0.06640625             107              22
7800              88              84         0.06875        0.065625             107              23
7900              88              84         0.06875        0.065625             107              23
8000              88              84         0.06875        0.065625             107              23
8100              88              84         0.06875        0.065625             107              23
8200              86              85       0.0671875      0.06640625             109              24
8300              82              87       0.0640625      0.06796875             111              24
8400              82              87       0.0640625      0.06796875             111              24
8500              84              86        0.065625       0.0671875             111              25
8600              84              86        0.065625       0.0671875             111              25
8700              86              85       0.0671875      0.06640625             112              27
8800              84              86        0.065625       0.0671875             113              27
8900              84              86        0.065625       0.0671875             113              27
9000              82              87       0.0640625      0.06796875             114              27
9100              80              88          0.0625         0.06875             115              27
9200              76              90        0.059375       0.0703125             117              27
9300              78              89       0.0609375      0.06953125             117              28
9400              78              89       0.0609375      0.06953125             117              28
9500              78              89       0.0609375      0.06953125             117              28
9600              78              89       0.0609375      0.06953125             117              28
9700              76              90        0.059375       0.0703125             118              28
9800              78              89       0.0609375      0.06953125             118              29
9900              78              89       0.0609375      0.06953125             118              29
10000              78              89       0.0609375      0.06953125             118              29
10100              76              90        0.059375       0.0703125             119              29
10200              76              90        0.059375       0.0703125             119              29
10300              76              90        0.059375       0.0703125             120              30
10400              78              89       0.0609375      0.06953125             120              31
10500              74              91       0.0578125      0.07109375             122              31
10600              72              92         0.05625        0.071875             124              32
10700              72              92         0.05625        0.071875             125              33
10800              72              92         0.05625        0.071875             125              33
10900              70              93       0.0546875      0.07265625             126              33
11000              68              94        0.053125       0.0734375             127              33
11100              68              94        0.053125       0.0734375             127              33
11200              70              93       0.0546875      0.07265625             127              34
11300              70              93       0.0546875      0.07265625             127              34
11400              70              93       0.0546875      0.07265625             127              34
11500              72              92         0.05625        0.071875             128              36
11600              72              92         0.05625        0.071875             128              36
11700              72              92         0.05625        0.071875             128              36
11800              70              93       0.0546875      0.07265625             129              36
11900              70              93       0.0546875      0.07265625             129              36
12000              70              93       0.0546875      0.07265625             130              37
12100              70              93       0.0546875      0.07265625             130              37
12200              72              92         0.05625        0.071875             130              38
12300              72              92         0.05625        0.071875             131              39
12400              72              92         0.05625        0.071875             131              39
12500              74              91       0.0578125      0.07109375             131              40
12600              74              91       0.0578125      0.07109375             132              41
12700              74              91       0.0578125      0.07109375             132              41
12800              76              90        0.059375       0.0703125             132              42
12900              76              90        0.059375       0.0703125             132              42
13000              78              89       0.0609375      0.06953125             132              43
13100              78              89       0.0609375      0.06953125             132              43
13200              78              89       0.0609375      0.06953125             132              43
13300              80              88          0.0625         0.06875             132              44
13400              78              89       0.0609375      0.06953125             133              44
13500              78              89       0.0609375      0.06953125             134              45
13600              76              90        0.059375       0.0703125             135              45
13700              76              90        0.059375       0.0703125             135              45
13800              74              91       0.0578125      0.07109375             136              45
13900              78              89       0.0609375      0.06953125             136              47
14000              80              88          0.0625         0.06875             136              48
14100              78              89       0.0609375      0.06953125             137              48
14200              80              88          0.0625         0.06875             137              49
14300              84              86        0.065625       0.0671875             137              51
14400              82              87       0.0640625      0.06796875             138              51
14500              82              87       0.0640625      0.06796875             139              52
14600              80              88          0.0625         0.06875             140              52
14700              80              88          0.0625         0.06875             140              52
14800              80              88          0.0625         0.06875             141              53
14900              80              88          0.0625         0.06875             141              53
15000              78              89       0.0609375      0.06953125             142              53
15100              78              89       0.0609375      0.06953125             142              53
15200              80              88          0.0625         0.06875             142              54
15300              82              87       0.0640625      0.06796875             142              55
15400              80              88          0.0625         0.06875             143              55
15500              80              88          0.0625         0.06875             143              55
15600              80              88          0.0625         0.06875             143              55
15700              76              90        0.059375       0.0703125             147              57
15800              72              92         0.05625        0.071875             149              57
15900              72              92         0.05625        0.071875             149              57
16000              72              92         0.05625        0.071875             149              57
16100              72              92         0.05625        0.071875             149              57
16200              72              92         0.05625        0.071875             149              57
16300              72              92         0.05625        0.071875             149              57
16400              72              92         0.05625        0.071875             149              57
16500              74              91       0.0578125      0.07109375             150              59
16600              78              89       0.0609375      0.06953125             150              61
16700              78              89       0.0609375      0.06953125             150              61
16800              76              90        0.059375       0.0703125             151              61
16900              78              89       0.0609375      0.06953125             152              63
17000              76              90        0.059375       0.0703125             153              63
17100              78              89       0.0609375      0.06953125             153              64
17200              80              88          0.0625         0.06875             153              65
17300              80              88          0.0625         0.06875             155              67
17400              80              88          0.0625         0.06875             155              67
17500              78              89       0.0609375      0.06953125             156              67
17600              80              88          0.0625         0.06875             156              68
17700              78              89       0.0609375      0.06953125             157              68
17800              78              89       0.0609375      0.06953125             157              68
17900              80              88          0.0625         0.06875             157              69
18000              78              89       0.0609375      0.06953125             158              69
18100              76              90        0.059375       0.0703125             159              69
18200              78              89       0.0609375      0.06953125             159              70
18300              78              89       0.0609375      0.06953125             159              70
18400              78              89       0.0609375      0.06953125             160              71
18500              76              90        0.059375       0.0703125             161              71
18600              76              90        0.059375       0.0703125             161              71
18700              74              91       0.0578125      0.07109375             162              71
18800              74              91       0.0578125      0.07109375             162              71
18900              78              89       0.0609375      0.06953125             162              73
19000              80              88          0.0625         0.06875             162              74
19100              78              89       0.0609375      0.06953125             163              74
19200              80              88          0.0625         0.06875             163              75
19300              82              87       0.0640625      0.06796875             163              76
19400              80              88          0.0625         0.06875             164              76
19500              80              88          0.0625         0.06875             164              76
19600              82              87       0.0640625      0.06796875             164              77
19700              82              87       0.0640625      0.06796875             164              77
19800              80              88          0.0625         0.06875             165              77
19900              80              88          0.0625         0.06875             165              77
20000              80              88          0.0625         0.06875             165              77
20100              78              89       0.0609375      0.06953125             167              78
20200              80              88          0.0625         0.06875             167              79
20300              78              89       0.0609375      0.06953125             168              79
20400              78              89       0.0609375      0.06953125             168              79
20500              76              90        0.059375       0.0703125             169              79
20600              74              91       0.0578125      0.07109375             170              79
20700              74              91       0.0578125      0.07109375             170              79
20800              74              91       0.0578125      0.07109375             170              79
20900              72              92         0.05625        0.071875             171              79
21000              72              92         0.05625        0.071875             171              79
21100              72              92         0.05625        0.071875             171              79
21200              72              92         0.05625        0.071875             171              79
21300              72              92         0.05625        0.071875             171              79
21400              72              92         0.05625        0.071875             171              79
21500              72              92         0.05625        0.071875             171              79
21600              68              94        0.053125       0.0734375             173              79
21700              66              95       0.0515625      0.07421875             174              79
21800              66              95       0.0515625      0.07421875             174              79
21900              66              95       0.0515625      0.07421875             174              79
22000              68              94        0.053125       0.0734375             174              80
22100              68              94        0.053125       0.0734375             174              80
22200              72              92         0.05625        0.071875             174              82
22300              72              92         0.05625        0.071875             174              82
22400              68              94        0.053125       0.0734375             176              82
22500              68              94        0.053125       0.0734375             176              82
22600              68              94        0.053125       0.0734375             176              82
22700              68              94        0.053125       0.0734375             176              82
22800              68              94        0.053125       0.0734375             176              82
22900              68              94        0.053125       0.0734375             177              83
23000              68              94        0.053125       0.0734375             177              83
23100              68              94        0.053125       0.0734375             177              83
23200              68              94        0.053125       0.0734375             177              83
23300              68              94        0.053125       0.0734375             177              83
23400              68              94        0.053125       0.0734375             177              83
23500              68              94        0.053125       0.0734375             177              83
23600              66              95       0.0515625      0.07421875             178              83
23700              66              95       0.0515625      0.07421875             178              83
23800              66              95       0.0515625      0.07421875             178              83
23900              62              97       0.0484375      0.07578125             180              83
24000              64              96            0.05           0.075             180              84
24100              66              95       0.0515625      0.07421875             180              85
24200              64              96            0.05           0.075             181              85
24300              64              96            0.05           0.075             181              85
24400              64              96            0.05           0.075             181              85
24500              66              95       0.0515625      0.07421875             181              86
24600              68              94        0.053125       0.0734375             181              87
24700              64              96            0.05           0.075             183              87
24800              64              96            0.05           0.075             183              87
24900              66              95       0.0515625      0.07421875             183              88
25000              66              95       0.0515625      0.07421875             183              88
25100              66              95       0.0515625      0.07421875             183              88
25200              66              95       0.0515625      0.07421875             183              88
25300              66              95       0.0515625      0.07421875             183              88
25400              66              95       0.0515625      0.07421875             183              88
25500              66              95       0.0515625      0.07421875             183              88
25600              66              95       0.0515625      0.07421875             183              88
25700              66              95       0.0515625      0.07421875             183              88
25800              66              95       0.0515625      0.07421875             183              88
25900              70              93       0.0546875      0.07265625             183              90
26000              70              93       0.0546875      0.07265625             183              90
26100              70              93       0.0546875      0.07265625             183              90
26200              72              92         0.05625        0.071875             183              91
26300              70              93       0.0546875      0.07265625             184              91
26400              72              92         0.05625        0.071875             185              93
26500              74              91       0.0578125      0.07109375             185              94
26600              74              91       0.0578125      0.07109375             185              94
26700              72              92         0.05625        0.071875             186              94
26800              72              92         0.05625        0.071875             186              94
26900              72              92         0.05625        0.071875             186              94
27000              72              92         0.05625        0.071875             186              94
27100              72              92         0.05625        0.071875             186              94
27200              70              93       0.0546875      0.07265625             187              94
27300              70              93       0.0546875      0.07265625             187              94
27400              70              93       0.0546875      0.07265625             188              95
27500              70              93       0.0546875      0.07265625             188              95
27600              70              93       0.0546875      0.07265625             188              95
27700              68              94        0.053125       0.0734375             189              95
27800              68              94        0.053125       0.0734375             190              96
27900              72              92         0.05625        0.071875             190              98
28000              74              91       0.0578125      0.07109375             190              99
28100              74              91       0.0578125      0.07109375             191             100
28200              72              92         0.05625        0.071875             192             100
28300              72              92         0.05625        0.071875             192             100
28400              70              93       0.0546875      0.07265625             193             100
28500              70              93       0.0546875      0.07265625             193             100
28600              74              91       0.0578125      0.07109375             193             102
28700              74              91       0.0578125      0.07109375             193             102
28800              76              90        0.059375       0.0703125             193             103
28900              76              90        0.059375       0.0703125             193             103
29000              78              89       0.0609375      0.06953125             193             104
29100              78              89       0.0609375      0.06953125             193             104
29200              80              88          0.0625         0.06875             193             105
29300              76              90        0.059375       0.0703125             195             105
29400              74              91       0.0578125      0.07109375             196             105
29500              76              90        0.059375       0.0703125             196             106
29600              76              90        0.059375       0.0703125             196             106
29700              76              90        0.059375       0.0703125             196             106
29800              76              90        0.059375       0.0703125             196             106
29900              76              90        0.059375       0.0703125             196             106
30000              76              90        0.059375       0.0703125             196             106
30100              76              90        0.059375       0.0703125             197             107
30200              74              91       0.0578125      0.07109375             198             107
30300              72              92         0.05625        0.071875             199             107
30400              72              92         0.05625        0.071875             199             107
30500              72              92         0.05625        0.071875             201             109
30600              72              92         0.05625        0.071875             201             109
30700              70              93       0.0546875      0.07265625             202             109
30800              68              94        0.053125       0.0734375             204             110
30900              66              95       0.0515625      0.07421875             205             110
31000              66              95       0.0515625      0.07421875             205             110
31100              66              95       0.0515625      0.07421875             205             110
31200              66              95       0.0515625      0.07421875             205             110
31300              66              95       0.0515625      0.07421875             205             110
31400              68              94        0.053125       0.0734375             205             111
31500              66              95       0.0515625      0.07421875             207             112
31600              66              95       0.0515625      0.07421875             208             113
31700              68              94        0.053125       0.0734375             208             114
31800              70              93       0.0546875      0.07265625             208             115
31900              70              93       0.0546875      0.07265625             208             115
32000              70              93       0.0546875      0.07265625             208             115
32100              70              93       0.0546875      0.07265625             208             115
32200              70              93       0.0546875      0.07265625             208             115
32300              70              93       0.0546875      0.07265625             208             115
32400              70              93       0.0546875      0.07265625             209             116
32500              68              94        0.053125       0.0734375             210             116
32600              68              94        0.053125       0.0734375             210             116
32700              70              93       0.0546875      0.07265625             210             117
32800              66              95       0.0515625      0.07421875             212             117
32900              66              95       0.0515625      0.07421875             212             117
33000              66              95       0.0515625      0.07421875             212             117
33100              64              96            0.05           0.075             213             117
33200              64              96            0.05           0.075             213             117
33300              64              96            0.05           0.075             213             117
33400              66              95       0.0515625      0.07421875             213             118
33500              68              94        0.053125       0.0734375             213             119
33600              66              95       0.0515625      0.07421875             214             119
33700              66              95       0.0515625      0.07421875             215             120
33800              66              95       0.0515625      0.07421875             216             121
33900              64              96            0.05           0.075             217             121
34000              66              95       0.0515625      0.07421875             217             122
34100              64              96            0.05           0.075             218             122
34200              64              96            0.05           0.075             218             122
34300              62              97       0.0484375      0.07578125             219             122
34400              58              99       0.0453125      0.07734375             221             122
34500              58              99       0.0453125      0.07734375             221             122
34600              56             100         0.04375        0.078125             222             122
34700              58              99       0.0453125      0.07734375             222             123
34800              58              99       0.0453125      0.07734375             223             124
34900              58              99       0.0453125      0.07734375             223             124
35000              56             100         0.04375        0.078125             224             124
35100              58              99       0.0453125      0.07734375             224             125
35200              58              99       0.0453125      0.07734375             224             125
35300              60              98        0.046875       0.0765625             224             126
35400              60              98        0.046875       0.0765625             224             126
35500              60              98        0.046875       0.0765625             224             126
35600              60              98        0.046875       0.0765625             224             126
35700              62              97       0.0484375      0.07578125             224             127
35800              60              98        0.046875       0.0765625             225             127
35900              60              98        0.046875       0.0765625             225             127
36000              60              98        0.046875       0.0765625             225             127
36100              62              97       0.0484375      0.07578125             225             128
36200              64              96            0.05           0.075             225             129
36300              64              96            0.05           0.075             225             129
36400              64              96            0.05           0.075             226             130
36500              64              96            0.05           0.075             227             131
36600              66              95       0.0515625      0.07421875             227             132
36700              64              96            0.05           0.075             228             132
36800              64              96            0.05           0.075             228             132
36900              64              96            0.05           0.075             229             133
37000              64              96            0.05           0.075             229             133
37100              64              96            0.05           0.075             229             133
37200              62              97       0.0484375      0.07578125             230             133
37300              62              97       0.0484375      0.07578125             231             134
37400              60              98        0.046875       0.0765625             232             134
37500              60              98        0.046875       0.0765625             232             134
37600              58              99       0.0453125      0.07734375             233             134
37700              60              98        0.046875       0.0765625             233             135
37800              62              97       0.0484375      0.07578125             234             137
37900              62              97       0.0484375      0.07578125             235             138
38000              62              97       0.0484375      0.07578125             235             138
38100              62              97       0.0484375      0.07578125             235             138
38200              66              95       0.0515625      0.07421875             236             141
38300              66              95       0.0515625      0.07421875             236             141
38400              64              96            0.05           0.075             238             142
38500              64              96            0.05           0.075             238             142
38600              64              96            0.05           0.075             238             142
38700              62              97       0.0484375      0.07578125             239             142
38800              68              94        0.053125       0.0734375             239             145
38900              68              94        0.053125       0.0734375             239             145
39000              66              95       0.0515625      0.07421875             240             145
39100              66              95       0.0515625      0.07421875             240             145
39200              66              95       0.0515625      0.07421875             240             145
39300              68              94        0.053125       0.0734375             240             146
39400              68              94        0.053125       0.0734375             240             146
39500              68              94        0.053125       0.0734375             240             146
39600              64              96            0.05           0.075             242             146
39700              64              96            0.05           0.075             243             147
39800              66              95       0.0515625      0.07421875             243             148
39900              66              95       0.0515625      0.07421875             243             148
40000              66              95       0.0515625      0.07421875             244             149
40100              66              95       0.0515625      0.07421875             244             149
40200              68              94        0.053125       0.0734375             244             150
40300              68              94        0.053125       0.0734375             244             150
40400              68              94        0.053125       0.0734375             244             150
40500              68              94        0.053125       0.0734375             244             150
40600              68              94        0.053125       0.0734375             245             151
40700              68              94        0.053125       0.0734375             246             152
40800              68              94        0.053125       0.0734375             246             152
40900              68              94        0.053125       0.0734375             246             152
41000              66              95       0.0515625      0.07421875             247             152
41100              66              95       0.0515625      0.07421875             247             152
41200              66              95       0.0515625      0.07421875             247             152
41300              62              97       0.0484375      0.07578125             249             152
41400              60              98        0.046875       0.0765625             250             152
41500              60              98        0.046875       0.0765625             250             152
41600              60              98        0.046875       0.0765625             250             152
41700              64              96            0.05           0.075             250             154
41800              64              96            0.05           0.075             251             155
41900              62              97       0.0484375      0.07578125             252             155
42000              62              97       0.0484375      0.07578125             252             155
42100              62              97       0.0484375      0.07578125             252             155
42200              60              98        0.046875       0.0765625             253             155
42300              58              99       0.0453125      0.07734375             254             155
42400              58              99       0.0453125      0.07734375             254             155
42500              58              99       0.0453125      0.07734375             254             155
42600              58              99       0.0453125      0.07734375             254             155
42700              58              99       0.0453125      0.07734375             254             155
42800              58              99       0.0453125      0.07734375             254             155
42900              60              98        0.046875       0.0765625             254             156
43000              60              98        0.046875       0.0765625             255             157
43100              62              97       0.0484375      0.07578125             255             158
43200              62              97       0.0484375      0.07578125             255             158
43300              64              96            0.05           0.075             255             159
43400              64              96            0.05           0.075             255             159
43500              64              96            0.05           0.075             255             159
43600              64              96            0.05           0.075             255             159
43700              64              96            0.05           0.075             255             159
43800              64              96            0.05           0.075             255             159
43900              62              97       0.0484375      0.07578125             256             159
44000              62              97       0.0484375      0.07578125             256             159
44100              62              97       0.0484375      0.07578125             256             159
44200              60              98        0.046875       0.0765625             257             159
44300              60              98        0.046875       0.0765625             257             159
44400              58              99       0.0453125      0.07734375             258             159
44500              58              99       0.0453125      0.07734375             258             159
44600              56             100         0.04375        0.078125             259             159
44700              60              98        0.046875       0.0765625             259             161
44800              58              99       0.0453125      0.07734375             260             161
44900              60              98        0.046875       0.0765625             260             162
45000              60              98        0.046875       0.0765625             260             162
45100              62              97       0.0484375      0.07578125             260             163
45200              64              96            0.05           0.075             260             164
45300              66              95       0.0515625      0.07421875             260             165
45400              66              95       0.0515625      0.07421875             260             165
45500              68              94        0.053125       0.0734375             260             166
45600              66              95       0.0515625      0.07421875             261             166
45700              66              95       0.0515625      0.07421875             261             166
45800              66              95       0.0515625      0.07421875             261             166
45900              70              93       0.0546875      0.07265625             261             168
46000              68              94        0.053125       0.0734375             262             168
46100              68              94        0.053125       0.0734375             262             168
46200              70              93       0.0546875      0.07265625             262             169
46300              70              93       0.0546875      0.07265625             263             170
46400              70              93       0.0546875      0.07265625             263             170
46500              70              93       0.0546875      0.07265625             263             170
46600              72              92         0.05625        0.071875             263             171
46700              74              91       0.0578125      0.07109375             263             172
46800              78              89       0.0609375      0.06953125             263             174
46900              80              88          0.0625         0.06875             263             175
47000              84              86        0.065625       0.0671875             263             177
47100              82              87       0.0640625      0.06796875             264             177
47200              80              88          0.0625         0.06875             265             177
47300              78              89       0.0609375      0.06953125             266             177
47400              78              89       0.0609375      0.06953125             266             177
47500              78              89       0.0609375      0.06953125             266             177
47600              78              89       0.0609375      0.06953125             266             177
47700              78              89       0.0609375      0.06953125             267             178
47800              76              90        0.059375       0.0703125             268             178
47900              68              94        0.053125       0.0734375             272             178
48000              70              93       0.0546875      0.07265625             272             179
48100              72              92         0.05625        0.071875             272             180
48200              70              93       0.0546875      0.07265625             273             180
48300              70              93       0.0546875      0.07265625             273             180
48400              70              93       0.0546875      0.07265625             273             180
48500              70              93       0.0546875      0.07265625             273             180
48600              70              93       0.0546875      0.07265625             273             180
48700              70              93       0.0546875      0.07265625             273             180
48800              70              93       0.0546875      0.07265625             273             180
48900              70              93       0.0546875      0.07265625             273             180
49000              72              92         0.05625        0.071875             273             181
49100              74              91       0.0578125      0.07109375             273             182
49200              74              91       0.0578125      0.07109375             274             183
49300              72              92         0.05625        0.071875             275             183
49400              72              92         0.05625        0.071875             277             185
49500              74              91       0.0578125      0.07109375             277             186
49600              76              90        0.059375       0.0703125             277             187
49700              74              91       0.0578125      0.07109375             278             187
49800              74              91       0.0578125      0.07109375             278             187
49900              74              91       0.0578125      0.07109375             279             188
50000              72              92         0.05625        0.071875             280             188
50100              72              92         0.05625        0.071875             280             188
50200              72              92         0.05625        0.071875             280             188
50300              72              92         0.05625        0.071875             280             188
50400              68              94        0.053125       0.0734375             282             188
50500              68              94        0.053125       0.0734375             282             188
50600              68              94        0.053125       0.0734375             283             189
50700              68              94        0.053125       0.0734375             283             189
50800              68              94        0.053125       0.0734375             283             189
50900              68              94        0.053125       0.0734375             283             189
51000              66              95       0.0515625      0.07421875             284             189
51100              68              94        0.053125       0.0734375             284             190
51200              68              94        0.053125       0.0734375             284             190
51300              68              94        0.053125       0.0734375             284             190
51400              68              94        0.053125       0.0734375             284             190
51500              70              93       0.0546875      0.07265625             284             191
51600              70              93       0.0546875      0.07265625             284             191
51700              72              92         0.05625        0.071875             284             192
51800              74              91       0.0578125      0.07109375             284             193
51900              70              93       0.0546875      0.07265625             286             193
52000              70              93       0.0546875      0.07265625             286             193
52100              70              93       0.0546875      0.07265625             286             193
52200              72              92         0.05625        0.071875             286             194
52300              70              93       0.0546875      0.07265625             287             194
52400              72              92         0.05625        0.071875             287             195
52500              74              91       0.0578125      0.07109375             287             196
52600              74              91       0.0578125      0.07109375             287             196
52700              74              91       0.0578125      0.07109375             287             196
52800              74              91       0.0578125      0.07109375             287             196
52900              74              91       0.0578125      0.07109375             287             196
53000              74              91       0.0578125      0.07109375             287             196
53100              74              91       0.0578125      0.07109375             287             196
53200              72              92         0.05625        0.071875             288             196
53300              70              93       0.0546875      0.07265625             289             196
53400              70              93       0.0546875      0.07265625             290             197
53500              70              93       0.0546875      0.07265625             290             197
53600              72              92         0.05625        0.071875             290             198
53700              70              93       0.0546875      0.07265625             291             198
53800              72              92         0.05625        0.071875             291             199
53900              72              92         0.05625        0.071875             291             199
54000              76              90        0.059375       0.0703125             291             201
54100              74              91       0.0578125      0.07109375             292             201
54200              74              91       0.0578125      0.07109375             292             201
54300              76              90        0.059375       0.0703125             292             202
54400              74              91       0.0578125      0.07109375             293             202
54500              74              91       0.0578125      0.07109375             293             202
54600              72              92         0.05625        0.071875             294             202
54700              70              93       0.0546875      0.07265625             295             202
54800              72              92         0.05625        0.071875             295             203
54900              72              92         0.05625        0.071875             296             204
55000              72              92         0.05625        0.071875             296             204
55100              72              92         0.05625        0.071875             296             204
55200              68              94        0.053125       0.0734375             298             204
55300              70              93       0.0546875      0.07265625             298             205
55400              70              93       0.0546875      0.07265625             298             205
55500              70              93       0.0546875      0.07265625             300             207
55600              70              93       0.0546875      0.07265625             300             207
55700              70              93       0.0546875      0.07265625             300             207
55800              70              93       0.0546875      0.07265625             300             207
55900              72              92         0.05625        0.071875             300             208
56000              72              92         0.05625        0.071875             300             208
56100              72              92         0.05625        0.071875             300             208
56200              70              93       0.0546875      0.07265625             301             208
56300              70              93       0.0546875      0.07265625             301             208
56400              72              92         0.05625        0.071875             302             210
56500              68              94        0.053125       0.0734375             304             210
56600              66              95       0.0515625      0.07421875             306             211
56700              66              95       0.0515625      0.07421875             306             211
56800              66              95       0.0515625      0.07421875             306             211
56900              64              96            0.05           0.075             307             211
57000              64              96            0.05           0.075             307             211
57100              64              96            0.05           0.075             308             212
57200              62              97       0.0484375      0.07578125             309             212
57300              62              97       0.0484375      0.07578125             309             212
57400              62              97       0.0484375      0.07578125             309             212
57500              62              97       0.0484375      0.07578125             309             212
57600              62              97       0.0484375      0.07578125             309             212
57700              64              96            0.05           0.075             309             213
57800              64              96            0.05           0.075             309             213
57900              64              96            0.05           0.075             309             213
58000              66              95       0.0515625      0.07421875             309             214
58100              66              95       0.0515625      0.07421875             309             214
58200              66              95       0.0515625      0.07421875             309             214
58300              66              95       0.0515625      0.07421875             309             214
58400              68              94        0.053125       0.0734375             309             215
58500              68              94        0.053125       0.0734375             309             215
58600              68              94        0.053125       0.0734375             309             215
58700              68              94        0.053125       0.0734375             309             215
58800              70              93       0.0546875      0.07265625             309             216
58900              72              92         0.05625        0.071875             310             218
59000              72              92         0.05625        0.071875             310             218
59100              70              93       0.0546875      0.07265625             311             218
59200              70              93       0.0546875      0.07265625             311             218
59300              70              93       0.0546875      0.07265625             311             218
59400              66              95       0.0515625      0.07421875             315             220
59500              66              95       0.0515625      0.07421875             315             220
59600              66              95       0.0515625      0.07421875             315             220
59700              66              95       0.0515625      0.07421875             315             220
59800              64              96            0.05           0.075             316             220
59900              64              96            0.05           0.075             316             220
60000              66              95       0.0515625      0.07421875             316             221
60100              66              95       0.0515625      0.07421875             316             221
60200              66              95       0.0515625      0.07421875             316             221
60300              66              95       0.0515625      0.07421875             316             221
60400              68              94        0.053125       0.0734375             316             222
60500              70              93       0.0546875      0.07265625             316             223
60600              70              93       0.0546875      0.07265625             316             223
60700              68              94        0.053125       0.0734375             317             223
60800              68              94        0.053125       0.0734375             317             223
60900              68              94        0.053125       0.0734375             317             223
61000              68              94        0.053125       0.0734375             317             223
61100              68              94        0.053125       0.0734375             317             223
61200              66              95       0.0515625      0.07421875             318             223
61300              66              95       0.0515625      0.07421875             318             223
61400              66              95       0.0515625      0.07421875             318             223
61500              66              95       0.0515625      0.07421875             318             223
61600              66              95       0.0515625      0.07421875             318             223
61700              66              95       0.0515625      0.07421875             318             223
61800              66              95       0.0515625      0.07421875             318             223
61900              66              95       0.0515625      0.07421875             318             223
62000              68              94        0.053125       0.0734375             318             224
62100              68              94        0.053125       0.0734375             318             224
62200              68              94        0.053125       0.0734375             318             224
62300              68              94        0.053125       0.0734375             318             224
62400              68              94        0.053125       0.0734375             318             224
62500              68              94        0.053125       0.0734375             318             224
62600              68              94        0.053125       0.0734375             318             224
62700              68              94        0.053125       0.0734375             320             226
62800              68              94        0.053125       0.0734375             320             226
62900              68              94        0.053125       0.0734375             320             226
63000              68              94        0.053125       0.0734375             320             226
63100              68              94        0.053125       0.0734375             320             226
63200              68              94        0.053125       0.0734375             320             226
63300              68              94        0.053125       0.0734375             320             226
63400              64              96            0.05           0.075             322             226
63500              62              97       0.0484375      0.07578125             323             226
63600              62              97       0.0484375      0.07578125             324             227
63700              62              97       0.0484375      0.07578125             324             227
63800              62              97       0.0484375      0.07578125             324             227
63900              62              97       0.0484375      0.07578125             324             227
64000              62              97       0.0484375      0.07578125             325             228
64100              62              97       0.0484375      0.07578125             325             228
64200              62              97       0.0484375      0.07578125             325             228
64300              62              97       0.0484375      0.07578125             325             228
64400              64              96            0.05           0.075             325             229
64500              62              97       0.0484375      0.07578125             326             229
64600              64              96            0.05           0.075             326             230
64700              60              98        0.046875       0.0765625             328             230
64800              62              97       0.0484375      0.07578125             328             231
64900              62              97       0.0484375      0.07578125             328             231
65000              62              97       0.0484375      0.07578125             328             231
65100              60              98        0.046875       0.0765625             329             231
65200              60              98        0.046875       0.0765625             329             231
65300              64              96            0.05           0.075             329             233
65400              64              96            0.05           0.075             329             233
65500              64              96            0.05           0.075             329             233
65600              62              97       0.0484375      0.07578125             330             233
65700              60              98        0.046875       0.0765625             331             233
65800              62              97       0.0484375      0.07578125             331             234
65900              62              97       0.0484375      0.07578125             331             234
66000              62              97       0.0484375      0.07578125             332             235
66100              62              97       0.0484375      0.07578125             332             235
66200              62              97       0.0484375      0.07578125             332             235
66300              62              97       0.0484375      0.07578125             332             235
66400              62              97       0.0484375      0.07578125             332             235
66500              62              97       0.0484375      0.07578125             332             235
66600              60              98        0.046875       0.0765625             333             235
66700              60              98        0.046875       0.0765625             333             235
66800              64              96            0.05           0.075             333             237
66900              62              97       0.0484375      0.07578125             334             237
67000              62              97       0.0484375      0.07578125             334             237
67100              62              97       0.0484375      0.07578125             335             238
67200              64              96            0.05           0.075             335             239
67300              66              95       0.0515625      0.07421875             335             240
67400              68              94        0.053125       0.0734375             335             241
67500              68              94        0.053125       0.0734375             335             241
67600              68              94        0.053125       0.0734375             335             241
67700              68              94        0.053125       0.0734375             336             242
67800              68              94        0.053125       0.0734375             336             242
67900              68              94        0.053125       0.0734375             336             242
68000              66              95       0.0515625      0.07421875             337             242
68100              62              97       0.0484375      0.07578125             339             242
68200              62              97       0.0484375      0.07578125             339             242
68300              62              97       0.0484375      0.07578125             339             242
68400              62              97       0.0484375      0.07578125             339             242
68500              62              97       0.0484375      0.07578125             339             242
68600              62              97       0.0484375      0.07578125             339             242
68700              60              98        0.046875       0.0765625             340             242
68800              56             100         0.04375        0.078125             342             242
68900              56             100         0.04375        0.078125             343             243
69000              56             100         0.04375        0.078125             343             243
69100              56             100         0.04375        0.078125             343             243
69200              58              99       0.0453125      0.07734375             343             244
69300              58              99       0.0453125      0.07734375             343             244
69400              62              97       0.0484375      0.07578125             343             246
69500              66              95       0.0515625      0.07421875             343             248
69600              68              94        0.053125       0.0734375             343             249
69700              70              93       0.0546875      0.07265625             343             250
69800              68              94        0.053125       0.0734375             344             250
69900              68              94        0.053125       0.0734375             345             251
70000              68              94        0.053125       0.0734375             345             251
70100              66              95       0.0515625      0.07421875             346             251
70200              64              96            0.05           0.075             347             251
70300              66              95       0.0515625      0.07421875             347             252
70400              66              95       0.0515625      0.07421875             347             252
70500              64              96            0.05           0.075             348             252
70600              64              96            0.05           0.075             348             252
70700              62              97       0.0484375      0.07578125             349             252
70800              62              97       0.0484375      0.07578125             349             252
70900              62              97       0.0484375      0.07578125             349             252
71000              62              97       0.0484375      0.07578125             349             252
71100              62              97       0.0484375      0.07578125             349             252
71200              62              97       0.0484375      0.07578125             349             252
71300              64              96            0.05           0.075             349             253
71400              66              95       0.0515625      0.07421875             349             254
71500              68              94        0.053125       0.0734375             349             255
71600              66              95       0.0515625      0.07421875             350             255
71700              64              96            0.05           0.075             351             255
71800              64              96            0.05           0.075             351             255
71900              66              95       0.0515625      0.07421875             351             256
72000              66              95       0.0515625      0.07421875             351             256
72100              66              95       0.0515625      0.07421875             352             257
72200              66              95       0.0515625      0.07421875             352             257
72300              66              95       0.0515625      0.07421875             352             257
72400              64              96            0.05           0.075             353             257
72500              62              97       0.0484375      0.07578125             354             257
72600              62              97       0.0484375      0.07578125             354             257
72700              64              96            0.05           0.075             354             258
72800              64              96            0.05           0.075             354             258
72900              64              96            0.05           0.075             355             259
73000              64              96            0.05           0.075             356             260
73100              64              96            0.05           0.075             356             260
73200              64              96            0.05           0.075             356             260
73300              62              97       0.0484375      0.07578125             357             260
73400              62              97       0.0484375      0.07578125             357             260
73500              62              97       0.0484375      0.07578125             357             260
73600              64              96            0.05           0.075             357             261
73700              62              97       0.0484375      0.07578125             358             261
73800              66              95       0.0515625      0.07421875             358             263
73900              70              93       0.0546875      0.07265625             358             265
74000              70              93       0.0546875      0.07265625             359             266
74100              70              93       0.0546875      0.07265625             359             266
74200              72              92         0.05625        0.071875             359             267
74300              72              92         0.05625        0.071875             359             267
74400              72              92         0.05625        0.071875             359             267
74500              72              92         0.05625        0.071875             359             267
74600              74              91       0.0578125      0.07109375             359             268
74700              74              91       0.0578125      0.07109375             359             268
74800              70              93       0.0546875      0.07265625             362             269
74900              70              93       0.0546875      0.07265625             362             269
75000              74              91       0.0578125      0.07109375             362             271
75100              74              91       0.0578125      0.07109375             362             271
75200              74              91       0.0578125      0.07109375             362             271
75300              72              92         0.05625        0.071875             363             271
75400              72              92         0.05625        0.071875             363             271
75500              72              92         0.05625        0.071875             363             271
75600              70              93       0.0546875      0.07265625             364             271
75700              70              93       0.0546875      0.07265625             365             272
75800              70              93       0.0546875      0.07265625             365             272
75900              68              94        0.053125       0.0734375             366             272
76000              66              95       0.0515625      0.07421875             367             272
76100              68              94        0.053125       0.0734375             367             273
76200              68              94        0.053125       0.0734375             367             273
76300              68              94        0.053125       0.0734375             367             273
76400              70              93       0.0546875      0.07265625             367             274
76500              72              92         0.05625        0.071875             367             275
76600              64              96            0.05           0.075             371             275
76700              66              95       0.0515625      0.07421875             371             276
76800              66              95       0.0515625      0.07421875             371             276
76900              66              95       0.0515625      0.07421875             371             276
77000              64              96            0.05           0.075             373             277
77100              66              95       0.0515625      0.07421875             373             278
77200              66              95       0.0515625      0.07421875             373             278
77300              60              98        0.046875       0.0765625             376             278
77400              60              98        0.046875       0.0765625             376             278
77500              60              98        0.046875       0.0765625             376             278
77600              62              97       0.0484375      0.07578125             376             279
77700              68              94        0.053125       0.0734375             376             282
77800              66              95       0.0515625      0.07421875             377             282
77900              66              95       0.0515625      0.07421875             377             282
78000              68              94        0.053125       0.0734375             377             283
78100              70              93       0.0546875      0.07265625             377             284
78200              68              94        0.053125       0.0734375             378             284
78300              68              94        0.053125       0.0734375             378             284
78400              72              92         0.05625        0.071875             378             286
78500              72              92         0.05625        0.071875             378             286
78600              68              94        0.053125       0.0734375             380             286
78700              70              93       0.0546875      0.07265625             380             287
78800              72              92         0.05625        0.071875             380             288
78900              76              90        0.059375       0.0703125             380             290
79000              76              90        0.059375       0.0703125             380             290
79100              78              89       0.0609375      0.06953125             380             291
79200              72              92         0.05625        0.071875             383             291
79300              70              93       0.0546875      0.07265625             384             291
79400              72              92         0.05625        0.071875             384             292
79500              72              92         0.05625        0.071875             384             292
79600              72              92         0.05625        0.071875             384             292
79700              72              92         0.05625        0.071875             384             292
79800              72              92         0.05625        0.071875             385             293
79900              76              90        0.059375       0.0703125             385             295
80000              76              90        0.059375       0.0703125             387             297
80100              74              91       0.0578125      0.07109375             388             297
80200              72              92         0.05625        0.071875             389             297
80300              78              89       0.0609375      0.06953125             389             300
80400              80              88          0.0625         0.06875             389             301
80500              78              89       0.0609375      0.06953125             391             302
80600              78              89       0.0609375      0.06953125             392             303
80700              80              88          0.0625         0.06875             392             304
80800              82              87       0.0640625      0.06796875             392             305
80900              84              86        0.065625       0.0671875             392             306
81000              86              85       0.0671875      0.06640625             393             308
81100              88              84         0.06875        0.065625             393             309
81200              90              83       0.0703125      0.06484375             393             310
81300              88              84         0.06875        0.065625             394             310
81400              88              84         0.06875        0.065625             394             310
81500              90              83       0.0703125      0.06484375             394             311
81600              88              84         0.06875        0.065625             395             311
81700              88              84         0.06875        0.065625             395             311
81800              88              84         0.06875        0.065625             395             311
81900              86              85       0.0671875      0.06640625             396             311
82000              86              85       0.0671875      0.06640625             397             312
82100              84              86        0.065625       0.0671875             398             312
82200              80              88          0.0625         0.06875             400             312
82300              80              88          0.0625         0.06875             401             313
82400              80              88          0.0625         0.06875             401             313
82500              80              88          0.0625         0.06875             402             314
82600              82              87       0.0640625      0.06796875             402             315
82700              82              87       0.0640625      0.06796875             402             315
82800              82              87       0.0640625      0.06796875             402             315
82900              82              87       0.0640625      0.06796875             402             315
83000              80              88          0.0625         0.06875             403             315
83100              82              87       0.0640625      0.06796875             403             316
83200              82              87       0.0640625      0.06796875             403             316
83300              84              86        0.065625       0.0671875             403             317
83400              84              86        0.065625       0.0671875             403             317
83500              84              86        0.065625       0.0671875             404             318
83600              82              87       0.0640625      0.06796875             405             318
83700              82              87       0.0640625      0.06796875             405             318
83800              80              88          0.0625         0.06875             406             318
83900              80              88          0.0625         0.06875             406             318
84000              84              86        0.065625       0.0671875             406             320
84100              80              88          0.0625         0.06875             408             320
84200              80              88          0.0625         0.06875             408             320
84300              80              88          0.0625         0.06875             408             320
84400              80              88          0.0625         0.06875             408             320
84500              80              88          0.0625         0.06875             408             320
84600              78              89       0.0609375      0.06953125             409             320
84700              80              88          0.0625         0.06875             410             322
84800              78              89       0.0609375      0.06953125             411             322
84900              78              89       0.0609375      0.06953125             411             322
85000              80              88          0.0625         0.06875             411             323
85100              84              86        0.065625       0.0671875             411             325
85200              84              86        0.065625       0.0671875             411             325
85300              82              87       0.0640625      0.06796875             412             325
85400              80              88          0.0625         0.06875             413             325
85500              80              88          0.0625         0.06875             413             325
85600              82              87       0.0640625      0.06796875             414             327
85700              82              87       0.0640625      0.06796875             414             327
85800              86              85       0.0671875      0.06640625             414             329
85900              86              85       0.0671875      0.06640625             414             329
86000              86              85       0.0671875      0.06640625             414             329
86100              86              85       0.0671875      0.06640625             414             329
86200              88              84         0.06875        0.065625             414             330
86300              88              84         0.06875        0.065625             414             330
86400              88              84         0.06875        0.065625             414             330
86500              86              85       0.0671875      0.06640625             416             331
86600              90              83       0.0703125      0.06484375             416             333
86700              88              84         0.06875        0.065625             417             333
86800              84              86        0.065625       0.0671875             419             333
86900              82              87       0.0640625      0.06796875             420             333
87000              84              86        0.065625       0.0671875             421             335
87100              86              85       0.0671875      0.06640625             421             336
87200              86              85       0.0671875      0.06640625             422             337
87300              86              85       0.0671875      0.06640625             422             337
87400              86              85       0.0671875      0.06640625             422             337
87500              86              85       0.0671875      0.06640625             422             337
87600              88              84         0.06875        0.065625             422             338
87700              88              84         0.06875        0.065625             422             338
87800              86              85       0.0671875      0.06640625             423             338
87900              88              84         0.06875        0.065625             424             340
88000              84              86        0.065625       0.0671875             426             340
88100              82              87       0.0640625      0.06796875             428             341
88200              78              89       0.0609375      0.06953125             430             341
88300              76              90        0.059375       0.0703125             431             341
88400              76              90        0.059375       0.0703125             431             341
88500              76              90        0.059375       0.0703125             431             341
88600              76              90        0.059375       0.0703125             431             341
88700              76              90        0.059375       0.0703125             431             341
88800              78              89       0.0609375      0.06953125             431             342
88900              78              89       0.0609375      0.06953125             431             342
89000              74              91       0.0578125      0.07109375             433             342
89100              74              91       0.0578125      0.07109375             433             342
89200              74              91       0.0578125      0.07109375             433             342
89300              74              91       0.0578125      0.07109375             433             342
89400              72              92         0.05625        0.071875             434             342
89500              74              91       0.0578125      0.07109375             434             343
89600              74              91       0.0578125      0.07109375             434             343
89700              74              91       0.0578125      0.07109375             434             343
89800              76              90        0.059375       0.0703125             434             344
89900              78              89       0.0609375      0.06953125             434             345
90000              76              90        0.059375       0.0703125             435             345
90100              76              90        0.059375       0.0703125             435             345
90200              76              90        0.059375       0.0703125             435             345
90300              78              89       0.0609375      0.06953125             436             347
90400              78              89       0.0609375      0.06953125             436             347
90500              78              89       0.0609375      0.06953125             436             347
90600              78              89       0.0609375      0.06953125             436             347
90700              76              90        0.059375       0.0703125             437             347
90800              76              90        0.059375       0.0703125             437             347
90900              74              91       0.0578125      0.07109375             438             347
91000              74              91       0.0578125      0.07109375             438             347
91100              72              92         0.05625        0.071875             439             347
91200              76              90        0.059375       0.0703125             439             349
91300              76              90        0.059375       0.0703125             439             349
91400              74              91       0.0578125      0.07109375             441             350
91500              72              92         0.05625        0.071875             442             350
91600              70              93       0.0546875      0.07265625             443             350
91700              68              94        0.053125       0.0734375             444             350
91800              68              94        0.053125       0.0734375             444             350
91900              66              95       0.0515625      0.07421875             445             350
92000              68              94        0.053125       0.0734375             445             351
92100              68              94        0.053125       0.0734375             445             351
92200              66              95       0.0515625      0.07421875             446             351
92300              68              94        0.053125       0.0734375             446             352
92400              68              94        0.053125       0.0734375             446             352
92500              66              95       0.0515625      0.07421875             447             352
92600              66              95       0.0515625      0.07421875             447             352
92700              70              93       0.0546875      0.07265625             447             354
92800              68              94        0.053125       0.0734375             448             354
92900              66              95       0.0515625      0.07421875             449             354
93000              68              94        0.053125       0.0734375             449             355
93100              68              94        0.053125       0.0734375             449             355
93200              64              96            0.05           0.075             451             355
93300              62              97       0.0484375      0.07578125             452             355
93400              64              96            0.05           0.075             452             356
93500              64              96            0.05           0.075             452             356
93600              64              96            0.05           0.075             452             356
93700              64              96            0.05           0.075             453             357
93800              64              96            0.05           0.075             453             357
93900              62              97       0.0484375      0.07578125             454             357
94000              60              98        0.046875       0.0765625             455             357
94100              58              99       0.0453125      0.07734375             456             357
94200              60              98        0.046875       0.0765625             456             358
94300              62              97       0.0484375      0.07578125             456             359
94400              62              97       0.0484375      0.07578125             456             359
94500              62              97       0.0484375      0.07578125             456             359
94600              62              97       0.0484375      0.07578125             456             359
94700              64              96            0.05           0.075             456             360
94800              66              95       0.0515625      0.07421875             456             361
94900              66              95       0.0515625      0.07421875             456             361
95000              66              95       0.0515625      0.07421875             456             361
95100              64              96            0.05           0.075             457             361
95200              64              96            0.05           0.075             458             362
95300              64              96            0.05           0.075             459             363
95400              64              96            0.05           0.075             459             363
95500              64              96            0.05           0.075             459             363
95600              66              95       0.0515625      0.07421875             459             364
95700              66              95       0.0515625      0.07421875             460             365
95800              66              95       0.0515625      0.07421875             460             365
95900              66              95       0.0515625      0.07421875             462             367
96000              66              95       0.0515625      0.07421875             462             367
96100              64              96            0.05           0.075             463             367
96200              64              96            0.05           0.075             463             367
96300              64              96            0.05           0.075             463             367
96400              64              96            0.05           0.075             463             367
96500              68              94        0.053125       0.0734375             463             369
96600              70              93       0.0546875      0.07265625             463             370
96700              72              92         0.05625        0.071875             463             371
96800              72              92         0.05625        0.071875             463             371
96900              74              91       0.0578125      0.07109375             463             372
97000              70              93       0.0546875      0.07265625             465             372
97100              70              93       0.0546875      0.07265625             465             372
97200              66              95       0.0515625      0.07421875             467             372
97300              68              94        0.053125       0.0734375             467             373
97400              68              94        0.053125       0.0734375             467             373
97500              70              93       0.0546875      0.07265625             467             374
97600              68              94        0.053125       0.0734375             468             374
97700              70              93       0.0546875      0.07265625             468             375
97800              68              94        0.053125       0.0734375             469             375
97900              70              93       0.0546875      0.07265625             469             376
98000              70              93       0.0546875      0.07265625             469             376
98100              68              94        0.053125       0.0734375             470             376
98200              68              94        0.053125       0.0734375             470             376
98300              66              95       0.0515625      0.07421875             471             376
98400              66              95       0.0515625      0.07421875             472             377
98500              64              96            0.05           0.075             473             377
98600              62              97       0.0484375      0.07578125             474             377
98700              66              95       0.0515625      0.07421875             474             379
98800              66              95       0.0515625      0.07421875             474             379
98900              64              96            0.05           0.075             475             379
99000              64              96            0.05           0.075             475             379
99100              64              96            0.05           0.075             475             379
99200              64              96            0.05           0.075             475             379
99300              66              95       0.0515625      0.07421875             475             380
99400              68              94        0.053125       0.0734375             475             381
99500              66              95       0.0515625      0.07421875             476             381
99600              68              94        0.053125       0.0734375             476             382
99700              66              95       0.0515625      0.07421875             477             382
99800              66              95       0.0515625      0.07421875             478             383
99900              64              96            0.05           0.075             479             383
100000              64              96            0.05           0.075             479             383
