# Time-averaged data for fix observ
# TimeStep v_nfree v_ndimer v_cfree v_cdimer f_kinetics[2] f_kinetics[3]
0             256               0             0.2               0               0               0
100             238               9       0.1859375      0.00703125               9               0
200             232              12         0.18125        0.009375              12               0
300             212              22        0.165625       0.0171875              22               0
400             208              24          0.1625         0.01875              25               1
500             202              27       0.1578125      0.02109375              28               1
600             196              30        0.153125       0.0234375              31               1
700             184              36         0.14375        0.028125              37               1
800             180              38        0.140625       0.0296875              39               1
900             176              40          0.1375         0.03125              41               1
1000             162              47       0.1265625      0.03671875              48               1
1100             158              49       0.1234375      0.03828125              50               1
1200             150              53       0.1171875      0.04140625              55               2
1300             148              54        0.115625       0.0421875              56               2
1400             142              57       0.1109375      0.04453125              59               2
1500             136              60         0.10625        0.046875              62               2
1600             130              63       0.1015625      0.04921875              65               2
1700             130              63       0.1015625      0.04921875              66               3
1800             126              65       0.0984375      0.05078125              68               3
1900             120              68         0.09375        0.053125              71               3
2000             118              69       0.0921875      0.05390625              72               3
2100             116              70        0.090625       0.0546875              73               3
2200             112              72          0.0875         0.05625              75               3
2300             108              74        0.084375       0.0578125              77               3
2400             108              74        0.084375       0.0578125              77               3
2500             104              76         0.08125        0.059375              79               3
2600              94              81       0.0734375      0.06328125              84               3
2700              96              80           0.075          0.0625              84               4
2800              96              80           0.075          0.0625              84               4
2900              96              80           0.075          0.0625              84               4
3000              94              81       0.0734375      0.06328125              85               4
3100              90              83       0.0703125      0.06484375              87               4
3200              88              84         0.06875        0.065625              88               4
3300              88              84         0.06875        0.065625              88               4
3400              86              85       0.0671875      0.06640625              89               4
3500              86              85       0.0671875      0.06640625              89               4
3600              84              86        0.065625       0.0671875              90               4
3700              84              86        0.065625       0.0671875              90               4
3800              84              86        0.065625       0.0671875              90               4
3900              84              86        0.065625       0.0671875              90               4
4000              80              88          0.0625         0.06875              92               4
4100              78              89       0.0609375      0.06953125              93               4
4200              76              90        0.059375       0.0703125              94               4
4300              76              90        0.059375       0.0703125              94               4
4400              76              90        0.059375       0.0703125              94               4
4500              72              92         0.05625        0.071875              96               4
4600              74              91       0.0578125      0.07109375              96               5
4700              74              91       0.0578125      0.07109375              96               5
4800              70              93       0.0546875      0.07265625              98               5
4900              68              94        0.053125       0.0734375              99               5
5000              68              94        0.053125       0.0734375              99               5
5100              68              94        0.053125       0.0734375              99               5
5200              68              94        0.053125       0.0734375              99               5
5300              66              95       0.0515625      0.07421875             100               5
5400              66              95       0.0515625      0.07421875             100               5
5500              68              94        0.053125       0.0734375             100               6
5600              64              96            0.05           0.075             102               6
5700              62              97       0.0484375      0.07578125             103               6
5800              62              97       0.0484375      0.07578125             103               6
5900              60              98        0.046875       0.0765625             104               6
6000              58              99       0.0453125      0.07734375             105               6
6100              58              99       0.0453125      0.07734375             105               6
6200              60              98        0.046875       0.0765625             105               7
6300              60              98        0.046875       0.0765625             105               7
6400              60              98        0.046875       0.0765625             105               7
6500              58              99       0.0453125      0.07734375             106               7
6600              58              99       0.0453125      0.07734375             106               7
6700              58              99       0.0453125      0.07734375             106               7
6800              56             100         0.04375        0.078125             107               7
6900              56             100         0.04375        0.078125             107               7
7000              54             101       0.0421875      0.07890625             108               7
7100              52             102        0.040625       0.0796875             109               7
7200              50             103       0.0390625      0.08046875             110               7
7300              50             103       0.0390625      0.08046875             110               7
7400              50             103       0.0390625      0.08046875             110               7
7500              52             102        0.040625       0.0796875             110               8
7600              52             102        0.040625       0.0796875             110               8
7700              52             102        0.040625       0.0796875             110               8
7800              52             102        0.040625       0.0796875             110               8
7900              50             103       0.0390625      0.08046875             111               8
8000              50             103       0.0390625      0.08046875             111               8
8100              50             103       0.0390625      0.08046875             111               8
8200              50             103       0.0390625      0.08046875             111               8
8300              46             105       0.0359375      0.08203125             113               8
8400              46             105       0.0359375      0.08203125             113               8
8500              44             106        0.034375       0.0828125             114               8
8600              44             106        0.034375       0.0828125             114               8
8700              44             106        0.034375       0.0828125             114               8
8800              46             105       0.0359375      0.08203125             114               9
8900              46             105       0.0359375      0.08203125             114               9
9000              44             106        0.034375       0.0828125             115               9
9100              44             106        0.034375       0.0828125             115               9
9200              42             107       0.0328125      0.08359375             116               9
9300              38             109       0.0296875      0.08515625             119              10
9400              38             109       0.0296875      0.08515625             119              10
9500              38             109       0.0296875      0.08515625             119              10
9600              38             109       0.0296875      0.08515625             119              10
9700              38             109       0.0296875      0.08515625             119              10
9800              38             109       0.0296875      0.08515625             119              10
9900              38             109       0.0296875      0.08515625             119              10
10000              38             109       0.0296875      0.08515625             119              10
10100              40             108         0.03125        0.084375             119              11
10200              40             108         0.03125        0.084375             119              11
10300              40             108         0.03125        0.084375             119              11
10400              40             108         0.03125        0.084375             119              11
10500              40             108         0.03125        0.084375             119              11
10600              38             109       0.0296875      0.08515625             120              11
10700              38             109       0.0296875      0.08515625             120              11
10800              38             109       0.0296875      0.08515625             120              11
10900              38             109       0.0296875      0.08515625             120              11
11000              38             109       0.0296875      0.08515625             120              11
11100              36             110        0.028125       0.0859375             121              11
11200              34             111       0.0265625      0.08671875             122              11
11300              34             111       0.0265625      0.08671875             122              11
11400              34             111       0.0265625      0.08671875             122              11
11500              34             111       0.0265625      0.08671875             122              11
11600              34             111       0.0265625      0.08671875             122              11
11700              34             111       0.0265625      0.08671875             122              11
11800              34             111       0.0265625      0.08671875             122              11
11900              34             111       0.0265625      0.08671875             122              11
12000              34             111       0.0265625      0.08671875             122              11
12100              34             111       0.0265625      0.08671875             122              11
12200              34             111       0.0265625      0.08671875             122              11
12300              34             111       0.0265625      0.08671875             122              11
12400              34             111       0.0265625      0.08671875             122              11
12500              34             111       0.0265625      0.08671875             122              11
12600              34             111       0.0265625      0.08671875             122              11
12700              34             111       0.0265625      0.08671875             122              11
12800              34             111       0.0265625      0.08671875             122              11
12900              34             111       0.0265625      0.08671875             122              11
13000              34             111       0.0265625      0.08671875             122              11
13100              34             111       0.0265625      0.08671875             122              11
13200              34             111       0.0265625      0.08671875             122              11
13300              34             111       0.0265625      0.08671875             122              11
13400              34             111       0.0265625      0.08671875             122              11
13500              36             110        0.028125       0.0859375             122              12
13600              36             110        0.028125       0.0859375             122              12
13700              34             111       0.0265625      0.08671875             123              12
13800              34             111       0.0265625      0.08671875             123              12
13900              34             111       0.0265625      0.08671875             123              12
14000              34             111       0.0265625      0.08671875             123              12
14100              34             111       0.0265625      0.08671875             123              12
14200              34             111       0.0265625      0.08671875             123              12
14300              34             111       0.0265625      0.08671875             123              12
14400              36             110        0.028125       0.0859375             123              13
14500              36             110        0.028125       0.0859375             123              13
14600              38             109       0.0296875      0.08515625             123              14
14700              38             109       0.0296875      0.08515625             123              14
14800              38             109       0.0296875      0.08515625             123              14
14900              38             109       0.0296875      0.08515625             123              14
15000              38             109       0.0296875      0.08515625             123              14
15100              38             109       0.0296875      0.08515625             123              14
15200              38             109       0.0296875      0.08515625             123              14
15300              38             109       0.0296875      0.08515625             123              14
15400              38             109       0.0296875      0.08515625             123              14
15500              38             109       0.0296875      0.08515625             123              14
15600              38             109       0.0296875      0.08515625             123              14
15700              36             110        0.028125       0.0859375             124              14
15800              36             110        0.028125       0.0859375             124              14
15900              36             110        0.028125       0.0859375             124              14
16000              36             110        0.028125       0.0859375             124              14
16100              36             110        0.028125       0.0859375             124              14
16200              36             110        0.028125       0.0859375             124              14
16300              36             110        0.028125       0.0859375             124              14
16400              36             110        0.028125       0.0859375             124              14
16500              36             110        0.028125       0.0859375             124              14
16600              38             109       0.0296875      0.08515625             124              15
16700              36             110        0.028125       0.0859375             125              15
16800              36             110        0.028125       0.0859375             125              15
16900              36             110        0.028125       0.0859375             125              15
17000              36             110        0.028125       0.0859375             125              15
17100              36             110        0.028125       0.0859375             125              15
17200              36             110        0.028125       0.0859375             125              15
17300              38             109       0.0296875      0.08515625             125              16
17400              38             109       0.0296875      0.08515625             125              16
17500              38             109       0.0296875      0.08515625             125              16
17600              38             109       0.0296875      0.08515625             125              16
17700              38             109       0.0296875      0.08515625             125              16
17800              38             109       0.0296875      0.08515625             125              16
17900              40             108         0.03125        0.084375             125              17
18000              38             109       0.0296875      0.08515625             126              17
18100              38             109       0.0296875      0.08515625             126              17
18200              38             109       0.0296875      0.08515625             126              17
18300              38             109       0.0296875      0.08515625             126              17
18400              38             109       0.0296875      0.08515625             126              17
18500              38             109       0.0296875      0.08515625             126              17
18600              40             108         0.03125        0.084375             126              18
18700              40             108         0.03125        0.084375             126              18
18800              40             108         0.03125        0.084375             126              18
18900              40             108         0.03125        0.084375             126              18
19000              40             108         0.03125        0.084375             126              18
19100              42             107       0.0328125      0.08359375             126              19
19200              42             107       0.0328125      0.08359375             126              19
19300              42             107       0.0328125      0.08359375             126              19
19400              42             107       0.0328125      0.08359375             126              19
19500              42             107       0.0328125      0.08359375             126              19
19600              42             107       0.0328125      0.08359375             126              19
19700              40             108         0.03125        0.084375             127              19
19800              40             108         0.03125        0.084375             127              19
19900              40             108         0.03125        0.084375             127              19
20000              40             108         0.03125        0.084375             127              19
20100              40             108         0.03125        0.084375             127              19
20200              40             108         0.03125        0.084375             127              19
20300              40             108         0.03125        0.084375             127              19
20400              42             107       0.0328125      0.08359375             127              20
20500              42             107       0.0328125      0.08359375             127              20
20600              42             107       0.0328125      0.08359375             127              20
20700              42             107       0.0328125      0.08359375             127              20
20800              42             107       0.0328125      0.08359375             127              20
20900              42             107       0.0328125      0.08359375             127              20
21000              40             108         0.03125        0.084375             128              20
21100              40             108         0.03125        0.084375             128              20
21200              38             109       0.0296875      0.08515625             129              20
21300              38             109       0.0296875      0.08515625             129              20
21400              38             109       0.0296875      0.08515625             129              20
21500              38             109       0.0296875      0.08515625             129              20
21600              38             109       0.0296875      0.08515625             129              20
21700              36             110        0.028125       0.0859375             130              20
21800              36             110        0.028125       0.0859375             130              20
21900              36             110        0.028125       0.0859375             130              20
22000              34             111       0.0265625      0.08671875             131              20
22100              36             110        0.028125       0.0859375             131              21
22200              36             110        0.028125       0.0859375             131              21
22300              36             110        0.028125       0.0859375             131              21
22400              36             110        0.028125       0.0859375             131              21
22500              36             110        0.028125       0.0859375             131              21
22600              36             110        0.028125       0.0859375             131              21
22700              36             110        0.028125       0.0859375             131              21
22800              36             110        0.028125       0.0859375             131              21
22900              36             110        0.028125       0.0859375             131              21
23000              36             110        0.028125       0.0859375             131              21
23100              36             110        0.028125       0.0859375             131              21
23200              36             110        0.028125       0.0859375             131              21
23300              36             110        0.028125       0.0859375             131              21
23400              36             110        0.028125       0.0859375             131              21
23500              36             110        0.028125       0.0859375             131              21
23600              38             109       0.0296875      0.08515625             131              22
23700              38             109       0.0296875      0.08515625             131              22
23800              38             109       0.0296875      0.08515625             131              22
23900              38             109       0.0296875      0.08515625             131              22
24000              38             109       0.0296875      0.08515625             131              22
24100              38             109       0.0296875      0.08515625             131              22
24200              38             109       0.0296875      0.08515625             131              22
24300              38             109       0.0296875      0.08515625             131              22
24400              38             109       0.0296875      0.08515625             131              22
24500              38             109       0.0296875      0.08515625             131              22
24600              40             108         0.03125        0.084375             131              23
24700              40             108         0.03125        0.084375             131              23
24800              40             108         0.03125        0.084375             131              23
24900              40             108         0.03125        0.084375             131              23
25000              38             109       0.0296875      0.08515625             132              23
25100              38             109       0.0296875      0.08515625             132              23
25200              38             109       0.0296875      0.08515625             132              23
25300              38             109       0.0296875      0.08515625             132              23
25400              38             109       0.0296875      0.08515625             132              23
25500              40             108         0.03125        0.084375             132              24
25600              40             108         0.03125        0.084375             132              24
25700              40             108         0.03125        0.084375             132              24
25800              40             108         0.03125        0.084375             132              24
25900              40             108         0.03125        0.084375             132              24
26000              40             108         0.03125        0.084375             132              24
26100              36             110        0.028125       0.0859375             134              24
26200              34             111       0.0265625      0.08671875             135              24
26300              34             111       0.0265625      0.08671875             135              24
26400              34             111       0.0265625      0.08671875             135              24
26500              34             111       0.0265625      0.08671875             135              24
26600              32             112           0.025          0.0875             136              24
26700              32             112           0.025          0.0875             136              24
26800              32             112           0.025          0.0875             136              24
26900              32             112           0.025          0.0875             136              24
27000              30             113       0.0234375      0.08828125             137              24
27100              30             113       0.0234375      0.08828125             137              24
27200              30             113       0.0234375      0.08828125             137              24
27300              28             114        0.021875       0.0890625             138              24
27400              28             114        0.021875       0.0890625             138              24
27500              28             114        0.021875       0.0890625             138              24
27600              28             114        0.021875       0.0890625             138              24
27700              28             114        0.021875       0.0890625             138              24
27800              28             114        0.021875       0.0890625             138              24
27900              28             114        0.021875       0.0890625             138              24
28000              28             114        0.021875       0.0890625             138              24
28100              28             114        0.021875       0.0890625             138              24
28200              28             114        0.021875       0.0890625             138              24
28300              30             113       0.0234375      0.08828125             138              25
28400              30             113       0.0234375      0.08828125             138              25
28500              30             113       0.0234375      0.08828125             138              25
28600              30             113       0.0234375      0.08828125             138              25
28700              30             113       0.0234375      0.08828125             138              25
28800              28             114        0.021875       0.0890625             139              25
28900              28             114        0.021875       0.0890625             139              25
29000              26             115       0.0203125      0.08984375             140              25
29100              26             115       0.0203125      0.08984375             140              25
29200              26             115       0.0203125      0.08984375             140              25
29300              26             115       0.0203125      0.08984375             140              25
29400              26             115       0.0203125      0.08984375             140              25
29500              26             115       0.0203125      0.08984375             140              25
29600              26             115       0.0203125      0.08984375             140              25
29700              26             115       0.0203125      0.08984375             140              25
29800              26             115       0.0203125      0.08984375             140              25
29900              28             114        0.021875       0.0890625             140              26
30000              26             115       0.0203125      0.08984375             141              26
30100              26             115       0.0203125      0.08984375             141              26
30200              24             116         0.01875        0.090625             142              26
30300              24             116         0.01875        0.090625             142              26
30400              24             116         0.01875        0.090625             142              26
30500              24             116         0.01875        0.090625             142              26
30600              24             116         0.01875        0.090625             142              26
30700              24             116         0.01875        0.090625             142              26
30800              24             116         0.01875        0.090625             142              26
30900              24             116         0.01875        0.090625             142              26
31000              22             117       0.0171875      0.09140625             143              26
31100              22             117       0.0171875      0.09140625             143              26
31200              24             116         0.01875        0.090625             143              27
31300              24             116         0.01875        0.090625             143              27
31400              24             116         0.01875        0.090625             143              27
31500              24             116         0.01875        0.090625             143              27
31600              24             116         0.01875        0.090625             143              27
31700              24             116         0.01875        0.090625             143              27
31800              26             115       0.0203125      0.08984375             143              28
31900              26             115       0.0203125      0.08984375             143              28
32000              24             116         0.01875        0.090625             144              28
32100              22             117       0.0171875      0.09140625             145              28
32200              24             116         0.01875        0.090625             145              29
32300              24             116         0.01875        0.090625             145              29
32400              24             116         0.01875        0.090625             145              29
32500              24             116         0.01875        0.090625             145              29
32600              24             116         0.01875        0.090625             145              29
32700              24             116         0.01875        0.090625             145              29
32800              24             116         0.01875        0.090625             145              29
32900              24             116         0.01875        0.090625             145              29
33000              24             116         0.01875        0.090625             145              29
33100              24             116         0.01875        0.090625             145              29
33200              26             115       0.0203125      0.08984375             145              30
33300              26             115       0.0203125      0.08984375             145              30
33400              26             115       0.0203125      0.08984375             145              30
33500              24             116         0.01875        0.090625             146              30
33600              26             115       0.0203125      0.08984375             146              31
33700              26             115       0.0203125      0.08984375             146              31
33800              26             115       0.0203125      0.08984375             146              31
33900              26             115       0.0203125      0.08984375             146              31
34000              26             115       0.0203125      0.08984375             146              31
34100              26             115       0.0203125      0.08984375             146              31
34200              26             115       0.0203125      0.08984375             146              31
34300              26             115       0.0203125      0.08984375             146              31
34400              26             115       0.0203125      0.08984375             146              31
34500              26             115       0.0203125      0.08984375             146              31
34600              26             115       0.0203125      0.08984375             146              31
34700              26             115       0.0203125      0.08984375             146              31
34800              26             115       0.0203125      0.08984375             146              31
34900              28             114        0.021875       0.0890625             146              32
35000              30             113       0.0234375      0.08828125             146              33
35100              30             113       0.0234375      0.08828125             146              33
35200              30             113       0.0234375      0.08828125             146              33
35300              28             114        0.021875       0.0890625             147              33
35400              28             114        0.021875       0.0890625             147              33
35500              28             114        0.021875       0.0890625             147              33
35600              30             113       0.0234375      0.08828125             147              34
35700              30             113       0.0234375      0.08828125             147              34
35800              30             113       0.0234375      0.08828125             147              34
35900              30             113       0.0234375      0.08828125             147              34
36000              30             113       0.0234375      0.08828125             147              34
36100              30             113       0.0234375      0.08828125             147              34
36200              30             113       0.0234375      0.08828125             147              34
36300              30             113       0.0234375      0.08828125             147              34
36400              30             113       0.0234375      0.08828125             147              34
36500              30             113       0.0234375      0.08828125             147              34
36600              30             113       0.0234375      0.08828125             147              34
36700              32             112           0.025          0.0875             147              35
36800              32             112           0.025          0.0875             147              35
36900              32             112           0.025          0.0875             147              35
37000              32             112           0.025          0.0875             147              35
37100              32             112           0.025          0.0875             147              35
37200              32             112           0.025          0.0875             147              35
37300              32             112           0.025          0.0875             147              35
37400              32             112           0.025          0.0875             147              35
37500              34             111       0.0265625      0.08671875             147              36
37600              34             111       0.0265625      0.08671875             147              36
37700              32             112           0.025          0.0875             148              36
37800              30             113       0.0234375      0.08828125             149              36
37900              30             113       0.0234375      0.08828125             149              36
38000              30             113       0.0234375      0.08828125             149              36
38100              30             113       0.0234375      0.08828125             149              36
38200              30             113       0.0234375      0.08828125             149              36
38300              30             113       0.0234375      0.08828125             149              36
38400              30             113       0.0234375      0.08828125             149              36
38500              28             114        0.021875       0.0890625             150              36
38600              28             114        0.021875       0.0890625             150              36
38700              28             114        0.021875       0.0890625             151              37
38800              28             114        0.021875       0.0890625             151              37
38900              28             114        0.021875       0.0890625             151              37
39000              28             114        0.021875       0.0890625             151              37
39100              28             114        0.021875       0.0890625             151              37
39200              28             114        0.021875       0.0890625             151              37
39300              28             114        0.021875       0.0890625             151              37
39400              28             114        0.021875       0.0890625             151              37
39500              28             114        0.021875       0.0890625             151              37
39600              28             114        0.021875       0.0890625             151              37
39700              28             114        0.021875       0.0890625             151              37
39800              28             114        0.021875       0.0890625             151              37
39900              28             114        0.021875       0.0890625             151              37
40000              32             112           0.025          0.0875             151              39
40100              32             112           0.025          0.0875             151              39
40200              32             112           0.025          0.0875             151              39
40300              32             112           0.025          0.0875             151              39
40400              32             112           0.025          0.0875             151              39
40500              32             112           0.025          0.0875             151              39
40600              32             112           0.025          0.0875             151              39
40700              30             113       0.0234375      0.08828125             152              39
40800              30             113       0.0234375      0.08828125             152              39
40900              30             113       0.0234375      0.08828125             152              39
41000              34             111       0.0265625      0.08671875             152              41
41100              34             111       0.0265625      0.08671875             152              41
41200              34             111       0.0265625      0.08671875             152              41
41300              34             111       0.0265625      0.08671875             152              41
41400              34             111       0.0265625      0.08671875             152              41
41500              34             111       0.0265625      0.08671875             152              41
41600              34             111       0.0265625      0.08671875             152              41
41700              34             111       0.0265625      0.08671875             152              41
41800              34             111       0.0265625      0.08671875             152              41
41900              34             111       0.0265625      0.08671875             152              41
42000              34             111       0.0265625      0.08671875             152              41
42100              34             111       0.0265625      0.08671875             152              41
42200              34             111       0.0265625      0.08671875             152              41
42300              32             112           0.025          0.0875             153              41
42400              32             112           0.025          0.0875             154              42
42500              32             112           0.025          0.0875             154              42
42600              32             112           0.025          0.0875             154              42
42700              32             112           0.025          0.0875             154              42
42800              32             112           0.025          0.0875             154              42
42900              30             113       0.0234375      0.08828125             155              42
43000              30             113       0.0234375      0.08828125             155              42
43100              30             113       0.0234375      0.08828125             155              42
43200              28             114        0.021875       0.0890625             156              42
43300              28             114        0.021875       0.0890625             156              42
43400              28             114        0.021875       0.0890625             156              42
43500              28             114        0.021875       0.0890625             156              42
43600              28             114        0.021875       0.0890625             156              42
43700              28             114        0.021875       0.0890625             156              42
43800              28             114        0.021875       0.0890625             156              42
43900              28             114        0.021875       0.0890625             156              42
44000              28             114        0.021875       0.0890625             156              42
44100              28             114        0.021875       0.0890625             156              42
44200              28             114        0.021875       0.0890625             156              42
44300              28             114        0.021875       0.0890625             156              42
44400              28             114        0.021875       0.0890625             156              42
44500              28             114        0.021875       0.0890625             156              42
44600              28             114        0.021875       0.0890625             156              42
44700              28             114        0.021875       0.0890625             156              42
44800              28             114        0.021875       0.0890625             156              42
44900              28             114        0.021875       0.0890625             156              42
45000              28             114        0.021875       0.0890625             156              42
45100              28             114        0.021875       0.0890625             156              42
45200              28             114        0.021875       0.0890625             156              42
45300              28             114        0.021875       0.0890625             156              42
45400              28             114        0.021875       0.0890625             156              42
45500              28             114        0.021875       0.0890625             156              42
45600              28             114        0.021875       0.0890625             156              42
45700              26             115       0.0203125      0.08984375             157              42
45800              26             115       0.0203125      0.08984375             157              42
45900              26             115       0.0203125      0.08984375             157              42
46000              26             115       0.0203125      0.08984375             157              42
46100              26             115       0.0203125      0.08984375             157              42
46200              26             115       0.0203125      0.08984375             157              42
46300              26             115       0.0203125      0.08984375             157              42
46400              26             115       0.0203125      0.08984375             157              42
46500              26             115       0.0203125      0.08984375             157              42
46600              26             115       0.0203125      0.08984375             157              42
46700              24             116         0.01875        0.090625             158              42
46800              26             115       0.0203125      0.08984375             158              43
46900              26             115       0.0203125      0.08984375             158              43
47000              26             115       0.0203125      0.08984375             158              43
47100              26             115       0.0203125      0.08984375             158              43
47200              26             115       0.0203125      0.08984375             158              43
47300              26             115       0.0203125      0.08984375             158              43
47400              26             115       0.0203125      0.08984375             158              43
47500              26             115       0.0203125      0.08984375             158              43
47600              26             115       0.0203125      0.08984375             158              43
47700              26             115       0.0203125      0.08984375             158              43
47800              24             116         0.01875        0.090625             159              43
47900              24             116         0.01875        0.090625             159              43
48000              24             116         0.01875        0.090625             159              43
48100              24             116         0.01875        0.090625             159              43
48200              24             116         0.01875        0.090625             159              43
48300              24             116         0.01875        0.090625             159              43
48400              24             116         0.01875        0.090625             159              43
48500              24             116         0.01875        0.090625             159              43
48600              24             116         0.01875        0.090625             159              43
48700              24             116         0.01875        0.090625             159              43
48800              26             115       0.0203125      0.08984375             159              44
48900              24             116         0.01875        0.090625             160              44
49000              24             116         0.01875        0.090625             160              44
49100              22             117       0.0171875      0.09140625             161              44
49200              22             117       0.0171875      0.09140625             161              44
49300              22             117       0.0171875      0.09140625             161              44
49400              22             117       0.0171875      0.09140625             161              44
49500              22             117       0.0171875      0.09140625             161              44
49600              22             117       0.0171875      0.09140625             161              44
49700              22             117       0.0171875      0.09140625             161              44
49800              22             117       0.0171875      0.09140625             161              44
49900              22             117       0.0171875      0.09140625             161              44
50000              22             117       0.0171875      0.09140625             161              44
50100              22             117       0.0171875      0.09140625             161              44
50200              22             117       0.0171875      0.09140625             161              44
50300              22             117       0.0171875      0.09140625             161              44
50400              22             117       0.0171875      0.09140625             161              44
50500              22             117       0.0171875      0.09140625             161              44
50600              22             117       0.0171875      0.09140625             161              44
50700              22             117       0.0171875      0.09140625             161              44
50800              22             117       0.0171875      0.09140625             161              44
50900              22             117       0.0171875      0.09140625             161              44
51000              24             116         0.01875        0.090625             161              45
51100              24             116         0.01875        0.090625             161              45
51200              24             116         0.01875        0.090625             161              45
51300              24             116         0.01875        0.090625             161              45
51400              22             117       0.0171875      0.09140625             162              45
51500              22             117       0.0171875      0.09140625             162              45
51600              22             117       0.0171875      0.09140625             162              45
51700              22             117       0.0171875      0.09140625             162              45
51800              22             117       0.0171875      0.09140625             162              45
51900              22             117       0.0171875      0.09140625             162              45
52000              22             117       0.0171875      0.09140625             162              45
52100              22             117       0.0171875      0.09140625             162              45
52200              22             117       0.0171875      0.09140625             162              45
52300              22             117       0.0171875      0.09140625             162              45
52400              22             117       0.0171875      0.09140625             162              45
52500              22             117       0.0171875      0.09140625             162              45
52600              22             117       0.0171875      0.09140625             162              45
52700              22             117       0.0171875      0.09140625             162              45
52800              22             117       0.0171875      0.09140625             162              45
52900              20             118        0.015625       0.0921875             163              45
53000              20             118        0.015625       0.0921875             163              45
53100              20             118        0.015625       0.0921875             163              45
53200              20             118        0.015625       0.0921875             163              45
53300              20             118        0.015625       0.0921875             163              45
53400              22             117       0.0171875      0.09140625             163              46
53500              22             117       0.0171875      0.09140625             163              46
53600              24             116         0.01875        0.090625             163              47
53700              22             117       0.0171875      0.09140625             164              47
53800              22             117       0.0171875      0.09140625             164              47
53900              22             117       0.0171875      0.09140625             164              47
54000              22             117       0.0171875      0.09140625             164              47
54100              22             117       0.0171875      0.09140625             164              47
54200              24             116         0.01875        0.090625             164              48
54300              24             116         0.01875        0.090625             164              48
54400              24             116         0.01875        0.090625             164              48
54500              22             117       0.0171875      0.09140625             165              48
54600              22             117       0.0171875      0.09140625             165              48
54700              22             117       0.0171875      0.09140625             165              48
54800              22             117       0.0171875      0.09140625             165              48
54900              22             117       0.0171875      0.09140625             165              48
55000              22             117       0.0171875      0.09140625             165              48
55100              22             117       0.0171875      0.09140625             165              48
55200              24             116         0.01875        0.090625             165              49
55300              24             116         0.01875        0.090625             165              49
55400              24             116         0.01875        0.090625             165              49
55500              24             116         0.01875        0.090625             165              49
55600              24             116         0.01875        0.090625             165              49
55700              24             116         0.01875        0.090625             165              49
55800              24             116         0.01875        0.090625             165              49
55900              24             116         0.01875        0.090625             165              49
56000              24             116         0.01875        0.090625             165              49
56100              24             116         0.01875        0.090625             165              49
56200              26             115       0.0203125      0.08984375             165              50
56300              26             115       0.0203125      0.08984375             165              50
56400              26             115       0.0203125      0.08984375             165              50
56500              26             115       0.0203125      0.08984375             165              50
56600              28             114        0.021875       0.0890625             165              51
56700              28             114        0.021875       0.0890625             165              51
56800              28             114        0.021875       0.0890625             165              51
56900              28             114        0.021875       0.0890625             165              51
57000              28             114        0.021875       0.0890625             165              51
57100              28             114        0.021875       0.0890625             165              51
57200              28             114        0.021875       0.0890625             165              51
57300              28             114        0.021875       0.0890625             165              51
57400              28             114        0.021875       0.0890625             165              51
57500              28             114        0.021875       0.0890625             165              51
57600              28             114        0.021875       0.0890625             165              51
57700              28             114        0.021875       0.0890625             165              51
57800              28             114        0.021875       0.0890625             165              51
57900              28             114        0.021875       0.0890625             165              51
58000              26             115       0.0203125      0.08984375             166              51
58100              26             115       0.0203125      0.08984375             166              51
58200              26             115       0.0203125      0.08984375             166              51
58300              26             115       0.0203125      0.08984375             166              51
58400              26             115       0.0203125      0.08984375             166              51
58500              24             116         0.01875        0.090625             167              51
58600              24             116         0.01875        0.090625             167              51
58700              24             116         0.01875        0.090625             167              51
58800              24             116         0.01875        0.090625             167              51
58900              24             116         0.01875        0.090625             167              51
59000              24             116         0.01875        0.090625             167              51
59100              24             116         0.01875        0.090625             167              51
59200              24             116         0.01875        0.090625             167              51
59300              24             116         0.01875        0.090625             167              51
59400              24             116         0.01875        0.090625             167              51
59500              24             116         0.01875        0.090625             167              51
59600              24             116         0.01875        0.090625             167              51
59700              24             116         0.01875        0.090625             167              51
59800              24             116         0.01875        0.090625             167              51
59900              24             116         0.01875        0.090625             167              51
60000              24             116         0.01875        0.090625             167              51
60100              24             116         0.01875        0.090625             167              51
60200              24             116         0.01875        0.090625             167              51
60300              24             116         0.01875        0.090625             167              51
60400              24             116         0.01875        0.090625             167              51
60500              24             116         0.01875        0.090625             167              51
60600              24             116         0.01875        0.090625             167              51
60700              26             115       0.0203125      0.08984375             167              52
60800              26             115       0.0203125      0.08984375             167              52
60900              26             115       0.0203125      0.08984375             167              52
61000              26             115       0.0203125      0.08984375             167              52
61100              26             115       0.0203125      0.08984375             167              52
61200              26             115       0.0203125      0.08984375             167              52
61300              26             115       0.0203125      0.08984375             167              52
61400              26             115       0.0203125      0.08984375             167              52
61500              26             115       0.0203125      0.08984375             168              53
61600              26             115       0.0203125      0.08984375             168              53
61700              28             114        0.021875       0.0890625             168              54
61800              28             114        0.021875       0.0890625             168              54
61900              30             113       0.0234375      0.08828125             168              55
62000              30             113       0.0234375      0.08828125             168              55
62100              32             112           0.025          0.0875             168              56
62200              32             112           0.025          0.0875             168              56
62300              32             112           0.025          0.0875             168              56
62400              32             112           0.025          0.0875             168              56
62500              32             112           0.025          0.0875             168              56
62600              34             111       0.0265625      0.08671875             168              57
62700              34             111       0.0265625      0.08671875             168              57
62800              34             111       0.0265625      0.08671875             168              57
62900              34             111       0.0265625      0.08671875             168              57
63000              34             111       0.0265625      0.08671875             168              57
63100              34             111       0.0265625      0.08671875             168              57
63200              34             111       0.0265625      0.08671875             168              57
63300              32             112           0.025          0.0875             169              57
63400              32             112           0.025          0.0875             169              57
63500              32             112           0.025          0.0875             169              57
63600              30             113       0.0234375      0.08828125             170              57
63700              28             114        0.021875       0.0890625             171              57
63800              28             114        0.021875       0.0890625             171              57
63900              26             115       0.0203125      0.08984375             172              57
64000              26             115       0.0203125      0.08984375             172              57
64100              26             115       0.0203125      0.08984375             172              57
64200              24             116         0.01875        0.090625             173              57
64300              22             117       0.0171875      0.09140625             174              57
64400              22             117       0.0171875      0.09140625             174              57
64500              22             117       0.0171875      0.09140625             174              57
64600              22             117       0.0171875      0.09140625             174              57
64700              20             118        0.015625       0.0921875             175              57
64800              20             118        0.015625       0.0921875             175              57
64900              20             118        0.015625       0.0921875             175              57
65000              20             118        0.015625       0.0921875             175              57
65100              20             118        0.015625       0.0921875             175              57
65200              20             118        0.015625       0.0921875             175              57
65300              20             118        0.015625       0.0921875             175              57
65400              20             118        0.015625       0.0921875             175              57
65500              20             118        0.015625       0.0921875             175              57
65600              20             118        0.015625       0.0921875             175              57
65700              20             118        0.015625       0.0921875             175              57
65800              20             118        0.015625       0.0921875             175              57
65900              20             118        0.015625       0.0921875             175              57
66000              20             118        0.015625       0.0921875             175              57
66100              20             118        0.015625       0.0921875             175              57
66200              20             118        0.015625       0.0921875             175              57
66300              20             118        0.015625       0.0921875             175              57
66400              20             118        0.015625       0.0921875             175              57
66500              18             119       0.0140625      0.09296875             176              57
66600              18             119       0.0140625      0.09296875             176              57
66700              18             119       0.0140625      0.09296875             176              57
66800              18             119       0.0140625      0.09296875             176              57
66900              18             119       0.0140625      0.09296875             176              57
67000              18             119       0.0140625      0.09296875             176              57
67100              18             119       0.0140625      0.09296875             176              57
67200              20             118        0.015625       0.0921875             176              58
67300              20             118        0.015625       0.0921875             176              58
67400              20             118        0.015625       0.0921875             176              58
67500              20             118        0.015625       0.0921875             176              58
67600              20             118        0.015625       0.0921875             176              58
67700              20             118        0.015625       0.0921875             176              58
67800              20             118        0.015625       0.0921875             176              58
67900              20             118        0.015625       0.0921875             176              58
68000              22             117       0.0171875      0.09140625             176              59
68100              22             117       0.0171875      0.09140625             176              59
68200              22             117       0.0171875      0.09140625             176              59
68300              22             117       0.0171875      0.09140625             176              59
68400              22             117       0.0171875      0.09140625             176              59
68500              22             117       0.0171875      0.09140625             176              59
68600              22             117       0.0171875      0.09140625             176              59
68700              20             118        0.015625       0.0921875             177              59
68800              20             118        0.015625       0.0921875             177              59
68900              20             118        0.015625       0.0921875             177              59
69000              22             117       0.0171875      0.09140625             177              60
69100              22             117       0.0171875      0.09140625             177              60
69200              22             117       0.0171875      0.09140625             177              60
69300              20             118        0.015625       0.0921875             178              60
69400              20             118        0.015625       0.0921875             178              60
69500              20             118        0.015625       0.0921875             178              60
69600              20             118        0.015625       0.0921875             178              60
69700              20             118        0.015625       0.0921875             178              60
69800              20             118        0.015625       0.0921875             178              60
69900              20             118        0.015625       0.0921875             178              60
70000              20             118        0.015625       0.0921875             178              60
70100              22             117       0.0171875      0.09140625             178              61
70200              22             117       0.0171875      0.09140625             178              61
70300              22             117       0.0171875      0.09140625             178              61
70400              22             117       0.0171875      0.09140625             178              61
70500              22             117       0.0171875      0.09140625             178              61
70600              22             117       0.0171875      0.09140625             178              61
70700              22             117       0.0171875      0.09140625             178              61
70800              22             117       0.0171875      0.09140625             178              61
70900              22             117       0.0171875      0.09140625             178              61
71000              22             117       0.0171875      0.09140625             178              61
71100              22             117       0.0171875      0.09140625             178              61
71200              22             117       0.0171875      0.09140625             178              61
71300              22             117       0.0171875      0.09140625             178              61
71400              22             117       0.0171875      0.09140625             178              61
71500              22             117       0.0171875      0.09140625             178              61
71600              22             117       0.0171875      0.09140625             178              61
71700              26             115       0.0203125      0.08984375             178              63
71800              26             115       0.0203125      0.08984375             178              63
71900              26             115       0.0203125      0.08984375             178              63
72000              26             115       0.0203125      0.08984375             178              63
72100              26             115       0.0203125      0.08984375             178              63
72200              26             115       0.0203125      0.08984375             178              63
72300              26             115       0.0203125      0.08984375             178              63
72400              28             114        0.021875       0.0890625             178              64
72500              28             114        0.021875       0.0890625             178              64
72600              28             114        0.021875       0.0890625             178              64
72700              26             115       0.0203125      0.08984375             179              64
72800              26             115       0.0203125      0.08984375             179              64
72900              26             115       0.0203125      0.08984375             179              64
73000              26             115       0.0203125      0.08984375             179              64
73100              26             115       0.0203125      0.08984375             179              64
73200              26             115       0.0203125      0.08984375             179              64
73300              26             115       0.0203125      0.08984375             179              64
73400              26             115       0.0203125      0.08984375             179              64
73500              26             115       0.0203125      0.08984375             179              64
73600              28             114        0.021875       0.0890625             179              65
73700              26             115       0.0203125      0.08984375             180              65
73800              26             115       0.0203125      0.08984375             180              65
73900              26             115       0.0203125      0.08984375             180              65
74000              26             115       0.0203125      0.08984375             180              65
74100              26             115       0.0203125      0.08984375             180              65
74200              26             115       0.0203125      0.08984375             180              65
74300              26             115       0.0203125      0.08984375             180              65
74400              26             115       0.0203125      0.08984375             180              65
74500              24             116         0.01875        0.090625             181              65
74600              24             116         0.01875        0.090625             181              65
74700              24             116         0.01875        0.090625             181              65
74800              24             116         0.01875        0.090625             181              65
74900              24             116         0.01875        0.090625             181              65
75000              24             116         0.01875        0.090625             181              65
75100              24             116         0.01875        0.090625             181              65
75200              24             116         0.01875        0.090625             181              65
75300              24             116         0.01875        0.090625             181              65
75400              22             117       0.0171875      0.09140625             182              65
75500              22             117       0.0171875      0.09140625             182              65
75600              22             117       0.0171875      0.09140625             182              65
75700              22             117       0.0171875      0.09140625             182              65
75800              22             117       0.0171875      0.09140625             182              65
75900              22             117       0.0171875      0.09140625             182              65
76000              22             117       0.0171875      0.09140625             182              65
76100              22             117       0.0171875      0.09140625             182              65
76200              22             117       0.0171875      0.09140625             182              65
76300              22             117       0.0171875      0.09140625             182              65
76400              22             117       0.0171875      0.09140625             182              65
76500              22             117       0.0171875      0.09140625             182              65
76600              22             117       0.0171875      0.09140625             182              65
76700              22             117       0.0171875      0.09140625             182              65
76800              22             117       0.0171875      0.09140625             182              65
76900              22             117       0.0171875      0.09140625             182              65
77000              22             117       0.0171875      0.09140625             182              65
77100              22             117       0.0171875      0.09140625             182              65
77200              22             117       0.0171875      0.09140625             182              65
77300              22             117       0.0171875      0.09140625             182              65
77400              22             117       0.0171875      0.09140625             182              65
77500              22             117       0.0171875      0.09140625             182              65
77600              22             117       0.0171875      0.09140625             182              65
77700              22             117       0.0171875      0.09140625             182              65
77800              20             118        0.015625       0.0921875             183              65
77900              20             118        0.015625       0.0921875             183              65
78000              20             118        0.015625       0.0921875             183              65
78100              18             119       0.0140625      0.09296875             184              65
78200              18             119       0.0140625      0.09296875             184              65
78300              18             119       0.0140625      0.09296875             184              65
78400              18             119       0.0140625      0.09296875             184              65
78500              18             119       0.0140625      0.09296875             184              65
78600              18             119       0.0140625      0.09296875             184              65
78700              18             119       0.0140625      0.09296875             184              65
78800              18             119       0.0140625      0.09296875             184              65
78900              18             119       0.0140625      0.09296875             184              65
79000              18             119       0.0140625      0.09296875             184              65
79100              18             119       0.0140625      0.09296875             184              65
79200              18             119       0.0140625      0.09296875             184              65
79300              18             119       0.0140625      0.09296875             184              65
79400              18             119       0.0140625      0.09296875             184              65
79500              20             118        0.015625       0.0921875             184              66
79600              20             118        0.015625       0.0921875             184              66
79700              20             118        0.015625       0.0921875             184              66
79800              20             118        0.015625       0.0921875             184              66
79900              20             118        0.015625       0.0921875             184              66
80000              22             117       0.0171875      0.09140625             184              67
80100              22             117       0.0171875      0.09140625             184              67
80200              22             117       0.0171875      0.09140625             184              67
80300              22             117       0.0171875      0.09140625             184              67
80400              22             117       0.0171875      0.09140625             184              67
80500              20             118        0.015625       0.0921875             185              67
80600              18             119       0.0140625      0.09296875             186              67
80700              18             119       0.0140625      0.09296875             186              67
80800              18             119       0.0140625      0.09296875             186              67
80900              18             119       0.0140625      0.09296875             186              67
81000              18             119       0.0140625      0.09296875             186              67
81100              18             119       0.0140625      0.09296875             186              67
81200              18             119       0.0140625      0.09296875             186              67
81300              18             119       0.0140625      0.09296875             186              67
81400              20             118        0.015625       0.0921875             186              68
81500              20             118        0.015625       0.0921875             186              68
81600              20             118        0.015625       0.0921875             186              68
81700              22             117       0.0171875      0.09140625             186              69
81800              22             117       0.0171875      0.09140625             186              69
81900              24             116         0.01875        0.090625             186              70
82000              24             116         0.01875        0.090625             186              70
82100              24             116         0.01875        0.090625             186              70
82200              22             117       0.0171875      0.09140625             187              70
82300              22             117       0.0171875      0.09140625             187              70
82400              24             116         0.01875        0.090625             187              71
82500              24             116         0.01875        0.090625             187              71
82600              24             116         0.01875        0.090625             187              71
82700              22             117       0.0171875      0.09140625             188              71
82800              22             117       0.0171875      0.09140625             188              71
82900              22             117       0.0171875      0.09140625             188              71
83000              24             116         0.01875        0.090625             188              72
83100              24             116         0.01875        0.090625             188              72
83200              24             116         0.01875        0.090625             188              72
83300              24             116         0.01875        0.090625             188              72
83400              26             115       0.0203125      0.08984375             188              73
83500              26             115       0.0203125      0.08984375             188              73
83600              26             115       0.0203125      0.08984375             188              73
83700              26             115       0.0203125      0.08984375             188              73
83800              26             115       0.0203125      0.08984375             188              73
83900              26             115       0.0203125      0.08984375             188              73
84000              26             115       0.0203125      0.08984375             188              73
84100              26             115       0.0203125      0.08984375             188              73
84200              26             115       0.0203125      0.08984375             188              73
84300              26             115       0.0203125      0.08984375             188              73
84400              28             114        0.021875       0.0890625             188              74
84500              28             114        0.021875       0.0890625             188              74
84600              28             114        0.021875       0.0890625             188              74
84700              30             113       0.0234375      0.08828125             188              75
84800              30             113       0.0234375      0.08828125             188              75
84900              30             113       0.0234375      0.08828125             188              75
85000              30             113       0.0234375      0.08828125             188              75
85100              28             114        0.021875       0.0890625             189              75
85200              28             114        0.021875       0.0890625             189              75
85300              28             114        0.021875       0.0890625             189              75
85400              28             114        0.021875       0.0890625             189              75
85500              28             114        0.021875       0.0890625             189              75
85600              28             114        0.021875       0.0890625             189              75
85700              28             114        0.021875       0.0890625             189              75
85800              28             114        0.021875       0.0890625             189              75
85900              28             114        0.021875       0.0890625             189              75
86000              28             114        0.021875       0.0890625             189              75
86100              26             115       0.0203125      0.08984375             190              75
86200              26             115       0.0203125      0.08984375             190              75
86300              26             115       0.0203125      0.08984375             190              75
86400              26             115       0.0203125      0.08984375             190              75
86500              26             115       0.0203125      0.08984375             190              75
86600              26             115       0.0203125      0.08984375             190              75
86700              26             115       0.0203125      0.08984375             190              75
86800              26             115       0.0203125      0.08984375             190              75
86900              26             115       0.0203125      0.08984375             190              75
87000              26             115       0.0203125      0.08984375             190              75
87100              26             115       0.0203125      0.08984375             190              75
87200              28             114        0.021875       0.0890625             190              76
87300              26             115       0.0203125      0.08984375             191              76
87400              26             115       0.0203125      0.08984375             191              76
87500              26             115       0.0203125      0.08984375             191              76
87600              26             115       0.0203125      0.08984375             191              76
87700              26             115       0.0203125      0.08984375             191              76
87800              26             115       0.0203125      0.08984375             191              76
87900              28             114        0.021875       0.0890625             191              77
88000              28             114        0.021875       0.0890625             191              77
88100              28             114        0.021875       0.0890625             191              77
88200              28             114        0.021875       0.0890625             191              77
88300              26             115       0.0203125      0.08984375             192              77
88400              26             115       0.0203125      0.08984375             192              77
88500              24             116         0.01875        0.090625             193              77
88600              24             116         0.01875        0.090625             193              77
88700              24             116         0.01875        0.090625             193              77
88800              24             116         0.01875        0.090625             193              77
88900              26             115       0.0203125      0.08984375             193              78
89000              26             115       0.0203125      0.08984375             193              78
89100              26             115       0.0203125      0.08984375             193              78
89200              26             115       0.0203125      0.08984375             193              78
89300              26             115       0.0203125      0.08984375             193              78
89400              26             115       0.0203125      0.08984375             193              78
89500              26             115       0.0203125      0.08984375             193              78
89600              26             115       0.0203125      0.08984375             193              78
89700              26             115       0.0203125      0.08984375             193              78
89800              26             115       0.0203125      0.08984375             193              78
89900              28             114        0.021875       0.0890625             193              79
90000              28             114        0.021875       0.0890625             193              79
90100              26             115       0.0203125      0.08984375             194              79
90200              26             115       0.0203125      0.08984375             194              79
90300              26             115       0.0203125      0.08984375             194              79
90400              26             115       0.0203125      0.08984375             194              79
90500              28             114        0.021875       0.0890625             194              80
90600              28             114        0.021875       0.0890625             194              80
90700              26             115       0.0203125      0.08984375             195              80
90800              26             115       0.0203125      0.08984375             195              80
90900              26             115       0.0203125      0.08984375             195              80
91000              26             115       0.0203125      0.08984375             195              80
91100              26             115       0.0203125      0.08984375             195              80
91200              26             115       0.0203125      0.08984375             195              80
91300              26             115       0.0203125      0.08984375             195              80
91400              26             115       0.0203125      0.08984375             195              80
91500              22             117       0.0171875      0.09140625             197              80
91600              20             118        0.015625       0.0921875             198              80
91700              20             118        0.015625       0.0921875             198              80
91800              20             118        0.015625       0.0921875             198              80
91900              20             118        0.015625       0.0921875             198              80
92000              20             118        0.015625       0.0921875             198              80
92100              20             118        0.015625       0.0921875             198              80
92200              20             118        0.015625       0.0921875             198              80
92300              20             118        0.015625       0.0921875             198              80
92400              20             118        0.015625       0.0921875             198              80
92500              20             118        0.015625       0.0921875             198              80
92600              20             118        0.015625       0.0921875             198              80
92700              20             118        0.015625       0.0921875             198              80
92800              20             118        0.015625       0.0921875             198              80
92900              20             118        0.015625       0.0921875             198              80
93000              20             118        0.015625       0.0921875             198              80
93100              22             117       0.0171875      0.09140625             198              81
93200              22             117       0.0171875      0.09140625             198              81
93300              24             116         0.01875        0.090625             198              82
93400              24             116         0.01875        0.090625             198              82
93500              24             116         0.01875        0.090625             198              82
93600              24             116         0.01875        0.090625             198              82
93700              24             116         0.01875        0.090625             198              82
93800              26             115       0.0203125      0.08984375             198              83
93900              26             115       0.0203125      0.08984375             198              83
94000              26             115       0.0203125      0.08984375             198              83
94100              26             115       0.0203125      0.08984375             198              83
94200              26             115       0.0203125      0.08984375             198              83
94300              24             116         0.01875        0.090625             199              83
94400              24             116         0.01875        0.090625             199              83
94500              24             116         0.01875        0.090625             199              83
94600              24             116         0.01875        0.090625             199              83
94700              24             116         0.01875        0.090625             199              83
94800              24             116         0.01875        0.090625             199              83
94900              24             116         0.01875        0.090625             199              83
95000              24             116         0.01875        0.090625             199              83
95100              24             116         0.01875        0.090625             199              83
95200              24             116         0.01875        0.090625             199              83
95300              24             116         0.01875        0.090625             199              83
95400              24             116         0.01875        0.090625             199              83
95500              24             116         0.01875        0.090625             199              83
95600              24             116         0.01875        0.090625             199              83
95700              24             116         0.01875        0.090625             199              83
95800              24             116         0.01875        0.090625             199              83
95900              24             116         0.01875        0.090625             199              83
96000              24             116         0.01875        0.090625             199              83
96100              24             116         0.01875        0.090625             199              83
96200              24             116         0.01875        0.090625             199              83
96300              24             116         0.01875        0.090625             199              83
96400              24             116         0.01875        0.090625             199              83
96500              24             116         0.01875        0.090625             199              83
96600              24             116         0.01875        0.090625             199              83
96700              24             116         0.01875        0.090625             199              83
96800              24             116         0.01875        0.090625             199              83
96900              24             116         0.01875        0.090625             199              83
97000              26             115       0.0203125      0.08984375             199              84
97100              26             115       0.0203125      0.08984375             199              84
97200              26             115       0.0203125      0.08984375             199              84
97300              24             116         0.01875        0.090625             200              84
97400              24             116         0.01875        0.090625             200              84
97500              24             116         0.01875        0.090625             200              84
97600              24             116         0.01875        0.090625             200              84
97700              24             116         0.01875        0.090625             200              84
97800              24             116         0.01875        0.090625             200              84
97900              24             116         0.01875        0.090625             200              84
98000              24             116         0.01875        0.090625             200              84
98100              24             116         0.01875        0.090625             200              84
98200              24             116         0.01875        0.090625             200              84
98300              24             116         0.01875        0.090625             200              84
98400              26             115       0.0203125      0.08984375             200              85
98500              26             115       0.0203125      0.08984375             200              85
98600              26             115       0.0203125      0.08984375             200              85
98700              26             115       0.0203125      0.08984375             200              85
98800              28             114        0.021875       0.0890625             200              86
98900              28             114        0.021875       0.0890625             200              86
99000              28             114        0.021875       0.0890625             200              86
99100              28             114        0.021875       0.0890625             200              86
99200              28             114        0.021875       0.0890625             200              86
99300              28             114        0.021875       0.0890625             200              86
99400              28             114        0.021875       0.0890625             200              86
99500              28             114        0.021875       0.0890625             200              86
99600              28             114        0.021875       0.0890625             200              86
99700              28             114        0.021875       0.0890625             200              86
99800              26             115       0.0203125      0.08984375             201              86
99900              26             115       0.0203125      0.08984375             201              86
100000              26             115       0.0203125      0.08984375             201              86
