# Time-averaged data for fix observ
# TimeStep v_nfree v_ndimer v_cfree v_cdimer f_kinetics[2] f_kinetics[3]
0             256               0             0.1               0               0               0
100             250               3      0.09765625     0.001171875               3               0
200             242               7      0.09453125     0.002734375               7               0
300             236              10       0.0921875      0.00390625              10               0
400             228              14       0.0890625      0.00546875              14               0
500             214              21      0.08359375     0.008203125              21               0
600             212              22       0.0828125      0.00859375              22               0
700             208              24         0.08125        0.009375              25               1
800             200              28        0.078125       0.0109375              29               1
900             196              30       0.0765625      0.01171875              31               1
1000             196              30       0.0765625      0.01171875              31               1
1100             192              32           0.075          0.0125              33               1
1200             190              33      0.07421875     0.012890625              34               1
1300             186              35      0.07265625     0.013671875              37               2
1400             180              38       0.0703125      0.01484375              40               2
1500             172              42       0.0671875      0.01640625              44               2
1600             172              42       0.0671875      0.01640625              44               2
1700             168              44        0.065625       0.0171875              46               2
1800             166              45      0.06484375     0.017578125              47               2
1900             166              45      0.06484375     0.017578125              47               2
2000             162              47      0.06328125     0.018359375              49               2
2100             160              48          0.0625         0.01875              50               2
2200             158              49      0.06171875     0.019140625              51               2
2300             154              51      0.06015625     0.019921875              53               2
2400             152              52        0.059375       0.0203125              54               2
2500             152              52        0.059375       0.0203125              54               2
2600             152              52        0.059375       0.0203125              54               2
2700             148              54       0.0578125      0.02109375              56               2
2800             148              54       0.0578125      0.02109375              57               3
2900             146              55      0.05703125     0.021484375              58               3
3000             146              55      0.05703125     0.021484375              58               3
3100             146              55      0.05703125     0.021484375              58               3
3200             146              55      0.05703125     0.021484375              58               3
3300             144              56         0.05625        0.021875              59               3
3400             142              57      0.05546875     0.022265625              60               3
3500             140              58       0.0546875      0.02265625              61               3
3600             138              59      0.05390625     0.023046875              62               3
3700             138              59      0.05390625     0.023046875              62               3
3800             136              60        0.053125       0.0234375              63               3
3900             134              61      0.05234375     0.023828125              64               3
4000             132              62       0.0515625      0.02421875              65               3
4100             132              62       0.0515625      0.02421875              65               3
4200             130              63      0.05078125     0.024609375              66               3
4300             130              63      0.05078125     0.024609375              67               4
4400             130              63      0.05078125     0.024609375              67               4
4500             128              64            0.05           0.025              68               4
4600             126              65      0.04921875     0.025390625              69               4
4700             122              67      0.04765625     0.026171875              71               4
4800             118              69      0.04609375     0.026953125              73               4
4900             118              69      0.04609375     0.026953125              73               4
5000             118              69      0.04609375     0.026953125              73               4
5100             116              70       0.0453125      0.02734375              74               4
5200             116              70       0.0453125      0.02734375              74               4
5300             108              74       0.0421875      0.02890625              78               4
5400             108              74       0.0421875      0.02890625              78               4
5500             108              74       0.0421875      0.02890625              78               4
5600             110              73      0.04296875     0.028515625              78               5
5700             110              73      0.04296875     0.028515625              78               5
5800             108              74       0.0421875      0.02890625              79               5
5900             108              74       0.0421875      0.02890625              79               5
6000             108              74       0.0421875      0.02890625              79               5
6100             110              73      0.04296875     0.028515625              79               6
6200             108              74       0.0421875      0.02890625              80               6
6300             108              74       0.0421875      0.02890625              80               6
6400             106              75      0.04140625     0.029296875              81               6
6500             106              75      0.04140625     0.029296875              81               6
6600             106              75      0.04140625     0.029296875              81               6
6700             104              76        0.040625       0.0296875              82               6
6800             102              77      0.03984375     0.030078125              83               6
6900             100              78       0.0390625      0.03046875              84               6
7000              98              79      0.03828125     0.030859375              85               6
7100             100              78       0.0390625      0.03046875              85               7
7200             100              78       0.0390625      0.03046875              85               7
7300             100              78       0.0390625      0.03046875              85               7
7400             100              78       0.0390625      0.03046875              85               7
7500              96              80          0.0375         0.03125              87               7
7600              96              80          0.0375         0.03125              87               7
7700              96              80          0.0375         0.03125              87               7
7800              96              80          0.0375         0.03125              87               7
7900              98              79      0.03828125     0.030859375              87               8
8000              96              80          0.0375         0.03125              88               8
8100              92              82       0.0359375      0.03203125              90               8
8200              92              82       0.0359375      0.03203125              90               8
8300              90              83      0.03515625     0.032421875              91               8
8400              90              83      0.03515625     0.032421875              91               8
8500              88              84        0.034375       0.0328125              92               8
8600              88              84        0.034375       0.0328125              92               8
8700              88              84        0.034375       0.0328125              92               8
8800              88              84        0.034375       0.0328125              92               8
8900              88              84        0.034375       0.0328125              92               8
9000              86              85      0.03359375     0.033203125              93               8
9100              86              85      0.03359375     0.033203125              93               8
9200              86              85      0.03359375     0.033203125              93               8
9300              86              85      0.03359375     0.033203125              93               8
9400              84              86       0.0328125      0.03359375              94               8
9500              84              86       0.0328125      0.03359375              94               8
9600              84              86       0.0328125      0.03359375              94               8
9700              84              86       0.0328125      0.03359375              94               8
9800              78              89      0.03046875     0.034765625              97               8
9900              78              89      0.03046875     0.034765625              97               8
10000              78              89      0.03046875     0.034765625              97               8
10100              78              89      0.03046875     0.034765625              97               8
10200              76              90       0.0296875      0.03515625              98               8
10300              76              90       0.0296875      0.03515625              98               8
10400              76              90       0.0296875      0.03515625              98               8
10500              76              90       0.0296875      0.03515625              98               8
10600              76              90       0.0296875      0.03515625              98               8
10700              76              90       0.0296875      0.03515625              98               8
10800              76              90       0.0296875      0.03515625              98               8
10900              76              90       0.0296875      0.03515625              98               8
11000              74              91      0.02890625     0.035546875              99               8
11100              74              91      0.02890625     0.035546875              99               8
11200              74              91      0.02890625     0.035546875              99               8
11300              74              91      0.02890625     0.035546875              99               8
11400              74              91      0.02890625     0.035546875              99               8
11500              74              91      0.02890625     0.035546875              99               8
11600              74              91      0.02890625     0.035546875              99               8
11700              74              91      0.02890625     0.035546875              99               8
11800              72              92        0.028125       0.0359375             100               8
11900              72              92        0.028125       0.0359375             100               8
12000              72              92        0.028125       0.0359375             100               8
12100              72              92        0.028125       0.0359375             100               8
12200              70              93      0.02734375     0.036328125             101               8
12300              70              93      0.02734375     0.036328125             101               8
12400              70              93      0.02734375     0.036328125             101               8
12500              70              93      0.02734375     0.036328125             101               8
12600              70              93      0.02734375     0.036328125             101               8
12700              70              93      0.02734375     0.036328125             101               8
12800              70              93      0.02734375     0.036328125             101               8
12900              72              92        0.028125       0.0359375             101               9
13000              72              92        0.028125       0.0359375             101               9
13100              72              92        0.028125       0.0359375             101               9
13200              70              93      0.02734375     0.036328125             102               9
13300              70              93      0.02734375     0.036328125             102               9
13400              70              93      0.02734375     0.036328125             102               9
13500              70              93      0.02734375     0.036328125             102               9
13600              70              93      0.02734375     0.036328125             102               9
13700              70              93      0.02734375     0.036328125             102               9
13800              70              93      0.02734375     0.036328125             102               9
13900              70              93      0.02734375     0.036328125             102               9
14000              70              93      0.02734375     0.036328125             102               9
14100              68              94       0.0265625      0.03671875             103               9
14200              68              94       0.0265625      0.03671875             103               9
14300              68              94       0.0265625      0.03671875             103               9
14400              70              93      0.02734375     0.036328125             103              10
14500              68              94       0.0265625      0.03671875             104              10
14600              66              95      0.02578125     0.037109375             105              10
14700              66              95      0.02578125     0.037109375             105              10
14800              66              95      0.02578125     0.037109375             105              10
14900              62              97      0.02421875     0.037890625             107              10
15000              62              97      0.02421875     0.037890625             107              10
15100              64              96           0.025          0.0375             107              11
15200              64              96           0.025          0.0375             107              11
15300              64              96           0.025          0.0375             107              11
15400              64              96           0.025          0.0375             107              11
15500              62              97      0.02421875     0.037890625             108              11
15600              62              97      0.02421875     0.037890625             108              11
15700              60              98       0.0234375      0.03828125             109              11
15800              60              98       0.0234375      0.03828125             109              11
15900              60              98       0.0234375      0.03828125             109              11
16000              60              98       0.0234375      0.03828125             109              11
16100              60              98       0.0234375      0.03828125             109              11
16200              58              99      0.02265625     0.038671875             110              11
16300              60              98       0.0234375      0.03828125             110              12
16400              60              98       0.0234375      0.03828125             110              12
16500              60              98       0.0234375      0.03828125             110              12
16600              60              98       0.0234375      0.03828125             110              12
16700              58              99      0.02265625     0.038671875             111              12
16800              58              99      0.02265625     0.038671875             111              12
16900              58              99      0.02265625     0.038671875             111              12
17000              58              99      0.02265625     0.038671875             111              12
17100              58              99      0.02265625     0.038671875             111              12
17200              56             100        0.021875       0.0390625             112              12
17300              54             101      0.02109375     0.039453125             113              12
17400              52             102       0.0203125      0.03984375             114              12
17500              52             102       0.0203125      0.03984375             114              12
17600              52             102       0.0203125      0.03984375             114              12
17700              52             102       0.0203125      0.03984375             114              12
17800              52             102       0.0203125      0.03984375             114              12
17900              52             102       0.0203125      0.03984375             114              12
18000              52             102       0.0203125      0.03984375             115              13
18100              50             103      0.01953125     0.040234375             116              13
18200              50             103      0.01953125     0.040234375             116              13
18300              50             103      0.01953125     0.040234375             116              13
18400              50             103      0.01953125     0.040234375             116              13
18500              50             103      0.01953125     0.040234375             116              13
18600              50             103      0.01953125     0.040234375             116              13
18700              48             104         0.01875        0.040625             117              13
18800              48             104         0.01875        0.040625             117              13
18900              48             104         0.01875        0.040625             117              13
19000              48             104         0.01875        0.040625             117              13
19100              48             104         0.01875        0.040625             117              13
19200              52             102       0.0203125      0.03984375             117              15
19300              52             102       0.0203125      0.03984375             117              15
19400              52             102       0.0203125      0.03984375             117              15
19500              52             102       0.0203125      0.03984375             117              15
19600              52             102       0.0203125      0.03984375             117              15
19700              50             103      0.01953125     0.040234375             118              15
19800              50             103      0.01953125     0.040234375             118              15
19900              48             104         0.01875        0.040625             119              15
20000              48             104         0.01875        0.040625             119              15
20100              48             104         0.01875        0.040625             119              15
20200              48             104         0.01875        0.040625             119              15
20300              48             104         0.01875        0.040625             119              15
20400              48             104         0.01875        0.040625             119              15
20500              48             104         0.01875        0.040625             119              15
20600              48             104         0.01875        0.040625             119              15
20700              46             105      0.01796875     0.041015625             120              15
20800              46             105      0.01796875     0.041015625             120              15
20900              46             105      0.01796875     0.041015625             120              15
21000              46             105      0.01796875     0.041015625             120              15
21100              46             105      0.01796875     0.041015625             120              15
21200              44             106       0.0171875      0.04140625             121              15
21300              44             106       0.0171875      0.04140625             121              15
21400              44             106       0.0171875      0.04140625             121              15
21500              42             107      0.01640625     0.041796875             122              15
21600              42             107      0.01640625     0.041796875             122              15
21700              42             107      0.01640625     0.041796875             122              15
21800              42             107      0.01640625     0.041796875             122              15
21900              42             107      0.01640625     0.041796875             122              15
22000              42             107      0.01640625     0.041796875             122              15
22100              42             107      0.01640625     0.041796875             122              15
22200              44             106       0.0171875      0.04140625             122              16
22300              44             106       0.0171875      0.04140625             122              16
22400              44             106       0.0171875      0.04140625             122              16
22500              44             106       0.0171875      0.04140625             122              16
22600              46             105      0.01796875     0.041015625             122              17
22700              46             105      0.01796875     0.041015625             122              17
22800              46             105      0.01796875     0.041015625             122              17
22900              46             105      0.01796875     0.041015625             122              17
23000              46             105      0.01796875     0.041015625             122              17
23100              46             105      0.01796875     0.041015625             122              17
23200              46             105      0.01796875     0.041015625             122              17
23300              46             105      0.01796875     0.041015625             122              17
23400              46             105      0.01796875     0.041015625             122              17
23500              46             105      0.01796875     0.041015625             122              17
23600              46             105      0.01796875     0.041015625             122              17
23700              46             105      0.01796875     0.041015625             122              17
23800              46             105      0.01796875     0.041015625             122              17
23900              46             105      0.01796875     0.041015625             122              17
24000              46             105      0.01796875     0.041015625             122              17
24100              46             105      0.01796875     0.041015625             122              17
24200              46             105      0.01796875     0.041015625             122              17
24300              46             105      0.01796875     0.041015625             122              17
24400              46             105      0.01796875     0.041015625             122              17
24500              46             105      0.01796875     0.041015625             122              17
24600              46             105      0.01796875     0.041015625             122              17
24700              46             105      0.01796875     0.041015625             122              17
24800              46             105      0.01796875     0.041015625             122              17
24900              46             105      0.01796875     0.041015625             122              17
25000              48             104         0.01875        0.040625             123              19
25100              48             104         0.01875        0.040625             123              19
25200              46             105      0.01796875     0.041015625             124              19
25300              46             105      0.01796875     0.041015625             124              19
25400              46             105      0.01796875     0.041015625             124              19
25500              44             106       0.0171875      0.04140625             125              19
25600              44             106       0.0171875      0.04140625             125              19
25700              44             106       0.0171875      0.04140625             125              19
25800              44             106       0.0171875      0.04140625             125              19
25900              46             105      0.01796875     0.041015625             125              20
26000              46             105      0.01796875     0.041015625             125              20
26100              46             105      0.01796875     0.041015625             125              20
26200              46             105      0.01796875     0.041015625             125              20
26300              46             105      0.01796875     0.041015625             125              20
26400              46             105      0.01796875     0.041015625             125              20
26500              46             105      0.01796875     0.041015625             125              20
26600              46             105      0.01796875     0.041015625             125              20
26700              46             105      0.01796875     0.041015625             125              20
26800              48             104         0.01875        0.040625             125              21
26900              48             104         0.01875        0.040625             125              21
27000              48             104         0.01875        0.040625             125              21
27100              48             104         0.01875        0.040625             125              21
27200              48             104         0.01875        0.040625             125              21
27300              48             104         0.01875        0.040625             125              21
27400              48             104         0.01875        0.040625             125              21
27500              48             104         0.01875        0.040625             125              21
27600              48             104         0.01875        0.040625             125              21
27700              46             105      0.01796875     0.041015625             126              21
27800              46             105      0.01796875     0.041015625             126              21
27900              46             105      0.01796875     0.041015625             126              21
28000              48             104         0.01875        0.040625             126              22
28100              48             104         0.01875        0.040625             126              22
28200              48             104         0.01875        0.040625             126              22
28300              48             104         0.01875        0.040625             126              22
28400              48             104         0.01875        0.040625             126              22
28500              48             104         0.01875        0.040625             126              22
28600              48             104         0.01875        0.040625             126              22
28700              46             105      0.01796875     0.041015625             127              22
28800              46             105      0.01796875     0.041015625             127              22
28900              46             105      0.01796875     0.041015625             127              22
29000              46             105      0.01796875     0.041015625             127              22
29100              46             105      0.01796875     0.041015625             127              22
29200              48             104         0.01875        0.040625             127              23
29300              48             104         0.01875        0.040625             127              23
29400              48             104         0.01875        0.040625             127              23
29500              48             104         0.01875        0.040625             127              23
29600              48             104         0.01875        0.040625             127              23
29700              48             104         0.01875        0.040625             127              23
29800              48             104         0.01875        0.040625             127              23
29900              48             104         0.01875        0.040625             127              23
30000              46             105      0.01796875     0.041015625             128              23
30100              46             105      0.01796875     0.041015625             128              23
30200              46             105      0.01796875     0.041015625             128              23
30300              46             105      0.01796875     0.041015625             128              23
30400              46             105      0.01796875     0.041015625             128              23
30500              46             105      0.01796875     0.041015625             128              23
30600              46             105      0.01796875     0.041015625             128              23
30700              46             105      0.01796875     0.041015625             128              23
30800              46             105      0.01796875     0.041015625             128              23
30900              46             105      0.01796875     0.041015625             128              23
31000              44             106       0.0171875      0.04140625             129              23
31100              44             106       0.0171875      0.04140625             129              23
31200              44             106       0.0171875      0.04140625             129              23
31300              44             106       0.0171875      0.04140625             129              23
31400              44             106       0.0171875      0.04140625             129              23
31500              44             106       0.0171875      0.04140625             129              23
31600              46             105      0.01796875     0.041015625             129              24
31700              46             105      0.01796875     0.041015625             129              24
31800              48             104         0.01875        0.040625             129              25
31900              48             104         0.01875        0.040625             129              25
32000              48             104         0.01875        0.040625             129              25
32100              48             104         0.01875        0.040625             129              25
32200              48             104         0.01875        0.040625             129              25
32300              48             104         0.01875        0.040625             129              25
32400              48             104         0.01875        0.040625             129              25
32500              48             104         0.01875        0.040625             129              25
32600              48             104         0.01875        0.040625             129              25
32700              48             104         0.01875        0.040625             129              25
32800              46             105      0.01796875     0.041015625             130              25
32900              44             106       0.0171875      0.04140625             131              25
33000              44             106       0.0171875      0.04140625             131              25
33100              44             106       0.0171875      0.04140625             131              25
33200              42             107      0.01640625     0.041796875             132              25
33300              42             107      0.01640625     0.041796875             132              25
33400              42             107      0.01640625     0.041796875             132              25
33500              42             107      0.01640625     0.041796875             132              25
33600              42             107      0.01640625     0.041796875             132              25
33700              42             107      0.01640625     0.041796875             132              25
33800              42             107      0.01640625     0.041796875             132              25
33900              42             107      0.01640625     0.041796875             132              25
34000              42             107      0.01640625     0.041796875             132              25
34100              42             107      0.01640625     0.041796875             132              25
34200              42             107      0.01640625     0.041796875             132              25
34300              42             107      0.01640625     0.041796875             132              25
34400              42             107      0.01640625     0.041796875             132              25
34500              42             107      0.01640625     0.041796875             132              25
34600              42             107      0.01640625     0.041796875             132              25
34700              44             106       0.0171875      0.04140625             132              26
34800              44             106       0.0171875      0.04140625             132              26
34900              42             107      0.01640625     0.041796875             133              26
35000              42             107      0.01640625     0.041796875             133              26
35100              42             107      0.01640625     0.041796875             133              26
35200              42             107      0.01640625     0.041796875             133              26
35300              42             107      0.01640625     0.041796875             133              26
35400              42             107      0.01640625     0.041796875             133              26
35500              42             107      0.01640625     0.041796875             133              26
35600              42             107      0.01640625     0.041796875             133              26
35700              40             108        0.015625       0.0421875             134              26
35800              40             108        0.015625       0.0421875             134              26
35900              40             108        0.015625       0.0421875             134              26
36000              40             108        0.015625       0.0421875             134              26
36100              42             107      0.01640625     0.041796875             134              27
36200              42             107      0.01640625     0.041796875             134              27
36300              42             107      0.01640625     0.041796875             134              27
36400              44             106       0.0171875      0.04140625             134              28
36500              44             106       0.0171875      0.04140625             134              28
36600              46             105      0.01796875     0.041015625             134              29
36700              46             105      0.01796875     0.041015625             134              29
36800              46             105      0.01796875     0.041015625             134              29
36900              44             106       0.0171875      0.04140625             135              29
37000              44             106       0.0171875      0.04140625             135              29
37100              42             107      0.01640625     0.041796875             136              29
37200              42             107      0.01640625     0.041796875             136              29
37300              42             107      0.01640625     0.041796875             136              29
37400              44             106       0.0171875      0.04140625             136              30
37500              46             105      0.01796875     0.041015625             136              31
37600              46             105      0.01796875     0.041015625             136              31
37700              46             105      0.01796875     0.041015625             136              31
37800              46             105      0.01796875     0.041015625             136              31
37900              46             105      0.01796875     0.041015625             136              31
38000              46             105      0.01796875     0.041015625             136              31
38100              46             105      0.01796875     0.041015625             136              31
38200              46             105      0.01796875     0.041015625             136              31
38300              46             105      0.01796875     0.041015625             136              31
38400              46             105      0.01796875     0.041015625             136              31
38500              46             105      0.01796875     0.041015625             136              31
38600              46             105      0.01796875     0.041015625             136              31
38700              46             105      0.01796875     0.041015625             136              31
38800              44             106       0.0171875      0.04140625             137              31
38900              42             107      0.01640625     0.041796875             138              31
39000              42             107      0.01640625     0.041796875             138              31
39100              42             107      0.01640625     0.041796875             138              31
39200              42             107      0.01640625     0.041796875             138              31
39300              42             107      0.01640625     0.041796875             138              31
39400              42             107      0.01640625     0.041796875             138              31
39500              42             107      0.01640625     0.041796875             138              31
39600              42             107      0.01640625     0.041796875             139              32
39700              42             107      0.01640625     0.041796875             139              32
39800              44             106       0.0171875      0.04140625             139              33
39900              44             106       0.0171875      0.04140625             139              33
40000              42             107      0.01640625     0.041796875             140              33
40100              42             107      0.01640625     0.041796875             140              33
40200              42             107      0.01640625     0.041796875             140              33
40300              42             107      0.01640625     0.041796875             140              33
40400              42             107      0.01640625     0.041796875             140              33
40500              40             108        0.015625       0.0421875             141              33
40600              40             108        0.015625       0.0421875             141              33
40700              40             108        0.015625       0.0421875             141              33
40800              42             107      0.01640625     0.041796875             141              34
40900              42             107      0.01640625     0.041796875             141              34
41000              40             108        0.015625       0.0421875             142              34
41100              40             108        0.015625       0.0421875             142              34
41200              40             108        0.015625       0.0421875             142              34
41300              40             108        0.015625       0.0421875             142              34
41400              40             108        0.015625       0.0421875             142              34
41500              40             108        0.015625       0.0421875             142              34
41600              40             108        0.015625       0.0421875             142              34
41700              40             108        0.015625       0.0421875             142              34
41800              42             107      0.01640625     0.041796875             142              35
41900              42             107      0.01640625     0.041796875             142              35
42000              42             107      0.01640625     0.041796875             142              35
42100              42             107      0.01640625     0.041796875             142              35
42200              42             107      0.01640625     0.041796875             142              35
42300              42             107      0.01640625     0.041796875             142              35
42400              42             107      0.01640625     0.041796875             142              35
42500              42             107      0.01640625     0.041796875             142              35
42600              42             107      0.01640625     0.041796875             142              35
42700              42             107      0.01640625     0.041796875             142              35
42800              42             107      0.01640625     0.041796875             142              35
42900              42             107      0.01640625     0.041796875             142              35
43000              42             107      0.01640625     0.041796875             142              35
43100              42             107      0.01640625     0.041796875             142              35
43200              42             107      0.01640625     0.041796875             142              35
43300              42             107      0.01640625     0.041796875             142              35
43400              40             108        0.015625       0.0421875             143              35
43500              40             108        0.015625       0.0421875             143              35
43600              42             107      0.01640625     0.041796875             143              36
43700              44             106       0.0171875      0.04140625             143              37
43800              44             106       0.0171875      0.04140625             143              37
43900              44             106       0.0171875      0.04140625             143              37
44000              44             106       0.0171875      0.04140625             143              37
44100              44             106       0.0171875      0.04140625             143              37
44200              44             106       0.0171875      0.04140625             143              37
44300              44             106       0.0171875      0.04140625             143              37
44400              46             105      0.01796875     0.041015625             143              38
44500              46             105      0.01796875     0.041015625             143              38
44600              46             105      0.01796875     0.041015625             143              38
44700              46             105      0.01796875     0.041015625             143              38
44800              46             105      0.01796875     0.041015625             143              38
44900              46             105      0.01796875     0.041015625             143              38
45000              46             105      0.01796875     0.041015625             143              38
45100              46             105      0.01796875     0.041015625             143              38
45200              46             105      0.01796875     0.041015625             143              38
45300              46             105      0.01796875     0.041015625             143              38
45400              48             104         0.01875        0.040625             143              39
45500              48             104         0.01875        0.040625             143              39
45600              46             105      0.01796875     0.041015625             145              40
45700              46             105      0.01796875     0.041015625             145              40
45800              46             105      0.01796875     0.041015625             145              40
45900              46             105      0.01796875     0.041015625             145              40
46000              46             105      0.01796875     0.041015625             145              40
46100              46             105      0.01796875     0.041015625             145              40
46200              46             105      0.01796875     0.041015625             145              40
46300              48             104         0.01875        0.040625             145              41
46400              46             105      0.01796875     0.041015625             146              41
46500              46             105      0.01796875     0.041015625             146              41
46600              46             105      0.01796875     0.041015625             146              41
46700              46             105      0.01796875     0.041015625             146              41
46800              46             105      0.01796875     0.041015625             146              41
46900              48             104         0.01875        0.040625             146              42
47000              48             104         0.01875        0.040625             146              42
47100              48             104         0.01875        0.040625             146              42
47200              48             104         0.01875        0.040625             146              42
47300              48             104         0.01875        0.040625             146              42
47400              50             103      0.01953125     0.040234375             146              43
47500              50             103      0.01953125     0.040234375             146              43
47600              48             104         0.01875        0.040625             147              43
47700              48             104         0.01875        0.040625             147              43
47800              48             104         0.01875        0.040625             147              43
47900              46             105      0.01796875     0.041015625             148              43
48000              46             105      0.01796875     0.041015625             148              43
48100              46             105      0.01796875     0.041015625             148              43
48200              46             105      0.01796875     0.041015625             148              43
48300              46             105      0.01796875     0.041015625             148              43
48400              44             106       0.0171875      0.04140625             149              43
48500              44             106       0.0171875      0.04140625             149              43
48600              44             106       0.0171875      0.04140625             149              43
48700              44             106       0.0171875      0.04140625             149              43
48800              42             107      0.01640625     0.041796875             150              43
48900              42             107      0.01640625     0.041796875             150              43
49000              42             107      0.01640625     0.041796875             150              43
49100              42             107      0.01640625     0.041796875             150              43
49200              42             107      0.01640625     0.041796875             150              43
49300              42             107      0.01640625     0.041796875             150              43
49400              42             107      0.01640625     0.041796875             150              43
49500              42             107      0.01640625     0.041796875             150              43
49600              42             107      0.01640625     0.041796875             150              43
49700              42             107      0.01640625     0.041796875             150              43
49800              42             107      0.01640625     0.041796875             150              43
49900              42             107      0.01640625     0.041796875             150              43
50000              42             107      0.01640625     0.041796875             150              43
50100              40             108        0.015625       0.0421875             151              43
50200              40             108        0.015625       0.0421875             151              43
50300              40             108        0.015625       0.0421875             151              43
50400              40             108        0.015625       0.0421875             151              43
50500              40             108        0.015625       0.0421875             151              43
50600              40             108        0.015625       0.0421875             151              43
50700              40             108        0.015625       0.0421875             151              43
50800              40             108        0.015625       0.0421875             151              43
50900              40             108        0.015625       0.0421875             151              43
51000              40             108        0.015625       0.0421875             151              43
51100              40             108        0.015625       0.0421875             151              43
51200              42             107      0.01640625     0.041796875             151              44
51300              42             107      0.01640625     0.041796875             151              44
51400              42             107      0.01640625     0.041796875             151              44
51500              42             107      0.01640625     0.041796875             151              44
51600              42             107      0.01640625     0.041796875             151              44
51700              42             107      0.01640625     0.041796875             151              44
51800              42             107      0.01640625     0.041796875             151              44
51900              42             107      0.01640625     0.041796875             151              44
52000              42             107      0.01640625     0.041796875             151              44
52100              44             106       0.0171875      0.04140625             151              45
52200              44             106       0.0171875      0.04140625             151              45
52300              44             106       0.0171875      0.04140625             151              45
52400              44             106       0.0171875      0.04140625             152              46
52500              44             106       0.0171875      0.04140625             152              46
52600              44             106       0.0171875      0.04140625             152              46
52700              44             106       0.0171875      0.04140625             152              46
52800              44             106       0.0171875      0.04140625             152              46
52900              44             106       0.0171875      0.04140625             152              46
53000              44             106       0.0171875      0.04140625             152              46
53100              44             106       0.0171875      0.04140625             152              46
53200              44             106       0.0171875      0.04140625             152              46
53300              46             105      0.01796875     0.041015625             152              47
53400              44             106       0.0171875      0.04140625             153              47
53500              44             106       0.0171875      0.04140625             153              47
53600              44             106       0.0171875      0.04140625             153              47
53700              44             106       0.0171875      0.04140625             153              47
53800              44             106       0.0171875      0.04140625             153              47
53900              44             106       0.0171875      0.04140625             153              47
54000              44             106       0.0171875      0.04140625             153              47
54100              44             106       0.0171875      0.04140625             153              47
54200              44             106       0.0171875      0.04140625             153              47
54300              44             106       0.0171875      0.04140625             153              47
54400              46             105      0.01796875     0.041015625             153              48
54500              46             105      0.01796875     0.041015625             153              48
54600              46             105      0.01796875     0.041015625             153              48
54700              46             105      0.01796875     0.041015625             153              48
54800              46             105      0.01796875     0.041015625             153              48
54900              46             105      0.01796875     0.041015625             153              48
55000              44             106       0.0171875      0.04140625             154              48
55100              44             106       0.0171875      0.04140625             154              48
55200              44             106       0.0171875      0.04140625             154              48
55300              44             106       0.0171875      0.04140625             154              48
55400              44             106       0.0171875      0.04140625             154              48
55500              44             106       0.0171875      0.04140625             154              48
55600              44             106       0.0171875      0.04140625             154              48
55700              44             106       0.0171875      0.04140625             154              48
55800              42             107      0.01640625     0.041796875             155              48
55900              42             107      0.01640625     0.041796875             155              48
56000              42             107      0.01640625     0.041796875             155              48
56100              42             107      0.01640625     0.041796875             155              48
56200              42             107      0.01640625     0.041796875             155              48
56300              42             107      0.01640625     0.041796875             155              48
56400              42             107      0.01640625     0.041796875             155              48
56500              42             107      0.01640625     0.041796875             155              48
56600              42             107      0.01640625     0.041796875             155              48
56700              42             107      0.01640625     0.041796875             156              49
56800              42             107      0.01640625     0.041796875             156              49
56900              42             107      0.01640625     0.041796875             156              49
57000              42             107      0.01640625     0.041796875             156              49
57100              42             107      0.01640625     0.041796875             156              49
57200              40             108        0.015625       0.0421875             157              49
57300              40             108        0.015625       0.0421875             157              49
57400              40             108        0.015625       0.0421875             157              49
57500              40             108        0.015625       0.0421875             157              49
57600              42             107      0.01640625     0.041796875             157              50
57700              40             108        0.015625       0.0421875             158              50
57800              40             108        0.015625       0.0421875             158              50
57900              40             108        0.015625       0.0421875             158              50
58000              40             108        0.015625       0.0421875             158              50
58100              40             108        0.015625       0.0421875             158              50
58200              42             107      0.01640625     0.041796875             158              51
58300              42             107      0.01640625     0.041796875             158              51
58400              42             107      0.01640625     0.041796875             158              51
58500              42             107      0.01640625     0.041796875             158              51
58600              42             107      0.01640625     0.041796875             158              51
58700              42             107      0.01640625     0.041796875             158              51
58800              42             107      0.01640625     0.041796875             158              51
58900              42             107      0.01640625     0.041796875             158              51
59000              46             105      0.01796875     0.041015625             158              53
59100              46             105      0.01796875     0.041015625             158              53
59200              46             105      0.01796875     0.041015625             158              53
59300              48             104         0.01875        0.040625             158              54
59400              46             105      0.01796875     0.041015625             159              54
59500              44             106       0.0171875      0.04140625             160              54
59600              44             106       0.0171875      0.04140625             160              54
59700              42             107      0.01640625     0.041796875             161              54
59800              42             107      0.01640625     0.041796875             161              54
59900              42             107      0.01640625     0.041796875             161              54
60000              42             107      0.01640625     0.041796875             161              54
60100              42             107      0.01640625     0.041796875             161              54
60200              42             107      0.01640625     0.041796875             161              54
60300              42             107      0.01640625     0.041796875             161              54
60400              44             106       0.0171875      0.04140625             161              55
60500              44             106       0.0171875      0.04140625             161              55
60600              44             106       0.0171875      0.04140625             161              55
60700              44             106       0.0171875      0.04140625             161              55
60800              44             106       0.0171875      0.04140625             161              55
60900              44             106       0.0171875      0.04140625             161              55
61000              44             106       0.0171875      0.04140625             161              55
61100              42             107      0.01640625     0.041796875             162              55
61200              44             106       0.0171875      0.04140625             162              56
61300              44             106       0.0171875      0.04140625             162              56
61400              44             106       0.0171875      0.04140625             162              56
61500              44             106       0.0171875      0.04140625             162              56
61600              44             106       0.0171875      0.04140625             162              56
61700              44             106       0.0171875      0.04140625             162              56
61800              44             106       0.0171875      0.04140625             162              56
61900              44             106       0.0171875      0.04140625             162              56
62000              44             106       0.0171875      0.04140625             162              56
62100              44             106       0.0171875      0.04140625             162              56
62200              42             107      0.01640625     0.041796875             163              56
62300              42             107      0.01640625     0.041796875             163              56
62400              40             108        0.015625       0.0421875             164              56
62500              40             108        0.015625       0.0421875             164              56
62600              42             107      0.01640625     0.041796875             164              57
62700              42             107      0.01640625     0.041796875             164              57
62800              42             107      0.01640625     0.041796875             164              57
62900              42             107      0.01640625     0.041796875             164              57
63000              42             107      0.01640625     0.041796875             164              57
63100              40             108        0.015625       0.0421875             165              57
63200              40             108        0.015625       0.0421875             165              57
63300              40             108        0.015625       0.0421875             165              57
63400              40             108        0.015625       0.0421875             165              57
63500              40             108        0.015625       0.0421875             165              57
63600              42             107      0.01640625     0.041796875             165              58
63700              42             107      0.01640625     0.041796875             165              58
63800              42             107      0.01640625     0.041796875             165              58
63900              42             107      0.01640625     0.041796875             165              58
64000              40             108        0.015625       0.0421875             166              58
64100              40             108        0.015625       0.0421875             166              58
64200              40             108        0.015625       0.0421875             166              58
64300              40             108        0.015625       0.0421875             166              58
64400              40             108        0.015625       0.0421875             166              58
64500              44             106       0.0171875      0.04140625             166              60
64600              44             106       0.0171875      0.04140625             166              60
64700              44             106       0.0171875      0.04140625             166              60
64800              42             107      0.01640625     0.041796875             167              60
64900              44             106       0.0171875      0.04140625             167              61
65000              44             106       0.0171875      0.04140625             167              61
65100              44             106       0.0171875      0.04140625             167              61
65200              44             106       0.0171875      0.04140625             167              61
65300              44             106       0.0171875      0.04140625             167              61
65400              44             106       0.0171875      0.04140625             167              61
65500              44             106       0.0171875      0.04140625             167              61
65600              44             106       0.0171875      0.04140625             167              61
65700              44             106       0.0171875      0.04140625             167              61
65800              44             106       0.0171875      0.04140625             167              61
65900              44             106       0.0171875      0.04140625             167              61
66000              44             106       0.0171875      0.04140625             167              61
66100              42             107      0.01640625     0.041796875             168              61
66200              42             107      0.01640625     0.041796875             168              61
66300              42             107      0.01640625     0.041796875             168              61
66400              42             107      0.01640625     0.041796875             168              61
66500              42             107      0.01640625     0.041796875             168              61
66600              42             107      0.01640625     0.041796875             168              61
66700              42             107      0.01640625     0.041796875             168              61
66800              42             107      0.01640625     0.041796875             168              61
66900              42             107      0.01640625     0.041796875             168              61
67000              42             107      0.01640625     0.041796875             168              61
67100              42             107      0.01640625     0.041796875             168              61
67200              42             107      0.01640625     0.041796875             168              61
67300              42             107      0.01640625     0.041796875             168              61
67400              42             107      0.01640625     0.041796875             168              61
67500              42             107      0.01640625     0.041796875             168              61
67600              42             107      0.01640625     0.041796875             168              61
67700              42             107      0.01640625     0.041796875             168              61
67800              42             107      0.01640625     0.041796875             168              61
67900              42             107      0.01640625     0.041796875             168              61
68000              42             107      0.01640625     0.041796875             168              61
68100              44             106       0.0171875      0.04140625             168              62
68200              42             107      0.01640625     0.041796875             169              62
68300              42             107      0.01640625     0.041796875             169              62
68400              42             107      0.01640625     0.041796875             169              62
68500              40             108        0.015625       0.0421875             170              62
68600              40             108        0.015625       0.0421875             170              62
68700              40             108        0.015625       0.0421875             170              62
68800              38             109      0.01484375     0.042578125             171              62
68900              38             109      0.01484375     0.042578125             171              62
69000              40             108        0.015625       0.0421875             171              63
69100              38             109      0.01484375     0.042578125             172              63
69200              38             109      0.01484375     0.042578125             172              63
69300              38             109      0.01484375     0.042578125             172              63
69400              38             109      0.01484375     0.042578125             172              63
69500              38             109      0.01484375     0.042578125             172              63
69600              38             109      0.01484375     0.042578125             172              63
69700              38             109      0.01484375     0.042578125             172              63
69800              38             109      0.01484375     0.042578125             172              63
69900              38             109      0.01484375     0.042578125             172              63
70000              38             109      0.01484375     0.042578125             172              63
70100              38             109      0.01484375     0.042578125             172              63
70200              38             109      0.01484375     0.042578125             172              63
70300              38             109      0.01484375     0.042578125             172              63
70400              36             110       0.0140625      0.04296875             173              63
70500              34             111      0.01328125     0.043359375             174              63
70600              34             111      0.01328125     0.043359375             174              63
70700              34             111      0.01328125     0.043359375             174              63
70800              34             111      0.01328125     0.043359375             174              63
70900              34             111      0.01328125     0.043359375             174              63
71000              34             111      0.01328125     0.043359375             174              63
71100              36             110       0.0140625      0.04296875             174              64
71200              36             110       0.0140625      0.04296875             174              64
71300              38             109      0.01484375     0.042578125             174              65
71400              38             109      0.01484375     0.042578125             174              65
71500              38             109      0.01484375     0.042578125             174              65
71600              38             109      0.01484375     0.042578125             174              65
71700              36             110       0.0140625      0.04296875             175              65
71800              36             110       0.0140625      0.04296875             175              65
71900              36             110       0.0140625      0.04296875             175              65
72000              36             110       0.0140625      0.04296875             175              65
72100              36             110       0.0140625      0.04296875             175              65
72200              38             109      0.01484375     0.042578125             175              66
72300              40             108        0.015625       0.0421875             175              67
72400              42             107      0.01640625     0.041796875             175              68
72500              42             107      0.01640625     0.041796875             175              68
72600              42             107      0.01640625     0.041796875             175              68
72700              42             107      0.01640625     0.041796875             175              68
72800              42             107      0.01640625     0.041796875             175              68
72900              42             107      0.01640625     0.041796875             175              68
73000              42             107      0.01640625     0.041796875             175              68
73100              42             107      0.01640625     0.041796875             175              68
73200              42             107      0.01640625     0.041796875             175              68
73300              42             107      0.01640625     0.041796875             175              68
73400              42             107      0.01640625     0.041796875             175              68
73500              42             107      0.01640625     0.041796875             175              68
73600              42             107      0.01640625     0.041796875             175              68
73700              42             107      0.01640625     0.041796875             175              68
73800              42             107      0.01640625     0.041796875             175              68
73900              42             107      0.01640625     0.041796875             175              68
74000              42             107      0.01640625     0.041796875             175              68
74100              42             107      0.01640625     0.041796875             175              68
74200              42             107      0.01640625     0.041796875             175              68
74300              42             107      0.01640625     0.041796875             175              68
74400              42             107      0.01640625     0.041796875             175              68
74500              42             107      0.01640625     0.041796875             175              68
74600              42             107      0.01640625     0.041796875             175              68
74700              42             107      0.01640625     0.041796875             175              68
74800              42             107      0.01640625     0.041796875             175              68
74900              42             107      0.01640625     0.041796875             175              68
75000              42             107      0.01640625     0.041796875             175              68
75100              44             106       0.0171875      0.04140625             175              69
75200              44             106       0.0171875      0.04140625             175              69
75300              44             106       0.0171875      0.04140625             175              69
75400              46             105      0.01796875     0.041015625             175              70
75500              46             105      0.01796875     0.041015625             175              70
75600              48             104         0.01875        0.040625             175              71
75700              48             104         0.01875        0.040625             175              71
75800              48             104         0.01875        0.040625             175              71
75900              48             104         0.01875        0.040625             175              71
76000              46             105      0.01796875     0.041015625             176              71
76100              46             105      0.01796875     0.041015625             176              71
76200              46             105      0.01796875     0.041015625             176              71
76300              46             105      0.01796875     0.041015625             176              71
76400              46             105      0.01796875     0.041015625             176              71
76500              46             105      0.01796875     0.041015625             176              71
76600              46             105      0.01796875     0.041015625             176              71
76700              46             105      0.01796875     0.041015625             176              71
76800              48             104         0.01875        0.040625             176              72
76900              50             103      0.01953125     0.040234375             176              73
77000              50             103      0.01953125     0.040234375             176              73
77100              50             103      0.01953125     0.040234375             176              73
77200              52             102       0.0203125      0.03984375             176              74
77300              52             102       0.0203125      0.03984375             176              74
77400              52             102       0.0203125      0.03984375             176              74
77500              52             102       0.0203125      0.03984375             176              74
77600              52             102       0.0203125      0.03984375             176              74
77700              52             102       0.0203125      0.03984375             176              74
77800              52             102       0.0203125      0.03984375             176              74
77900              50             103      0.01953125     0.040234375             177              74
78000              52             102       0.0203125      0.03984375             177              75
78100              54             101      0.02109375     0.039453125             177              76
78200              52             102       0.0203125      0.03984375             178              76
78300              50             103      0.01953125     0.040234375             179              76
78400              50             103      0.01953125     0.040234375             179              76
78500              52             102       0.0203125      0.03984375             179              77
78600              52             102       0.0203125      0.03984375             179              77
78700              52             102       0.0203125      0.03984375             180              78
78800              52             102       0.0203125      0.03984375             180              78
78900              52             102       0.0203125      0.03984375             180              78
79000              54             101      0.02109375     0.039453125             180              79
79100              54             101      0.02109375     0.039453125             180              79
79200              54             101      0.02109375     0.039453125             180              79
79300              52             102       0.0203125      0.03984375             181              79
79400              54             101      0.02109375     0.039453125             181              80
79500              54             101      0.02109375     0.039453125             181              80
79600              54             101      0.02109375     0.039453125             181              80
79700              54             101      0.02109375     0.039453125             181              80
79800              54             101      0.02109375     0.039453125             181              80
79900              54             101      0.02109375     0.039453125             181              80
80000              54             101      0.02109375     0.039453125             181              80
80100              54             101      0.02109375     0.039453125             181              80
80200              54             101      0.02109375     0.039453125             181              80
80300              54             101      0.02109375     0.039453125             181              80
80400              54             101      0.02109375     0.039453125             181              80
80500              54             101      0.02109375     0.039453125             181              80
80600              54             101      0.02109375     0.039453125             181              80
80700              54             101      0.02109375     0.039453125             181              80
80800              54             101      0.02109375     0.039453125             181              80
80900              54             101      0.02109375     0.039453125             181              80
81000              54             101      0.02109375     0.039453125             181              80
81100              54             101      0.02109375     0.039453125             181              80
81200              54             101      0.02109375     0.039453125             181              80
81300              54             101      0.02109375     0.039453125             181              80
81400              54             101      0.02109375     0.039453125             181              80
81500              54             101      0.02109375     0.039453125             181              80
81600              54             101      0.02109375     0.039453125             181              80
81700              54             101      0.02109375     0.039453125             182              81
81800              52             102       0.0203125      0.03984375             183              81
81900              52             102       0.0203125      0.03984375             183              81
82000              50             103      0.01953125     0.040234375             184              81
82100              50             103      0.01953125     0.040234375             184              81
82200              50             103      0.01953125     0.040234375             184              81
82300              50             103      0.01953125     0.040234375             184              81
82400              50             103      0.01953125     0.040234375             184              81
82500              50             103      0.01953125     0.040234375             184              81
82600              48             104         0.01875        0.040625             185              81
82700              48             104         0.01875        0.040625             185              81
82800              48             104         0.01875        0.040625             185              81
82900              50             103      0.01953125     0.040234375             185              82
83000              50             103      0.01953125     0.040234375             185              82
83100              50             103      0.01953125     0.040234375             185              82
83200              50             103      0.01953125     0.040234375             185              82
83300              50             103      0.01953125     0.040234375             185              82
83400              50             103      0.01953125     0.040234375             185              82
83500              48             104         0.01875        0.040625             186              82
83600              48             104         0.01875        0.040625             186              82
83700              48             104         0.01875        0.040625             186              82
83800              48             104         0.01875        0.040625             186              82
83900              48             104         0.01875        0.040625             186              82
84000              48             104         0.01875        0.040625             186              82
84100              46             105      0.01796875     0.041015625             187              82
84200              46             105      0.01796875     0.041015625             187              82
84300              46             105      0.01796875     0.041015625             187              82
84400              46             105      0.01796875     0.041015625             187              82
84500              46             105      0.01796875     0.041015625             187              82
84600              46             105      0.01796875     0.041015625             187              82
84700              46             105      0.01796875     0.041015625             187              82
84800              46             105      0.01796875     0.041015625             187              82
84900              46             105      0.01796875     0.041015625             187              82
85000              46             105      0.01796875     0.041015625             187              82
85100              44             106       0.0171875      0.04140625             188              82
85200              44             106       0.0171875      0.04140625             188              82
85300              44             106       0.0171875      0.04140625             188              82
85400              44             106       0.0171875      0.04140625             188              82
85500              44             106       0.0171875      0.04140625             188              82
85600              44             106       0.0171875      0.04140625             188              82
85700              44             106       0.0171875      0.04140625             188              82
85800              44             106       0.0171875      0.04140625             188              82
85900              44             106       0.0171875      0.04140625             188              82
86000              46             105      0.01796875     0.041015625             188              83
86100              44             106       0.0171875      0.04140625             189              83
86200              44             106       0.0171875      0.04140625             189              83
86300              44             106       0.0171875      0.04140625             189              83
86400              44             106       0.0171875      0.04140625             189              83
86500              44             106       0.0171875      0.04140625             189              83
86600              44             106       0.0171875      0.04140625             189              83
86700              44             106       0.0171875      0.04140625             189              83
86800              44             106       0.0171875      0.04140625             189              83
86900              44             106       0.0171875      0.04140625             189              83
87000              44             106       0.0171875      0.04140625             189              83
87100              44             106       0.0171875      0.04140625             189              83
87200              44             106       0.0171875      0.04140625             190              84
87300              46             105      0.01796875     0.041015625             190              85
87400              46             105      0.01796875     0.041015625             190              85
87500              46             105      0.01796875     0.041015625             190              85
87600              46             105      0.01796875     0.041015625             190              85
87700              46             105      0.01796875     0.041015625             190              85
87800              46             105      0.01796875     0.041015625             190              85
87900              46             105      0.01796875     0.041015625             190              85
88000              46             105      0.01796875     0.041015625             190              85
88100              46             105      0.01796875     0.041015625             190              85
88200              46             105      0.01796875     0.041015625             190              85
88300              50             103      0.01953125     0.040234375             190              87
88400              50             103      0.01953125     0.040234375             190              87
88500              50             103      0.01953125     0.040234375             190              87
88600              50             103      0.01953125     0.040234375             190              87
88700              50             103      0.01953125     0.040234375             190              87
88800              50             103      0.01953125     0.040234375             190              87
88900              50             103      0.01953125     0.040234375             190              87
89000              50             103      0.01953125     0.040234375             190              87
89100              50             103      0.01953125     0.040234375             190              87
89200              50             103      0.01953125     0.040234375             190              87
89300              50             103      0.01953125     0.040234375             190              87
89400              50             103      0.01953125     0.040234375             190              87
89500              48             104         0.01875        0.040625             191              87
89600              46             105      0.01796875     0.041015625             192              87
89700              46             105      0.01796875     0.041015625             192              87
89800              46             105      0.01796875     0.041015625             192              87
89900              44             106       0.0171875      0.04140625             193              87
90000              46             105      0.01796875     0.041015625             193              88
90100              46             105      0.01796875     0.041015625             193              88
90200              44             106       0.0171875      0.04140625             194              88
90300              44             106       0.0171875      0.04140625             194              88
90400              44             106       0.0171875      0.04140625             194              88
90500              44             106       0.0171875      0.04140625             194              88
90600              42             107      0.01640625     0.041796875             195              88
90700              42             107      0.01640625     0.041796875             195              88
90800              42             107      0.01640625     0.041796875             195              88
90900              40             108        0.015625       0.0421875             196              88
91000              40             108        0.015625       0.0421875             196              88
91100              40             108        0.015625       0.0421875             196              88
91200              38             109      0.01484375     0.042578125             197              88
91300              38             109      0.01484375     0.042578125             197              88
91400              38             109      0.01484375     0.042578125             197              88
91500              38             109      0.01484375     0.042578125             197              88
91600              38             109      0.01484375     0.042578125             197              88
91700              38             109      0.01484375     0.042578125             197              88
91800              38             109      0.01484375     0.042578125             197              88
91900              38             109      0.01484375     0.042578125             197              88
92000              38             109      0.01484375     0.042578125             197              88
92100              38             109      0.01484375     0.042578125             197              88
92200              38             109      0.01484375     0.042578125             197              88
92300              38             109      0.01484375     0.042578125             197              88
92400              38             109      0.01484375     0.042578125             197              88
92500              38             109      0.01484375     0.042578125             197              88
92600              38             109      0.01484375     0.042578125             197              88
92700              38             109      0.01484375     0.042578125             197              88
92800              38             109      0.01484375     0.042578125             197              88
92900              38             109      0.01484375     0.042578125             197              88
93000              38             109      0.01484375     0.042578125             197              88
93100              38             109      0.01484375     0.042578125             197              88
93200              38             109      0.01484375     0.042578125             197              88
93300              38             109      0.01484375     0.042578125             197              88
93400              38             109      0.01484375     0.042578125             197              88
93500              38             109      0.01484375     0.042578125             197              88
93600              38             109      0.01484375     0.042578125             197              88
93700              36             110       0.0140625      0.04296875             198              88
93800              34             111      0.01328125     0.043359375             199              88
93900              34             111      0.01328125     0.043359375             199              88
94000              34             111      0.01328125     0.043359375             199              88
94100              34             111      0.01328125     0.043359375             199              88
94200              34             111      0.01328125     0.043359375             199              88
94300              34             111      0.01328125     0.043359375             199              88
94400              34             111      0.01328125     0.043359375             199              88
94500              34             111      0.01328125     0.043359375             199              88
94600              34             111      0.01328125     0.043359375             199              88
94700              34             111      0.01328125     0.043359375             199              88
94800              34             111      0.01328125     0.043359375             199              88
94900              34             111      0.01328125     0.043359375             199              88
95000              34             111      0.01328125     0.043359375             199              88
95100              34             111      0.01328125     0.043359375             199              88
95200              34             111      0.01328125     0.043359375             199              88
95300              34             111      0.01328125     0.043359375             199              88
95400              34             111      0.01328125     0.043359375             199              88
95500              34             111      0.01328125     0.043359375             199              88
95600              36             110       0.0140625      0.04296875             199              89
95700              36             110       0.0140625      0.04296875             199              89
95800              36             110       0.0140625      0.04296875             199              89
95900              36             110       0.0140625      0.04296875             199              89
96000              38             109      0.01484375     0.042578125             199              90
96100              40             108        0.015625       0.0421875             199              91
96200              40             108        0.015625       0.0421875             199              91
96300              40             108        0.015625       0.0421875             199              91
96400              40             108        0.015625       0.0421875             199              91
96500              42             107      0.01640625     0.041796875             199              92
96600              42             107      0.01640625     0.041796875             199              92
96700              42             107      0.01640625     0.041796875             199              92
96800              42             107      0.01640625     0.041796875             199              92
96900              42             107      0.01640625     0.041796875             199              92
97000              42             107      0.01640625     0.041796875             199              92
97100              42             107      0.01640625     0.041796875             199              92
97200              42             107      0.01640625     0.041796875             199              92
97300              42             107      0.01640625     0.041796875             199              92
97400              42             107      0.01640625     0.041796875             199              92
97500              40             108        0.015625       0.0421875             200              92
97600              40             108        0.015625       0.0421875             200              92
97700              42             107      0.01640625     0.041796875             200              93
97800              40             108        0.015625       0.0421875             201              93
97900              38             109      0.01484375     0.042578125             202              93
98000              40             108        0.015625       0.0421875             202              94
98100              40             108        0.015625       0.0421875             202              94
98200              40             108        0.015625       0.0421875             202              94
98300              40             108        0.015625       0.0421875             202              94
98400              40             108        0.015625       0.0421875             202              94
98500              38             109      0.01484375     0.042578125             203              94
98600              40             108        0.015625       0.0421875             203              95
98700              40             108        0.015625       0.0421875             203              95
98800              40             108        0.015625       0.0421875             203              95
98900              40             108        0.015625       0.0421875             203              95
99000              40             108        0.015625       0.0421875             203              95
99100              40             108        0.015625       0.0421875             203              95
99200              40             108        0.015625       0.0421875             203              95
99300              40             108        0.015625       0.0421875             203              95
99400              40             108        0.015625       0.0421875             203              95
99500              40             108        0.015625       0.0421875             203              95
99600              40             108        0.015625       0.0421875             203              95
99700              40             108        0.015625       0.0421875             203              95
99800              40             108        0.015625       0.0421875             203              95
99900              40             108        0.015625       0.0421875             203              95
100000              40             108        0.015625       0.0421875             203              95
