# Time-averaged data for fix observ
# TimeStep v_nfree v_ndimer v_cfree v_cdimer f_kinetics[2] f_kinetics[3]
0             256               0           0.025               0               0               0
100             256               0           0.025               0               0               0
200             254               1    0.0248046875    9.765625e-05               1               0
300             252               2     0.024609375    0.0001953125               2               0
400             252               2     0.024609375    0.0001953125               2               0
500             250               3    0.0244140625   0.00029296875               3               0
600             250               3    0.0244140625   0.00029296875               3               0
700             248               4      0.02421875     0.000390625               4               0
800             248               4      0.02421875     0.000390625               4               0
900             248               4      0.02421875     0.000390625               4               0
1000             248               4      0.02421875     0.000390625               4               0
1100             248               4      0.02421875     0.000390625               4               0
1200             246               5    0.0240234375   0.00048828125               5               0
1300             246               5    0.0240234375   0.00048828125               5               0
1400             246               5    0.0240234375   0.00048828125               6               1
1500             246               5    0.0240234375   0.00048828125               6               1
1600             246               5    0.0240234375   0.00048828125               6               1
1700             246               5    0.0240234375   0.00048828125               6               1
1800             246               5    0.0240234375   0.00048828125               6               1
1900             248               4      0.02421875     0.000390625               6               2
2000             248               4      0.02421875     0.000390625               6               2
2100             246               5    0.0240234375   0.00048828125               7               2
2200             246               5    0.0240234375   0.00048828125               7               2
2300             246               5    0.0240234375   0.00048828125               7               2
2400             246               5    0.0240234375   0.00048828125               7               2
2500             244               6     0.023828125    0.0005859375               8               2
2600             244               6     0.023828125    0.0005859375               8               2
2700             244               6     0.023828125    0.0005859375               8               2
2800             246               5    0.0240234375   0.00048828125               8               3
2900             246               5    0.0240234375   0.00048828125               8               3
3000             246               5    0.0240234375   0.00048828125               8               3
3100             246               5    0.0240234375   0.00048828125               8               3
3200             246               5    0.0240234375   0.00048828125               8               3
3300             244               6     0.023828125    0.0005859375               9               3
3400             244               6     0.023828125    0.0005859375               9               3
3500             244               6     0.023828125    0.0005859375               9               3
3600             244               6     0.023828125    0.0005859375               9               3
3700             244               6     0.023828125    0.0005859375               9               3
3800             242               7    0.0236328125   0.00068359375              10               3
3900             242               7    0.0236328125   0.00068359375              10               3
4000             242               7    0.0236328125   0.00068359375              10               3
4100             240               8       0.0234375      0.00078125              11               3
4200             238               9    0.0232421875   0.00087890625              12               3
4300             236              10     0.023046875    0.0009765625              13               3
4400             238               9    0.0232421875   0.00087890625              13               4
4500             236              10     0.023046875    0.0009765625              14               4
4600             236              10     0.023046875    0.0009765625              14               4
4700             236              10     0.023046875    0.0009765625              14               4
4800             236              10     0.023046875    0.0009765625              14               4
4900             234              11    0.0228515625   0.00107421875              15               4
5000             230              13    0.0224609375   0.00126953125              17               4
5100             230              13    0.0224609375   0.00126953125              17               4
5200             226              15    0.0220703125   0.00146484375              19               4
5300             226              15    0.0220703125   0.00146484375              19               4
5400             226              15    0.0220703125   0.00146484375              19               4
5500             226              15    0.0220703125   0.00146484375              19               4
5600             224              16        0.021875       0.0015625              20               4
5700             222              17    0.0216796875   0.00166015625              21               4
5800             224              16        0.021875       0.0015625              22               6
5900             224              16        0.021875       0.0015625              22               6
6000             224              16        0.021875       0.0015625              22               6
6100             224              16        0.021875       0.0015625              22               6
6200             224              16        0.021875       0.0015625              22               6
6300             224              16        0.021875       0.0015625              22               6
6400             224              16        0.021875       0.0015625              22               6
6500             222              17    0.0216796875   0.00166015625              23               6
6600             222              17    0.0216796875   0.00166015625              23               6
6700             222              17    0.0216796875   0.00166015625              23               6
6800             222              17    0.0216796875   0.00166015625              24               7
6900             222              17    0.0216796875   0.00166015625              24               7
7000             222              17    0.0216796875   0.00166015625              24               7
7100             222              17    0.0216796875   0.00166015625              24               7
7200             222              17    0.0216796875   0.00166015625              24               7
7300             222              17    0.0216796875   0.00166015625              24               7
7400             222              17    0.0216796875   0.00166015625              24               7
7500             222              17    0.0216796875   0.00166015625              24               7
7600             222              17    0.0216796875   0.00166015625              24               7
7700             222              17    0.0216796875   0.00166015625              24               7
7800             222              17    0.0216796875   0.00166015625              24               7
7900             222              17    0.0216796875   0.00166015625              24               7
8000             222              17    0.0216796875   0.00166015625              24               7
8100             222              17    0.0216796875   0.00166015625              24               7
8200             220              18     0.021484375    0.0017578125              25               7
8300             222              17    0.0216796875   0.00166015625              25               8
8400             220              18     0.021484375    0.0017578125              26               8
8500             220              18     0.021484375    0.0017578125              26               8
8600             220              18     0.021484375    0.0017578125              26               8
8700             220              18     0.021484375    0.0017578125              26               8
8800             218              19    0.0212890625   0.00185546875              27               8
8900             220              18     0.021484375    0.0017578125              27               9
9000             220              18     0.021484375    0.0017578125              27               9
9100             218              19    0.0212890625   0.00185546875              28               9
9200             218              19    0.0212890625   0.00185546875              28               9
9300             214              21    0.0208984375   0.00205078125              30               9
9400             214              21    0.0208984375   0.00205078125              30               9
9500             212              22     0.020703125    0.0021484375              31               9
9600             212              22     0.020703125    0.0021484375              31               9
9700             210              23    0.0205078125   0.00224609375              32               9
9800             208              24       0.0203125      0.00234375              33               9
9900             208              24       0.0203125      0.00234375              33               9
10000             208              24       0.0203125      0.00234375              33               9
10100             208              24       0.0203125      0.00234375              33               9
10200             206              25    0.0201171875   0.00244140625              34               9
10300             206              25    0.0201171875   0.00244140625              34               9
10400             206              25    0.0201171875   0.00244140625              34               9
10500             206              25    0.0201171875   0.00244140625              34               9
10600             206              25    0.0201171875   0.00244140625              35              10
10700             206              25    0.0201171875   0.00244140625              35              10
10800             206              25    0.0201171875   0.00244140625              35              10
10900             204              26     0.019921875    0.0025390625              36              10
11000             206              25    0.0201171875   0.00244140625              36              11
11100             206              25    0.0201171875   0.00244140625              36              11
11200             204              26     0.019921875    0.0025390625              37              11
11300             204              26     0.019921875    0.0025390625              37              11
11400             204              26     0.019921875    0.0025390625              37              11
11500             204              26     0.019921875    0.0025390625              37              11
11600             204              26     0.019921875    0.0025390625              37              11
11700             204              26     0.019921875    0.0025390625              37              11
11800             204              26     0.019921875    0.0025390625              37              11
11900             204              26     0.019921875    0.0025390625              37              11
12000             204              26     0.019921875    0.0025390625              37              11
12100             204              26     0.019921875    0.0025390625              37              11
12200             204              26     0.019921875    0.0025390625              37              11
12300             204              26     0.019921875    0.0025390625              37              11
12400             204              26     0.019921875    0.0025390625              37              11
12500             204              26     0.019921875    0.0025390625              37              11
12600             204              26     0.019921875    0.0025390625              37              11
12700             202              27    0.0197265625   0.00263671875              38              11
12800             202              27    0.0197265625   0.00263671875              38              11
12900             204              26     0.019921875    0.0025390625              38              12
13000             204              26     0.019921875    0.0025390625              38              12
13100             208              24       0.0203125      0.00234375              38              14
13200             206              25    0.0201171875   0.00244140625              39              14
13300             204              26     0.019921875    0.0025390625              40              14
13400             204              26     0.019921875    0.0025390625              40              14
13500             204              26     0.019921875    0.0025390625              40              14
13600             204              26     0.019921875    0.0025390625              40              14
13700             202              27    0.0197265625   0.00263671875              41              14
13800             202              27    0.0197265625   0.00263671875              41              14
13900             202              27    0.0197265625   0.00263671875              41              14
14000             204              26     0.019921875    0.0025390625              41              15
14100             204              26     0.019921875    0.0025390625              41              15
14200             206              25    0.0201171875   0.00244140625              41              16
14300             206              25    0.0201171875   0.00244140625              41              16
14400             204              26     0.019921875    0.0025390625              42              16
14500             204              26     0.019921875    0.0025390625              42              16
14600             204              26     0.019921875    0.0025390625              42              16
14700             204              26     0.019921875    0.0025390625              42              16
14800             202              27    0.0197265625   0.00263671875              43              16
14900             202              27    0.0197265625   0.00263671875              43              16
15000             200              28      0.01953125     0.002734375              44              16
15100             200              28      0.01953125     0.002734375              44              16
15200             200              28      0.01953125     0.002734375              44              16
15300             200              28      0.01953125     0.002734375              44              16
15400             200              28      0.01953125     0.002734375              44              16
15500             200              28      0.01953125     0.002734375              44              16
15600             198              29    0.0193359375   0.00283203125              45              16
15700             198              29    0.0193359375   0.00283203125              45              16
15800             198              29    0.0193359375   0.00283203125              45              16
15900             198              29    0.0193359375   0.00283203125              46              17
16000             198              29    0.0193359375   0.00283203125              47              18
16100             198              29    0.0193359375   0.00283203125              47              18
16200             198              29    0.0193359375   0.00283203125              47              18
16300             198              29    0.0193359375   0.00283203125              47              18
16400             196              30     0.019140625    0.0029296875              48              18
16500             196              30     0.019140625    0.0029296875              48              18
16600             196              30     0.019140625    0.0029296875              48              18
16700             196              30     0.019140625    0.0029296875              48              18
16800             196              30     0.019140625    0.0029296875              48              18
16900             196              30     0.019140625    0.0029296875              48              18
17000             196              30     0.019140625    0.0029296875              48              18
17100             196              30     0.019140625    0.0029296875              48              18
17200             192              32         0.01875        0.003125              50              18
17300             192              32         0.01875        0.003125              50              18
17400             192              32         0.01875        0.003125              50              18
17500             192              32         0.01875        0.003125              50              18
17600             192              32         0.01875        0.003125              50              18
17700             192              32         0.01875        0.003125              50              18
17800             190              33    0.0185546875   0.00322265625              51              18
17900             190              33    0.0185546875   0.00322265625              51              18
18000             190              33    0.0185546875   0.00322265625              51              18
18100             190              33    0.0185546875   0.00322265625              51              18
18200             188              34     0.018359375    0.0033203125              52              18
18300             190              33    0.0185546875   0.00322265625              52              19
18400             190              33    0.0185546875   0.00322265625              52              19
18500             190              33    0.0185546875   0.00322265625              52              19
18600             190              33    0.0185546875   0.00322265625              52              19
18700             188              34     0.018359375    0.0033203125              53              19
18800             188              34     0.018359375    0.0033203125              53              19
18900             188              34     0.018359375    0.0033203125              53              19
19000             186              35    0.0181640625   0.00341796875              54              19
19100             186              35    0.0181640625   0.00341796875              54              19
19200             188              34     0.018359375    0.0033203125              54              20
19300             190              33    0.0185546875   0.00322265625              54              21
19400             190              33    0.0185546875   0.00322265625              54              21
19500             190              33    0.0185546875   0.00322265625              54              21
19600             190              33    0.0185546875   0.00322265625              54              21
19700             192              32         0.01875        0.003125              54              22
19800             192              32         0.01875        0.003125              54              22
19900             194              31    0.0189453125   0.00302734375              54              23
20000             194              31    0.0189453125   0.00302734375              54              23
20100             192              32         0.01875        0.003125              55              23
20200             192              32         0.01875        0.003125              55              23
20300             192              32         0.01875        0.003125              55              23
20400             192              32         0.01875        0.003125              55              23
20500             194              31    0.0189453125   0.00302734375              55              24
20600             194              31    0.0189453125   0.00302734375              55              24
20700             190              33    0.0185546875   0.00322265625              57              24
20800             188              34     0.018359375    0.0033203125              58              24
20900             188              34     0.018359375    0.0033203125              58              24
21000             188              34     0.018359375    0.0033203125              58              24
21100             188              34     0.018359375    0.0033203125              58              24
21200             188              34     0.018359375    0.0033203125              58              24
21300             188              34     0.018359375    0.0033203125              58              24
21400             188              34     0.018359375    0.0033203125              59              25
21500             188              34     0.018359375    0.0033203125              59              25
21600             188              34     0.018359375    0.0033203125              59              25
21700             188              34     0.018359375    0.0033203125              60              26
21800             190              33    0.0185546875   0.00322265625              60              27
21900             190              33    0.0185546875   0.00322265625              60              27
22000             190              33    0.0185546875   0.00322265625              60              27
22100             190              33    0.0185546875   0.00322265625              60              27
22200             190              33    0.0185546875   0.00322265625              60              27
22300             190              33    0.0185546875   0.00322265625              60              27
22400             190              33    0.0185546875   0.00322265625              60              27
22500             190              33    0.0185546875   0.00322265625              60              27
22600             190              33    0.0185546875   0.00322265625              60              27
22700             188              34     0.018359375    0.0033203125              61              27
22800             188              34     0.018359375    0.0033203125              62              28
22900             188              34     0.018359375    0.0033203125              62              28
23000             188              34     0.018359375    0.0033203125              62              28
23100             188              34     0.018359375    0.0033203125              62              28
23200             190              33    0.0185546875   0.00322265625              62              29
23300             190              33    0.0185546875   0.00322265625              62              29
23400             192              32         0.01875        0.003125              62              30
23500             190              33    0.0185546875   0.00322265625              63              30
23600             190              33    0.0185546875   0.00322265625              63              30
23700             188              34     0.018359375    0.0033203125              64              30
23800             188              34     0.018359375    0.0033203125              64              30
23900             188              34     0.018359375    0.0033203125              64              30
24000             186              35    0.0181640625   0.00341796875              65              30
24100             184              36      0.01796875     0.003515625              66              30
24200             184              36      0.01796875     0.003515625              66              30
24300             184              36      0.01796875     0.003515625              66              30
24400             184              36      0.01796875     0.003515625              66              30
24500             184              36      0.01796875     0.003515625              66              30
24600             184              36      0.01796875     0.003515625              66              30
24700             184              36      0.01796875     0.003515625              66              30
24800             184              36      0.01796875     0.003515625              66              30
24900             182              37    0.0177734375   0.00361328125              67              30
25000             182              37    0.0177734375   0.00361328125              67              30
25100             182              37    0.0177734375   0.00361328125              67              30
25200             182              37    0.0177734375   0.00361328125              67              30
25300             180              38     0.017578125    0.0037109375              68              30
25400             180              38     0.017578125    0.0037109375              68              30
25500             180              38     0.017578125    0.0037109375              68              30
25600             180              38     0.017578125    0.0037109375              68              30
25700             180              38     0.017578125    0.0037109375              68              30
25800             180              38     0.017578125    0.0037109375              68              30
25900             178              39    0.0173828125   0.00380859375              69              30
26000             176              40       0.0171875      0.00390625              70              30
26100             174              41    0.0169921875   0.00400390625              71              30
26200             176              40       0.0171875      0.00390625              71              31
26300             176              40       0.0171875      0.00390625              71              31
26400             176              40       0.0171875      0.00390625              71              31
26500             176              40       0.0171875      0.00390625              71              31
26600             178              39    0.0173828125   0.00380859375              71              32
26700             178              39    0.0173828125   0.00380859375              71              32
26800             178              39    0.0173828125   0.00380859375              71              32
26900             176              40       0.0171875      0.00390625              72              32
27000             176              40       0.0171875      0.00390625              72              32
27100             176              40       0.0171875      0.00390625              72              32
27200             174              41    0.0169921875   0.00400390625              73              32
27300             174              41    0.0169921875   0.00400390625              74              33
27400             172              42     0.016796875    0.0041015625              75              33
27500             172              42     0.016796875    0.0041015625              75              33
27600             170              43    0.0166015625   0.00419921875              76              33
27700             168              44      0.01640625     0.004296875              77              33
27800             166              45    0.0162109375   0.00439453125              78              33
27900             166              45    0.0162109375   0.00439453125              78              33
28000             166              45    0.0162109375   0.00439453125              78              33
28100             168              44      0.01640625     0.004296875              78              34
28200             166              45    0.0162109375   0.00439453125              79              34
28300             164              46     0.016015625    0.0044921875              80              34
28400             164              46     0.016015625    0.0044921875              81              35
28500             164              46     0.016015625    0.0044921875              81              35
28600             160              48        0.015625       0.0046875              83              35
28700             160              48        0.015625       0.0046875              83              35
28800             160              48        0.015625       0.0046875              84              36
28900             160              48        0.015625       0.0046875              84              36
29000             160              48        0.015625       0.0046875              84              36
29100             160              48        0.015625       0.0046875              84              36
29200             160              48        0.015625       0.0046875              84              36
29300             160              48        0.015625       0.0046875              84              36
29400             158              49    0.0154296875   0.00478515625              85              36
29500             158              49    0.0154296875   0.00478515625              85              36
29600             158              49    0.0154296875   0.00478515625              85              36
29700             160              48        0.015625       0.0046875              85              37
29800             162              47    0.0158203125   0.00458984375              85              38
29900             162              47    0.0158203125   0.00458984375              85              38
30000             162              47    0.0158203125   0.00458984375              85              38
30100             162              47    0.0158203125   0.00458984375              86              39
30200             162              47    0.0158203125   0.00458984375              86              39
30300             160              48        0.015625       0.0046875              87              39
30400             158              49    0.0154296875   0.00478515625              88              39
30500             160              48        0.015625       0.0046875              88              40
30600             160              48        0.015625       0.0046875              88              40
30700             160              48        0.015625       0.0046875              88              40
30800             160              48        0.015625       0.0046875              88              40
30900             160              48        0.015625       0.0046875              88              40
31000             160              48        0.015625       0.0046875              88              40
31100             160              48        0.015625       0.0046875              88              40
31200             160              48        0.015625       0.0046875              88              40
31300             160              48        0.015625       0.0046875              88              40
31400             160              48        0.015625       0.0046875              88              40
31500             160              48        0.015625       0.0046875              88              40
31600             162              47    0.0158203125   0.00458984375              88              41
31700             162              47    0.0158203125   0.00458984375              88              41
31800             164              46     0.016015625    0.0044921875              88              42
31900             162              47    0.0158203125   0.00458984375              89              42
32000             162              47    0.0158203125   0.00458984375              89              42
32100             162              47    0.0158203125   0.00458984375              89              42
32200             162              47    0.0158203125   0.00458984375              89              42
32300             162              47    0.0158203125   0.00458984375              89              42
32400             162              47    0.0158203125   0.00458984375              89              42
32500             162              47    0.0158203125   0.00458984375              89              42
32600             162              47    0.0158203125   0.00458984375              89              42
32700             162              47    0.0158203125   0.00458984375              89              42
32800             162              47    0.0158203125   0.00458984375              89              42
32900             162              47    0.0158203125   0.00458984375              90              43
33000             162              47    0.0158203125   0.00458984375              90              43
33100             162              47    0.0158203125   0.00458984375              90              43
33200             160              48        0.015625       0.0046875              92              44
33300             160              48        0.015625       0.0046875              92              44
33400             160              48        0.015625       0.0046875              92              44
33500             160              48        0.015625       0.0046875              92              44
33600             160              48        0.015625       0.0046875              92              44
33700             160              48        0.015625       0.0046875              92              44
33800             160              48        0.015625       0.0046875              92              44
33900             160              48        0.015625       0.0046875              92              44
34000             160              48        0.015625       0.0046875              92              44
34100             162              47    0.0158203125   0.00458984375              92              45
34200             162              47    0.0158203125   0.00458984375              92              45
34300             162              47    0.0158203125   0.00458984375              92              45
34400             162              47    0.0158203125   0.00458984375              92              45
34500             162              47    0.0158203125   0.00458984375              92              45
34600             162              47    0.0158203125   0.00458984375              92              45
34700             160              48        0.015625       0.0046875              93              45
34800             160              48        0.015625       0.0046875              93              45
34900             162              47    0.0158203125   0.00458984375              93              46
35000             162              47    0.0158203125   0.00458984375              93              46
35100             164              46     0.016015625    0.0044921875              93              47
35200             164              46     0.016015625    0.0044921875              93              47
35300             162              47    0.0158203125   0.00458984375              94              47
35400             164              46     0.016015625    0.0044921875              94              48
35500             164              46     0.016015625    0.0044921875              94              48
35600             162              47    0.0158203125   0.00458984375              95              48
35700             164              46     0.016015625    0.0044921875              95              49
35800             160              48        0.015625       0.0046875              97              49
35900             162              47    0.0158203125   0.00458984375              97              50
36000             162              47    0.0158203125   0.00458984375              97              50
36100             162              47    0.0158203125   0.00458984375              97              50
36200             162              47    0.0158203125   0.00458984375              97              50
36300             162              47    0.0158203125   0.00458984375              97              50
36400             162              47    0.0158203125   0.00458984375              97              50
36500             162              47    0.0158203125   0.00458984375              97              50
36600             164              46     0.016015625    0.0044921875              97              51
36700             166              45    0.0162109375   0.00439453125              97              52
36800             166              45    0.0162109375   0.00439453125              97              52
36900             166              45    0.0162109375   0.00439453125              98              53
37000             166              45    0.0162109375   0.00439453125              98              53
37100             166              45    0.0162109375   0.00439453125              98              53
37200             172              42     0.016796875    0.0041015625              98              56
37300             172              42     0.016796875    0.0041015625              98              56
37400             172              42     0.016796875    0.0041015625              98              56
37500             172              42     0.016796875    0.0041015625              98              56
37600             172              42     0.016796875    0.0041015625              98              56
37700             172              42     0.016796875    0.0041015625              98              56
37800             172              42     0.016796875    0.0041015625              98              56
37900             172              42     0.016796875    0.0041015625              98              56
38000             172              42     0.016796875    0.0041015625              98              56
38100             170              43    0.0166015625   0.00419921875              99              56
38200             172              42     0.016796875    0.0041015625              99              57
38300             172              42     0.016796875    0.0041015625              99              57
38400             170              43    0.0166015625   0.00419921875             100              57
38500             170              43    0.0166015625   0.00419921875             100              57
38600             170              43    0.0166015625   0.00419921875             100              57
38700             170              43    0.0166015625   0.00419921875             100              57
38800             170              43    0.0166015625   0.00419921875             100              57
38900             170              43    0.0166015625   0.00419921875             100              57
39000             172              42     0.016796875    0.0041015625             100              58
39100             170              43    0.0166015625   0.00419921875             101              58
39200             170              43    0.0166015625   0.00419921875             101              58
39300             170              43    0.0166015625   0.00419921875             101              58
39400             170              43    0.0166015625   0.00419921875             101              58
39500             170              43    0.0166015625   0.00419921875             101              58
39600             170              43    0.0166015625   0.00419921875             101              58
39700             170              43    0.0166015625   0.00419921875             101              58
39800             172              42     0.016796875    0.0041015625             101              59
39900             172              42     0.016796875    0.0041015625             101              59
40000             172              42     0.016796875    0.0041015625             101              59
40100             172              42     0.016796875    0.0041015625             101              59
40200             172              42     0.016796875    0.0041015625             101              59
40300             174              41    0.0169921875   0.00400390625             101              60
40400             172              42     0.016796875    0.0041015625             102              60
40500             172              42     0.016796875    0.0041015625             102              60
40600             172              42     0.016796875    0.0041015625             102              60
40700             172              42     0.016796875    0.0041015625             102              60
40800             176              40       0.0171875      0.00390625             102              62
40900             176              40       0.0171875      0.00390625             102              62
41000             176              40       0.0171875      0.00390625             102              62
41100             176              40       0.0171875      0.00390625             102              62
41200             176              40       0.0171875      0.00390625             102              62
41300             176              40       0.0171875      0.00390625             102              62
41400             174              41    0.0169921875   0.00400390625             103              62
41500             174              41    0.0169921875   0.00400390625             103              62
41600             174              41    0.0169921875   0.00400390625             103              62
41700             174              41    0.0169921875   0.00400390625             103              62
41800             174              41    0.0169921875   0.00400390625             103              62
41900             174              41    0.0169921875   0.00400390625             103              62
42000             174              41    0.0169921875   0.00400390625             103              62
42100             174              41    0.0169921875   0.00400390625             103              62
42200             174              41    0.0169921875   0.00400390625             103              62
42300             174              41    0.0169921875   0.00400390625             103              62
42400             172              42     0.016796875    0.0041015625             104              62
42500             174              41    0.0169921875   0.00400390625             104              63
42600             170              43    0.0166015625   0.00419921875             106              63
42700             170              43    0.0166015625   0.00419921875             106              63
42800             170              43    0.0166015625   0.00419921875             106              63
42900             170              43    0.0166015625   0.00419921875             106              63
43000             172              42     0.016796875    0.0041015625             106              64
43100             172              42     0.016796875    0.0041015625             106              64
43200             172              42     0.016796875    0.0041015625             106              64
43300             170              43    0.0166015625   0.00419921875             107              64
43400             168              44      0.01640625     0.004296875             108              64
43500             168              44      0.01640625     0.004296875             108              64
43600             170              43    0.0166015625   0.00419921875             108              65
43700             168              44      0.01640625     0.004296875             109              65
43800             168              44      0.01640625     0.004296875             109              65
43900             168              44      0.01640625     0.004296875             109              65
44000             170              43    0.0166015625   0.00419921875             109              66
44100             170              43    0.0166015625   0.00419921875             109              66
44200             172              42     0.016796875    0.0041015625             109              67
44300             172              42     0.016796875    0.0041015625             109              67
44400             174              41    0.0169921875   0.00400390625             109              68
44500             176              40       0.0171875      0.00390625             109              69
44600             174              41    0.0169921875   0.00400390625             110              69
44700             174              41    0.0169921875   0.00400390625             110              69
44800             176              40       0.0171875      0.00390625             110              70
44900             176              40       0.0171875      0.00390625             110              70
45000             174              41    0.0169921875   0.00400390625             111              70
45100             174              41    0.0169921875   0.00400390625             111              70
45200             174              41    0.0169921875   0.00400390625             112              71
45300             174              41    0.0169921875   0.00400390625             112              71
45400             174              41    0.0169921875   0.00400390625             112              71
45500             176              40       0.0171875      0.00390625             112              72
45600             176              40       0.0171875      0.00390625             113              73
45700             176              40       0.0171875      0.00390625             113              73
45800             176              40       0.0171875      0.00390625             113              73
45900             176              40       0.0171875      0.00390625             113              73
46000             170              43    0.0166015625   0.00419921875             116              73
46100             172              42     0.016796875    0.0041015625             116              74
46200             172              42     0.016796875    0.0041015625             116              74
46300             172              42     0.016796875    0.0041015625             116              74
46400             172              42     0.016796875    0.0041015625             116              74
46500             172              42     0.016796875    0.0041015625             116              74
46600             172              42     0.016796875    0.0041015625             116              74
46700             170              43    0.0166015625   0.00419921875             117              74
46800             174              41    0.0169921875   0.00400390625             117              76
46900             174              41    0.0169921875   0.00400390625             117              76
47000             176              40       0.0171875      0.00390625             117              77
47100             176              40       0.0171875      0.00390625             117              77
47200             176              40       0.0171875      0.00390625             118              78
47300             176              40       0.0171875      0.00390625             118              78
47400             174              41    0.0169921875   0.00400390625             119              78
47500             176              40       0.0171875      0.00390625             119              79
47600             174              41    0.0169921875   0.00400390625             120              79
47700             174              41    0.0169921875   0.00400390625             120              79
47800             174              41    0.0169921875   0.00400390625             120              79
47900             172              42     0.016796875    0.0041015625             121              79
48000             172              42     0.016796875    0.0041015625             121              79
48100             172              42     0.016796875    0.0041015625             121              79
48200             172              42     0.016796875    0.0041015625             121              79
48300             172              42     0.016796875    0.0041015625             121              79
48400             172              42     0.016796875    0.0041015625             121              79
48500             170              43    0.0166015625   0.00419921875             122              79
48600             172              42     0.016796875    0.0041015625             122              80
48700             172              42     0.016796875    0.0041015625             122              80
48800             172              42     0.016796875    0.0041015625             122              80
48900             172              42     0.016796875    0.0041015625             122              80
49000             172              42     0.016796875    0.0041015625             122              80
49100             172              42     0.016796875    0.0041015625             122              80
49200             172              42     0.016796875    0.0041015625             122              80
49300             170              43    0.0166015625   0.00419921875             123              80
49400             170              43    0.0166015625   0.00419921875             123              80
49500             172              42     0.016796875    0.0041015625             123              81
49600             172              42     0.016796875    0.0041015625             123              81
49700             172              42     0.016796875    0.0041015625             123              81
49800             172              42     0.016796875    0.0041015625             123              81
49900             172              42     0.016796875    0.0041015625             123              81
50000             172              42     0.016796875    0.0041015625             123              81
50100             172              42     0.016796875    0.0041015625             123              81
50200             170              43    0.0166015625   0.00419921875             124              81
50300             170              43    0.0166015625   0.00419921875             124              81
50400             170              43    0.0166015625   0.00419921875             124              81
50500             168              44      0.01640625     0.004296875             125              81
50600             170              43    0.0166015625   0.00419921875             126              83
50700             170              43    0.0166015625   0.00419921875             126              83
50800             170              43    0.0166015625   0.00419921875             126              83
50900             172              42     0.016796875    0.0041015625             126              84
51000             172              42     0.016796875    0.0041015625             126              84
51100             174              41    0.0169921875   0.00400390625             126              85
51200             176              40       0.0171875      0.00390625             126              86
51300             178              39    0.0173828125   0.00380859375             127              88
51400             178              39    0.0173828125   0.00380859375             127              88
51500             176              40       0.0171875      0.00390625             128              88
51600             176              40       0.0171875      0.00390625             128              88
51700             176              40       0.0171875      0.00390625             128              88
51800             176              40       0.0171875      0.00390625             128              88
51900             176              40       0.0171875      0.00390625             128              88
52000             176              40       0.0171875      0.00390625             128              88
52100             176              40       0.0171875      0.00390625             128              88
52200             178              39    0.0173828125   0.00380859375             128              89
52300             176              40       0.0171875      0.00390625             129              89
52400             174              41    0.0169921875   0.00400390625             130              89
52500             172              42     0.016796875    0.0041015625             131              89
52600             170              43    0.0166015625   0.00419921875             132              89
52700             170              43    0.0166015625   0.00419921875             132              89
52800             170              43    0.0166015625   0.00419921875             132              89
52900             168              44      0.01640625     0.004296875             133              89
53000             168              44      0.01640625     0.004296875             133              89
53100             168              44      0.01640625     0.004296875             133              89
53200             168              44      0.01640625     0.004296875             133              89
53300             168              44      0.01640625     0.004296875             133              89
53400             170              43    0.0166015625   0.00419921875             133              90
53500             172              42     0.016796875    0.0041015625             134              92
53600             172              42     0.016796875    0.0041015625             134              92
53700             172              42     0.016796875    0.0041015625             134              92
53800             172              42     0.016796875    0.0041015625             134              92
53900             172              42     0.016796875    0.0041015625             134              92
54000             172              42     0.016796875    0.0041015625             134              92
54100             166              45    0.0162109375   0.00439453125             137              92
54200             166              45    0.0162109375   0.00439453125             137              92
54300             166              45    0.0162109375   0.00439453125             138              93
54400             166              45    0.0162109375   0.00439453125             138              93
54500             166              45    0.0162109375   0.00439453125             138              93
54600             170              43    0.0166015625   0.00419921875             138              95
54700             170              43    0.0166015625   0.00419921875             138              95
54800             170              43    0.0166015625   0.00419921875             138              95
54900             170              43    0.0166015625   0.00419921875             139              96
55000             170              43    0.0166015625   0.00419921875             139              96
55100             168              44      0.01640625     0.004296875             140              96
55200             168              44      0.01640625     0.004296875             140              96
55300             168              44      0.01640625     0.004296875             140              96
55400             170              43    0.0166015625   0.00419921875             140              97
55500             168              44      0.01640625     0.004296875             141              97
55600             170              43    0.0166015625   0.00419921875             141              98
55700             170              43    0.0166015625   0.00419921875             142              99
55800             170              43    0.0166015625   0.00419921875             142              99
55900             170              43    0.0166015625   0.00419921875             142              99
56000             168              44      0.01640625     0.004296875             143              99
56100             168              44      0.01640625     0.004296875             143              99
56200             166              45    0.0162109375   0.00439453125             144              99
56300             166              45    0.0162109375   0.00439453125             144              99
56400             166              45    0.0162109375   0.00439453125             144              99
56500             168              44      0.01640625     0.004296875             144             100
56600             168              44      0.01640625     0.004296875             144             100
56700             166              45    0.0162109375   0.00439453125             145             100
56800             168              44      0.01640625     0.004296875             145             101
56900             166              45    0.0162109375   0.00439453125             146             101
57000             166              45    0.0162109375   0.00439453125             146             101
57100             166              45    0.0162109375   0.00439453125             146             101
57200             168              44      0.01640625     0.004296875             146             102
57300             168              44      0.01640625     0.004296875             146             102
57400             168              44      0.01640625     0.004296875             146             102
57500             170              43    0.0166015625   0.00419921875             146             103
57600             170              43    0.0166015625   0.00419921875             146             103
57700             170              43    0.0166015625   0.00419921875             146             103
57800             168              44      0.01640625     0.004296875             147             103
57900             166              45    0.0162109375   0.00439453125             148             103
58000             166              45    0.0162109375   0.00439453125             148             103
58100             164              46     0.016015625    0.0044921875             149             103
58200             164              46     0.016015625    0.0044921875             149             103
58300             164              46     0.016015625    0.0044921875             149             103
58400             162              47    0.0158203125   0.00458984375             150             103
58500             162              47    0.0158203125   0.00458984375             150             103
58600             162              47    0.0158203125   0.00458984375             150             103
58700             162              47    0.0158203125   0.00458984375             150             103
58800             162              47    0.0158203125   0.00458984375             150             103
58900             160              48        0.015625       0.0046875             151             103
59000             160              48        0.015625       0.0046875             151             103
59100             160              48        0.015625       0.0046875             151             103
59200             160              48        0.015625       0.0046875             151             103
59300             160              48        0.015625       0.0046875             151             103
59400             160              48        0.015625       0.0046875             151             103
59500             158              49    0.0154296875   0.00478515625             152             103
59600             160              48        0.015625       0.0046875             152             104
59700             158              49    0.0154296875   0.00478515625             153             104
59800             156              50     0.015234375    0.0048828125             154             104
59900             156              50     0.015234375    0.0048828125             154             104
60000             156              50     0.015234375    0.0048828125             154             104
60100             154              51    0.0150390625   0.00498046875             155             104
60200             152              52      0.01484375     0.005078125             156             104
60300             152              52      0.01484375     0.005078125             156             104
60400             152              52      0.01484375     0.005078125             156             104
60500             154              51    0.0150390625   0.00498046875             156             105
60600             154              51    0.0150390625   0.00498046875             156             105
60700             154              51    0.0150390625   0.00498046875             156             105
60800             154              51    0.0150390625   0.00498046875             156             105
60900             156              50     0.015234375    0.0048828125             156             106
61000             156              50     0.015234375    0.0048828125             156             106
61100             156              50     0.015234375    0.0048828125             156             106
61200             156              50     0.015234375    0.0048828125             158             108
61300             156              50     0.015234375    0.0048828125             158             108
61400             156              50     0.015234375    0.0048828125             158             108
61500             156              50     0.015234375    0.0048828125             158             108
61600             158              49    0.0154296875   0.00478515625             158             109
61700             158              49    0.0154296875   0.00478515625             158             109
61800             160              48        0.015625       0.0046875             158             110
61900             160              48        0.015625       0.0046875             158             110
62000             160              48        0.015625       0.0046875             158             110
62100             158              49    0.0154296875   0.00478515625             159             110
62200             160              48        0.015625       0.0046875             159             111
62300             164              46     0.016015625    0.0044921875             159             113
62400             164              46     0.016015625    0.0044921875             159             113
62500             164              46     0.016015625    0.0044921875             159             113
62600             164              46     0.016015625    0.0044921875             159             113
62700             164              46     0.016015625    0.0044921875             159             113
62800             164              46     0.016015625    0.0044921875             159             113
62900             164              46     0.016015625    0.0044921875             159             113
63000             164              46     0.016015625    0.0044921875             159             113
63100             164              46     0.016015625    0.0044921875             159             113
63200             164              46     0.016015625    0.0044921875             159             113
63300             164              46     0.016015625    0.0044921875             159             113
63400             164              46     0.016015625    0.0044921875             159             113
63500             164              46     0.016015625    0.0044921875             159             113
63600             162              47    0.0158203125   0.00458984375             160             113
63700             162              47    0.0158203125   0.00458984375             160             113
63800             160              48        0.015625       0.0046875             161             113
63900             160              48        0.015625       0.0046875             161             113
64000             160              48        0.015625       0.0046875             161             113
64100             162              47    0.0158203125   0.00458984375             161             114
64200             162              47    0.0158203125   0.00458984375             161             114
64300             160              48        0.015625       0.0046875             162             114
64400             160              48        0.015625       0.0046875             162             114
64500             162              47    0.0158203125   0.00458984375             162             115
64600             162              47    0.0158203125   0.00458984375             162             115
64700             164              46     0.016015625    0.0044921875             162             116
64800             164              46     0.016015625    0.0044921875             162             116
64900             164              46     0.016015625    0.0044921875             162             116
65000             164              46     0.016015625    0.0044921875             162             116
65100             164              46     0.016015625    0.0044921875             163             117
65200             164              46     0.016015625    0.0044921875             163             117
65300             162              47    0.0158203125   0.00458984375             164             117
65400             160              48        0.015625       0.0046875             165             117
65500             158              49    0.0154296875   0.00478515625             166             117
65600             158              49    0.0154296875   0.00478515625             166             117
65700             160              48        0.015625       0.0046875             166             118
65800             160              48        0.015625       0.0046875             166             118
65900             160              48        0.015625       0.0046875             166             118
66000             158              49    0.0154296875   0.00478515625             167             118
66100             158              49    0.0154296875   0.00478515625             167             118
66200             158              49    0.0154296875   0.00478515625             167             118
66300             158              49    0.0154296875   0.00478515625             167             118
66400             160              48        0.015625       0.0046875             167             119
66500             162              47    0.0158203125   0.00458984375             167             120
66600             160              48        0.015625       0.0046875             168             120
66700             160              48        0.015625       0.0046875             168             120
66800             160              48        0.015625       0.0046875             168             120
66900             158              49    0.0154296875   0.00478515625             169             120
67000             158              49    0.0154296875   0.00478515625             169             120
67100             158              49    0.0154296875   0.00478515625             169             120
67200             158              49    0.0154296875   0.00478515625             169             120
67300             158              49    0.0154296875   0.00478515625             169             120
67400             160              48        0.015625       0.0046875             169             121
67500             160              48        0.015625       0.0046875             169             121
67600             160              48        0.015625       0.0046875             170             122
67700             160              48        0.015625       0.0046875             170             122
67800             160              48        0.015625       0.0046875             170             122
67900             160              48        0.015625       0.0046875             170             122
68000             160              48        0.015625       0.0046875             170             122
68100             160              48        0.015625       0.0046875             170             122
68200             160              48        0.015625       0.0046875             170             122
68300             162              47    0.0158203125   0.00458984375             170             123
68400             162              47    0.0158203125   0.00458984375             170             123
68500             162              47    0.0158203125   0.00458984375             170             123
68600             160              48        0.015625       0.0046875             171             123
68700             160              48        0.015625       0.0046875             171             123
68800             160              48        0.015625       0.0046875             171             123
68900             160              48        0.015625       0.0046875             171             123
69000             158              49    0.0154296875   0.00478515625             172             123
69100             158              49    0.0154296875   0.00478515625             172             123
69200             158              49    0.0154296875   0.00478515625             172             123
69300             156              50     0.015234375    0.0048828125             173             123
69400             156              50     0.015234375    0.0048828125             173             123
69500             154              51    0.0150390625   0.00498046875             174             123
69600             154              51    0.0150390625   0.00498046875             174             123
69700             154              51    0.0150390625   0.00498046875             174             123
69800             152              52      0.01484375     0.005078125             175             123
69900             152              52      0.01484375     0.005078125             175             123
70000             152              52      0.01484375     0.005078125             175             123
70100             152              52      0.01484375     0.005078125             175             123
70200             152              52      0.01484375     0.005078125             175             123
70300             152              52      0.01484375     0.005078125             175             123
70400             154              51    0.0150390625   0.00498046875             175             124
70500             152              52      0.01484375     0.005078125             176             124
70600             152              52      0.01484375     0.005078125             176             124
70700             154              51    0.0150390625   0.00498046875             176             125
70800             154              51    0.0150390625   0.00498046875             176             125
70900             156              50     0.015234375    0.0048828125             176             126
71000             156              50     0.015234375    0.0048828125             177             127
71100             152              52      0.01484375     0.005078125             179             127
71200             154              51    0.0150390625   0.00498046875             180             129
71300             156              50     0.015234375    0.0048828125             180             130
71400             156              50     0.015234375    0.0048828125             180             130
71500             154              51    0.0150390625   0.00498046875             181             130
71600             154              51    0.0150390625   0.00498046875             181             130
71700             154              51    0.0150390625   0.00498046875             181             130
71800             154              51    0.0150390625   0.00498046875             181             130
71900             154              51    0.0150390625   0.00498046875             181             130
72000             154              51    0.0150390625   0.00498046875             181             130
72100             154              51    0.0150390625   0.00498046875             181             130
72200             154              51    0.0150390625   0.00498046875             181             130
72300             154              51    0.0150390625   0.00498046875             181             130
72400             154              51    0.0150390625   0.00498046875             181             130
72500             154              51    0.0150390625   0.00498046875             181             130
72600             154              51    0.0150390625   0.00498046875             181             130
72700             154              51    0.0150390625   0.00498046875             181             130
72800             152              52      0.01484375     0.005078125             182             130
72900             154              51    0.0150390625   0.00498046875             182             131
73000             154              51    0.0150390625   0.00498046875             182             131
73100             152              52      0.01484375     0.005078125             183             131
73200             150              53    0.0146484375   0.00517578125             184             131
73300             150              53    0.0146484375   0.00517578125             184             131
73400             150              53    0.0146484375   0.00517578125             184             131
73500             152              52      0.01484375     0.005078125             184             132
73600             152              52      0.01484375     0.005078125             184             132
73700             148              54     0.014453125    0.0052734375             186             132
73800             148              54     0.014453125    0.0052734375             186             132
73900             148              54     0.014453125    0.0052734375             186             132
74000             148              54     0.014453125    0.0052734375             186             132
74100             148              54     0.014453125    0.0052734375             186             132
74200             148              54     0.014453125    0.0052734375             186             132
74300             148              54     0.014453125    0.0052734375             186             132
74400             148              54     0.014453125    0.0052734375             186             132
74500             146              55    0.0142578125   0.00537109375             187             132
74600             146              55    0.0142578125   0.00537109375             187             132
74700             146              55    0.0142578125   0.00537109375             187             132
74800             146              55    0.0142578125   0.00537109375             187             132
74900             148              54     0.014453125    0.0052734375             187             133
75000             152              52      0.01484375     0.005078125             187             135
75100             152              52      0.01484375     0.005078125             187             135
75200             154              51    0.0150390625   0.00498046875             187             136
75300             154              51    0.0150390625   0.00498046875             187             136
75400             154              51    0.0150390625   0.00498046875             187             136
75500             154              51    0.0150390625   0.00498046875             187             136
75600             154              51    0.0150390625   0.00498046875             187             136
75700             154              51    0.0150390625   0.00498046875             187             136
75800             154              51    0.0150390625   0.00498046875             187             136
75900             156              50     0.015234375    0.0048828125             187             137
76000             156              50     0.015234375    0.0048828125             187             137
76100             156              50     0.015234375    0.0048828125             188             138
76200             156              50     0.015234375    0.0048828125             188             138
76300             156              50     0.015234375    0.0048828125             188             138
76400             156              50     0.015234375    0.0048828125             188             138
76500             156              50     0.015234375    0.0048828125             188             138
76600             156              50     0.015234375    0.0048828125             188             138
76700             160              48        0.015625       0.0046875             188             140
76800             160              48        0.015625       0.0046875             188             140
76900             160              48        0.015625       0.0046875             188             140
77000             160              48        0.015625       0.0046875             188             140
77100             160              48        0.015625       0.0046875             188             140
77200             160              48        0.015625       0.0046875             188             140
77300             162              47    0.0158203125   0.00458984375             188             141
77400             162              47    0.0158203125   0.00458984375             188             141
77500             162              47    0.0158203125   0.00458984375             188             141
77600             162              47    0.0158203125   0.00458984375             188             141
77700             162              47    0.0158203125   0.00458984375             188             141
77800             162              47    0.0158203125   0.00458984375             188             141
77900             162              47    0.0158203125   0.00458984375             188             141
78000             162              47    0.0158203125   0.00458984375             188             141
78100             162              47    0.0158203125   0.00458984375             188             141
78200             162              47    0.0158203125   0.00458984375             188             141
78300             166              45    0.0162109375   0.00439453125             188             143
78400             166              45    0.0162109375   0.00439453125             188             143
78500             166              45    0.0162109375   0.00439453125             188             143
78600             166              45    0.0162109375   0.00439453125             188             143
78700             166              45    0.0162109375   0.00439453125             188             143
78800             168              44      0.01640625     0.004296875             188             144
78900             168              44      0.01640625     0.004296875             188             144
79000             166              45    0.0162109375   0.00439453125             189             144
79100             164              46     0.016015625    0.0044921875             190             144
79200             164              46     0.016015625    0.0044921875             190             144
79300             166              45    0.0162109375   0.00439453125             190             145
79400             166              45    0.0162109375   0.00439453125             190             145
79500             162              47    0.0158203125   0.00458984375             192             145
79600             162              47    0.0158203125   0.00458984375             192             145
79700             162              47    0.0158203125   0.00458984375             192             145
79800             162              47    0.0158203125   0.00458984375             192             145
79900             164              46     0.016015625    0.0044921875             192             146
80000             164              46     0.016015625    0.0044921875             192             146
80100             164              46     0.016015625    0.0044921875             192             146
80200             162              47    0.0158203125   0.00458984375             193             146
80300             162              47    0.0158203125   0.00458984375             193             146
80400             160              48        0.015625       0.0046875             195             147
80500             160              48        0.015625       0.0046875             195             147
80600             160              48        0.015625       0.0046875             195             147
80700             158              49    0.0154296875   0.00478515625             196             147
80800             158              49    0.0154296875   0.00478515625             196             147
80900             158              49    0.0154296875   0.00478515625             196             147
81000             158              49    0.0154296875   0.00478515625             196             147
81100             158              49    0.0154296875   0.00478515625             196             147
81200             158              49    0.0154296875   0.00478515625             196             147
81300             158              49    0.0154296875   0.00478515625             196             147
81400             158              49    0.0154296875   0.00478515625             196             147
81500             156              50     0.015234375    0.0048828125             197             147
81600             156              50     0.015234375    0.0048828125             197             147
81700             156              50     0.015234375    0.0048828125             197             147
81800             156              50     0.015234375    0.0048828125             197             147
81900             158              49    0.0154296875   0.00478515625             197             148
82000             156              50     0.015234375    0.0048828125             198             148
82100             154              51    0.0150390625   0.00498046875             199             148
82200             152              52      0.01484375     0.005078125             200             148
82300             154              51    0.0150390625   0.00498046875             200             149
82400             154              51    0.0150390625   0.00498046875             200             149
82500             154              51    0.0150390625   0.00498046875             200             149
82600             154              51    0.0150390625   0.00498046875             200             149
82700             156              50     0.015234375    0.0048828125             200             150
82800             156              50     0.015234375    0.0048828125             200             150
82900             156              50     0.015234375    0.0048828125             200             150
83000             158              49    0.0154296875   0.00478515625             200             151
83100             156              50     0.015234375    0.0048828125             201             151
83200             158              49    0.0154296875   0.00478515625             201             152
83300             158              49    0.0154296875   0.00478515625             201             152
83400             158              49    0.0154296875   0.00478515625             201             152
83500             162              47    0.0158203125   0.00458984375             201             154
83600             164              46     0.016015625    0.0044921875             201             155
83700             164              46     0.016015625    0.0044921875             201             155
83800             164              46     0.016015625    0.0044921875             201             155
83900             164              46     0.016015625    0.0044921875             201             155
84000             164              46     0.016015625    0.0044921875             201             155
84100             166              45    0.0162109375   0.00439453125             201             156
84200             168              44      0.01640625     0.004296875             201             157
84300             168              44      0.01640625     0.004296875             201             157
84400             168              44      0.01640625     0.004296875             201             157
84500             168              44      0.01640625     0.004296875             201             157
84600             170              43    0.0166015625   0.00419921875             201             158
84700             170              43    0.0166015625   0.00419921875             201             158
84800             168              44      0.01640625     0.004296875             202             158
84900             172              42     0.016796875    0.0041015625             202             160
85000             172              42     0.016796875    0.0041015625             202             160
85100             174              41    0.0169921875   0.00400390625             202             161
85200             174              41    0.0169921875   0.00400390625             202             161
85300             174              41    0.0169921875   0.00400390625             202             161
85400             174              41    0.0169921875   0.00400390625             202             161
85500             174              41    0.0169921875   0.00400390625             202             161
85600             174              41    0.0169921875   0.00400390625             202             161
85700             174              41    0.0169921875   0.00400390625             202             161
85800             174              41    0.0169921875   0.00400390625             202             161
85900             174              41    0.0169921875   0.00400390625             202             161
86000             174              41    0.0169921875   0.00400390625             202             161
86100             172              42     0.016796875    0.0041015625             203             161
86200             172              42     0.016796875    0.0041015625             203             161
86300             174              41    0.0169921875   0.00400390625             203             162
86400             174              41    0.0169921875   0.00400390625             203             162
86500             174              41    0.0169921875   0.00400390625             203             162
86600             176              40       0.0171875      0.00390625             204             164
86700             176              40       0.0171875      0.00390625             204             164
86800             176              40       0.0171875      0.00390625             204             164
86900             176              40       0.0171875      0.00390625             204             164
87000             178              39    0.0173828125   0.00380859375             204             165
87100             178              39    0.0173828125   0.00380859375             204             165
87200             178              39    0.0173828125   0.00380859375             204             165
87300             178              39    0.0173828125   0.00380859375             204             165
87400             180              38     0.017578125    0.0037109375             204             166
87500             180              38     0.017578125    0.0037109375             204             166
87600             180              38     0.017578125    0.0037109375             204             166
87700             180              38     0.017578125    0.0037109375             204             166
87800             180              38     0.017578125    0.0037109375             204             166
87900             178              39    0.0173828125   0.00380859375             205             166
88000             178              39    0.0173828125   0.00380859375             205             166
88100             176              40       0.0171875      0.00390625             206             166
88200             176              40       0.0171875      0.00390625             206             166
88300             174              41    0.0169921875   0.00400390625             207             166
88400             174              41    0.0169921875   0.00400390625             207             166
88500             174              41    0.0169921875   0.00400390625             207             166
88600             174              41    0.0169921875   0.00400390625             207             166
88700             174              41    0.0169921875   0.00400390625             207             166
88800             174              41    0.0169921875   0.00400390625             207             166
88900             174              41    0.0169921875   0.00400390625             207             166
89000             172              42     0.016796875    0.0041015625             208             166
89100             172              42     0.016796875    0.0041015625             208             166
89200             172              42     0.016796875    0.0041015625             208             166
89300             172              42     0.016796875    0.0041015625             208             166
89400             174              41    0.0169921875   0.00400390625             208             167
89500             174              41    0.0169921875   0.00400390625             208             167
89600             174              41    0.0169921875   0.00400390625             208             167
89700             176              40       0.0171875      0.00390625             208             168
89800             176              40       0.0171875      0.00390625             208             168
89900             178              39    0.0173828125   0.00380859375             209             170
90000             178              39    0.0173828125   0.00380859375             209             170
90100             180              38     0.017578125    0.0037109375             209             171
90200             180              38     0.017578125    0.0037109375             209             171
90300             180              38     0.017578125    0.0037109375             209             171
90400             180              38     0.017578125    0.0037109375             209             171
90500             180              38     0.017578125    0.0037109375             209             171
90600             180              38     0.017578125    0.0037109375             210             172
90700             182              37    0.0177734375   0.00361328125             210             173
90800             182              37    0.0177734375   0.00361328125             210             173
90900             182              37    0.0177734375   0.00361328125             210             173
91000             182              37    0.0177734375   0.00361328125             210             173
91100             180              38     0.017578125    0.0037109375             211             173
91200             180              38     0.017578125    0.0037109375             211             173
91300             180              38     0.017578125    0.0037109375             211             173
91400             180              38     0.017578125    0.0037109375             211             173
91500             180              38     0.017578125    0.0037109375             211             173
91600             178              39    0.0173828125   0.00380859375             212             173
91700             176              40       0.0171875      0.00390625             213             173
91800             178              39    0.0173828125   0.00380859375             213             174
91900             178              39    0.0173828125   0.00380859375             213             174
92000             178              39    0.0173828125   0.00380859375             213             174
92100             178              39    0.0173828125   0.00380859375             213             174
92200             180              38     0.017578125    0.0037109375             213             175
92300             180              38     0.017578125    0.0037109375             213             175
92400             182              37    0.0177734375   0.00361328125             213             176
92500             182              37    0.0177734375   0.00361328125             213             176
92600             182              37    0.0177734375   0.00361328125             213             176
92700             182              37    0.0177734375   0.00361328125             213             176
92800             184              36      0.01796875     0.003515625             213             177
92900             186              35    0.0181640625   0.00341796875             213             178
93000             184              36      0.01796875     0.003515625             214             178
93100             184              36      0.01796875     0.003515625             215             179
93200             184              36      0.01796875     0.003515625             215             179
93300             184              36      0.01796875     0.003515625             215             179
93400             184              36      0.01796875     0.003515625             215             179
93500             182              37    0.0177734375   0.00361328125             216             179
93600             182              37    0.0177734375   0.00361328125             216             179
93700             182              37    0.0177734375   0.00361328125             216             179
93800             180              38     0.017578125    0.0037109375             217             179
93900             180              38     0.017578125    0.0037109375             217             179
94000             184              36      0.01796875     0.003515625             217             181
94100             184              36      0.01796875     0.003515625             217             181
94200             182              37    0.0177734375   0.00361328125             218             181
94300             184              36      0.01796875     0.003515625             218             182
94400             184              36      0.01796875     0.003515625             218             182
94500             182              37    0.0177734375   0.00361328125             219             182
94600             182              37    0.0177734375   0.00361328125             219             182
94700             182              37    0.0177734375   0.00361328125             219             182
94800             182              37    0.0177734375   0.00361328125             219             182
94900             180              38     0.017578125    0.0037109375             220             182
95000             182              37    0.0177734375   0.00361328125             220             183
95100             182              37    0.0177734375   0.00361328125             220             183
95200             182              37    0.0177734375   0.00361328125             220             183
95300             178              39    0.0173828125   0.00380859375             222             183
95400             176              40       0.0171875      0.00390625             223             183
95500             176              40       0.0171875      0.00390625             224             184
95600             176              40       0.0171875      0.00390625             224             184
95700             176              40       0.0171875      0.00390625             224             184
95800             176              40       0.0171875      0.00390625             224             184
95900             176              40       0.0171875      0.00390625             224             184
96000             174              41    0.0169921875   0.00400390625             225             184
96100             174              41    0.0169921875   0.00400390625             225             184
96200             174              41    0.0169921875   0.00400390625             225             184
96300             174              41    0.0169921875   0.00400390625             225             184
96400             174              41    0.0169921875   0.00400390625             225             184
96500             174              41    0.0169921875   0.00400390625             225             184
96600             176              40       0.0171875      0.00390625             225             185
96700             176              40       0.0171875      0.00390625             225             185
96800             176              40       0.0171875      0.00390625             225             185
96900             172              42     0.016796875    0.0041015625             227             185
97000             172              42     0.016796875    0.0041015625             227             185
97100             170              43    0.0166015625   0.00419921875             228             185
97200             170              43    0.0166015625   0.00419921875             228             185
97300             168              44      0.01640625     0.004296875             229             185
97400             168              44      0.01640625     0.004296875             229             185
97500             168              44      0.01640625     0.004296875             229             185
97600             170              43    0.0166015625   0.00419921875             229             186
97700             172              42     0.016796875    0.0041015625             229             187
97800             172              42     0.016796875    0.0041015625             229             187
97900             170              43    0.0166015625   0.00419921875             230             187
98000             168              44      0.01640625     0.004296875             231             187
98100             168              44      0.01640625     0.004296875             231             187
98200             168              44      0.01640625     0.004296875             231             187
98300             166              45    0.0162109375   0.00439453125             232             187
98400             166              45    0.0162109375   0.00439453125             233             188
98500             164              46     0.016015625    0.0044921875             234             188
98600             164              46     0.016015625    0.0044921875             234             188
98700             164              46     0.016015625    0.0044921875             234             188
98800             164              46     0.016015625    0.0044921875             234             188
98900             166              45    0.0162109375   0.00439453125             234             189
99000             164              46     0.016015625    0.0044921875             235             189
99100             164              46     0.016015625    0.0044921875             235             189
99200             164              46     0.016015625    0.0044921875             235             189
99300             164              46     0.016015625    0.0044921875             235             189
99400             164              46     0.016015625    0.0044921875             235             189
99500             164              46     0.016015625    0.0044921875             235             189
99600             164              46     0.016015625    0.0044921875             235             189
99700             164              46     0.016015625    0.0044921875             235             189
99800             164              46     0.016015625    0.0044921875             235             189
99900             162              47    0.0158203125   0.00458984375             236             189
100000             162              47    0.0158203125   0.00458984375             236             189
