# Time-averaged data for fix observ
# TimeStep v_nfree v_ndimer v_cfree v_cdimer f_kinetics[2] f_kinetics[3]
0             256               0             0.1               0               0               0
100             256               0             0.1               0               0               0
200             256               0             0.1               0               0               0
300             256               0             0.1               0               0               0
400             256               0             0.1               0               0               0
500             252               2       0.0984375      0.00078125               2               0
600             252               2       0.0984375      0.00078125               2               0
700             252               2       0.0984375      0.00078125               2               0
800             252               2       0.0984375      0.00078125               2               0
900             252               2       0.0984375      0.00078125               2               0
1000             252               2       0.0984375      0.00078125               2               0
1100             250               3      0.09765625     0.001171875               3               0
1200             250               3      0.09765625     0.001171875               3               0
1300             250               3      0.09765625     0.001171875               3               0
1400             250               3      0.09765625     0.001171875               3               0
1500             250               3      0.09765625     0.001171875               3               0
1600             250               3      0.09765625     0.001171875               3               0
1700             250               3      0.09765625     0.001171875               3               0
1800             248               4        0.096875       0.0015625               4               0
1900             248               4        0.096875       0.0015625               4               0
2000             248               4        0.096875       0.0015625               4               0
2100             246               5      0.09609375     0.001953125               5               0
2200             246               5      0.09609375     0.001953125               5               0
2300             244               6       0.0953125      0.00234375               6               0
2400             244               6       0.0953125      0.00234375               6               0
2500             244               6       0.0953125      0.00234375               6               0
2600             244               6       0.0953125      0.00234375               6               0
2700             244               6       0.0953125      0.00234375               6               0
2800             244               6       0.0953125      0.00234375               6               0
2900             244               6       0.0953125      0.00234375               6               0
3000             244               6       0.0953125      0.00234375               6               0
3100             244               6       0.0953125      0.00234375               6               0
3200             242               7      0.09453125     0.002734375               7               0
3300             242               7      0.09453125     0.002734375               7               0
3400             242               7      0.09453125     0.002734375               7               0
3500             242               7      0.09453125     0.002734375               7               0
3600             240               8         0.09375        0.003125               8               0
3700             240               8         0.09375        0.003125               8               0
3800             240               8         0.09375        0.003125               8               0
3900             240               8         0.09375        0.003125               8               0
4000             240               8         0.09375        0.003125               8               0
4100             240               8         0.09375        0.003125               8               0
4200             240               8         0.09375        0.003125               8               0
4300             240               8         0.09375        0.003125               8               0
4400             240               8         0.09375        0.003125               8               0
4500             240               8         0.09375        0.003125               8               0
4600             240               8         0.09375        0.003125               8               0
4700             240               8         0.09375        0.003125               8               0
4800             240               8         0.09375        0.003125               8               0
4900             240               8         0.09375        0.003125               8               0
5000             238               9      0.09296875     0.003515625               9               0
5100             238               9      0.09296875     0.003515625               9               0
5200             238               9      0.09296875     0.003515625               9               0
5300             238               9      0.09296875     0.003515625               9               0
5400             238               9      0.09296875     0.003515625               9               0
5500             238               9      0.09296875     0.003515625               9               0
5600             238               9      0.09296875     0.003515625               9               0
5700             238               9      0.09296875     0.003515625               9               0
5800             238               9      0.09296875     0.003515625               9               0
5900             238               9      0.09296875     0.003515625               9               0
6000             238               9      0.09296875     0.003515625               9               0
6100             238               9      0.09296875     0.003515625               9               0
6200             238               9      0.09296875     0.003515625               9               0
6300             238               9      0.09296875     0.003515625               9               0
6400             238               9      0.09296875     0.003515625               9               0
6500             238               9      0.09296875     0.003515625               9               0
6600             238               9      0.09296875     0.003515625               9               0
6700             238               9      0.09296875     0.003515625               9               0
6800             238               9      0.09296875     0.003515625               9               0
6900             238               9      0.09296875     0.003515625               9               0
7000             238               9      0.09296875     0.003515625               9               0
7100             238               9      0.09296875     0.003515625               9               0
7200             238               9      0.09296875     0.003515625               9               0
7300             236              10       0.0921875      0.00390625              10               0
7400             232              12        0.090625       0.0046875              12               0
7500             232              12        0.090625       0.0046875              12               0
7600             232              12        0.090625       0.0046875              12               0
7700             232              12        0.090625       0.0046875              12               0
7800             228              14       0.0890625      0.00546875              14               0
7900             228              14       0.0890625      0.00546875              14               0
8000             228              14       0.0890625      0.00546875              14               0
8100             224              16          0.0875         0.00625              16               0
8200             224              16          0.0875         0.00625              16               0
8300             224              16          0.0875         0.00625              16               0
8400             224              16          0.0875         0.00625              16               0
8500             224              16          0.0875         0.00625              16               0
8600             224              16          0.0875         0.00625              16               0
8700             224              16          0.0875         0.00625              16               0
8800             224              16          0.0875         0.00625              16               0
8900             224              16          0.0875         0.00625              16               0
9000             224              16          0.0875         0.00625              16               0
9100             224              16          0.0875         0.00625              16               0
9200             224              16          0.0875         0.00625              16               0
9300             224              16          0.0875         0.00625              16               0
9400             224              16          0.0875         0.00625              16               0
9500             224              16          0.0875         0.00625              16               0
9600             224              16          0.0875         0.00625              16               0
9700             222              17      0.08671875     0.006640625              17               0
9800             222              17      0.08671875     0.006640625              17               0
9900             222              17      0.08671875     0.006640625              17               0
10000             222              17      0.08671875     0.006640625              17               0
10100             220              18       0.0859375      0.00703125              18               0
10200             220              18       0.0859375      0.00703125              18               0
10300             220              18       0.0859375      0.00703125              18               0
10400             220              18       0.0859375      0.00703125              18               0
10500             220              18       0.0859375      0.00703125              18               0
10600             220              18       0.0859375      0.00703125              18               0
10700             220              18       0.0859375      0.00703125              18               0
10800             220              18       0.0859375      0.00703125              18               0
10900             220              18       0.0859375      0.00703125              18               0
11000             220              18       0.0859375      0.00703125              18               0
11100             220              18       0.0859375      0.00703125              18               0
11200             220              18       0.0859375      0.00703125              18               0
11300             220              18       0.0859375      0.00703125              18               0
11400             220              18       0.0859375      0.00703125              18               0
11500             220              18       0.0859375      0.00703125              18               0
11600             220              18       0.0859375      0.00703125              18               0
11700             220              18       0.0859375      0.00703125              18               0
11800             220              18       0.0859375      0.00703125              18               0
11900             220              18       0.0859375      0.00703125              18               0
12000             220              18       0.0859375      0.00703125              18               0
12100             220              18       0.0859375      0.00703125              18               0
12200             220              18       0.0859375      0.00703125              18               0
12300             220              18       0.0859375      0.00703125              18               0
12400             220              18       0.0859375      0.00703125              18               0
12500             220              18       0.0859375      0.00703125              18               0
12600             220              18       0.0859375      0.00703125              18               0
12700             220              18       0.0859375      0.00703125              18               0
12800             220              18       0.0859375      0.00703125              18               0
12900             220              18       0.0859375      0.00703125              18               0
13000             218              19      0.08515625     0.007421875              19               0
13100             218              19      0.08515625     0.007421875              19               0
13200             220              18       0.0859375      0.00703125              19               1
13300             220              18       0.0859375      0.00703125              19               1
13400             220              18       0.0859375      0.00703125              19               1
13500             218              19      0.08515625     0.007421875              20               1
13600             216              20        0.084375       0.0078125              21               1
13700             216              20        0.084375       0.0078125              21               1
13800             216              20        0.084375       0.0078125              21               1
13900             216              20        0.084375       0.0078125              21               1
14000             216              20        0.084375       0.0078125              21               1
14100             216              20        0.084375       0.0078125              21               1
14200             216              20        0.084375       0.0078125              21               1
14300             216              20        0.084375       0.0078125              21               1
14400             216              20        0.084375       0.0078125              21               1
14500             216              20        0.084375       0.0078125              21               1
14600             216              20        0.084375       0.0078125              21               1
14700             216              20        0.084375       0.0078125              21               1
14800             216              20        0.084375       0.0078125              21               1
14900             216              20        0.084375       0.0078125              21               1
15000             216              20        0.084375       0.0078125              21               1
15100             216              20        0.084375       0.0078125              21               1
15200             216              20        0.084375       0.0078125              21               1
15300             216              20        0.084375       0.0078125              21               1
15400             216              20        0.084375       0.0078125              21               1
15500             214              21      0.08359375     0.008203125              22               1
15600             214              21      0.08359375     0.008203125              22               1
15700             212              22       0.0828125      0.00859375              23               1
15800             212              22       0.0828125      0.00859375              23               1
15900             210              23      0.08203125     0.008984375              24               1
16000             210              23      0.08203125     0.008984375              24               1
16100             210              23      0.08203125     0.008984375              24               1
16200             210              23      0.08203125     0.008984375              24               1
16300             210              23      0.08203125     0.008984375              24               1
16400             210              23      0.08203125     0.008984375              24               1
16500             210              23      0.08203125     0.008984375              24               1
16600             210              23      0.08203125     0.008984375              24               1
16700             210              23      0.08203125     0.008984375              24               1
16800             210              23      0.08203125     0.008984375              24               1
16900             210              23      0.08203125     0.008984375              24               1
17000             210              23      0.08203125     0.008984375              24               1
17100             212              22       0.0828125      0.00859375              24               2
17200             212              22       0.0828125      0.00859375              24               2
17300             212              22       0.0828125      0.00859375              24               2
17400             212              22       0.0828125      0.00859375              24               2
17500             212              22       0.0828125      0.00859375              24               2
17600             210              23      0.08203125     0.008984375              25               2
17700             210              23      0.08203125     0.008984375              25               2
17800             210              23      0.08203125     0.008984375              25               2
17900             210              23      0.08203125     0.008984375              25               2
18000             210              23      0.08203125     0.008984375              25               2
18100             210              23      0.08203125     0.008984375              25               2
18200             210              23      0.08203125     0.008984375              25               2
18300             212              22       0.0828125      0.00859375              25               3
18400             212              22       0.0828125      0.00859375              25               3
18500             210              23      0.08203125     0.008984375              26               3
18600             210              23      0.08203125     0.008984375              26               3
18700             210              23      0.08203125     0.008984375              26               3
18800             210              23      0.08203125     0.008984375              26               3
18900             210              23      0.08203125     0.008984375              26               3
19000             210              23      0.08203125     0.008984375              26               3
19100             210              23      0.08203125     0.008984375              26               3
19200             210              23      0.08203125     0.008984375              26               3
19300             210              23      0.08203125     0.008984375              26               3
19400             210              23      0.08203125     0.008984375              26               3
19500             210              23      0.08203125     0.008984375              26               3
19600             210              23      0.08203125     0.008984375              26               3
19700             210              23      0.08203125     0.008984375              26               3
19800             210              23      0.08203125     0.008984375              26               3
19900             210              23      0.08203125     0.008984375              26               3
20000             212              22       0.0828125      0.00859375              26               4
20100             212              22       0.0828125      0.00859375              26               4
20200             212              22       0.0828125      0.00859375              26               4
20300             212              22       0.0828125      0.00859375              26               4
20400             214              21      0.08359375     0.008203125              26               5
20500             214              21      0.08359375     0.008203125              26               5
20600             212              22       0.0828125      0.00859375              27               5
20700             212              22       0.0828125      0.00859375              27               5
20800             212              22       0.0828125      0.00859375              27               5
20900             212              22       0.0828125      0.00859375              27               5
21000             212              22       0.0828125      0.00859375              27               5
21100             212              22       0.0828125      0.00859375              27               5
21200             212              22       0.0828125      0.00859375              27               5
21300             210              23      0.08203125     0.008984375              28               5
21400             210              23      0.08203125     0.008984375              28               5
21500             212              22       0.0828125      0.00859375              28               6
21600             212              22       0.0828125      0.00859375              28               6
21700             212              22       0.0828125      0.00859375              28               6
21800             212              22       0.0828125      0.00859375              28               6
21900             212              22       0.0828125      0.00859375              28               6
22000             214              21      0.08359375     0.008203125              28               7
22100             214              21      0.08359375     0.008203125              28               7
22200             214              21      0.08359375     0.008203125              28               7
22300             214              21      0.08359375     0.008203125              28               7
22400             214              21      0.08359375     0.008203125              28               7
22500             214              21      0.08359375     0.008203125              28               7
22600             212              22       0.0828125      0.00859375              29               7
22700             212              22       0.0828125      0.00859375              29               7
22800             212              22       0.0828125      0.00859375              29               7
22900             212              22       0.0828125      0.00859375              29               7
23000             212              22       0.0828125      0.00859375              29               7
23100             214              21      0.08359375     0.008203125              29               8
23200             214              21      0.08359375     0.008203125              29               8
23300             214              21      0.08359375     0.008203125              29               8
23400             214              21      0.08359375     0.008203125              29               8
23500             214              21      0.08359375     0.008203125              29               8
23600             214              21      0.08359375     0.008203125              29               8
23700             214              21      0.08359375     0.008203125              29               8
23800             214              21      0.08359375     0.008203125              29               8
23900             214              21      0.08359375     0.008203125              29               8
24000             214              21      0.08359375     0.008203125              29               8
24100             214              21      0.08359375     0.008203125              29               8
24200             214              21      0.08359375     0.008203125              29               8
24300             216              20        0.084375       0.0078125              29               9
24400             216              20        0.084375       0.0078125              29               9
24500             214              21      0.08359375     0.008203125              30               9
24600             214              21      0.08359375     0.008203125              30               9
24700             214              21      0.08359375     0.008203125              30               9
24800             214              21      0.08359375     0.008203125              30               9
24900             212              22       0.0828125      0.00859375              31               9
25000             212              22       0.0828125      0.00859375              31               9
25100             212              22       0.0828125      0.00859375              31               9
25200             212              22       0.0828125      0.00859375              31               9
25300             212              22       0.0828125      0.00859375              31               9
25400             212              22       0.0828125      0.00859375              31               9
25500             212              22       0.0828125      0.00859375              31               9
25600             214              21      0.08359375     0.008203125              31              10
25700             214              21      0.08359375     0.008203125              31              10
25800             214              21      0.08359375     0.008203125              31              10
25900             214              21      0.08359375     0.008203125              31              10
26000             214              21      0.08359375     0.008203125              31              10
26100             214              21      0.08359375     0.008203125              31              10
26200             214              21      0.08359375     0.008203125              31              10
26300             214              21      0.08359375     0.008203125              31              10
26400             214              21      0.08359375     0.008203125              31              10
26500             214              21      0.08359375     0.008203125              31              10
26600             214              21      0.08359375     0.008203125              31              10
26700             214              21      0.08359375     0.008203125              31              10
26800             214              21      0.08359375     0.008203125              31              10
26900             212              22       0.0828125      0.00859375              32              10
27000             212              22       0.0828125      0.00859375              32              10
27100             214              21      0.08359375     0.008203125              32              11
27200             212              22       0.0828125      0.00859375              33              11
27300             208              24         0.08125        0.009375              35              11
27400             208              24         0.08125        0.009375              35              11
27500             208              24         0.08125        0.009375              35              11
27600             208              24         0.08125        0.009375              35              11
27700             208              24         0.08125        0.009375              35              11
27800             208              24         0.08125        0.009375              35              11
27900             208              24         0.08125        0.009375              35              11
28000             208              24         0.08125        0.009375              35              11
28100             208              24         0.08125        0.009375              35              11
28200             208              24         0.08125        0.009375              35              11
28300             208              24         0.08125        0.009375              35              11
28400             208              24         0.08125        0.009375              35              11
28500             208              24         0.08125        0.009375              35              11
28600             208              24         0.08125        0.009375              35              11
28700             208              24         0.08125        0.009375              35              11
28800             206              25      0.08046875     0.009765625              36              11
28900             206              25      0.08046875     0.009765625              36              11
29000             206              25      0.08046875     0.009765625              36              11
29100             206              25      0.08046875     0.009765625              36              11
29200             206              25      0.08046875     0.009765625              36              11
29300             206              25      0.08046875     0.009765625              36              11
29400             204              26       0.0796875      0.01015625              37              11
29500             204              26       0.0796875      0.01015625              37              11
29600             204              26       0.0796875      0.01015625              37              11
29700             200              28        0.078125       0.0109375              39              11
29800             200              28        0.078125       0.0109375              39              11
29900             200              28        0.078125       0.0109375              39              11
30000             200              28        0.078125       0.0109375              39              11
30100             200              28        0.078125       0.0109375              39              11
30200             200              28        0.078125       0.0109375              39              11
30300             198              29      0.07734375     0.011328125              40              11
30400             198              29      0.07734375     0.011328125              40              11
30500             198              29      0.07734375     0.011328125              40              11
30600             198              29      0.07734375     0.011328125              40              11
30700             198              29      0.07734375     0.011328125              40              11
30800             198              29      0.07734375     0.011328125              40              11
30900             198              29      0.07734375     0.011328125              40              11
31000             198              29      0.07734375     0.011328125              40              11
31100             198              29      0.07734375     0.011328125              40              11
31200             198              29      0.07734375     0.011328125              40              11
31300             196              30       0.0765625      0.01171875              41              11
31400             196              30       0.0765625      0.01171875              41              11
31500             196              30       0.0765625      0.01171875              41              11
31600             196              30       0.0765625      0.01171875              41              11
31700             196              30       0.0765625      0.01171875              41              11
31800             196              30       0.0765625      0.01171875              41              11
31900             196              30       0.0765625      0.01171875              41              11
32000             196              30       0.0765625      0.01171875              41              11
32100             192              32           0.075          0.0125              43              11
32200             192              32           0.075          0.0125              43              11
32300             192              32           0.075          0.0125              43              11
32400             190              33      0.07421875     0.012890625              44              11
32500             190              33      0.07421875     0.012890625              44              11
32600             192              32           0.075          0.0125              44              12
32700             194              31      0.07578125     0.012109375              44              13
32800             194              31      0.07578125     0.012109375              44              13
32900             194              31      0.07578125     0.012109375              44              13
33000             194              31      0.07578125     0.012109375              44              13
33100             194              31      0.07578125     0.012109375              44              13
33200             196              30       0.0765625      0.01171875              44              14
33300             196              30       0.0765625      0.01171875              44              14
33400             196              30       0.0765625      0.01171875              44              14
33500             196              30       0.0765625      0.01171875              44              14
33600             196              30       0.0765625      0.01171875              44              14
33700             196              30       0.0765625      0.01171875              44              14
33800             196              30       0.0765625      0.01171875              44              14
33900             196              30       0.0765625      0.01171875              44              14
34000             196              30       0.0765625      0.01171875              44              14
34100             196              30       0.0765625      0.01171875              44              14
34200             196              30       0.0765625      0.01171875              44              14
34300             196              30       0.0765625      0.01171875              44              14
34400             196              30       0.0765625      0.01171875              44              14
34500             198              29      0.07734375     0.011328125              44              15
34600             196              30       0.0765625      0.01171875              45              15
34700             196              30       0.0765625      0.01171875              45              15
34800             196              30       0.0765625      0.01171875              45              15
34900             194              31      0.07578125     0.012109375              46              15
35000             194              31      0.07578125     0.012109375              46              15
35100             194              31      0.07578125     0.012109375              46              15
35200             194              31      0.07578125     0.012109375              46              15
35300             194              31      0.07578125     0.012109375              46              15
35400             194              31      0.07578125     0.012109375              46              15
35500             196              30       0.0765625      0.01171875              46              16
35600             196              30       0.0765625      0.01171875              46              16
35700             198              29      0.07734375     0.011328125              46              17
35800             200              28        0.078125       0.0109375              46              18
35900             200              28        0.078125       0.0109375              46              18
36000             200              28        0.078125       0.0109375              46              18
36100             198              29      0.07734375     0.011328125              47              18
36200             198              29      0.07734375     0.011328125              47              18
36300             196              30       0.0765625      0.01171875              48              18
36400             196              30       0.0765625      0.01171875              48              18
36500             196              30       0.0765625      0.01171875              48              18
36600             196              30       0.0765625      0.01171875              48              18
36700             196              30       0.0765625      0.01171875              48              18
36800             196              30       0.0765625      0.01171875              48              18
36900             196              30       0.0765625      0.01171875              48              18
37000             196              30       0.0765625      0.01171875              48              18
37100             194              31      0.07578125     0.012109375              49              18
37200             194              31      0.07578125     0.012109375              49              18
37300             196              30       0.0765625      0.01171875              49              19
37400             196              30       0.0765625      0.01171875              49              19
37500             196              30       0.0765625      0.01171875              49              19
37600             196              30       0.0765625      0.01171875              49              19
37700             196              30       0.0765625      0.01171875              49              19
37800             196              30       0.0765625      0.01171875              49              19
37900             196              30       0.0765625      0.01171875              49              19
38000             196              30       0.0765625      0.01171875              49              19
38100             196              30       0.0765625      0.01171875              49              19
38200             198              29      0.07734375     0.011328125              49              20
38300             198              29      0.07734375     0.011328125              49              20
38400             198              29      0.07734375     0.011328125              49              20
38500             198              29      0.07734375     0.011328125              49              20
38600             198              29      0.07734375     0.011328125              49              20
38700             196              30       0.0765625      0.01171875              50              20
38800             196              30       0.0765625      0.01171875              50              20
38900             196              30       0.0765625      0.01171875              50              20
39000             198              29      0.07734375     0.011328125              50              21
39100             196              30       0.0765625      0.01171875              51              21
39200             198              29      0.07734375     0.011328125              51              22
39300             198              29      0.07734375     0.011328125              51              22
39400             198              29      0.07734375     0.011328125              51              22
39500             198              29      0.07734375     0.011328125              51              22
39600             198              29      0.07734375     0.011328125              51              22
39700             198              29      0.07734375     0.011328125              51              22
39800             198              29      0.07734375     0.011328125              51              22
39900             198              29      0.07734375     0.011328125              51              22
40000             198              29      0.07734375     0.011328125              51              22
40100             198              29      0.07734375     0.011328125              51              22
40200             198              29      0.07734375     0.011328125              51              22
40300             198              29      0.07734375     0.011328125              51              22
40400             198              29      0.07734375     0.011328125              51              22
40500             198              29      0.07734375     0.011328125              51              22
40600             198              29      0.07734375     0.011328125              51              22
40700             198              29      0.07734375     0.011328125              51              22
40800             198              29      0.07734375     0.011328125              51              22
40900             198              29      0.07734375     0.011328125              51              22
41000             198              29      0.07734375     0.011328125              51              22
41100             198              29      0.07734375     0.011328125              51              22
41200             198              29      0.07734375     0.011328125              51              22
41300             200              28        0.078125       0.0109375              51              23
41400             200              28        0.078125       0.0109375              51              23
41500             200              28        0.078125       0.0109375              51              23
41600             200              28        0.078125       0.0109375              51              23
41700             200              28        0.078125       0.0109375              51              23
41800             200              28        0.078125       0.0109375              51              23
41900             200              28        0.078125       0.0109375              51              23
42000             200              28        0.078125       0.0109375              51              23
42100             200              28        0.078125       0.0109375              51              23
42200             200              28        0.078125       0.0109375              51              23
42300             198              29      0.07734375     0.011328125              52              23
42400             198              29      0.07734375     0.011328125              52              23
42500             198              29      0.07734375     0.011328125              52              23
42600             198              29      0.07734375     0.011328125              52              23
42700             198              29      0.07734375     0.011328125              52              23
42800             198              29      0.07734375     0.011328125              52              23
42900             198              29      0.07734375     0.011328125              52              23
43000             198              29      0.07734375     0.011328125              52              23
43100             198              29      0.07734375     0.011328125              52              23
43200             198              29      0.07734375     0.011328125              52              23
43300             198              29      0.07734375     0.011328125              52              23
43400             198              29      0.07734375     0.011328125              52              23
43500             198              29      0.07734375     0.011328125              52              23
43600             198              29      0.07734375     0.011328125              52              23
43700             198              29      0.07734375     0.011328125              52              23
43800             198              29      0.07734375     0.011328125              52              23
43900             200              28        0.078125       0.0109375              52              24
44000             200              28        0.078125       0.0109375              52              24
44100             200              28        0.078125       0.0109375              52              24
44200             200              28        0.078125       0.0109375              52              24
44300             200              28        0.078125       0.0109375              52              24
44400             200              28        0.078125       0.0109375              52              24
44500             200              28        0.078125       0.0109375              52              24
44600             200              28        0.078125       0.0109375              52              24
44700             200              28        0.078125       0.0109375              52              24
44800             200              28        0.078125       0.0109375              52              24
44900             200              28        0.078125       0.0109375              52              24
45000             200              28        0.078125       0.0109375              52              24
45100             200              28        0.078125       0.0109375              52              24
45200             200              28        0.078125       0.0109375              52              24
45300             200              28        0.078125       0.0109375              52              24
45400             200              28        0.078125       0.0109375              52              24
45500             200              28        0.078125       0.0109375              52              24
45600             200              28        0.078125       0.0109375              52              24
45700             200              28        0.078125       0.0109375              52              24
45800             200              28        0.078125       0.0109375              52              24
45900             200              28        0.078125       0.0109375              52              24
46000             200              28        0.078125       0.0109375              52              24
46100             200              28        0.078125       0.0109375              52              24
46200             200              28        0.078125       0.0109375              52              24
46300             200              28        0.078125       0.0109375              52              24
46400             198              29      0.07734375     0.011328125              53              24
46500             196              30       0.0765625      0.01171875              54              24
46600             196              30       0.0765625      0.01171875              54              24
46700             196              30       0.0765625      0.01171875              54              24
46800             194              31      0.07578125     0.012109375              55              24
46900             194              31      0.07578125     0.012109375              55              24
47000             194              31      0.07578125     0.012109375              55              24
47100             194              31      0.07578125     0.012109375              55              24
47200             194              31      0.07578125     0.012109375              55              24
47300             192              32           0.075          0.0125              56              24
47400             192              32           0.075          0.0125              56              24
47500             192              32           0.075          0.0125              56              24
47600             192              32           0.075          0.0125              56              24
47700             192              32           0.075          0.0125              56              24
47800             196              30       0.0765625      0.01171875              56              26
47900             196              30       0.0765625      0.01171875              56              26
48000             196              30       0.0765625      0.01171875              56              26
48100             196              30       0.0765625      0.01171875              56              26
48200             196              30       0.0765625      0.01171875              56              26
48300             196              30       0.0765625      0.01171875              56              26
48400             196              30       0.0765625      0.01171875              56              26
48500             196              30       0.0765625      0.01171875              56              26
48600             194              31      0.07578125     0.012109375              57              26
48700             194              31      0.07578125     0.012109375              57              26
48800             190              33      0.07421875     0.012890625              59              26
48900             190              33      0.07421875     0.012890625              59              26
49000             190              33      0.07421875     0.012890625              59              26
49100             190              33      0.07421875     0.012890625              59              26
49200             190              33      0.07421875     0.012890625              59              26
49300             190              33      0.07421875     0.012890625              59              26
49400             190              33      0.07421875     0.012890625              59              26
49500             190              33      0.07421875     0.012890625              59              26
49600             190              33      0.07421875     0.012890625              59              26
49700             190              33      0.07421875     0.012890625              59              26
49800             192              32           0.075          0.0125              59              27
49900             192              32           0.075          0.0125              59              27
50000             192              32           0.075          0.0125              59              27
50100             190              33      0.07421875     0.012890625              60              27
50200             194              31      0.07578125     0.012109375              60              29
50300             194              31      0.07578125     0.012109375              60              29
50400             194              31      0.07578125     0.012109375              60              29
50500             194              31      0.07578125     0.012109375              60              29
50600             194              31      0.07578125     0.012109375              60              29
50700             194              31      0.07578125     0.012109375              60              29
50800             192              32           0.075          0.0125              61              29
50900             192              32           0.075          0.0125              61              29
51000             192              32           0.075          0.0125              61              29
51100             192              32           0.075          0.0125              61              29
51200             192              32           0.075          0.0125              61              29
51300             192              32           0.075          0.0125              61              29
51400             192              32           0.075          0.0125              61              29
51500             194              31      0.07578125     0.012109375              61              30
51600             194              31      0.07578125     0.012109375              61              30
51700             194              31      0.07578125     0.012109375              61              30
51800             196              30       0.0765625      0.01171875              61              31
51900             192              32           0.075          0.0125              63              31
52000             192              32           0.075          0.0125              63              31
52100             192              32           0.075          0.0125              63              31
52200             190              33      0.07421875     0.012890625              64              31
52300             190              33      0.07421875     0.012890625              64              31
52400             190              33      0.07421875     0.012890625              64              31
52500             190              33      0.07421875     0.012890625              64              31
52600             190              33      0.07421875     0.012890625              64              31
52700             190              33      0.07421875     0.012890625              64              31
52800             190              33      0.07421875     0.012890625              64              31
52900             188              34       0.0734375      0.01328125              65              31
53000             188              34       0.0734375      0.01328125              65              31
53100             188              34       0.0734375      0.01328125              65              31
53200             190              33      0.07421875     0.012890625              65              32
53300             190              33      0.07421875     0.012890625              65              32
53400             190              33      0.07421875     0.012890625              65              32
53500             190              33      0.07421875     0.012890625              65              32
53600             188              34       0.0734375      0.01328125              66              32
53700             188              34       0.0734375      0.01328125              66              32
53800             188              34       0.0734375      0.01328125              66              32
53900             188              34       0.0734375      0.01328125              66              32
54000             188              34       0.0734375      0.01328125              66              32
54100             188              34       0.0734375      0.01328125              66              32
54200             188              34       0.0734375      0.01328125              66              32
54300             188              34       0.0734375      0.01328125              66              32
54400             188              34       0.0734375      0.01328125              66              32
54500             190              33      0.07421875     0.012890625              66              33
54600             190              33      0.07421875     0.012890625              66              33
54700             190              33      0.07421875     0.012890625              66              33
54800             190              33      0.07421875     0.012890625              66              33
54900             190              33      0.07421875     0.012890625              66              33
55000             190              33      0.07421875     0.012890625              66              33
55100             190              33      0.07421875     0.012890625              66              33
55200             190              33      0.07421875     0.012890625              66              33
55300             190              33      0.07421875     0.012890625              66              33
55400             190              33      0.07421875     0.012890625              66              33
55500             190              33      0.07421875     0.012890625              66              33
55600             190              33      0.07421875     0.012890625              66              33
55700             192              32           0.075          0.0125              66              34
55800             192              32           0.075          0.0125              66              34
55900             192              32           0.075          0.0125              66              34
56000             192              32           0.075          0.0125              66              34
56100             192              32           0.075          0.0125              66              34
56200             192              32           0.075          0.0125              66              34
56300             192              32           0.075          0.0125              66              34
56400             192              32           0.075          0.0125              66              34
56500             192              32           0.075          0.0125              66              34
56600             192              32           0.075          0.0125              66              34
56700             192              32           0.075          0.0125              66              34
56800             194              31      0.07578125     0.012109375              66              35
56900             194              31      0.07578125     0.012109375              66              35
57000             194              31      0.07578125     0.012109375              66              35
57100             194              31      0.07578125     0.012109375              66              35
57200             194              31      0.07578125     0.012109375              66              35
57300             194              31      0.07578125     0.012109375              66              35
57400             194              31      0.07578125     0.012109375              66              35
57500             194              31      0.07578125     0.012109375              66              35
57600             194              31      0.07578125     0.012109375              66              35
57700             194              31      0.07578125     0.012109375              66              35
57800             194              31      0.07578125     0.012109375              66              35
57900             194              31      0.07578125     0.012109375              66              35
58000             194              31      0.07578125     0.012109375              66              35
58100             194              31      0.07578125     0.012109375              66              35
58200             194              31      0.07578125     0.012109375              66              35
58300             194              31      0.07578125     0.012109375              66              35
58400             194              31      0.07578125     0.012109375              66              35
58500             194              31      0.07578125     0.012109375              66              35
58600             194              31      0.07578125     0.012109375              66              35
58700             194              31      0.07578125     0.012109375              66              35
58800             194              31      0.07578125     0.012109375              66              35
58900             194              31      0.07578125     0.012109375              66              35
59000             194              31      0.07578125     0.012109375              66              35
59100             194              31      0.07578125     0.012109375              66              35
59200             194              31      0.07578125     0.012109375              66              35
59300             194              31      0.07578125     0.012109375              66              35
59400             196              30       0.0765625      0.01171875              66              36
59500             196              30       0.0765625      0.01171875              66              36
59600             196              30       0.0765625      0.01171875              66              36
59700             196              30       0.0765625      0.01171875              66              36
59800             196              30       0.0765625      0.01171875              66              36
59900             196              30       0.0765625      0.01171875              66              36
60000             196              30       0.0765625      0.01171875              66              36
60100             196              30       0.0765625      0.01171875              66              36
60200             196              30       0.0765625      0.01171875              66              36
60300             196              30       0.0765625      0.01171875              66              36
60400             194              31      0.07578125     0.012109375              67              36
60500             194              31      0.07578125     0.012109375              67              36
60600             194              31      0.07578125     0.012109375              67              36
60700             194              31      0.07578125     0.012109375              67              36
60800             194              31      0.07578125     0.012109375              67              36
60900             194              31      0.07578125     0.012109375              67              36
61000             194              31      0.07578125     0.012109375              67              36
61100             194              31      0.07578125     0.012109375              67              36
61200             194              31      0.07578125     0.012109375              67              36
61300             194              31      0.07578125     0.012109375              67              36
61400             194              31      0.07578125     0.012109375              67              36
61500             194              31      0.07578125     0.012109375              67              36
61600             194              31      0.07578125     0.012109375              67              36
61700             192              32           0.075          0.0125              68              36
61800             194              31      0.07578125     0.012109375              68              37
61900             194              31      0.07578125     0.012109375              68              37
62000             194              31      0.07578125     0.012109375              68              37
62100             194              31      0.07578125     0.012109375              68              37
62200             194              31      0.07578125     0.012109375              68              37
62300             194              31      0.07578125     0.012109375              69              38
62400             194              31      0.07578125     0.012109375              69              38
62500             192              32           0.075          0.0125              70              38
62600             192              32           0.075          0.0125              70              38
62700             192              32           0.075          0.0125              70              38
62800             192              32           0.075          0.0125              70              38
62900             192              32           0.075          0.0125              70              38
63000             192              32           0.075          0.0125              70              38
63100             192              32           0.075          0.0125              70              38
63200             190              33      0.07421875     0.012890625              71              38
63300             190              33      0.07421875     0.012890625              71              38
63400             190              33      0.07421875     0.012890625              71              38
63500             192              32           0.075          0.0125              71              39
63600             192              32           0.075          0.0125              71              39
63700             192              32           0.075          0.0125              71              39
63800             192              32           0.075          0.0125              71              39
63900             192              32           0.075          0.0125              71              39
64000             192              32           0.075          0.0125              71              39
64100             192              32           0.075          0.0125              71              39
64200             192              32           0.075          0.0125              71              39
64300             192              32           0.075          0.0125              71              39
64400             192              32           0.075          0.0125              71              39
64500             192              32           0.075          0.0125              71              39
64600             192              32           0.075          0.0125              71              39
64700             192              32           0.075          0.0125              71              39
64800             192              32           0.075          0.0125              71              39
64900             192              32           0.075          0.0125              71              39
65000             192              32           0.075          0.0125              71              39
65100             192              32           0.075          0.0125              71              39
65200             192              32           0.075          0.0125              71              39
65300             194              31      0.07578125     0.012109375              71              40
65400             194              31      0.07578125     0.012109375              71              40
65500             194              31      0.07578125     0.012109375              71              40
65600             194              31      0.07578125     0.012109375              71              40
65700             194              31      0.07578125     0.012109375              71              40
65800             194              31      0.07578125     0.012109375              71              40
65900             194              31      0.07578125     0.012109375              71              40
66000             194              31      0.07578125     0.012109375              71              40
66100             194              31      0.07578125     0.012109375              71              40
66200             194              31      0.07578125     0.012109375              72              41
66300             192              32           0.075          0.0125              73              41
66400             192              32           0.075          0.0125              73              41
66500             192              32           0.075          0.0125              73              41
66600             192              32           0.075          0.0125              73              41
66700             192              32           0.075          0.0125              73              41
66800             192              32           0.075          0.0125              73              41
66900             192              32           0.075          0.0125              73              41
67000             192              32           0.075          0.0125              73              41
67100             192              32           0.075          0.0125              73              41
67200             192              32           0.075          0.0125              73              41
67300             192              32           0.075          0.0125              73              41
67400             192              32           0.075          0.0125              73              41
67500             192              32           0.075          0.0125              73              41
67600             192              32           0.075          0.0125              73              41
67700             192              32           0.075          0.0125              73              41
67800             192              32           0.075          0.0125              73              41
67900             192              32           0.075          0.0125              73              41
68000             192              32           0.075          0.0125              73              41
68100             192              32           0.075          0.0125              73              41
68200             192              32           0.075          0.0125              73              41
68300             192              32           0.075          0.0125              73              41
68400             192              32           0.075          0.0125              73              41
68500             192              32           0.075          0.0125              73              41
68600             192              32           0.075          0.0125              73              41
68700             192              32           0.075          0.0125              73              41
68800             192              32           0.075          0.0125              73              41
68900             192              32           0.075          0.0125              73              41
69000             192              32           0.075          0.0125              73              41
69100             192              32           0.075          0.0125              73              41
69200             192              32           0.075          0.0125              73              41
69300             192              32           0.075          0.0125              73              41
69400             192              32           0.075          0.0125              73              41
69500             190              33      0.07421875     0.012890625              74              41
69600             190              33      0.07421875     0.012890625              74              41
69700             190              33      0.07421875     0.012890625              74              41
69800             190              33      0.07421875     0.012890625              74              41
69900             188              34       0.0734375      0.01328125              75              41
70000             188              34       0.0734375      0.01328125              75              41
70100             188              34       0.0734375      0.01328125              75              41
70200             188              34       0.0734375      0.01328125              75              41
70300             188              34       0.0734375      0.01328125              75              41
70400             188              34       0.0734375      0.01328125              75              41
70500             188              34       0.0734375      0.01328125              75              41
70600             190              33      0.07421875     0.012890625              75              42
70700             190              33      0.07421875     0.012890625              75              42
70800             190              33      0.07421875     0.012890625              75              42
70900             190              33      0.07421875     0.012890625              75              42
71000             190              33      0.07421875     0.012890625              75              42
71100             188              34       0.0734375      0.01328125              76              42
71200             188              34       0.0734375      0.01328125              76              42
71300             188              34       0.0734375      0.01328125              76              42
71400             186              35      0.07265625     0.013671875              77              42
71500             186              35      0.07265625     0.013671875              78              43
71600             186              35      0.07265625     0.013671875              78              43
71700             186              35      0.07265625     0.013671875              78              43
71800             186              35      0.07265625     0.013671875              78              43
71900             186              35      0.07265625     0.013671875              78              43
72000             186              35      0.07265625     0.013671875              78              43
72100             186              35      0.07265625     0.013671875              78              43
72200             186              35      0.07265625     0.013671875              78              43
72300             186              35      0.07265625     0.013671875              78              43
72400             186              35      0.07265625     0.013671875              78              43
72500             186              35      0.07265625     0.013671875              78              43
72600             186              35      0.07265625     0.013671875              78              43
72700             186              35      0.07265625     0.013671875              78              43
72800             188              34       0.0734375      0.01328125              78              44
72900             184              36        0.071875       0.0140625              80              44
73000             184              36        0.071875       0.0140625              80              44
73100             184              36        0.071875       0.0140625              80              44
73200             184              36        0.071875       0.0140625              80              44
73300             184              36        0.071875       0.0140625              80              44
73400             184              36        0.071875       0.0140625              80              44
73500             182              37      0.07109375     0.014453125              81              44
73600             182              37      0.07109375     0.014453125              81              44
73700             182              37      0.07109375     0.014453125              81              44
73800             182              37      0.07109375     0.014453125              81              44
73900             182              37      0.07109375     0.014453125              81              44
74000             184              36        0.071875       0.0140625              81              45
74100             184              36        0.071875       0.0140625              81              45
74200             184              36        0.071875       0.0140625              81              45
74300             184              36        0.071875       0.0140625              81              45
74400             184              36        0.071875       0.0140625              81              45
74500             184              36        0.071875       0.0140625              81              45
74600             186              35      0.07265625     0.013671875              81              46
74700             186              35      0.07265625     0.013671875              81              46
74800             186              35      0.07265625     0.013671875              81              46
74900             186              35      0.07265625     0.013671875              82              47
75000             186              35      0.07265625     0.013671875              82              47
75100             186              35      0.07265625     0.013671875              82              47
75200             184              36        0.071875       0.0140625              83              47
75300             184              36        0.071875       0.0140625              83              47
75400             186              35      0.07265625     0.013671875              83              48
75500             186              35      0.07265625     0.013671875              83              48
75600             186              35      0.07265625     0.013671875              83              48
75700             186              35      0.07265625     0.013671875              83              48
75800             186              35      0.07265625     0.013671875              83              48
75900             184              36        0.071875       0.0140625              84              48
76000             186              35      0.07265625     0.013671875              84              49
76100             186              35      0.07265625     0.013671875              84              49
76200             186              35      0.07265625     0.013671875              84              49
76300             186              35      0.07265625     0.013671875              84              49
76400             186              35      0.07265625     0.013671875              84              49
76500             186              35      0.07265625     0.013671875              84              49
76600             186              35      0.07265625     0.013671875              84              49
76700             186              35      0.07265625     0.013671875              84              49
76800             186              35      0.07265625     0.013671875              84              49
76900             186              35      0.07265625     0.013671875              84              49
77000             186              35      0.07265625     0.013671875              84              49
77100             186              35      0.07265625     0.013671875              84              49
77200             186              35      0.07265625     0.013671875              84              49
77300             186              35      0.07265625     0.013671875              84              49
77400             186              35      0.07265625     0.013671875              84              49
77500             186              35      0.07265625     0.013671875              84              49
77600             186              35      0.07265625     0.013671875              84              49
77700             186              35      0.07265625     0.013671875              84              49
77800             186              35      0.07265625     0.013671875              84              49
77900             186              35      0.07265625     0.013671875              84              49
78000             186              35      0.07265625     0.013671875              84              49
78100             186              35      0.07265625     0.013671875              84              49
78200             186              35      0.07265625     0.013671875              84              49
78300             186              35      0.07265625     0.013671875              84              49
78400             186              35      0.07265625     0.013671875              84              49
78500             186              35      0.07265625     0.013671875              84              49
78600             186              35      0.07265625     0.013671875              84              49
78700             186              35      0.07265625     0.013671875              84              49
78800             186              35      0.07265625     0.013671875              84              49
78900             186              35      0.07265625     0.013671875              84              49
79000             186              35      0.07265625     0.013671875              84              49
79100             188              34       0.0734375      0.01328125              84              50
79200             188              34       0.0734375      0.01328125              84              50
79300             190              33      0.07421875     0.012890625              84              51
79400             190              33      0.07421875     0.012890625              84              51
79500             190              33      0.07421875     0.012890625              84              51
79600             190              33      0.07421875     0.012890625              84              51
79700             190              33      0.07421875     0.012890625              84              51
79800             190              33      0.07421875     0.012890625              84              51
79900             190              33      0.07421875     0.012890625              84              51
80000             190              33      0.07421875     0.012890625              84              51
80100             190              33      0.07421875     0.012890625              84              51
80200             190              33      0.07421875     0.012890625              84              51
80300             190              33      0.07421875     0.012890625              84              51
80400             190              33      0.07421875     0.012890625              84              51
80500             190              33      0.07421875     0.012890625              84              51
80600             190              33      0.07421875     0.012890625              84              51
80700             190              33      0.07421875     0.012890625              84              51
80800             190              33      0.07421875     0.012890625              84              51
80900             192              32           0.075          0.0125              84              52
81000             192              32           0.075          0.0125              84              52
81100             194              31      0.07578125     0.012109375              84              53
81200             194              31      0.07578125     0.012109375              84              53
81300             194              31      0.07578125     0.012109375              84              53
81400             194              31      0.07578125     0.012109375              84              53
81500             194              31      0.07578125     0.012109375              84              53
81600             194              31      0.07578125     0.012109375              84              53
81700             194              31      0.07578125     0.012109375              84              53
81800             194              31      0.07578125     0.012109375              84              53
81900             194              31      0.07578125     0.012109375              84              53
82000             192              32           0.075          0.0125              85              53
82100             192              32           0.075          0.0125              85              53
82200             192              32           0.075          0.0125              85              53
82300             192              32           0.075          0.0125              85              53
82400             192              32           0.075          0.0125              85              53
82500             190              33      0.07421875     0.012890625              86              53
82600             190              33      0.07421875     0.012890625              86              53
82700             190              33      0.07421875     0.012890625              86              53
82800             190              33      0.07421875     0.012890625              86              53
82900             190              33      0.07421875     0.012890625              86              53
83000             190              33      0.07421875     0.012890625              86              53
83100             192              32           0.075          0.0125              86              54
83200             192              32           0.075          0.0125              86              54
83300             192              32           0.075          0.0125              86              54
83400             192              32           0.075          0.0125              86              54
83500             192              32           0.075          0.0125              86              54
83600             192              32           0.075          0.0125              86              54
83700             192              32           0.075          0.0125              86              54
83800             192              32           0.075          0.0125              86              54
83900             192              32           0.075          0.0125              86              54
84000             192              32           0.075          0.0125              86              54
84100             194              31      0.07578125     0.012109375              86              55
84200             194              31      0.07578125     0.012109375              86              55
84300             194              31      0.07578125     0.012109375              86              55
84400             192              32           0.075          0.0125              87              55
84500             192              32           0.075          0.0125              87              55
84600             192              32           0.075          0.0125              87              55
84700             192              32           0.075          0.0125              87              55
84800             192              32           0.075          0.0125              87              55
84900             192              32           0.075          0.0125              87              55
85000             192              32           0.075          0.0125              87              55
85100             192              32           0.075          0.0125              87              55
85200             190              33      0.07421875     0.012890625              88              55
85300             190              33      0.07421875     0.012890625              88              55
85400             190              33      0.07421875     0.012890625              88              55
85500             190              33      0.07421875     0.012890625              88              55
85600             190              33      0.07421875     0.012890625              88              55
85700             190              33      0.07421875     0.012890625              88              55
85800             190              33      0.07421875     0.012890625              88              55
85900             190              33      0.07421875     0.012890625              88              55
86000             190              33      0.07421875     0.012890625              88              55
86100             190              33      0.07421875     0.012890625              88              55
86200             190              33      0.07421875     0.012890625              88              55
86300             188              34       0.0734375      0.01328125              89              55
86400             188              34       0.0734375      0.01328125              89              55
86500             188              34       0.0734375      0.01328125              89              55
86600             188              34       0.0734375      0.01328125              89              55
86700             188              34       0.0734375      0.01328125              89              55
86800             188              34       0.0734375      0.01328125              89              55
86900             188              34       0.0734375      0.01328125              89              55
87000             188              34       0.0734375      0.01328125              90              56
87100             188              34       0.0734375      0.01328125              90              56
87200             188              34       0.0734375      0.01328125              90              56
87300             188              34       0.0734375      0.01328125              90              56
87400             190              33      0.07421875     0.012890625              90              57
87500             190              33      0.07421875     0.012890625              90              57
87600             190              33      0.07421875     0.012890625              90              57
87700             190              33      0.07421875     0.012890625              90              57
87800             190              33      0.07421875     0.012890625              90              57
87900             190              33      0.07421875     0.012890625              90              57
88000             192              32           0.075          0.0125              90              58
88100             192              32           0.075          0.0125              90              58
88200             192              32           0.075          0.0125              90              58
88300             192              32           0.075          0.0125              90              58
88400             192              32           0.075          0.0125              90              58
88500             192              32           0.075          0.0125              90              58
88600             192              32           0.075          0.0125              90              58
88700             190              33      0.07421875     0.012890625              91              58
88800             190              33      0.07421875     0.012890625              91              58
88900             190              33      0.07421875     0.012890625              91              58
89000             190              33      0.07421875     0.012890625              91              58
89100             190              33      0.07421875     0.012890625              92              59
89200             190              33      0.07421875     0.012890625              92              59
89300             190              33      0.07421875     0.012890625              92              59
89400             192              32           0.075          0.0125              92              60
89500             192              32           0.075          0.0125              92              60
89600             192              32           0.075          0.0125              92              60
89700             192              32           0.075          0.0125              92              60
89800             192              32           0.075          0.0125              92              60
89900             192              32           0.075          0.0125              92              60
90000             190              33      0.07421875     0.012890625              93              60
90100             190              33      0.07421875     0.012890625              93              60
90200             190              33      0.07421875     0.012890625              93              60
90300             190              33      0.07421875     0.012890625              93              60
90400             190              33      0.07421875     0.012890625              93              60
90500             188              34       0.0734375      0.01328125              94              60
90600             190              33      0.07421875     0.012890625              94              61
90700             190              33      0.07421875     0.012890625              94              61
90800             190              33      0.07421875     0.012890625              94              61
90900             190              33      0.07421875     0.012890625              94              61
91000             190              33      0.07421875     0.012890625              94              61
91100             190              33      0.07421875     0.012890625              94              61
91200             190              33      0.07421875     0.012890625              94              61
91300             190              33      0.07421875     0.012890625              94              61
91400             190              33      0.07421875     0.012890625              94              61
91500             190              33      0.07421875     0.012890625              94              61
91600             190              33      0.07421875     0.012890625              94              61
91700             190              33      0.07421875     0.012890625              94              61
91800             190              33      0.07421875     0.012890625              94              61
91900             188              34       0.0734375      0.01328125              95              61
92000             188              34       0.0734375      0.01328125              95              61
92100             190              33      0.07421875     0.012890625              95              62
92200             190              33      0.07421875     0.012890625              95              62
92300             190              33      0.07421875     0.012890625              95              62
92400             190              33      0.07421875     0.012890625              95              62
92500             190              33      0.07421875     0.012890625              95              62
92600             190              33      0.07421875     0.012890625              95              62
92700             190              33      0.07421875     0.012890625              95              62
92800             190              33      0.07421875     0.012890625              95              62
92900             190              33      0.07421875     0.012890625              95              62
93000             190              33      0.07421875     0.012890625              95              62
93100             190              33      0.07421875     0.012890625              95              62
93200             190              33      0.07421875     0.012890625              95              62
93300             188              34       0.0734375      0.01328125              96              62
93400             188              34       0.0734375      0.01328125              96              62
93500             188              34       0.0734375      0.01328125              96              62
93600             188              34       0.0734375      0.01328125              96              62
93700             188              34       0.0734375      0.01328125              96              62
93800             188              34       0.0734375      0.01328125              96              62
93900             188              34       0.0734375      0.01328125              96              62
94000             188              34       0.0734375      0.01328125              96              62
94100             188              34       0.0734375      0.01328125              96              62
94200             188              34       0.0734375      0.01328125              96              62
94300             188              34       0.0734375      0.01328125              96              62
94400             188              34       0.0734375      0.01328125              96              62
94500             188              34       0.0734375      0.01328125              96              62
94600             188              34       0.0734375      0.01328125              96              62
94700             190              33      0.07421875     0.012890625              96              63
94800             190              33      0.07421875     0.012890625              96              63
94900             190              33      0.07421875     0.012890625              96              63
95000             190              33      0.07421875     0.012890625              96              63
95100             190              33      0.07421875     0.012890625              96              63
95200             190              33      0.07421875     0.012890625              96              63
95300             190              33      0.07421875     0.012890625              96              63
95400             190              33      0.07421875     0.012890625              96              63
95500             190              33      0.07421875     0.012890625              96              63
95600             190              33      0.07421875     0.012890625              96              63
95700             190              33      0.07421875     0.012890625              96              63
95800             190              33      0.07421875     0.012890625              96              63
95900             190              33      0.07421875     0.012890625              96              63
96000             190              33      0.07421875     0.012890625              96              63
96100             190              33      0.07421875     0.012890625              96              63
96200             186              35      0.07265625     0.013671875              98              63
96300             186              35      0.07265625     0.013671875              98              63
96400             186              35      0.07265625     0.013671875              98              63
96500             186              35      0.07265625     0.013671875              98              63
96600             186              35      0.07265625     0.013671875              98              63
96700             186              35      0.07265625     0.013671875              98              63
96800             186              35      0.07265625     0.013671875              98              63
96900             186              35      0.07265625     0.013671875              98              63
97000             184              36        0.071875       0.0140625              99              63
97100             184              36        0.071875       0.0140625              99              63
97200             184              36        0.071875       0.0140625              99              63
97300             184              36        0.071875       0.0140625              99              63
97400             182              37      0.07109375     0.014453125             100              63
97500             182              37      0.07109375     0.014453125             100              63
97600             182              37      0.07109375     0.014453125             100              63
97700             182              37      0.07109375     0.014453125             100              63
97800             182              37      0.07109375     0.014453125             100              63
97900             182              37      0.07109375     0.014453125             100              63
98000             182              37      0.07109375     0.014453125             100              63
98100             182              37      0.07109375     0.014453125             100              63
98200             182              37      0.07109375     0.014453125             100              63
98300             182              37      0.07109375     0.014453125             100              63
98400             182              37      0.07109375     0.014453125             100              63
98500             182              37      0.07109375     0.014453125             100              63
98600             182              37      0.07109375     0.014453125             100              63
98700             182              37      0.07109375     0.014453125             100              63
98800             182              37      0.07109375     0.014453125             100              63
98900             182              37      0.07109375     0.014453125             100              63
99000             180              38       0.0703125      0.01484375             101              63
99100             180              38       0.0703125      0.01484375             101              63
99200             182              37      0.07109375     0.014453125             101              64
99300             182              37      0.07109375     0.014453125             101              64
99400             182              37      0.07109375     0.014453125             101              64
99500             182              37      0.07109375     0.014453125             101              64
99600             182              37      0.07109375     0.014453125             101              64
99700             180              38       0.0703125      0.01484375             102              64
99800             180              38       0.0703125      0.01484375             102              64
99900             180              38       0.0703125      0.01484375             102              64
100000             180              38       0.0703125      0.01484375             102              64
