# Time-averaged data for fix observ
# TimeStep v_nfree v_ndimer v_cfree v_cdimer f_kinetics[2] f_kinetics[3]
0             256               0           0.025               0               0               0
100             256               0           0.025               0               0               0
200             256               0           0.025               0               0               0
300             256               0           0.025               0               0               0
400             256               0           0.025               0               0               0
500             256               0           0.025               0               0               0
600             254               1    0.0248046875    9.765625e-05               1               0
700             254               1    0.0248046875    9.765625e-05               1               0
800             254               1    0.0248046875    9.765625e-05               1               0
900             254               1    0.0248046875    9.765625e-05               1               0
1000             254               1    0.0248046875    9.765625e-05               1               0
1100             254               1    0.0248046875    9.765625e-05               1               0
1200             254               1    0.0248046875    9.765625e-05               1               0
1300             254               1    0.0248046875    9.765625e-05               1               0
1400             254               1    0.0248046875    9.765625e-05               1               0
1500             254               1    0.0248046875    9.765625e-05               1               0
1600             254               1    0.0248046875    9.765625e-05               1               0
1700             254               1    0.0248046875    9.765625e-05               2               1
1800             254               1    0.0248046875    9.765625e-05               2               1
1900             254               1    0.0248046875    9.765625e-05               2               1
2000             254               1    0.0248046875    9.765625e-05               2               1
2100             254               1    0.0248046875    9.765625e-05               2               1
2200             256               0           0.025               0               2               2
2300             256               0           0.025               0               2               2
2400             256               0           0.025               0               2               2
2500             256               0           0.025               0               2               2
2600             256               0           0.025               0               2               2
2700             256               0           0.025               0               2               2
2800             256               0           0.025               0               2               2
2900             256               0           0.025               0               2               2
3000             256               0           0.025               0               2               2
3100             256               0           0.025               0               2               2
3200             256               0           0.025               0               2               2
3300             256               0           0.025               0               2               2
3400             256               0           0.025               0               2               2
3500             256               0           0.025               0               2               2
3600             256               0           0.025               0               2               2
3700             256               0           0.025               0               2               2
3800             256               0           0.025               0               2               2
3900             256               0           0.025               0               2               2
4000             256               0           0.025               0               2               2
4100             256               0           0.025               0               2               2
4200             254               1    0.0248046875    9.765625e-05               3               2
4300             252               2     0.024609375    0.0001953125               4               2
4400             252               2     0.024609375    0.0001953125               4               2
4500             252               2     0.024609375    0.0001953125               4               2
4600             248               4      0.02421875     0.000390625               6               2
4700             248               4      0.02421875     0.000390625               6               2
4800             250               3    0.0244140625   0.00029296875               6               3
4900             250               3    0.0244140625   0.00029296875               6               3
5000             250               3    0.0244140625   0.00029296875               6               3
5100             250               3    0.0244140625   0.00029296875               6               3
5200             250               3    0.0244140625   0.00029296875               6               3
5300             254               1    0.0248046875    9.765625e-05               6               5
5400             254               1    0.0248046875    9.765625e-05               6               5
5500             254               1    0.0248046875    9.765625e-05               6               5
5600             256               0           0.025               0               6               6
5700             256               0           0.025               0               6               6
5800             256               0           0.025               0               6               6
5900             256               0           0.025               0               6               6
6000             256               0           0.025               0               6               6
6100             256               0           0.025               0               6               6
6200             256               0           0.025               0               6               6
6300             256               0           0.025               0               6               6
6400             256               0           0.025               0               6               6
6500             256               0           0.025               0               6               6
6600             256               0           0.025               0               6               6
6700             256               0           0.025               0               6               6
6800             254               1    0.0248046875    9.765625e-05               7               6
6900             254               1    0.0248046875    9.765625e-05               7               6
7000             254               1    0.0248046875    9.765625e-05               7               6
7100             254               1    0.0248046875    9.765625e-05               7               6
7200             254               1    0.0248046875    9.765625e-05               7               6
7300             252               2     0.024609375    0.0001953125               8               6
7400             252               2     0.024609375    0.0001953125               9               7
7500             252               2     0.024609375    0.0001953125               9               7
7600             252               2     0.024609375    0.0001953125               9               7
7700             252               2     0.024609375    0.0001953125               9               7
7800             252               2     0.024609375    0.0001953125               9               7
7900             254               1    0.0248046875    9.765625e-05               9               8
8000             254               1    0.0248046875    9.765625e-05               9               8
8100             254               1    0.0248046875    9.765625e-05               9               8
8200             254               1    0.0248046875    9.765625e-05               9               8
8300             254               1    0.0248046875    9.765625e-05               9               8
8400             254               1    0.0248046875    9.765625e-05               9               8
8500             254               1    0.0248046875    9.765625e-05               9               8
8600             254               1    0.0248046875    9.765625e-05               9               8
8700             254               1    0.0248046875    9.765625e-05               9               8
8800             254               1    0.0248046875    9.765625e-05               9               8
8900             254               1    0.0248046875    9.765625e-05               9               8
9000             256               0           0.025               0               9               9
9100             256               0           0.025               0               9               9
9200             256               0           0.025               0               9               9
9300             256               0           0.025               0               9               9
9400             256               0           0.025               0               9               9
9500             256               0           0.025               0               9               9
9600             256               0           0.025               0               9               9
9700             256               0           0.025               0               9               9
9800             256               0           0.025               0               9               9
9900             256               0           0.025               0               9               9
10000             256               0           0.025               0               9               9
10100             256               0           0.025               0               9               9
10200             256               0           0.025               0               9               9
10300             256               0           0.025               0               9               9
10400             256               0           0.025               0               9               9
10500             256               0           0.025               0               9               9
10600             256               0           0.025               0               9               9
10700             256               0           0.025               0               9               9
10800             256               0           0.025               0               9               9
10900             256               0           0.025               0               9               9
11000             256               0           0.025               0               9               9
11100             254               1    0.0248046875    9.765625e-05              10               9
11200             254               1    0.0248046875    9.765625e-05              10               9
11300             254               1    0.0248046875    9.765625e-05              10               9
11400             254               1    0.0248046875    9.765625e-05              10               9
11500             252               2     0.024609375    0.0001953125              11               9
11600             252               2     0.024609375    0.0001953125              11               9
11700             252               2     0.024609375    0.0001953125              11               9
11800             252               2     0.024609375    0.0001953125              11               9
11900             252               2     0.024609375    0.0001953125              11               9
12000             252               2     0.024609375    0.0001953125              11               9
12100             252               2     0.024609375    0.0001953125              11               9
12200             252               2     0.024609375    0.0001953125              11               9
12300             252               2     0.024609375    0.0001953125              11               9
12400             252               2     0.024609375    0.0001953125              11               9
12500             252               2     0.024609375    0.0001953125              11               9
12600             250               3    0.0244140625   0.00029296875              12               9
12700             250               3    0.0244140625   0.00029296875              12               9
12800             250               3    0.0244140625   0.00029296875              12               9
12900             250               3    0.0244140625   0.00029296875              12               9
13000             250               3    0.0244140625   0.00029296875              12               9
13100             250               3    0.0244140625   0.00029296875              12               9
13200             254               1    0.0248046875    9.765625e-05              12              11
13300             250               3    0.0244140625   0.00029296875              14              11
13400             250               3    0.0244140625   0.00029296875              14              11
13500             250               3    0.0244140625   0.00029296875              14              11
13600             250               3    0.0244140625   0.00029296875              14              11
13700             250               3    0.0244140625   0.00029296875              14              11
13800             250               3    0.0244140625   0.00029296875              14              11
13900             250               3    0.0244140625   0.00029296875              14              11
14000             250               3    0.0244140625   0.00029296875              14              11
14100             252               2     0.024609375    0.0001953125              14              12
14200             252               2     0.024609375    0.0001953125              14              12
14300             252               2     0.024609375    0.0001953125              14              12
14400             252               2     0.024609375    0.0001953125              14              12
14500             252               2     0.024609375    0.0001953125              14              12
14600             252               2     0.024609375    0.0001953125              14              12
14700             252               2     0.024609375    0.0001953125              14              12
14800             252               2     0.024609375    0.0001953125              14              12
14900             254               1    0.0248046875    9.765625e-05              14              13
15000             254               1    0.0248046875    9.765625e-05              14              13
15100             254               1    0.0248046875    9.765625e-05              14              13
15200             252               2     0.024609375    0.0001953125              15              13
15300             252               2     0.024609375    0.0001953125              15              13
15400             250               3    0.0244140625   0.00029296875              16              13
15500             250               3    0.0244140625   0.00029296875              16              13
15600             250               3    0.0244140625   0.00029296875              16              13
15700             250               3    0.0244140625   0.00029296875              16              13
15800             250               3    0.0244140625   0.00029296875              16              13
15900             250               3    0.0244140625   0.00029296875              16              13
16000             252               2     0.024609375    0.0001953125              16              14
16100             252               2     0.024609375    0.0001953125              16              14
16200             252               2     0.024609375    0.0001953125              16              14
16300             252               2     0.024609375    0.0001953125              16              14
16400             254               1    0.0248046875    9.765625e-05              16              15
16500             254               1    0.0248046875    9.765625e-05              16              15
16600             254               1    0.0248046875    9.765625e-05              16              15
16700             254               1    0.0248046875    9.765625e-05              16              15
16800             254               1    0.0248046875    9.765625e-05              16              15
16900             254               1    0.0248046875    9.765625e-05              16              15
17000             252               2     0.024609375    0.0001953125              17              15
17100             252               2     0.024609375    0.0001953125              17              15
17200             252               2     0.024609375    0.0001953125              17              15
17300             252               2     0.024609375    0.0001953125              17              15
17400             252               2     0.024609375    0.0001953125              17              15
17500             254               1    0.0248046875    9.765625e-05              17              16
17600             252               2     0.024609375    0.0001953125              18              16
17700             254               1    0.0248046875    9.765625e-05              18              17
17800             256               0           0.025               0              18              18
17900             256               0           0.025               0              18              18
18000             256               0           0.025               0              18              18
18100             256               0           0.025               0              18              18
18200             256               0           0.025               0              18              18
18300             256               0           0.025               0              18              18
18400             256               0           0.025               0              18              18
18500             254               1    0.0248046875    9.765625e-05              19              18
18600             254               1    0.0248046875    9.765625e-05              19              18
18700             254               1    0.0248046875    9.765625e-05              19              18
18800             254               1    0.0248046875    9.765625e-05              19              18
18900             254               1    0.0248046875    9.765625e-05              19              18
19000             254               1    0.0248046875    9.765625e-05              19              18
19100             254               1    0.0248046875    9.765625e-05              19              18
19200             254               1    0.0248046875    9.765625e-05              19              18
19300             254               1    0.0248046875    9.765625e-05              19              18
19400             254               1    0.0248046875    9.765625e-05              19              18
19500             254               1    0.0248046875    9.765625e-05              19              18
19600             254               1    0.0248046875    9.765625e-05              19              18
19700             254               1    0.0248046875    9.765625e-05              19              18
19800             254               1    0.0248046875    9.765625e-05              19              18
19900             254               1    0.0248046875    9.765625e-05              19              18
20000             254               1    0.0248046875    9.765625e-05              19              18
20100             254               1    0.0248046875    9.765625e-05              19              18
20200             254               1    0.0248046875    9.765625e-05              19              18
20300             254               1    0.0248046875    9.765625e-05              19              18
20400             254               1    0.0248046875    9.765625e-05              19              18
20500             254               1    0.0248046875    9.765625e-05              19              18
20600             254               1    0.0248046875    9.765625e-05              19              18
20700             254               1    0.0248046875    9.765625e-05              19              18
20800             254               1    0.0248046875    9.765625e-05              19              18
20900             254               1    0.0248046875    9.765625e-05              19              18
21000             254               1    0.0248046875    9.765625e-05              19              18
21100             254               1    0.0248046875    9.765625e-05              19              18
21200             254               1    0.0248046875    9.765625e-05              19              18
21300             256               0           0.025               0              19              19
21400             256               0           0.025               0              19              19
21500             256               0           0.025               0              19              19
21600             256               0           0.025               0              19              19
21700             256               0           0.025               0              19              19
21800             256               0           0.025               0              19              19
21900             256               0           0.025               0              19              19
22000             256               0           0.025               0              19              19
22100             256               0           0.025               0              19              19
22200             256               0           0.025               0              19              19
22300             256               0           0.025               0              19              19
22400             256               0           0.025               0              19              19
22500             256               0           0.025               0              19              19
22600             256               0           0.025               0              19              19
22700             256               0           0.025               0              19              19
22800             254               1    0.0248046875    9.765625e-05              20              19
22900             254               1    0.0248046875    9.765625e-05              20              19
23000             254               1    0.0248046875    9.765625e-05              20              19
23100             254               1    0.0248046875    9.765625e-05              20              19
23200             254               1    0.0248046875    9.765625e-05              20              19
23300             254               1    0.0248046875    9.765625e-05              20              19
23400             254               1    0.0248046875    9.765625e-05              20              19
23500             254               1    0.0248046875    9.765625e-05              20              19
23600             254               1    0.0248046875    9.765625e-05              20              19
23700             254               1    0.0248046875    9.765625e-05              20              19
23800             254               1    0.0248046875    9.765625e-05              20              19
23900             254               1    0.0248046875    9.765625e-05              20              19
24000             254               1    0.0248046875    9.765625e-05              20              19
24100             254               1    0.0248046875    9.765625e-05              20              19
24200             254               1    0.0248046875    9.765625e-05              20              19
24300             254               1    0.0248046875    9.765625e-05              20              19
24400             254               1    0.0248046875    9.765625e-05              20              19
24500             254               1    0.0248046875    9.765625e-05              20              19
24600             254               1    0.0248046875    9.765625e-05              20              19
24700             254               1    0.0248046875    9.765625e-05              20              19
24800             254               1    0.0248046875    9.765625e-05              20              19
24900             254               1    0.0248046875    9.765625e-05              20              19
25000             252               2     0.024609375    0.0001953125              21              19
25100             252               2     0.024609375    0.0001953125              21              19
25200             252               2     0.024609375    0.0001953125              21              19
25300             252               2     0.024609375    0.0001953125              21              19
25400             252               2     0.024609375    0.0001953125              21              19
25500             252               2     0.024609375    0.0001953125              21              19
25600             252               2     0.024609375    0.0001953125              22              20
25700             252               2     0.024609375    0.0001953125              22              20
25800             252               2     0.024609375    0.0001953125              22              20
25900             254               1    0.0248046875    9.765625e-05              22              21
26000             254               1    0.0248046875    9.765625e-05              22              21
26100             254               1    0.0248046875    9.765625e-05              22              21
26200             254               1    0.0248046875    9.765625e-05              22              21
26300             252               2     0.024609375    0.0001953125              23              21
26400             254               1    0.0248046875    9.765625e-05              23              22
26500             254               1    0.0248046875    9.765625e-05              23              22
26600             252               2     0.024609375    0.0001953125              24              22
26700             252               2     0.024609375    0.0001953125              24              22
26800             252               2     0.024609375    0.0001953125              24              22
26900             252               2     0.024609375    0.0001953125              24              22
27000             250               3    0.0244140625   0.00029296875              25              22
27100             248               4      0.02421875     0.000390625              26              22
27200             248               4      0.02421875     0.000390625              26              22
27300             248               4      0.02421875     0.000390625              26              22
27400             250               3    0.0244140625   0.00029296875              26              23
27500             250               3    0.0244140625   0.00029296875              26              23
27600             250               3    0.0244140625   0.00029296875              26              23
27700             250               3    0.0244140625   0.00029296875              26              23
27800             250               3    0.0244140625   0.00029296875              26              23
27900             250               3    0.0244140625   0.00029296875              27              24
28000             250               3    0.0244140625   0.00029296875              27              24
28100             250               3    0.0244140625   0.00029296875              27              24
28200             250               3    0.0244140625   0.00029296875              27              24
28300             250               3    0.0244140625   0.00029296875              27              24
28400             250               3    0.0244140625   0.00029296875              27              24
28500             250               3    0.0244140625   0.00029296875              27              24
28600             250               3    0.0244140625   0.00029296875              27              24
28700             250               3    0.0244140625   0.00029296875              27              24
28800             252               2     0.024609375    0.0001953125              27              25
28900             252               2     0.024609375    0.0001953125              27              25
29000             252               2     0.024609375    0.0001953125              27              25
29100             252               2     0.024609375    0.0001953125              27              25
29200             252               2     0.024609375    0.0001953125              27              25
29300             252               2     0.024609375    0.0001953125              27              25
29400             252               2     0.024609375    0.0001953125              27              25
29500             252               2     0.024609375    0.0001953125              27              25
29600             254               1    0.0248046875    9.765625e-05              27              26
29700             254               1    0.0248046875    9.765625e-05              27              26
29800             252               2     0.024609375    0.0001953125              28              26
29900             252               2     0.024609375    0.0001953125              28              26
30000             252               2     0.024609375    0.0001953125              28              26
30100             252               2     0.024609375    0.0001953125              28              26
30200             252               2     0.024609375    0.0001953125              28              26
30300             250               3    0.0244140625   0.00029296875              29              26
30400             250               3    0.0244140625   0.00029296875              29              26
30500             252               2     0.024609375    0.0001953125              29              27
30600             252               2     0.024609375    0.0001953125              29              27
30700             252               2     0.024609375    0.0001953125              29              27
30800             252               2     0.024609375    0.0001953125              29              27
30900             254               1    0.0248046875    9.765625e-05              29              28
31000             252               2     0.024609375    0.0001953125              30              28
31100             252               2     0.024609375    0.0001953125              30              28
31200             252               2     0.024609375    0.0001953125              30              28
31300             252               2     0.024609375    0.0001953125              30              28
31400             252               2     0.024609375    0.0001953125              31              29
31500             252               2     0.024609375    0.0001953125              31              29
31600             252               2     0.024609375    0.0001953125              31              29
31700             250               3    0.0244140625   0.00029296875              32              29
31800             250               3    0.0244140625   0.00029296875              32              29
31900             250               3    0.0244140625   0.00029296875              32              29
32000             250               3    0.0244140625   0.00029296875              32              29
32100             250               3    0.0244140625   0.00029296875              32              29
32200             250               3    0.0244140625   0.00029296875              32              29
32300             248               4      0.02421875     0.000390625              33              29
32400             248               4      0.02421875     0.000390625              33              29
32500             248               4      0.02421875     0.000390625              33              29
32600             248               4      0.02421875     0.000390625              33              29
32700             248               4      0.02421875     0.000390625              33              29
32800             248               4      0.02421875     0.000390625              33              29
32900             248               4      0.02421875     0.000390625              33              29
33000             252               2     0.024609375    0.0001953125              33              31
33100             252               2     0.024609375    0.0001953125              33              31
33200             252               2     0.024609375    0.0001953125              33              31
33300             252               2     0.024609375    0.0001953125              33              31
33400             254               1    0.0248046875    9.765625e-05              33              32
33500             254               1    0.0248046875    9.765625e-05              33              32
33600             254               1    0.0248046875    9.765625e-05              33              32
33700             254               1    0.0248046875    9.765625e-05              33              32
33800             254               1    0.0248046875    9.765625e-05              33              32
33900             254               1    0.0248046875    9.765625e-05              33              32
34000             252               2     0.024609375    0.0001953125              34              32
34100             252               2     0.024609375    0.0001953125              34              32
34200             252               2     0.024609375    0.0001953125              34              32
34300             252               2     0.024609375    0.0001953125              34              32
34400             252               2     0.024609375    0.0001953125              34              32
34500             252               2     0.024609375    0.0001953125              34              32
34600             252               2     0.024609375    0.0001953125              34              32
34700             254               1    0.0248046875    9.765625e-05              34              33
34800             254               1    0.0248046875    9.765625e-05              34              33
34900             254               1    0.0248046875    9.765625e-05              34              33
35000             254               1    0.0248046875    9.765625e-05              34              33
35100             254               1    0.0248046875    9.765625e-05              34              33
35200             252               2     0.024609375    0.0001953125              35              33
35300             250               3    0.0244140625   0.00029296875              36              33
35400             250               3    0.0244140625   0.00029296875              36              33
35500             250               3    0.0244140625   0.00029296875              36              33
35600             250               3    0.0244140625   0.00029296875              36              33
35700             250               3    0.0244140625   0.00029296875              36              33
35800             252               2     0.024609375    0.0001953125              36              34
35900             252               2     0.024609375    0.0001953125              36              34
36000             252               2     0.024609375    0.0001953125              36              34
36100             252               2     0.024609375    0.0001953125              37              35
36200             252               2     0.024609375    0.0001953125              37              35
36300             252               2     0.024609375    0.0001953125              37              35
36400             252               2     0.024609375    0.0001953125              37              35
36500             252               2     0.024609375    0.0001953125              37              35
36600             254               1    0.0248046875    9.765625e-05              37              36
36700             254               1    0.0248046875    9.765625e-05              37              36
36800             254               1    0.0248046875    9.765625e-05              37              36
36900             254               1    0.0248046875    9.765625e-05              37              36
37000             252               2     0.024609375    0.0001953125              38              36
37100             252               2     0.024609375    0.0001953125              38              36
37200             250               3    0.0244140625   0.00029296875              39              36
37300             248               4      0.02421875     0.000390625              40              36
37400             250               3    0.0244140625   0.00029296875              40              37
37500             250               3    0.0244140625   0.00029296875              40              37
37600             250               3    0.0244140625   0.00029296875              40              37
37700             252               2     0.024609375    0.0001953125              40              38
37800             254               1    0.0248046875    9.765625e-05              40              39
37900             256               0           0.025               0              40              40
38000             256               0           0.025               0              40              40
38100             256               0           0.025               0              40              40
38200             254               1    0.0248046875    9.765625e-05              41              40
38300             254               1    0.0248046875    9.765625e-05              41              40
38400             252               2     0.024609375    0.0001953125              42              40
38500             250               3    0.0244140625   0.00029296875              43              40
38600             250               3    0.0244140625   0.00029296875              43              40
38700             250               3    0.0244140625   0.00029296875              43              40
38800             250               3    0.0244140625   0.00029296875              43              40
38900             250               3    0.0244140625   0.00029296875              43              40
39000             250               3    0.0244140625   0.00029296875              43              40
39100             250               3    0.0244140625   0.00029296875              44              41
39200             250               3    0.0244140625   0.00029296875              44              41
39300             250               3    0.0244140625   0.00029296875              44              41
39400             250               3    0.0244140625   0.00029296875              44              41
39500             250               3    0.0244140625   0.00029296875              44              41
39600             250               3    0.0244140625   0.00029296875              44              41
39700             250               3    0.0244140625   0.00029296875              44              41
39800             250               3    0.0244140625   0.00029296875              44              41
39900             250               3    0.0244140625   0.00029296875              44              41
40000             250               3    0.0244140625   0.00029296875              44              41
40100             250               3    0.0244140625   0.00029296875              44              41
40200             250               3    0.0244140625   0.00029296875              44              41
40300             250               3    0.0244140625   0.00029296875              44              41
40400             250               3    0.0244140625   0.00029296875              44              41
40500             250               3    0.0244140625   0.00029296875              44              41
40600             250               3    0.0244140625   0.00029296875              44              41
40700             252               2     0.024609375    0.0001953125              44              42
40800             252               2     0.024609375    0.0001953125              44              42
40900             252               2     0.024609375    0.0001953125              44              42
41000             252               2     0.024609375    0.0001953125              44              42
41100             252               2     0.024609375    0.0001953125              44              42
41200             252               2     0.024609375    0.0001953125              44              42
41300             254               1    0.0248046875    9.765625e-05              44              43
41400             254               1    0.0248046875    9.765625e-05              44              43
41500             254               1    0.0248046875    9.765625e-05              44              43
41600             254               1    0.0248046875    9.765625e-05              44              43
41700             254               1    0.0248046875    9.765625e-05              44              43
41800             254               1    0.0248046875    9.765625e-05              44              43
41900             254               1    0.0248046875    9.765625e-05              44              43
42000             254               1    0.0248046875    9.765625e-05              44              43
42100             254               1    0.0248046875    9.765625e-05              44              43
42200             254               1    0.0248046875    9.765625e-05              44              43
42300             254               1    0.0248046875    9.765625e-05              44              43
42400             252               2     0.024609375    0.0001953125              45              43
42500             252               2     0.024609375    0.0001953125              45              43
42600             252               2     0.024609375    0.0001953125              45              43
42700             252               2     0.024609375    0.0001953125              45              43
42800             252               2     0.024609375    0.0001953125              45              43
42900             252               2     0.024609375    0.0001953125              45              43
43000             252               2     0.024609375    0.0001953125              45              43
43100             252               2     0.024609375    0.0001953125              45              43
43200             252               2     0.024609375    0.0001953125              45              43
43300             252               2     0.024609375    0.0001953125              45              43
43400             252               2     0.024609375    0.0001953125              45              43
43500             252               2     0.024609375    0.0001953125              45              43
43600             250               3    0.0244140625   0.00029296875              46              43
43700             250               3    0.0244140625   0.00029296875              46              43
43800             250               3    0.0244140625   0.00029296875              46              43
43900             250               3    0.0244140625   0.00029296875              46              43
44000             252               2     0.024609375    0.0001953125              46              44
44100             252               2     0.024609375    0.0001953125              46              44
44200             252               2     0.024609375    0.0001953125              46              44
44300             252               2     0.024609375    0.0001953125              46              44
44400             252               2     0.024609375    0.0001953125              46              44
44500             252               2     0.024609375    0.0001953125              46              44
44600             252               2     0.024609375    0.0001953125              46              44
44700             254               1    0.0248046875    9.765625e-05              46              45
44800             254               1    0.0248046875    9.765625e-05              46              45
44900             254               1    0.0248046875    9.765625e-05              46              45
45000             254               1    0.0248046875    9.765625e-05              46              45
45100             254               1    0.0248046875    9.765625e-05              46              45
45200             254               1    0.0248046875    9.765625e-05              46              45
45300             254               1    0.0248046875    9.765625e-05              46              45
45400             254               1    0.0248046875    9.765625e-05              46              45
45500             254               1    0.0248046875    9.765625e-05              46              45
45600             254               1    0.0248046875    9.765625e-05              46              45
45700             254               1    0.0248046875    9.765625e-05              46              45
45800             254               1    0.0248046875    9.765625e-05              46              45
45900             254               1    0.0248046875    9.765625e-05              46              45
46000             254               1    0.0248046875    9.765625e-05              46              45
46100             254               1    0.0248046875    9.765625e-05              46              45
46200             252               2     0.024609375    0.0001953125              47              45
46300             252               2     0.024609375    0.0001953125              47              45
46400             252               2     0.024609375    0.0001953125              47              45
46500             252               2     0.024609375    0.0001953125              47              45
46600             252               2     0.024609375    0.0001953125              47              45
46700             252               2     0.024609375    0.0001953125              47              45
46800             250               3    0.0244140625   0.00029296875              48              45
46900             250               3    0.0244140625   0.00029296875              48              45
47000             250               3    0.0244140625   0.00029296875              48              45
47100             250               3    0.0244140625   0.00029296875              48              45
47200             250               3    0.0244140625   0.00029296875              48              45
47300             250               3    0.0244140625   0.00029296875              48              45
47400             250               3    0.0244140625   0.00029296875              48              45
47500             252               2     0.024609375    0.0001953125              48              46
47600             252               2     0.024609375    0.0001953125              48              46
47700             252               2     0.024609375    0.0001953125              48              46
47800             252               2     0.024609375    0.0001953125              48              46
47900             252               2     0.024609375    0.0001953125              48              46
48000             252               2     0.024609375    0.0001953125              48              46
48100             252               2     0.024609375    0.0001953125              48              46
48200             254               1    0.0248046875    9.765625e-05              48              47
48300             254               1    0.0248046875    9.765625e-05              48              47
48400             254               1    0.0248046875    9.765625e-05              48              47
48500             254               1    0.0248046875    9.765625e-05              48              47
48600             252               2     0.024609375    0.0001953125              49              47
48700             252               2     0.024609375    0.0001953125              49              47
48800             252               2     0.024609375    0.0001953125              49              47
48900             254               1    0.0248046875    9.765625e-05              49              48
49000             252               2     0.024609375    0.0001953125              50              48
49100             254               1    0.0248046875    9.765625e-05              50              49
49200             252               2     0.024609375    0.0001953125              51              49
49300             252               2     0.024609375    0.0001953125              51              49
49400             252               2     0.024609375    0.0001953125              51              49
49500             250               3    0.0244140625   0.00029296875              52              49
49600             250               3    0.0244140625   0.00029296875              52              49
49700             252               2     0.024609375    0.0001953125              52              50
49800             252               2     0.024609375    0.0001953125              52              50
49900             252               2     0.024609375    0.0001953125              52              50
50000             254               1    0.0248046875    9.765625e-05              52              51
50100             254               1    0.0248046875    9.765625e-05              52              51
50200             254               1    0.0248046875    9.765625e-05              52              51
50300             254               1    0.0248046875    9.765625e-05              52              51
50400             254               1    0.0248046875    9.765625e-05              52              51
50500             254               1    0.0248046875    9.765625e-05              52              51
50600             254               1    0.0248046875    9.765625e-05              52              51
50700             254               1    0.0248046875    9.765625e-05              52              51
50800             254               1    0.0248046875    9.765625e-05              52              51
50900             254               1    0.0248046875    9.765625e-05              52              51
51000             254               1    0.0248046875    9.765625e-05              52              51
51100             254               1    0.0248046875    9.765625e-05              52              51
51200             254               1    0.0248046875    9.765625e-05              52              51
51300             254               1    0.0248046875    9.765625e-05              52              51
51400             250               3    0.0244140625   0.00029296875              54              51
51500             250               3    0.0244140625   0.00029296875              54              51
51600             250               3    0.0244140625   0.00029296875              54              51
51700             252               2     0.024609375    0.0001953125              54              52
51800             250               3    0.0244140625   0.00029296875              55              52
51900             252               2     0.024609375    0.0001953125              55              53
52000             250               3    0.0244140625   0.00029296875              56              53
52100             248               4      0.02421875     0.000390625              57              53
52200             248               4      0.02421875     0.000390625              57              53
52300             248               4      0.02421875     0.000390625              57              53
52400             248               4      0.02421875     0.000390625              57              53
52500             248               4      0.02421875     0.000390625              57              53
52600             248               4      0.02421875     0.000390625              57              53
52700             250               3    0.0244140625   0.00029296875              57              54
52800             252               2     0.024609375    0.0001953125              57              55
52900             250               3    0.0244140625   0.00029296875              58              55
53000             250               3    0.0244140625   0.00029296875              58              55
53100             252               2     0.024609375    0.0001953125              58              56
53200             252               2     0.024609375    0.0001953125              58              56
53300             252               2     0.024609375    0.0001953125              58              56
53400             252               2     0.024609375    0.0001953125              58              56
53500             252               2     0.024609375    0.0001953125              58              56
53600             252               2     0.024609375    0.0001953125              58              56
53700             252               2     0.024609375    0.0001953125              58              56
53800             252               2     0.024609375    0.0001953125              58              56
53900             252               2     0.024609375    0.0001953125              58              56
54000             254               1    0.0248046875    9.765625e-05              58              57
54100             252               2     0.024609375    0.0001953125              59              57
54200             252               2     0.024609375    0.0001953125              59              57
54300             252               2     0.024609375    0.0001953125              59              57
54400             252               2     0.024609375    0.0001953125              59              57
54500             252               2     0.024609375    0.0001953125              59              57
54600             252               2     0.024609375    0.0001953125              59              57
54700             252               2     0.024609375    0.0001953125              59              57
54800             254               1    0.0248046875    9.765625e-05              59              58
54900             254               1    0.0248046875    9.765625e-05              59              58
55000             254               1    0.0248046875    9.765625e-05              59              58
55100             254               1    0.0248046875    9.765625e-05              59              58
55200             254               1    0.0248046875    9.765625e-05              59              58
55300             254               1    0.0248046875    9.765625e-05              59              58
55400             254               1    0.0248046875    9.765625e-05              59              58
55500             254               1    0.0248046875    9.765625e-05              59              58
55600             254               1    0.0248046875    9.765625e-05              59              58
55700             252               2     0.024609375    0.0001953125              60              58
55800             252               2     0.024609375    0.0001953125              60              58
55900             252               2     0.024609375    0.0001953125              60              58
56000             254               1    0.0248046875    9.765625e-05              60              59
56100             254               1    0.0248046875    9.765625e-05              60              59
56200             254               1    0.0248046875    9.765625e-05              60              59
56300             254               1    0.0248046875    9.765625e-05              60              59
56400             254               1    0.0248046875    9.765625e-05              60              59
56500             254               1    0.0248046875    9.765625e-05              60              59
56600             254               1    0.0248046875    9.765625e-05              60              59
56700             254               1    0.0248046875    9.765625e-05              60              59
56800             254               1    0.0248046875    9.765625e-05              60              59
56900             254               1    0.0248046875    9.765625e-05              60              59
57000             256               0           0.025               0              60              60
57100             256               0           0.025               0              60              60
57200             256               0           0.025               0              60              60
57300             256               0           0.025               0              60              60
57400             254               1    0.0248046875    9.765625e-05              61              60
57500             254               1    0.0248046875    9.765625e-05              61              60
57600             252               2     0.024609375    0.0001953125              62              60
57700             252               2     0.024609375    0.0001953125              62              60
57800             252               2     0.024609375    0.0001953125              62              60
57900             254               1    0.0248046875    9.765625e-05              62              61
58000             254               1    0.0248046875    9.765625e-05              62              61
58100             254               1    0.0248046875    9.765625e-05              62              61
58200             254               1    0.0248046875    9.765625e-05              62              61
58300             254               1    0.0248046875    9.765625e-05              62              61
58400             254               1    0.0248046875    9.765625e-05              62              61
58500             252               2     0.024609375    0.0001953125              63              61
58600             252               2     0.024609375    0.0001953125              63              61
58700             252               2     0.024609375    0.0001953125              63              61
58800             250               3    0.0244140625   0.00029296875              64              61
58900             250               3    0.0244140625   0.00029296875              64              61
59000             250               3    0.0244140625   0.00029296875              64              61
59100             250               3    0.0244140625   0.00029296875              64              61
59200             248               4      0.02421875     0.000390625              65              61
59300             246               5    0.0240234375   0.00048828125              66              61
59400             246               5    0.0240234375   0.00048828125              66              61
59500             246               5    0.0240234375   0.00048828125              66              61
59600             246               5    0.0240234375   0.00048828125              66              61
59700             246               5    0.0240234375   0.00048828125              66              61
59800             248               4      0.02421875     0.000390625              66              62
59900             248               4      0.02421875     0.000390625              66              62
60000             248               4      0.02421875     0.000390625              66              62
60100             248               4      0.02421875     0.000390625              66              62
60200             248               4      0.02421875     0.000390625              66              62
60300             248               4      0.02421875     0.000390625              66              62
60400             248               4      0.02421875     0.000390625              66              62
60500             248               4      0.02421875     0.000390625              66              62
60600             248               4      0.02421875     0.000390625              66              62
60700             248               4      0.02421875     0.000390625              66              62
60800             248               4      0.02421875     0.000390625              66              62
60900             248               4      0.02421875     0.000390625              66              62
61000             248               4      0.02421875     0.000390625              66              62
61100             248               4      0.02421875     0.000390625              66              62
61200             248               4      0.02421875     0.000390625              66              62
61300             246               5    0.0240234375   0.00048828125              67              62
61400             244               6     0.023828125    0.0005859375              68              62
61500             244               6     0.023828125    0.0005859375              68              62
61600             244               6     0.023828125    0.0005859375              68              62
61700             244               6     0.023828125    0.0005859375              68              62
61800             244               6     0.023828125    0.0005859375              68              62
61900             246               5    0.0240234375   0.00048828125              68              63
62000             246               5    0.0240234375   0.00048828125              68              63
62100             246               5    0.0240234375   0.00048828125              68              63
62200             246               5    0.0240234375   0.00048828125              68              63
62300             246               5    0.0240234375   0.00048828125              68              63
62400             248               4      0.02421875     0.000390625              68              64
62500             252               2     0.024609375    0.0001953125              68              66
62600             252               2     0.024609375    0.0001953125              68              66
62700             252               2     0.024609375    0.0001953125              68              66
62800             252               2     0.024609375    0.0001953125              68              66
62900             250               3    0.0244140625   0.00029296875              69              66
63000             252               2     0.024609375    0.0001953125              69              67
63100             250               3    0.0244140625   0.00029296875              70              67
63200             252               2     0.024609375    0.0001953125              70              68
63300             252               2     0.024609375    0.0001953125              70              68
63400             252               2     0.024609375    0.0001953125              70              68
63500             252               2     0.024609375    0.0001953125              70              68
63600             252               2     0.024609375    0.0001953125              70              68
63700             250               3    0.0244140625   0.00029296875              71              68
63800             250               3    0.0244140625   0.00029296875              71              68
63900             248               4      0.02421875     0.000390625              73              69
64000             248               4      0.02421875     0.000390625              73              69
64100             250               3    0.0244140625   0.00029296875              73              70
64200             250               3    0.0244140625   0.00029296875              73              70
64300             252               2     0.024609375    0.0001953125              73              71
64400             252               2     0.024609375    0.0001953125              73              71
64500             252               2     0.024609375    0.0001953125              73              71
64600             250               3    0.0244140625   0.00029296875              74              71
64700             250               3    0.0244140625   0.00029296875              74              71
64800             252               2     0.024609375    0.0001953125              74              72
64900             252               2     0.024609375    0.0001953125              74              72
65000             252               2     0.024609375    0.0001953125              74              72
65100             252               2     0.024609375    0.0001953125              74              72
65200             252               2     0.024609375    0.0001953125              74              72
65300             252               2     0.024609375    0.0001953125              74              72
65400             252               2     0.024609375    0.0001953125              74              72
65500             252               2     0.024609375    0.0001953125              74              72
65600             252               2     0.024609375    0.0001953125              74              72
65700             252               2     0.024609375    0.0001953125              74              72
65800             252               2     0.024609375    0.0001953125              74              72
65900             252               2     0.024609375    0.0001953125              74              72
66000             252               2     0.024609375    0.0001953125              74              72
66100             252               2     0.024609375    0.0001953125              74              72
66200             252               2     0.024609375    0.0001953125              74              72
66300             252               2     0.024609375    0.0001953125              75              73
66400             252               2     0.024609375    0.0001953125              75              73
66500             252               2     0.024609375    0.0001953125              75              73
66600             252               2     0.024609375    0.0001953125              75              73
66700             252               2     0.024609375    0.0001953125              75              73
66800             254               1    0.0248046875    9.765625e-05              75              74
66900             254               1    0.0248046875    9.765625e-05              75              74
67000             254               1    0.0248046875    9.765625e-05              75              74
67100             252               2     0.024609375    0.0001953125              76              74
67200             250               3    0.0244140625   0.00029296875              77              74
67300             250               3    0.0244140625   0.00029296875              77              74
67400             252               2     0.024609375    0.0001953125              77              75
67500             250               3    0.0244140625   0.00029296875              78              75
67600             248               4      0.02421875     0.000390625              79              75
67700             248               4      0.02421875     0.000390625              79              75
67800             246               5    0.0240234375   0.00048828125              80              75
67900             248               4      0.02421875     0.000390625              80              76
68000             246               5    0.0240234375   0.00048828125              81              76
68100             248               4      0.02421875     0.000390625              81              77
68200             248               4      0.02421875     0.000390625              81              77
68300             248               4      0.02421875     0.000390625              81              77
68400             248               4      0.02421875     0.000390625              81              77
68500             250               3    0.0244140625   0.00029296875              81              78
68600             248               4      0.02421875     0.000390625              82              78
68700             250               3    0.0244140625   0.00029296875              82              79
68800             248               4      0.02421875     0.000390625              83              79
68900             248               4      0.02421875     0.000390625              83              79
69000             250               3    0.0244140625   0.00029296875              83              80
69100             252               2     0.024609375    0.0001953125              83              81
69200             252               2     0.024609375    0.0001953125              83              81
69300             252               2     0.024609375    0.0001953125              83              81
69400             252               2     0.024609375    0.0001953125              83              81
69500             252               2     0.024609375    0.0001953125              83              81
69600             252               2     0.024609375    0.0001953125              83              81
69700             254               1    0.0248046875    9.765625e-05              83              82
69800             254               1    0.0248046875    9.765625e-05              83              82
69900             254               1    0.0248046875    9.765625e-05              83              82
70000             254               1    0.0248046875    9.765625e-05              83              82
70100             254               1    0.0248046875    9.765625e-05              83              82
70200             252               2     0.024609375    0.0001953125              84              82
70300             252               2     0.024609375    0.0001953125              84              82
70400             252               2     0.024609375    0.0001953125              84              82
70500             252               2     0.024609375    0.0001953125              84              82
70600             252               2     0.024609375    0.0001953125              84              82
70700             252               2     0.024609375    0.0001953125              84              82
70800             252               2     0.024609375    0.0001953125              84              82
70900             252               2     0.024609375    0.0001953125              84              82
71000             252               2     0.024609375    0.0001953125              84              82
71100             250               3    0.0244140625   0.00029296875              85              82
71200             250               3    0.0244140625   0.00029296875              85              82
71300             250               3    0.0244140625   0.00029296875              85              82
71400             250               3    0.0244140625   0.00029296875              85              82
71500             252               2     0.024609375    0.0001953125              85              83
71600             252               2     0.024609375    0.0001953125              85              83
71700             252               2     0.024609375    0.0001953125              85              83
71800             252               2     0.024609375    0.0001953125              85              83
71900             250               3    0.0244140625   0.00029296875              86              83
72000             248               4      0.02421875     0.000390625              87              83
72100             248               4      0.02421875     0.000390625              87              83
72200             250               3    0.0244140625   0.00029296875              87              84
72300             250               3    0.0244140625   0.00029296875              87              84
72400             252               2     0.024609375    0.0001953125              87              85
72500             252               2     0.024609375    0.0001953125              87              85
72600             252               2     0.024609375    0.0001953125              87              85
72700             252               2     0.024609375    0.0001953125              87              85
72800             252               2     0.024609375    0.0001953125              87              85
72900             252               2     0.024609375    0.0001953125              87              85
73000             254               1    0.0248046875    9.765625e-05              87              86
73100             254               1    0.0248046875    9.765625e-05              87              86
73200             254               1    0.0248046875    9.765625e-05              87              86
73300             254               1    0.0248046875    9.765625e-05              87              86
73400             254               1    0.0248046875    9.765625e-05              87              86
73500             254               1    0.0248046875    9.765625e-05              87              86
73600             254               1    0.0248046875    9.765625e-05              87              86
73700             254               1    0.0248046875    9.765625e-05              87              86
73800             254               1    0.0248046875    9.765625e-05              87              86
73900             256               0           0.025               0              87              87
74000             256               0           0.025               0              87              87
74100             256               0           0.025               0              87              87
74200             256               0           0.025               0              87              87
74300             256               0           0.025               0              87              87
74400             254               1    0.0248046875    9.765625e-05              88              87
74500             254               1    0.0248046875    9.765625e-05              88              87
74600             254               1    0.0248046875    9.765625e-05              88              87
74700             252               2     0.024609375    0.0001953125              89              87
74800             252               2     0.024609375    0.0001953125              89              87
74900             252               2     0.024609375    0.0001953125              89              87
75000             250               3    0.0244140625   0.00029296875              90              87
75100             250               3    0.0244140625   0.00029296875              90              87
75200             250               3    0.0244140625   0.00029296875              90              87
75300             250               3    0.0244140625   0.00029296875              90              87
75400             250               3    0.0244140625   0.00029296875              90              87
75500             250               3    0.0244140625   0.00029296875              90              87
75600             250               3    0.0244140625   0.00029296875              90              87
75700             250               3    0.0244140625   0.00029296875              90              87
75800             250               3    0.0244140625   0.00029296875              90              87
75900             248               4      0.02421875     0.000390625              91              87
76000             248               4      0.02421875     0.000390625              91              87
76100             248               4      0.02421875     0.000390625              91              87
76200             248               4      0.02421875     0.000390625              91              87
76300             248               4      0.02421875     0.000390625              91              87
76400             250               3    0.0244140625   0.00029296875              91              88
76500             252               2     0.024609375    0.0001953125              91              89
76600             250               3    0.0244140625   0.00029296875              92              89
76700             250               3    0.0244140625   0.00029296875              92              89
76800             248               4      0.02421875     0.000390625              93              89
76900             248               4      0.02421875     0.000390625              93              89
77000             250               3    0.0244140625   0.00029296875              93              90
77100             250               3    0.0244140625   0.00029296875              93              90
77200             248               4      0.02421875     0.000390625              94              90
77300             248               4      0.02421875     0.000390625              94              90
77400             248               4      0.02421875     0.000390625              94              90
77500             248               4      0.02421875     0.000390625              94              90
77600             248               4      0.02421875     0.000390625              94              90
77700             248               4      0.02421875     0.000390625              94              90
77800             248               4      0.02421875     0.000390625              94              90
77900             250               3    0.0244140625   0.00029296875              94              91
78000             250               3    0.0244140625   0.00029296875              94              91
78100             250               3    0.0244140625   0.00029296875              94              91
78200             250               3    0.0244140625   0.00029296875              94              91
78300             252               2     0.024609375    0.0001953125              94              92
78400             250               3    0.0244140625   0.00029296875              95              92
78500             250               3    0.0244140625   0.00029296875              95              92
78600             250               3    0.0244140625   0.00029296875              95              92
78700             250               3    0.0244140625   0.00029296875              95              92
78800             252               2     0.024609375    0.0001953125              95              93
78900             252               2     0.024609375    0.0001953125              95              93
79000             252               2     0.024609375    0.0001953125              95              93
79100             252               2     0.024609375    0.0001953125              95              93
79200             252               2     0.024609375    0.0001953125              95              93
79300             254               1    0.0248046875    9.765625e-05              95              94
79400             254               1    0.0248046875    9.765625e-05              95              94
79500             252               2     0.024609375    0.0001953125              96              94
79600             252               2     0.024609375    0.0001953125              96              94
79700             252               2     0.024609375    0.0001953125              96              94
79800             252               2     0.024609375    0.0001953125              96              94
79900             252               2     0.024609375    0.0001953125              96              94
80000             252               2     0.024609375    0.0001953125              96              94
80100             252               2     0.024609375    0.0001953125              96              94
80200             252               2     0.024609375    0.0001953125              96              94
80300             252               2     0.024609375    0.0001953125              96              94
80400             252               2     0.024609375    0.0001953125              96              94
80500             254               1    0.0248046875    9.765625e-05              96              95
80600             254               1    0.0248046875    9.765625e-05              96              95
80700             254               1    0.0248046875    9.765625e-05              96              95
80800             254               1    0.0248046875    9.765625e-05              96              95
80900             254               1    0.0248046875    9.765625e-05              96              95
81000             254               1    0.0248046875    9.765625e-05              96              95
81100             254               1    0.0248046875    9.765625e-05              96              95
81200             254               1    0.0248046875    9.765625e-05              96              95
81300             254               1    0.0248046875    9.765625e-05              96              95
81400             254               1    0.0248046875    9.765625e-05              96              95
81500             254               1    0.0248046875    9.765625e-05              96              95
81600             254               1    0.0248046875    9.765625e-05              96              95
81700             252               2     0.024609375    0.0001953125              97              95
81800             254               1    0.0248046875    9.765625e-05              97              96
81900             254               1    0.0248046875    9.765625e-05              97              96
82000             254               1    0.0248046875    9.765625e-05              97              96
82100             254               1    0.0248046875    9.765625e-05              97              96
82200             254               1    0.0248046875    9.765625e-05              97              96
82300             252               2     0.024609375    0.0001953125              98              96
82400             252               2     0.024609375    0.0001953125              98              96
82500             252               2     0.024609375    0.0001953125              98              96
82600             252               2     0.024609375    0.0001953125              98              96
82700             252               2     0.024609375    0.0001953125              98              96
82800             254               1    0.0248046875    9.765625e-05              98              97
82900             254               1    0.0248046875    9.765625e-05              98              97
83000             252               2     0.024609375    0.0001953125              99              97
83100             250               3    0.0244140625   0.00029296875             100              97
83200             248               4      0.02421875     0.000390625             101              97
83300             248               4      0.02421875     0.000390625             101              97
83400             248               4      0.02421875     0.000390625             101              97
83500             248               4      0.02421875     0.000390625             101              97
83600             248               4      0.02421875     0.000390625             101              97
83700             248               4      0.02421875     0.000390625             101              97
83800             248               4      0.02421875     0.000390625             102              98
83900             248               4      0.02421875     0.000390625             102              98
84000             248               4      0.02421875     0.000390625             102              98
84100             248               4      0.02421875     0.000390625             102              98
84200             248               4      0.02421875     0.000390625             102              98
84300             248               4      0.02421875     0.000390625             102              98
84400             248               4      0.02421875     0.000390625             102              98
84500             250               3    0.0244140625   0.00029296875             102              99
84600             246               5    0.0240234375   0.00048828125             104              99
84700             246               5    0.0240234375   0.00048828125             104              99
84800             246               5    0.0240234375   0.00048828125             104              99
84900             246               5    0.0240234375   0.00048828125             104              99
85000             246               5    0.0240234375   0.00048828125             104              99
85100             246               5    0.0240234375   0.00048828125             104              99
85200             248               4      0.02421875     0.000390625             104             100
85300             246               5    0.0240234375   0.00048828125             105             100
85400             246               5    0.0240234375   0.00048828125             105             100
85500             246               5    0.0240234375   0.00048828125             105             100
85600             248               4      0.02421875     0.000390625             105             101
85700             248               4      0.02421875     0.000390625             105             101
85800             248               4      0.02421875     0.000390625             105             101
85900             248               4      0.02421875     0.000390625             105             101
86000             250               3    0.0244140625   0.00029296875             105             102
86100             248               4      0.02421875     0.000390625             106             102
86200             250               3    0.0244140625   0.00029296875             106             103
86300             250               3    0.0244140625   0.00029296875             106             103
86400             250               3    0.0244140625   0.00029296875             106             103
86500             250               3    0.0244140625   0.00029296875             106             103
86600             250               3    0.0244140625   0.00029296875             106             103
86700             250               3    0.0244140625   0.00029296875             106             103
86800             250               3    0.0244140625   0.00029296875             106             103
86900             250               3    0.0244140625   0.00029296875             106             103
87000             252               2     0.024609375    0.0001953125             106             104
87100             254               1    0.0248046875    9.765625e-05             106             105
87200             254               1    0.0248046875    9.765625e-05             106             105
87300             254               1    0.0248046875    9.765625e-05             106             105
87400             254               1    0.0248046875    9.765625e-05             106             105
87500             254               1    0.0248046875    9.765625e-05             106             105
87600             254               1    0.0248046875    9.765625e-05             106             105
87700             254               1    0.0248046875    9.765625e-05             106             105
87800             254               1    0.0248046875    9.765625e-05             106             105
87900             254               1    0.0248046875    9.765625e-05             106             105
88000             254               1    0.0248046875    9.765625e-05             106             105
88100             254               1    0.0248046875    9.765625e-05             106             105
88200             254               1    0.0248046875    9.765625e-05             106             105
88300             254               1    0.0248046875    9.765625e-05             106             105
88400             254               1    0.0248046875    9.765625e-05             106             105
88500             254               1    0.0248046875    9.765625e-05             106             105
88600             254               1    0.0248046875    9.765625e-05             106             105
88700             254               1    0.0248046875    9.765625e-05             106             105
88800             254               1    0.0248046875    9.765625e-05             106             105
88900             256               0           0.025               0             106             106
89000             256               0           0.025               0             106             106
89100             256               0           0.025               0             106             106
89200             256               0           0.025               0             106             106
89300             254               1    0.0248046875    9.765625e-05             107             106
89400             254               1    0.0248046875    9.765625e-05             107             106
89500             254               1    0.0248046875    9.765625e-05             107             106
89600             254               1    0.0248046875    9.765625e-05             107             106
89700             254               1    0.0248046875    9.765625e-05             107             106
89800             254               1    0.0248046875    9.765625e-05             107             106
89900             254               1    0.0248046875    9.765625e-05             107             106
90000             254               1    0.0248046875    9.765625e-05             107             106
90100             254               1    0.0248046875    9.765625e-05             107             106
90200             254               1    0.0248046875    9.765625e-05             107             106
90300             254               1    0.0248046875    9.765625e-05             107             106
90400             254               1    0.0248046875    9.765625e-05             107             106
90500             254               1    0.0248046875    9.765625e-05             107             106
90600             254               1    0.0248046875    9.765625e-05             107             106
90700             254               1    0.0248046875    9.765625e-05             107             106
90800             254               1    0.0248046875    9.765625e-05             107             106
90900             252               2     0.024609375    0.0001953125             108             106
91000             252               2     0.024609375    0.0001953125             108             106
91100             252               2     0.024609375    0.0001953125             108             106
91200             252               2     0.024609375    0.0001953125             108             106
91300             252               2     0.024609375    0.0001953125             108             106
91400             252               2     0.024609375    0.0001953125             108             106
91500             252               2     0.024609375    0.0001953125             108             106
91600             252               2     0.024609375    0.0001953125             108             106
91700             250               3    0.0244140625   0.00029296875             109             106
91800             250               3    0.0244140625   0.00029296875             109             106
91900             250               3    0.0244140625   0.00029296875             109             106
92000             248               4      0.02421875     0.000390625             110             106
92100             248               4      0.02421875     0.000390625             110             106
92200             246               5    0.0240234375   0.00048828125             111             106
92300             246               5    0.0240234375   0.00048828125             111             106
92400             246               5    0.0240234375   0.00048828125             111             106
92500             246               5    0.0240234375   0.00048828125             111             106
92600             246               5    0.0240234375   0.00048828125             112             107
92700             248               4      0.02421875     0.000390625             112             108
92800             248               4      0.02421875     0.000390625             112             108
92900             248               4      0.02421875     0.000390625             112             108
93000             250               3    0.0244140625   0.00029296875             112             109
93100             252               2     0.024609375    0.0001953125             112             110
93200             252               2     0.024609375    0.0001953125             112             110
93300             252               2     0.024609375    0.0001953125             112             110
93400             254               1    0.0248046875    9.765625e-05             112             111
93500             254               1    0.0248046875    9.765625e-05             112             111
93600             254               1    0.0248046875    9.765625e-05             112             111
93700             254               1    0.0248046875    9.765625e-05             112             111
93800             254               1    0.0248046875    9.765625e-05             112             111
93900             254               1    0.0248046875    9.765625e-05             112             111
94000             254               1    0.0248046875    9.765625e-05             112             111
94100             254               1    0.0248046875    9.765625e-05             112             111
94200             254               1    0.0248046875    9.765625e-05             112             111
94300             254               1    0.0248046875    9.765625e-05             112             111
94400             254               1    0.0248046875    9.765625e-05             112             111
94500             254               1    0.0248046875    9.765625e-05             112             111
94600             254               1    0.0248046875    9.765625e-05             112             111
94700             254               1    0.0248046875    9.765625e-05             112             111
94800             254               1    0.0248046875    9.765625e-05             112             111
94900             254               1    0.0248046875    9.765625e-05             112             111
95000             252               2     0.024609375    0.0001953125             113             111
95100             252               2     0.024609375    0.0001953125             113             111
95200             252               2     0.024609375    0.0001953125             113             111
95300             252               2     0.024609375    0.0001953125             113             111
95400             252               2     0.024609375    0.0001953125             113             111
95500             252               2     0.024609375    0.0001953125             113             111
95600             252               2     0.024609375    0.0001953125             113             111
95700             250               3    0.0244140625   0.00029296875             114             111
95800             250               3    0.0244140625   0.00029296875             114             111
95900             252               2     0.024609375    0.0001953125             114             112
96000             252               2     0.024609375    0.0001953125             114             112
96100             252               2     0.024609375    0.0001953125             114             112
96200             254               1    0.0248046875    9.765625e-05             114             113
96300             254               1    0.0248046875    9.765625e-05             114             113
96400             256               0           0.025               0             114             114
96500             256               0           0.025               0             114             114
96600             256               0           0.025               0             114             114
96700             256               0           0.025               0             114             114
96800             256               0           0.025               0             114             114
96900             256               0           0.025               0             114             114
97000             256               0           0.025               0             114             114
97100             256               0           0.025               0             114             114
97200             256               0           0.025               0             114             114
97300             256               0           0.025               0             114             114
97400             256               0           0.025               0             114             114
97500             256               0           0.025               0             114             114
97600             256               0           0.025               0             114             114
97700             256               0           0.025               0             114             114
97800             254               1    0.0248046875    9.765625e-05             115             114
97900             252               2     0.024609375    0.0001953125             116             114
98000             252               2     0.024609375    0.0001953125             116             114
98100             250               3    0.0244140625   0.00029296875             117             114
98200             250               3    0.0244140625   0.00029296875             117             114
98300             250               3    0.0244140625   0.00029296875             117             114
98400             250               3    0.0244140625   0.00029296875             117             114
98500             252               2     0.024609375    0.0001953125             117             115
98600             254               1    0.0248046875    9.765625e-05             117             116
98700             252               2     0.024609375    0.0001953125             118             116
98800             252               2     0.024609375    0.0001953125             118             116
98900             252               2     0.024609375    0.0001953125             118             116
99000             252               2     0.024609375    0.0001953125             118             116
99100             252               2     0.024609375    0.0001953125             118             116
99200             252               2     0.024609375    0.0001953125             118             116
99300             254               1    0.0248046875    9.765625e-05             118             117
99400             254               1    0.0248046875    9.765625e-05             118             117
99500             254               1    0.0248046875    9.765625e-05             118             117
99600             254               1    0.0248046875    9.765625e-05             118             117
99700             252               2     0.024609375    0.0001953125             119             117
99800             252               2     0.024609375    0.0001953125             119             117
99900             252               2     0.024609375    0.0001953125             119             117
100000             252               2     0.024609375    0.0001953125             119             117
