# Time-averaged data for fix observ
# TimeStep v_nfree v_ndimer v_cfree v_cdimer f_kinetics[2] f_kinetics[3]
0             256               0           0.025               0               0               0
100             256               0           0.025               0               0               0
200             256               0           0.025               0               0               0
300             256               0           0.025               0               0               0
400             256               0           0.025               0               0               0
500             256               0           0.025               0               0               0
600             256               0           0.025               0               0               0
700             256               0           0.025               0               0               0
800             256               0           0.025               0               0               0
900             256               0           0.025               0               0               0
1000             256               0           0.025               0               0               0
1100             256               0           0.025               0               0               0
1200             256               0           0.025               0               0               0
1300             256               0           0.025               0               0               0
1400             256               0           0.025               0               0               0
1500             256               0           0.025               0               0               0
1600             256               0           0.025               0               0               0
1700             256               0           0.025               0               0               0
1800             254               1    0.0248046875    9.765625e-05               1               0
1900             254               1    0.0248046875    9.765625e-05               1               0
2000             254               1    0.0248046875    9.765625e-05               1               0
2100             254               1    0.0248046875    9.765625e-05               1               0
2200             254               1    0.0248046875    9.765625e-05               1               0
2300             254               1    0.0248046875    9.765625e-05               1               0
2400             254               1    0.0248046875    9.765625e-05               1               0
2500             254               1    0.0248046875    9.765625e-05               1               0
2600             254               1    0.0248046875    9.765625e-05               1               0
2700             254               1    0.0248046875    9.765625e-05               1               0
2800             254               1    0.0248046875    9.765625e-05               1               0
2900             254               1    0.0248046875    9.765625e-05               1               0
3000             254               1    0.0248046875    9.765625e-05               1               0
3100             254               1    0.0248046875    9.765625e-05               1               0
3200             254               1    0.0248046875    9.765625e-05               1               0
3300             254               1    0.0248046875    9.765625e-05               1               0
3400             254               1    0.0248046875    9.765625e-05               1               0
3500             254               1    0.0248046875    9.765625e-05               1               0
3600             254               1    0.0248046875    9.765625e-05               1               0
3700             254               1    0.0248046875    9.765625e-05               1               0
3800             254               1    0.0248046875    9.765625e-05               1               0
3900             254               1    0.0248046875    9.765625e-05               1               0
4000             254               1    0.0248046875    9.765625e-05               1               0
4100             254               1    0.0248046875    9.765625e-05               1               0
4200             254               1    0.0248046875    9.765625e-05               1               0
4300             254               1    0.0248046875    9.765625e-05               1               0
4400             254               1    0.0248046875    9.765625e-05               1               0
4500             254               1    0.0248046875    9.765625e-05               1               0
4600             254               1    0.0248046875    9.765625e-05               1               0
4700             254               1    0.0248046875    9.765625e-05               1               0
4800             252               2     0.024609375    0.0001953125               2               0
4900             252               2     0.024609375    0.0001953125               2               0
5000             252               2     0.024609375    0.0001953125               2               0
5100             252               2     0.024609375    0.0001953125               2               0
5200             252               2     0.024609375    0.0001953125               2               0
5300             252               2     0.024609375    0.0001953125               2               0
5400             252               2     0.024609375    0.0001953125               2               0
5500             252               2     0.024609375    0.0001953125               2               0
5600             252               2     0.024609375    0.0001953125               2               0
5700             252               2     0.024609375    0.0001953125               2               0
5800             252               2     0.024609375    0.0001953125               2               0
5900             252               2     0.024609375    0.0001953125               2               0
6000             252               2     0.024609375    0.0001953125               2               0
6100             252               2     0.024609375    0.0001953125               2               0
6200             252               2     0.024609375    0.0001953125               2               0
6300             252               2     0.024609375    0.0001953125               2               0
6400             252               2     0.024609375    0.0001953125               2               0
6500             252               2     0.024609375    0.0001953125               2               0
6600             252               2     0.024609375    0.0001953125               2               0
6700             252               2     0.024609375    0.0001953125               2               0
6800             252               2     0.024609375    0.0001953125               2               0
6900             252               2     0.024609375    0.0001953125               2               0
7000             252               2     0.024609375    0.0001953125               2               0
7100             252               2     0.024609375    0.0001953125               2               0
7200             252               2     0.024609375    0.0001953125               2               0
7300             252               2     0.024609375    0.0001953125               2               0
7400             252               2     0.024609375    0.0001953125               2               0
7500             252               2     0.024609375    0.0001953125               2               0
7600             250               3    0.0244140625   0.00029296875               3               0
7700             250               3    0.0244140625   0.00029296875               3               0
7800             250               3    0.0244140625   0.00029296875               3               0
7900             250               3    0.0244140625   0.00029296875               3               0
8000             250               3    0.0244140625   0.00029296875               3               0
8100             250               3    0.0244140625   0.00029296875               3               0
8200             250               3    0.0244140625   0.00029296875               3               0
8300             250               3    0.0244140625   0.00029296875               3               0
8400             250               3    0.0244140625   0.00029296875               3               0
8500             250               3    0.0244140625   0.00029296875               3               0
8600             250               3    0.0244140625   0.00029296875               3               0
8700             250               3    0.0244140625   0.00029296875               3               0
8800             250               3    0.0244140625   0.00029296875               3               0
8900             250               3    0.0244140625   0.00029296875               3               0
9000             250               3    0.0244140625   0.00029296875               3               0
9100             250               3    0.0244140625   0.00029296875               3               0
9200             250               3    0.0244140625   0.00029296875               3               0
9300             250               3    0.0244140625   0.00029296875               3               0
9400             250               3    0.0244140625   0.00029296875               3               0
9500             250               3    0.0244140625   0.00029296875               3               0
9600             250               3    0.0244140625   0.00029296875               3               0
9700             250               3    0.0244140625   0.00029296875               3               0
9800             250               3    0.0244140625   0.00029296875               3               0
9900             248               4      0.02421875     0.000390625               4               0
10000             248               4      0.02421875     0.000390625               4               0
10100             248               4      0.02421875     0.000390625               4               0
10200             248               4      0.02421875     0.000390625               4               0
10300             248               4      0.02421875     0.000390625               4               0
10400             248               4      0.02421875     0.000390625               4               0
10500             246               5    0.0240234375   0.00048828125               5               0
10600             246               5    0.0240234375   0.00048828125               5               0
10700             246               5    0.0240234375   0.00048828125               5               0
10800             246               5    0.0240234375   0.00048828125               5               0
10900             246               5    0.0240234375   0.00048828125               5               0
11000             246               5    0.0240234375   0.00048828125               5               0
11100             246               5    0.0240234375   0.00048828125               5               0
11200             246               5    0.0240234375   0.00048828125               5               0
11300             246               5    0.0240234375   0.00048828125               5               0
11400             246               5    0.0240234375   0.00048828125               5               0
11500             246               5    0.0240234375   0.00048828125               5               0
11600             246               5    0.0240234375   0.00048828125               5               0
11700             246               5    0.0240234375   0.00048828125               5               0
11800             246               5    0.0240234375   0.00048828125               5               0
11900             244               6     0.023828125    0.0005859375               6               0
12000             244               6     0.023828125    0.0005859375               6               0
12100             244               6     0.023828125    0.0005859375               6               0
12200             244               6     0.023828125    0.0005859375               6               0
12300             244               6     0.023828125    0.0005859375               6               0
12400             244               6     0.023828125    0.0005859375               6               0
12500             242               7    0.0236328125   0.00068359375               7               0
12600             242               7    0.0236328125   0.00068359375               7               0
12700             242               7    0.0236328125   0.00068359375               7               0
12800             240               8       0.0234375      0.00078125               8               0
12900             240               8       0.0234375      0.00078125               8               0
13000             240               8       0.0234375      0.00078125               8               0
13100             240               8       0.0234375      0.00078125               8               0
13200             240               8       0.0234375      0.00078125               8               0
13300             240               8       0.0234375      0.00078125               8               0
13400             240               8       0.0234375      0.00078125               8               0
13500             240               8       0.0234375      0.00078125               8               0
13600             240               8       0.0234375      0.00078125               8               0
13700             240               8       0.0234375      0.00078125               8               0
13800             240               8       0.0234375      0.00078125               8               0
13900             240               8       0.0234375      0.00078125               8               0
14000             240               8       0.0234375      0.00078125               8               0
14100             240               8       0.0234375      0.00078125               8               0
14200             240               8       0.0234375      0.00078125               8               0
14300             240               8       0.0234375      0.00078125               8               0
14400             240               8       0.0234375      0.00078125               8               0
14500             240               8       0.0234375      0.00078125               8               0
14600             240               8       0.0234375      0.00078125               8               0
14700             240               8       0.0234375      0.00078125               8               0
14800             240               8       0.0234375      0.00078125               8               0
14900             240               8       0.0234375      0.00078125               8               0
15000             240               8       0.0234375      0.00078125               8               0
15100             238               9    0.0232421875   0.00087890625               9               0
15200             238               9    0.0232421875   0.00087890625               9               0
15300             238               9    0.0232421875   0.00087890625               9               0
15400             238               9    0.0232421875   0.00087890625               9               0
15500             238               9    0.0232421875   0.00087890625               9               0
15600             238               9    0.0232421875   0.00087890625               9               0
15700             238               9    0.0232421875   0.00087890625               9               0
15800             238               9    0.0232421875   0.00087890625               9               0
15900             238               9    0.0232421875   0.00087890625               9               0
16000             238               9    0.0232421875   0.00087890625               9               0
16100             238               9    0.0232421875   0.00087890625               9               0
16200             238               9    0.0232421875   0.00087890625               9               0
16300             238               9    0.0232421875   0.00087890625               9               0
16400             238               9    0.0232421875   0.00087890625               9               0
16500             238               9    0.0232421875   0.00087890625               9               0
16600             238               9    0.0232421875   0.00087890625               9               0
16700             238               9    0.0232421875   0.00087890625               9               0
16800             238               9    0.0232421875   0.00087890625               9               0
16900             238               9    0.0232421875   0.00087890625               9               0
17000             238               9    0.0232421875   0.00087890625               9               0
17100             238               9    0.0232421875   0.00087890625               9               0
17200             238               9    0.0232421875   0.00087890625               9               0
17300             240               8       0.0234375      0.00078125               9               1
17400             240               8       0.0234375      0.00078125               9               1
17500             240               8       0.0234375      0.00078125               9               1
17600             240               8       0.0234375      0.00078125               9               1
17700             240               8       0.0234375      0.00078125               9               1
17800             242               7    0.0236328125   0.00068359375               9               2
17900             242               7    0.0236328125   0.00068359375               9               2
18000             242               7    0.0236328125   0.00068359375               9               2
18100             242               7    0.0236328125   0.00068359375               9               2
18200             242               7    0.0236328125   0.00068359375               9               2
18300             242               7    0.0236328125   0.00068359375               9               2
18400             242               7    0.0236328125   0.00068359375               9               2
18500             242               7    0.0236328125   0.00068359375               9               2
18600             242               7    0.0236328125   0.00068359375               9               2
18700             242               7    0.0236328125   0.00068359375               9               2
18800             242               7    0.0236328125   0.00068359375               9               2
18900             242               7    0.0236328125   0.00068359375               9               2
19000             242               7    0.0236328125   0.00068359375               9               2
19100             242               7    0.0236328125   0.00068359375               9               2
19200             242               7    0.0236328125   0.00068359375               9               2
19300             242               7    0.0236328125   0.00068359375               9               2
19400             242               7    0.0236328125   0.00068359375               9               2
19500             242               7    0.0236328125   0.00068359375               9               2
19600             242               7    0.0236328125   0.00068359375               9               2
19700             242               7    0.0236328125   0.00068359375               9               2
19800             242               7    0.0236328125   0.00068359375               9               2
19900             242               7    0.0236328125   0.00068359375               9               2
20000             242               7    0.0236328125   0.00068359375               9               2
20100             242               7    0.0236328125   0.00068359375               9               2
20200             242               7    0.0236328125   0.00068359375               9               2
20300             242               7    0.0236328125   0.00068359375               9               2
20400             242               7    0.0236328125   0.00068359375               9               2
20500             242               7    0.0236328125   0.00068359375               9               2
20600             242               7    0.0236328125   0.00068359375               9               2
20700             242               7    0.0236328125   0.00068359375               9               2
20800             242               7    0.0236328125   0.00068359375               9               2
20900             242               7    0.0236328125   0.00068359375               9               2
21000             242               7    0.0236328125   0.00068359375               9               2
21100             242               7    0.0236328125   0.00068359375               9               2
21200             242               7    0.0236328125   0.00068359375               9               2
21300             242               7    0.0236328125   0.00068359375               9               2
21400             242               7    0.0236328125   0.00068359375               9               2
21500             242               7    0.0236328125   0.00068359375               9               2
21600             242               7    0.0236328125   0.00068359375               9               2
21700             242               7    0.0236328125   0.00068359375               9               2
21800             242               7    0.0236328125   0.00068359375               9               2
21900             242               7    0.0236328125   0.00068359375               9               2
22000             242               7    0.0236328125   0.00068359375               9               2
22100             242               7    0.0236328125   0.00068359375               9               2
22200             242               7    0.0236328125   0.00068359375               9               2
22300             242               7    0.0236328125   0.00068359375               9               2
22400             242               7    0.0236328125   0.00068359375               9               2
22500             242               7    0.0236328125   0.00068359375               9               2
22600             242               7    0.0236328125   0.00068359375               9               2
22700             242               7    0.0236328125   0.00068359375               9               2
22800             242               7    0.0236328125   0.00068359375               9               2
22900             242               7    0.0236328125   0.00068359375               9               2
23000             242               7    0.0236328125   0.00068359375               9               2
23100             242               7    0.0236328125   0.00068359375               9               2
23200             242               7    0.0236328125   0.00068359375               9               2
23300             242               7    0.0236328125   0.00068359375               9               2
23400             242               7    0.0236328125   0.00068359375               9               2
23500             242               7    0.0236328125   0.00068359375               9               2
23600             240               8       0.0234375      0.00078125              10               2
23700             240               8       0.0234375      0.00078125              10               2
23800             240               8       0.0234375      0.00078125              10               2
23900             240               8       0.0234375      0.00078125              10               2
24000             240               8       0.0234375      0.00078125              10               2
24100             240               8       0.0234375      0.00078125              10               2
24200             240               8       0.0234375      0.00078125              10               2
24300             240               8       0.0234375      0.00078125              10               2
24400             240               8       0.0234375      0.00078125              10               2
24500             240               8       0.0234375      0.00078125              10               2
24600             240               8       0.0234375      0.00078125              10               2
24700             240               8       0.0234375      0.00078125              10               2
24800             240               8       0.0234375      0.00078125              10               2
24900             240               8       0.0234375      0.00078125              10               2
25000             238               9    0.0232421875   0.00087890625              11               2
25100             238               9    0.0232421875   0.00087890625              11               2
25200             238               9    0.0232421875   0.00087890625              11               2
25300             238               9    0.0232421875   0.00087890625              11               2
25400             238               9    0.0232421875   0.00087890625              11               2
25500             238               9    0.0232421875   0.00087890625              11               2
25600             238               9    0.0232421875   0.00087890625              11               2
25700             238               9    0.0232421875   0.00087890625              11               2
25800             238               9    0.0232421875   0.00087890625              11               2
25900             238               9    0.0232421875   0.00087890625              11               2
26000             238               9    0.0232421875   0.00087890625              11               2
26100             238               9    0.0232421875   0.00087890625              11               2
26200             238               9    0.0232421875   0.00087890625              11               2
26300             238               9    0.0232421875   0.00087890625              11               2
26400             238               9    0.0232421875   0.00087890625              11               2
26500             238               9    0.0232421875   0.00087890625              11               2
26600             238               9    0.0232421875   0.00087890625              11               2
26700             238               9    0.0232421875   0.00087890625              11               2
26800             238               9    0.0232421875   0.00087890625              11               2
26900             238               9    0.0232421875   0.00087890625              11               2
27000             238               9    0.0232421875   0.00087890625              11               2
27100             238               9    0.0232421875   0.00087890625              11               2
27200             238               9    0.0232421875   0.00087890625              11               2
27300             238               9    0.0232421875   0.00087890625              11               2
27400             238               9    0.0232421875   0.00087890625              11               2
27500             238               9    0.0232421875   0.00087890625              11               2
27600             238               9    0.0232421875   0.00087890625              11               2
27700             238               9    0.0232421875   0.00087890625              11               2
27800             238               9    0.0232421875   0.00087890625              11               2
27900             238               9    0.0232421875   0.00087890625              11               2
28000             238               9    0.0232421875   0.00087890625              11               2
28100             238               9    0.0232421875   0.00087890625              11               2
28200             238               9    0.0232421875   0.00087890625              11               2
28300             238               9    0.0232421875   0.00087890625              11               2
28400             238               9    0.0232421875   0.00087890625              11               2
28500             238               9    0.0232421875   0.00087890625              11               2
28600             238               9    0.0232421875   0.00087890625              11               2
28700             238               9    0.0232421875   0.00087890625              11               2
28800             238               9    0.0232421875   0.00087890625              11               2
28900             238               9    0.0232421875   0.00087890625              11               2
29000             238               9    0.0232421875   0.00087890625              11               2
29100             238               9    0.0232421875   0.00087890625              11               2
29200             238               9    0.0232421875   0.00087890625              11               2
29300             238               9    0.0232421875   0.00087890625              11               2
29400             238               9    0.0232421875   0.00087890625              11               2
29500             238               9    0.0232421875   0.00087890625              11               2
29600             238               9    0.0232421875   0.00087890625              11               2
29700             236              10     0.023046875    0.0009765625              12               2
29800             236              10     0.023046875    0.0009765625              12               2
29900             236              10     0.023046875    0.0009765625              12               2
30000             236              10     0.023046875    0.0009765625              12               2
30100             236              10     0.023046875    0.0009765625              12               2
30200             236              10     0.023046875    0.0009765625              12               2
30300             236              10     0.023046875    0.0009765625              12               2
30400             236              10     0.023046875    0.0009765625              12               2
30500             236              10     0.023046875    0.0009765625              12               2
30600             236              10     0.023046875    0.0009765625              12               2
30700             236              10     0.023046875    0.0009765625              12               2
30800             236              10     0.023046875    0.0009765625              12               2
30900             236              10     0.023046875    0.0009765625              12               2
31000             236              10     0.023046875    0.0009765625              12               2
31100             236              10     0.023046875    0.0009765625              12               2
31200             236              10     0.023046875    0.0009765625              12               2
31300             236              10     0.023046875    0.0009765625              12               2
31400             236              10     0.023046875    0.0009765625              12               2
31500             236              10     0.023046875    0.0009765625              12               2
31600             236              10     0.023046875    0.0009765625              12               2
31700             236              10     0.023046875    0.0009765625              12               2
31800             236              10     0.023046875    0.0009765625              12               2
31900             236              10     0.023046875    0.0009765625              12               2
32000             236              10     0.023046875    0.0009765625              12               2
32100             236              10     0.023046875    0.0009765625              12               2
32200             236              10     0.023046875    0.0009765625              12               2
32300             236              10     0.023046875    0.0009765625              12               2
32400             236              10     0.023046875    0.0009765625              12               2
32500             236              10     0.023046875    0.0009765625              12               2
32600             236              10     0.023046875    0.0009765625              12               2
32700             236              10     0.023046875    0.0009765625              12               2
32800             236              10     0.023046875    0.0009765625              12               2
32900             236              10     0.023046875    0.0009765625              12               2
33000             236              10     0.023046875    0.0009765625              12               2
33100             236              10     0.023046875    0.0009765625              12               2
33200             236              10     0.023046875    0.0009765625              12               2
33300             236              10     0.023046875    0.0009765625              12               2
33400             236              10     0.023046875    0.0009765625              12               2
33500             236              10     0.023046875    0.0009765625              12               2
33600             236              10     0.023046875    0.0009765625              12               2
33700             236              10     0.023046875    0.0009765625              12               2
33800             236              10     0.023046875    0.0009765625              12               2
33900             236              10     0.023046875    0.0009765625              12               2
34000             236              10     0.023046875    0.0009765625              12               2
34100             236              10     0.023046875    0.0009765625              12               2
34200             236              10     0.023046875    0.0009765625              12               2
34300             236              10     0.023046875    0.0009765625              12               2
34400             236              10     0.023046875    0.0009765625              12               2
34500             236              10     0.023046875    0.0009765625              12               2
34600             236              10     0.023046875    0.0009765625              12               2
34700             236              10     0.023046875    0.0009765625              12               2
34800             236              10     0.023046875    0.0009765625              12               2
34900             236              10     0.023046875    0.0009765625              12               2
35000             236              10     0.023046875    0.0009765625              12               2
35100             236              10     0.023046875    0.0009765625              12               2
35200             236              10     0.023046875    0.0009765625              12               2
35300             236              10     0.023046875    0.0009765625              12               2
35400             236              10     0.023046875    0.0009765625              12               2
35500             236              10     0.023046875    0.0009765625              12               2
35600             236              10     0.023046875    0.0009765625              12               2
35700             236              10     0.023046875    0.0009765625              12               2
35800             236              10     0.023046875    0.0009765625              12               2
35900             238               9    0.0232421875   0.00087890625              12               3
36000             238               9    0.0232421875   0.00087890625              12               3
36100             238               9    0.0232421875   0.00087890625              12               3
36200             238               9    0.0232421875   0.00087890625              12               3
36300             238               9    0.0232421875   0.00087890625              12               3
36400             238               9    0.0232421875   0.00087890625              12               3
36500             238               9    0.0232421875   0.00087890625              12               3
36600             238               9    0.0232421875   0.00087890625              12               3
36700             238               9    0.0232421875   0.00087890625              12               3
36800             238               9    0.0232421875   0.00087890625              12               3
36900             238               9    0.0232421875   0.00087890625              12               3
37000             238               9    0.0232421875   0.00087890625              12               3
37100             238               9    0.0232421875   0.00087890625              12               3
37200             238               9    0.0232421875   0.00087890625              12               3
37300             238               9    0.0232421875   0.00087890625              12               3
37400             238               9    0.0232421875   0.00087890625              12               3
37500             238               9    0.0232421875   0.00087890625              12               3
37600             236              10     0.023046875    0.0009765625              13               3
37700             236              10     0.023046875    0.0009765625              13               3
37800             236              10     0.023046875    0.0009765625              13               3
37900             236              10     0.023046875    0.0009765625              13               3
38000             236              10     0.023046875    0.0009765625              13               3
38100             236              10     0.023046875    0.0009765625              13               3
38200             236              10     0.023046875    0.0009765625              13               3
38300             236              10     0.023046875    0.0009765625              13               3
38400             236              10     0.023046875    0.0009765625              13               3
38500             236              10     0.023046875    0.0009765625              13               3
38600             236              10     0.023046875    0.0009765625              13               3
38700             236              10     0.023046875    0.0009765625              13               3
38800             236              10     0.023046875    0.0009765625              13               3
38900             236              10     0.023046875    0.0009765625              13               3
39000             236              10     0.023046875    0.0009765625              13               3
39100             236              10     0.023046875    0.0009765625              13               3
39200             236              10     0.023046875    0.0009765625              13               3
39300             236              10     0.023046875    0.0009765625              13               3
39400             236              10     0.023046875    0.0009765625              13               3
39500             236              10     0.023046875    0.0009765625              13               3
39600             236              10     0.023046875    0.0009765625              13               3
39700             236              10     0.023046875    0.0009765625              13               3
39800             236              10     0.023046875    0.0009765625              13               3
39900             236              10     0.023046875    0.0009765625              13               3
40000             236              10     0.023046875    0.0009765625              13               3
40100             236              10     0.023046875    0.0009765625              13               3
40200             236              10     0.023046875    0.0009765625              13               3
40300             236              10     0.023046875    0.0009765625              13               3
40400             236              10     0.023046875    0.0009765625              13               3
40500             236              10     0.023046875    0.0009765625              13               3
40600             236              10     0.023046875    0.0009765625              13               3
40700             236              10     0.023046875    0.0009765625              13               3
40800             236              10     0.023046875    0.0009765625              13               3
40900             236              10     0.023046875    0.0009765625              13               3
41000             236              10     0.023046875    0.0009765625              13               3
41100             236              10     0.023046875    0.0009765625              13               3
41200             236              10     0.023046875    0.0009765625              13               3
41300             236              10     0.023046875    0.0009765625              13               3
41400             236              10     0.023046875    0.0009765625              13               3
41500             236              10     0.023046875    0.0009765625              13               3
41600             236              10     0.023046875    0.0009765625              13               3
41700             236              10     0.023046875    0.0009765625              13               3
41800             236              10     0.023046875    0.0009765625              13               3
41900             236              10     0.023046875    0.0009765625              13               3
42000             236              10     0.023046875    0.0009765625              13               3
42100             236              10     0.023046875    0.0009765625              13               3
42200             236              10     0.023046875    0.0009765625              13               3
42300             236              10     0.023046875    0.0009765625              13               3
42400             236              10     0.023046875    0.0009765625              13               3
42500             236              10     0.023046875    0.0009765625              13               3
42600             236              10     0.023046875    0.0009765625              13               3
42700             236              10     0.023046875    0.0009765625              13               3
42800             236              10     0.023046875    0.0009765625              13               3
42900             238               9    0.0232421875   0.00087890625              13               4
43000             238               9    0.0232421875   0.00087890625              13               4
43100             238               9    0.0232421875   0.00087890625              13               4
43200             238               9    0.0232421875   0.00087890625              13               4
43300             238               9    0.0232421875   0.00087890625              13               4
43400             238               9    0.0232421875   0.00087890625              13               4
43500             238               9    0.0232421875   0.00087890625              13               4
43600             238               9    0.0232421875   0.00087890625              13               4
43700             236              10     0.023046875    0.0009765625              14               4
43800             236              10     0.023046875    0.0009765625              14               4
43900             236              10     0.023046875    0.0009765625              14               4
44000             236              10     0.023046875    0.0009765625              14               4
44100             236              10     0.023046875    0.0009765625              14               4
44200             236              10     0.023046875    0.0009765625              14               4
44300             236              10     0.023046875    0.0009765625              14               4
44400             234              11    0.0228515625   0.00107421875              15               4
44500             234              11    0.0228515625   0.00107421875              15               4
44600             234              11    0.0228515625   0.00107421875              15               4
44700             234              11    0.0228515625   0.00107421875              15               4
44800             234              11    0.0228515625   0.00107421875              15               4
44900             234              11    0.0228515625   0.00107421875              15               4
45000             234              11    0.0228515625   0.00107421875              15               4
45100             234              11    0.0228515625   0.00107421875              15               4
45200             234              11    0.0228515625   0.00107421875              15               4
45300             234              11    0.0228515625   0.00107421875              15               4
45400             234              11    0.0228515625   0.00107421875              15               4
45500             234              11    0.0228515625   0.00107421875              15               4
45600             234              11    0.0228515625   0.00107421875              15               4
45700             234              11    0.0228515625   0.00107421875              15               4
45800             234              11    0.0228515625   0.00107421875              15               4
45900             234              11    0.0228515625   0.00107421875              15               4
46000             234              11    0.0228515625   0.00107421875              15               4
46100             234              11    0.0228515625   0.00107421875              15               4
46200             234              11    0.0228515625   0.00107421875              15               4
46300             234              11    0.0228515625   0.00107421875              15               4
46400             234              11    0.0228515625   0.00107421875              15               4
46500             232              12      0.02265625     0.001171875              16               4
46600             232              12      0.02265625     0.001171875              16               4
46700             232              12      0.02265625     0.001171875              16               4
46800             232              12      0.02265625     0.001171875              16               4
46900             232              12      0.02265625     0.001171875              16               4
47000             232              12      0.02265625     0.001171875              16               4
47100             232              12      0.02265625     0.001171875              16               4
47200             232              12      0.02265625     0.001171875              16               4
47300             232              12      0.02265625     0.001171875              16               4
47400             232              12      0.02265625     0.001171875              16               4
47500             232              12      0.02265625     0.001171875              16               4
47600             232              12      0.02265625     0.001171875              16               4
47700             232              12      0.02265625     0.001171875              16               4
47800             232              12      0.02265625     0.001171875              16               4
47900             232              12      0.02265625     0.001171875              16               4
48000             232              12      0.02265625     0.001171875              16               4
48100             232              12      0.02265625     0.001171875              16               4
48200             232              12      0.02265625     0.001171875              16               4
48300             232              12      0.02265625     0.001171875              16               4
48400             232              12      0.02265625     0.001171875              16               4
48500             232              12      0.02265625     0.001171875              16               4
48600             232              12      0.02265625     0.001171875              16               4
48700             232              12      0.02265625     0.001171875              16               4
48800             232              12      0.02265625     0.001171875              16               4
48900             232              12      0.02265625     0.001171875              16               4
49000             232              12      0.02265625     0.001171875              16               4
49100             232              12      0.02265625     0.001171875              16               4
49200             232              12      0.02265625     0.001171875              16               4
49300             232              12      0.02265625     0.001171875              16               4
49400             232              12      0.02265625     0.001171875              16               4
49500             232              12      0.02265625     0.001171875              16               4
49600             232              12      0.02265625     0.001171875              16               4
49700             232              12      0.02265625     0.001171875              16               4
49800             234              11    0.0228515625   0.00107421875              16               5
49900             234              11    0.0228515625   0.00107421875              16               5
50000             234              11    0.0228515625   0.00107421875              16               5
50100             234              11    0.0228515625   0.00107421875              16               5
50200             234              11    0.0228515625   0.00107421875              16               5
50300             234              11    0.0228515625   0.00107421875              16               5
50400             234              11    0.0228515625   0.00107421875              16               5
50500             234              11    0.0228515625   0.00107421875              16               5
50600             234              11    0.0228515625   0.00107421875              16               5
50700             234              11    0.0228515625   0.00107421875              16               5
50800             234              11    0.0228515625   0.00107421875              16               5
50900             234              11    0.0228515625   0.00107421875              16               5
51000             234              11    0.0228515625   0.00107421875              16               5
51100             234              11    0.0228515625   0.00107421875              16               5
51200             234              11    0.0228515625   0.00107421875              16               5
51300             234              11    0.0228515625   0.00107421875              16               5
51400             234              11    0.0228515625   0.00107421875              16               5
51500             234              11    0.0228515625   0.00107421875              16               5
51600             234              11    0.0228515625   0.00107421875              16               5
51700             234              11    0.0228515625   0.00107421875              16               5
51800             234              11    0.0228515625   0.00107421875              16               5
51900             234              11    0.0228515625   0.00107421875              16               5
52000             234              11    0.0228515625   0.00107421875              16               5
52100             234              11    0.0228515625   0.00107421875              16               5
52200             234              11    0.0228515625   0.00107421875              16               5
52300             236              10     0.023046875    0.0009765625              16               6
52400             236              10     0.023046875    0.0009765625              16               6
52500             236              10     0.023046875    0.0009765625              16               6
52600             236              10     0.023046875    0.0009765625              16               6
52700             236              10     0.023046875    0.0009765625              16               6
52800             236              10     0.023046875    0.0009765625              16               6
52900             236              10     0.023046875    0.0009765625              16               6
53000             238               9    0.0232421875   0.00087890625              16               7
53100             238               9    0.0232421875   0.00087890625              16               7
53200             238               9    0.0232421875   0.00087890625              16               7
53300             238               9    0.0232421875   0.00087890625              16               7
53400             238               9    0.0232421875   0.00087890625              16               7
53500             238               9    0.0232421875   0.00087890625              16               7
53600             238               9    0.0232421875   0.00087890625              16               7
53700             238               9    0.0232421875   0.00087890625              16               7
53800             238               9    0.0232421875   0.00087890625              16               7
53900             238               9    0.0232421875   0.00087890625              16               7
54000             238               9    0.0232421875   0.00087890625              16               7
54100             238               9    0.0232421875   0.00087890625              16               7
54200             238               9    0.0232421875   0.00087890625              16               7
54300             238               9    0.0232421875   0.00087890625              16               7
54400             238               9    0.0232421875   0.00087890625              16               7
54500             238               9    0.0232421875   0.00087890625              16               7
54600             238               9    0.0232421875   0.00087890625              16               7
54700             238               9    0.0232421875   0.00087890625              16               7
54800             236              10     0.023046875    0.0009765625              17               7
54900             236              10     0.023046875    0.0009765625              17               7
55000             236              10     0.023046875    0.0009765625              17               7
55100             236              10     0.023046875    0.0009765625              17               7
55200             236              10     0.023046875    0.0009765625              17               7
55300             236              10     0.023046875    0.0009765625              17               7
55400             236              10     0.023046875    0.0009765625              17               7
55500             236              10     0.023046875    0.0009765625              17               7
55600             236              10     0.023046875    0.0009765625              17               7
55700             236              10     0.023046875    0.0009765625              17               7
55800             236              10     0.023046875    0.0009765625              17               7
55900             236              10     0.023046875    0.0009765625              17               7
56000             236              10     0.023046875    0.0009765625              17               7
56100             236              10     0.023046875    0.0009765625              17               7
56200             236              10     0.023046875    0.0009765625              17               7
56300             236              10     0.023046875    0.0009765625              17               7
56400             236              10     0.023046875    0.0009765625              17               7
56500             236              10     0.023046875    0.0009765625              17               7
56600             236              10     0.023046875    0.0009765625              17               7
56700             236              10     0.023046875    0.0009765625              17               7
56800             236              10     0.023046875    0.0009765625              17               7
56900             236              10     0.023046875    0.0009765625              17               7
57000             236              10     0.023046875    0.0009765625              17               7
57100             234              11    0.0228515625   0.00107421875              18               7
57200             234              11    0.0228515625   0.00107421875              18               7
57300             234              11    0.0228515625   0.00107421875              18               7
57400             234              11    0.0228515625   0.00107421875              18               7
57500             234              11    0.0228515625   0.00107421875              18               7
57600             234              11    0.0228515625   0.00107421875              18               7
57700             234              11    0.0228515625   0.00107421875              18               7
57800             234              11    0.0228515625   0.00107421875              18               7
57900             234              11    0.0228515625   0.00107421875              18               7
58000             234              11    0.0228515625   0.00107421875              18               7
58100             234              11    0.0228515625   0.00107421875              18               7
58200             234              11    0.0228515625   0.00107421875              18               7
58300             234              11    0.0228515625   0.00107421875              18               7
58400             234              11    0.0228515625   0.00107421875              18               7
58500             234              11    0.0228515625   0.00107421875              18               7
58600             234              11    0.0228515625   0.00107421875              18               7
58700             234              11    0.0228515625   0.00107421875              18               7
58800             234              11    0.0228515625   0.00107421875              18               7
58900             234              11    0.0228515625   0.00107421875              18               7
59000             234              11    0.0228515625   0.00107421875              18               7
59100             234              11    0.0228515625   0.00107421875              18               7
59200             234              11    0.0228515625   0.00107421875              18               7
59300             232              12      0.02265625     0.001171875              19               7
59400             232              12      0.02265625     0.001171875              19               7
59500             232              12      0.02265625     0.001171875              19               7
59600             230              13    0.0224609375   0.00126953125              20               7
59700             230              13    0.0224609375   0.00126953125              20               7
59800             230              13    0.0224609375   0.00126953125              20               7
59900             230              13    0.0224609375   0.00126953125              20               7
60000             230              13    0.0224609375   0.00126953125              20               7
60100             228              14     0.022265625    0.0013671875              21               7
60200             228              14     0.022265625    0.0013671875              21               7
60300             228              14     0.022265625    0.0013671875              21               7
60400             228              14     0.022265625    0.0013671875              21               7
60500             228              14     0.022265625    0.0013671875              21               7
60600             228              14     0.022265625    0.0013671875              21               7
60700             228              14     0.022265625    0.0013671875              21               7
60800             228              14     0.022265625    0.0013671875              21               7
60900             228              14     0.022265625    0.0013671875              21               7
61000             226              15    0.0220703125   0.00146484375              22               7
61100             226              15    0.0220703125   0.00146484375              22               7
61200             226              15    0.0220703125   0.00146484375              22               7
61300             226              15    0.0220703125   0.00146484375              22               7
61400             226              15    0.0220703125   0.00146484375              22               7
61500             224              16        0.021875       0.0015625              23               7
61600             224              16        0.021875       0.0015625              23               7
61700             224              16        0.021875       0.0015625              23               7
61800             224              16        0.021875       0.0015625              23               7
61900             224              16        0.021875       0.0015625              23               7
62000             224              16        0.021875       0.0015625              23               7
62100             224              16        0.021875       0.0015625              23               7
62200             224              16        0.021875       0.0015625              23               7
62300             224              16        0.021875       0.0015625              23               7
62400             224              16        0.021875       0.0015625              23               7
62500             224              16        0.021875       0.0015625              23               7
62600             224              16        0.021875       0.0015625              23               7
62700             224              16        0.021875       0.0015625              23               7
62800             224              16        0.021875       0.0015625              23               7
62900             224              16        0.021875       0.0015625              23               7
63000             224              16        0.021875       0.0015625              23               7
63100             224              16        0.021875       0.0015625              23               7
63200             226              15    0.0220703125   0.00146484375              23               8
63300             224              16        0.021875       0.0015625              24               8
63400             224              16        0.021875       0.0015625              24               8
63500             224              16        0.021875       0.0015625              24               8
63600             224              16        0.021875       0.0015625              24               8
63700             224              16        0.021875       0.0015625              24               8
63800             224              16        0.021875       0.0015625              24               8
63900             224              16        0.021875       0.0015625              24               8
64000             222              17    0.0216796875   0.00166015625              25               8
64100             224              16        0.021875       0.0015625              25               9
64200             224              16        0.021875       0.0015625              25               9
64300             224              16        0.021875       0.0015625              25               9
64400             224              16        0.021875       0.0015625              25               9
64500             224              16        0.021875       0.0015625              25               9
64600             224              16        0.021875       0.0015625              25               9
64700             224              16        0.021875       0.0015625              25               9
64800             224              16        0.021875       0.0015625              25               9
64900             224              16        0.021875       0.0015625              25               9
65000             224              16        0.021875       0.0015625              25               9
65100             226              15    0.0220703125   0.00146484375              25              10
65200             226              15    0.0220703125   0.00146484375              25              10
65300             226              15    0.0220703125   0.00146484375              25              10
65400             226              15    0.0220703125   0.00146484375              25              10
65500             226              15    0.0220703125   0.00146484375              25              10
65600             226              15    0.0220703125   0.00146484375              25              10
65700             226              15    0.0220703125   0.00146484375              25              10
65800             226              15    0.0220703125   0.00146484375              25              10
65900             226              15    0.0220703125   0.00146484375              25              10
66000             226              15    0.0220703125   0.00146484375              25              10
66100             226              15    0.0220703125   0.00146484375              25              10
66200             226              15    0.0220703125   0.00146484375              25              10
66300             226              15    0.0220703125   0.00146484375              25              10
66400             226              15    0.0220703125   0.00146484375              25              10
66500             226              15    0.0220703125   0.00146484375              25              10
66600             226              15    0.0220703125   0.00146484375              25              10
66700             226              15    0.0220703125   0.00146484375              25              10
66800             226              15    0.0220703125   0.00146484375              25              10
66900             226              15    0.0220703125   0.00146484375              25              10
67000             226              15    0.0220703125   0.00146484375              25              10
67100             226              15    0.0220703125   0.00146484375              25              10
67200             226              15    0.0220703125   0.00146484375              25              10
67300             228              14     0.022265625    0.0013671875              25              11
67400             228              14     0.022265625    0.0013671875              25              11
67500             230              13    0.0224609375   0.00126953125              25              12
67600             230              13    0.0224609375   0.00126953125              25              12
67700             230              13    0.0224609375   0.00126953125              25              12
67800             232              12      0.02265625     0.001171875              25              13
67900             232              12      0.02265625     0.001171875              25              13
68000             232              12      0.02265625     0.001171875              25              13
68100             232              12      0.02265625     0.001171875              25              13
68200             232              12      0.02265625     0.001171875              25              13
68300             232              12      0.02265625     0.001171875              25              13
68400             232              12      0.02265625     0.001171875              25              13
68500             232              12      0.02265625     0.001171875              25              13
68600             232              12      0.02265625     0.001171875              25              13
68700             232              12      0.02265625     0.001171875              25              13
68800             232              12      0.02265625     0.001171875              25              13
68900             232              12      0.02265625     0.001171875              25              13
69000             232              12      0.02265625     0.001171875              25              13
69100             232              12      0.02265625     0.001171875              25              13
69200             232              12      0.02265625     0.001171875              25              13
69300             232              12      0.02265625     0.001171875              25              13
69400             232              12      0.02265625     0.001171875              25              13
69500             232              12      0.02265625     0.001171875              25              13
69600             232              12      0.02265625     0.001171875              25              13
69700             232              12      0.02265625     0.001171875              25              13
69800             234              11    0.0228515625   0.00107421875              25              14
69900             234              11    0.0228515625   0.00107421875              25              14
70000             234              11    0.0228515625   0.00107421875              25              14
70100             234              11    0.0228515625   0.00107421875              25              14
70200             234              11    0.0228515625   0.00107421875              25              14
70300             234              11    0.0228515625   0.00107421875              25              14
70400             234              11    0.0228515625   0.00107421875              25              14
70500             234              11    0.0228515625   0.00107421875              25              14
70600             234              11    0.0228515625   0.00107421875              25              14
70700             234              11    0.0228515625   0.00107421875              25              14
70800             234              11    0.0228515625   0.00107421875              25              14
70900             234              11    0.0228515625   0.00107421875              25              14
71000             232              12      0.02265625     0.001171875              26              14
71100             232              12      0.02265625     0.001171875              26              14
71200             232              12      0.02265625     0.001171875              26              14
71300             232              12      0.02265625     0.001171875              26              14
71400             232              12      0.02265625     0.001171875              26              14
71500             232              12      0.02265625     0.001171875              26              14
71600             232              12      0.02265625     0.001171875              26              14
71700             232              12      0.02265625     0.001171875              26              14
71800             232              12      0.02265625     0.001171875              26              14
71900             232              12      0.02265625     0.001171875              26              14
72000             232              12      0.02265625     0.001171875              26              14
72100             232              12      0.02265625     0.001171875              26              14
72200             232              12      0.02265625     0.001171875              26              14
72300             232              12      0.02265625     0.001171875              26              14
72400             232              12      0.02265625     0.001171875              26              14
72500             232              12      0.02265625     0.001171875              26              14
72600             232              12      0.02265625     0.001171875              26              14
72700             232              12      0.02265625     0.001171875              26              14
72800             232              12      0.02265625     0.001171875              26              14
72900             232              12      0.02265625     0.001171875              26              14
73000             232              12      0.02265625     0.001171875              26              14
73100             232              12      0.02265625     0.001171875              26              14
73200             232              12      0.02265625     0.001171875              26              14
73300             232              12      0.02265625     0.001171875              26              14
73400             232              12      0.02265625     0.001171875              26              14
73500             232              12      0.02265625     0.001171875              26              14
73600             232              12      0.02265625     0.001171875              26              14
73700             232              12      0.02265625     0.001171875              26              14
73800             230              13    0.0224609375   0.00126953125              27              14
73900             230              13    0.0224609375   0.00126953125              27              14
74000             230              13    0.0224609375   0.00126953125              27              14
74100             230              13    0.0224609375   0.00126953125              27              14
74200             230              13    0.0224609375   0.00126953125              27              14
74300             230              13    0.0224609375   0.00126953125              27              14
74400             230              13    0.0224609375   0.00126953125              27              14
74500             230              13    0.0224609375   0.00126953125              27              14
74600             230              13    0.0224609375   0.00126953125              27              14
74700             230              13    0.0224609375   0.00126953125              27              14
74800             230              13    0.0224609375   0.00126953125              27              14
74900             230              13    0.0224609375   0.00126953125              27              14
75000             230              13    0.0224609375   0.00126953125              27              14
75100             230              13    0.0224609375   0.00126953125              27              14
75200             230              13    0.0224609375   0.00126953125              27              14
75300             230              13    0.0224609375   0.00126953125              27              14
75400             230              13    0.0224609375   0.00126953125              27              14
75500             230              13    0.0224609375   0.00126953125              27              14
75600             230              13    0.0224609375   0.00126953125              27              14
75700             230              13    0.0224609375   0.00126953125              27              14
75800             230              13    0.0224609375   0.00126953125              27              14
75900             230              13    0.0224609375   0.00126953125              27              14
76000             230              13    0.0224609375   0.00126953125              27              14
76100             230              13    0.0224609375   0.00126953125              27              14
76200             230              13    0.0224609375   0.00126953125              27              14
76300             230              13    0.0224609375   0.00126953125              27              14
76400             230              13    0.0224609375   0.00126953125              27              14
76500             230              13    0.0224609375   0.00126953125              27              14
76600             230              13    0.0224609375   0.00126953125              27              14
76700             230              13    0.0224609375   0.00126953125              27              14
76800             230              13    0.0224609375   0.00126953125              27              14
76900             230              13    0.0224609375   0.00126953125              27              14
77000             230              13    0.0224609375   0.00126953125              27              14
77100             230              13    0.0224609375   0.00126953125              27              14
77200             230              13    0.0224609375   0.00126953125              27              14
77300             230              13    0.0224609375   0.00126953125              27              14
77400             230              13    0.0224609375   0.00126953125              27              14
77500             230              13    0.0224609375   0.00126953125              27              14
77600             230              13    0.0224609375   0.00126953125              27              14
77700             230              13    0.0224609375   0.00126953125              27              14
77800             230              13    0.0224609375   0.00126953125              27              14
77900             230              13    0.0224609375   0.00126953125              27              14
78000             230              13    0.0224609375   0.00126953125              27              14
78100             230              13    0.0224609375   0.00126953125              27              14
78200             230              13    0.0224609375   0.00126953125              27              14
78300             230              13    0.0224609375   0.00126953125              27              14
78400             230              13    0.0224609375   0.00126953125              27              14
78500             230              13    0.0224609375   0.00126953125              27              14
78600             230              13    0.0224609375   0.00126953125              27              14
78700             230              13    0.0224609375   0.00126953125              27              14
78800             230              13    0.0224609375   0.00126953125              27              14
78900             230              13    0.0224609375   0.00126953125              27              14
79000             230              13    0.0224609375   0.00126953125              27              14
79100             230              13    0.0224609375   0.00126953125              27              14
79200             230              13    0.0224609375   0.00126953125              27              14
79300             230              13    0.0224609375   0.00126953125              27              14
79400             230              13    0.0224609375   0.00126953125              27              14
79500             230              13    0.0224609375   0.00126953125              27              14
79600             230              13    0.0224609375   0.00126953125              27              14
79700             230              13    0.0224609375   0.00126953125              27              14
79800             230              13    0.0224609375   0.00126953125              27              14
79900             230              13    0.0224609375   0.00126953125              27              14
80000             230              13    0.0224609375   0.00126953125              27              14
80100             230              13    0.0224609375   0.00126953125              27              14
80200             230              13    0.0224609375   0.00126953125              27              14
80300             230              13    0.0224609375   0.00126953125              27              14
80400             230              13    0.0224609375   0.00126953125              27              14
80500             230              13    0.0224609375   0.00126953125              27              14
80600             230              13    0.0224609375   0.00126953125              27              14
80700             230              13    0.0224609375   0.00126953125              27              14
80800             230              13    0.0224609375   0.00126953125              27              14
80900             230              13    0.0224609375   0.00126953125              27              14
81000             230              13    0.0224609375   0.00126953125              27              14
81100             230              13    0.0224609375   0.00126953125              27              14
81200             230              13    0.0224609375   0.00126953125              27              14
81300             230              13    0.0224609375   0.00126953125              27              14
81400             230              13    0.0224609375   0.00126953125              27              14
81500             230              13    0.0224609375   0.00126953125              27              14
81600             230              13    0.0224609375   0.00126953125              27              14
81700             230              13    0.0224609375   0.00126953125              27              14
81800             230              13    0.0224609375   0.00126953125              27              14
81900             230              13    0.0224609375   0.00126953125              27              14
82000             230              13    0.0224609375   0.00126953125              27              14
82100             230              13    0.0224609375   0.00126953125              27              14
82200             230              13    0.0224609375   0.00126953125              27              14
82300             230              13    0.0224609375   0.00126953125              27              14
82400             230              13    0.0224609375   0.00126953125              27              14
82500             230              13    0.0224609375   0.00126953125              27              14
82600             230              13    0.0224609375   0.00126953125              27              14
82700             230              13    0.0224609375   0.00126953125              27              14
82800             230              13    0.0224609375   0.00126953125              27              14
82900             230              13    0.0224609375   0.00126953125              27              14
83000             230              13    0.0224609375   0.00126953125              27              14
83100             230              13    0.0224609375   0.00126953125              27              14
83200             230              13    0.0224609375   0.00126953125              27              14
83300             230              13    0.0224609375   0.00126953125              27              14
83400             230              13    0.0224609375   0.00126953125              27              14
83500             230              13    0.0224609375   0.00126953125              27              14
83600             230              13    0.0224609375   0.00126953125              27              14
83700             230              13    0.0224609375   0.00126953125              27              14
83800             230              13    0.0224609375   0.00126953125              27              14
83900             230              13    0.0224609375   0.00126953125              27              14
84000             230              13    0.0224609375   0.00126953125              27              14
84100             228              14     0.022265625    0.0013671875              28              14
84200             228              14     0.022265625    0.0013671875              28              14
84300             228              14     0.022265625    0.0013671875              28              14
84400             228              14     0.022265625    0.0013671875              28              14
84500             228              14     0.022265625    0.0013671875              28              14
84600             228              14     0.022265625    0.0013671875              28              14
84700             228              14     0.022265625    0.0013671875              28              14
84800             228              14     0.022265625    0.0013671875              28              14
84900             228              14     0.022265625    0.0013671875              28              14
85000             228              14     0.022265625    0.0013671875              28              14
85100             228              14     0.022265625    0.0013671875              28              14
85200             228              14     0.022265625    0.0013671875              28              14
85300             228              14     0.022265625    0.0013671875              28              14
85400             228              14     0.022265625    0.0013671875              28              14
85500             230              13    0.0224609375   0.00126953125              28              15
85600             230              13    0.0224609375   0.00126953125              28              15
85700             230              13    0.0224609375   0.00126953125              28              15
85800             230              13    0.0224609375   0.00126953125              28              15
85900             230              13    0.0224609375   0.00126953125              28              15
86000             230              13    0.0224609375   0.00126953125              28              15
86100             230              13    0.0224609375   0.00126953125              28              15
86200             230              13    0.0224609375   0.00126953125              28              15
86300             230              13    0.0224609375   0.00126953125              28              15
86400             230              13    0.0224609375   0.00126953125              28              15
86500             230              13    0.0224609375   0.00126953125              28              15
86600             230              13    0.0224609375   0.00126953125              28              15
86700             230              13    0.0224609375   0.00126953125              28              15
86800             230              13    0.0224609375   0.00126953125              28              15
86900             230              13    0.0224609375   0.00126953125              28              15
87000             230              13    0.0224609375   0.00126953125              28              15
87100             230              13    0.0224609375   0.00126953125              28              15
87200             232              12      0.02265625     0.001171875              28              16
87300             232              12      0.02265625     0.001171875              28              16
87400             232              12      0.02265625     0.001171875              28              16
87500             232              12      0.02265625     0.001171875              28              16
87600             232              12      0.02265625     0.001171875              28              16
87700             232              12      0.02265625     0.001171875              28              16
87800             232              12      0.02265625     0.001171875              28              16
87900             232              12      0.02265625     0.001171875              28              16
88000             232              12      0.02265625     0.001171875              28              16
88100             232              12      0.02265625     0.001171875              28              16
88200             232              12      0.02265625     0.001171875              28              16
88300             232              12      0.02265625     0.001171875              28              16
88400             232              12      0.02265625     0.001171875              28              16
88500             232              12      0.02265625     0.001171875              28              16
88600             232              12      0.02265625     0.001171875              28              16
88700             232              12      0.02265625     0.001171875              28              16
88800             232              12      0.02265625     0.001171875              28              16
88900             232              12      0.02265625     0.001171875              28              16
89000             230              13    0.0224609375   0.00126953125              29              16
89100             230              13    0.0224609375   0.00126953125              29              16
89200             230              13    0.0224609375   0.00126953125              29              16
89300             230              13    0.0224609375   0.00126953125              29              16
89400             230              13    0.0224609375   0.00126953125              29              16
89500             230              13    0.0224609375   0.00126953125              29              16
89600             230              13    0.0224609375   0.00126953125              29              16
89700             230              13    0.0224609375   0.00126953125              29              16
89800             230              13    0.0224609375   0.00126953125              29              16
89900             230              13    0.0224609375   0.00126953125              29              16
90000             230              13    0.0224609375   0.00126953125              29              16
90100             230              13    0.0224609375   0.00126953125              29              16
90200             230              13    0.0224609375   0.00126953125              29              16
90300             230              13    0.0224609375   0.00126953125              29              16
90400             230              13    0.0224609375   0.00126953125              29              16
90500             230              13    0.0224609375   0.00126953125              29              16
90600             230              13    0.0224609375   0.00126953125              29              16
90700             230              13    0.0224609375   0.00126953125              29              16
90800             230              13    0.0224609375   0.00126953125              29              16
90900             230              13    0.0224609375   0.00126953125              29              16
91000             230              13    0.0224609375   0.00126953125              29              16
91100             230              13    0.0224609375   0.00126953125              29              16
91200             230              13    0.0224609375   0.00126953125              29              16
91300             230              13    0.0224609375   0.00126953125              29              16
91400             230              13    0.0224609375   0.00126953125              29              16
91500             230              13    0.0224609375   0.00126953125              29              16
91600             230              13    0.0224609375   0.00126953125              29              16
91700             230              13    0.0224609375   0.00126953125              30              17
91800             230              13    0.0224609375   0.00126953125              30              17
91900             228              14     0.022265625    0.0013671875              31              17
92000             228              14     0.022265625    0.0013671875              31              17
92100             228              14     0.022265625    0.0013671875              31              17
92200             228              14     0.022265625    0.0013671875              31              17
92300             228              14     0.022265625    0.0013671875              31              17
92400             228              14     0.022265625    0.0013671875              31              17
92500             226              15    0.0220703125   0.00146484375              32              17
92600             226              15    0.0220703125   0.00146484375              32              17
92700             226              15    0.0220703125   0.00146484375              32              17
92800             226              15    0.0220703125   0.00146484375              32              17
92900             226              15    0.0220703125   0.00146484375              32              17
93000             226              15    0.0220703125   0.00146484375              32              17
93100             226              15    0.0220703125   0.00146484375              32              17
93200             226              15    0.0220703125   0.00146484375              32              17
93300             226              15    0.0220703125   0.00146484375              32              17
93400             226              15    0.0220703125   0.00146484375              32              17
93500             226              15    0.0220703125   0.00146484375              32              17
93600             226              15    0.0220703125   0.00146484375              32              17
93700             226              15    0.0220703125   0.00146484375              32              17
93800             226              15    0.0220703125   0.00146484375              32              17
93900             226              15    0.0220703125   0.00146484375              32              17
94000             226              15    0.0220703125   0.00146484375              32              17
94100             226              15    0.0220703125   0.00146484375              32              17
94200             226              15    0.0220703125   0.00146484375              32              17
94300             228              14     0.022265625    0.0013671875              32              18
94400             228              14     0.022265625    0.0013671875              32              18
94500             228              14     0.022265625    0.0013671875              32              18
94600             230              13    0.0224609375   0.00126953125              32              19
94700             232              12      0.02265625     0.001171875              32              20
94800             232              12      0.02265625     0.001171875              32              20
94900             232              12      0.02265625     0.001171875              32              20
95000             232              12      0.02265625     0.001171875              32              20
95100             232              12      0.02265625     0.001171875              32              20
95200             234              11    0.0228515625   0.00107421875              32              21
95300             234              11    0.0228515625   0.00107421875              32              21
95400             234              11    0.0228515625   0.00107421875              32              21
95500             234              11    0.0228515625   0.00107421875              32              21
95600             234              11    0.0228515625   0.00107421875              32              21
95700             234              11    0.0228515625   0.00107421875              32              21
95800             234              11    0.0228515625   0.00107421875              32              21
95900             232              12      0.02265625     0.001171875              33              21
96000             232              12      0.02265625     0.001171875              33              21
96100             232              12      0.02265625     0.001171875              33              21
96200             232              12      0.02265625     0.001171875              33              21
96300             232              12      0.02265625     0.001171875              33              21
96400             232              12      0.02265625     0.001171875              33              21
96500             232              12      0.02265625     0.001171875              33              21
96600             232              12      0.02265625     0.001171875              33              21
96700             232              12      0.02265625     0.001171875              33              21
96800             232              12      0.02265625     0.001171875              33              21
96900             232              12      0.02265625     0.001171875              33              21
97000             232              12      0.02265625     0.001171875              33              21
97100             232              12      0.02265625     0.001171875              33              21
97200             232              12      0.02265625     0.001171875              33              21
97300             232              12      0.02265625     0.001171875              33              21
97400             232              12      0.02265625     0.001171875              33              21
97500             232              12      0.02265625     0.001171875              33              21
97600             232              12      0.02265625     0.001171875              33              21
97700             232              12      0.02265625     0.001171875              33              21
97800             232              12      0.02265625     0.001171875              33              21
97900             234              11    0.0228515625   0.00107421875              33              22
98000             234              11    0.0228515625   0.00107421875              33              22
98100             234              11    0.0228515625   0.00107421875              33              22
98200             234              11    0.0228515625   0.00107421875              33              22
98300             234              11    0.0228515625   0.00107421875              33              22
98400             234              11    0.0228515625   0.00107421875              33              22
98500             234              11    0.0228515625   0.00107421875              33              22
98600             234              11    0.0228515625   0.00107421875              33              22
98700             234              11    0.0228515625   0.00107421875              33              22
98800             234              11    0.0228515625   0.00107421875              33              22
98900             232              12      0.02265625     0.001171875              34              22
99000             232              12      0.02265625     0.001171875              34              22
99100             232              12      0.02265625     0.001171875              34              22
99200             232              12      0.02265625     0.001171875              34              22
99300             232              12      0.02265625     0.001171875              34              22
99400             232              12      0.02265625     0.001171875              34              22
99500             232              12      0.02265625     0.001171875              34              22
99600             232              12      0.02265625     0.001171875              34              22
99700             232              12      0.02265625     0.001171875              34              22
99800             232              12      0.02265625     0.001171875              34              22
99900             232              12      0.02265625     0.001171875              34              22
100000             232              12      0.02265625     0.001171875              34              22
