# Time-averaged data for fix observ
# TimeStep v_nfree v_ndimer v_cfree v_cdimer f_kinetics[2] f_kinetics[3]
0             256               0           0.025               0               0               0
100             254               1    0.0248046875    9.765625e-05               1               0
200             252               2     0.024609375    0.0001953125               2               0
300             250               3    0.0244140625   0.00029296875               3               0
400             250               3    0.0244140625   0.00029296875               5               2
500             250               3    0.0244140625   0.00029296875               5               2
600             248               4      0.02421875     0.000390625               6               2
700             248               4      0.02421875     0.000390625               6               2
800             244               6     0.023828125    0.0005859375               8               2
900             244               6     0.023828125    0.0005859375               8               2
1000             242               7    0.0236328125   0.00068359375              10               3
1100             240               8       0.0234375      0.00078125              11               3
1200             234              11    0.0228515625   0.00107421875              14               3
1300             236              10     0.023046875    0.0009765625              15               5
1400             236              10     0.023046875    0.0009765625              16               6
1500             236              10     0.023046875    0.0009765625              16               6
1600             238               9    0.0232421875   0.00087890625              17               8
1700             238               9    0.0232421875   0.00087890625              18               9
1800             238               9    0.0232421875   0.00087890625              18               9
1900             238               9    0.0232421875   0.00087890625              19              10
2000             240               8       0.0234375      0.00078125              19              11
2100             238               9    0.0232421875   0.00087890625              20              11
2200             234              11    0.0228515625   0.00107421875              22              11
2300             236              10     0.023046875    0.0009765625              22              12
2400             234              11    0.0228515625   0.00107421875              23              12
2500             234              11    0.0228515625   0.00107421875              23              12
2600             230              13    0.0224609375   0.00126953125              26              13
2700             232              12      0.02265625     0.001171875              26              14
2800             234              11    0.0228515625   0.00107421875              26              15
2900             236              10     0.023046875    0.0009765625              26              16
3000             234              11    0.0228515625   0.00107421875              27              16
3100             236              10     0.023046875    0.0009765625              28              18
3200             238               9    0.0232421875   0.00087890625              28              19
3300             236              10     0.023046875    0.0009765625              30              20
3400             236              10     0.023046875    0.0009765625              30              20
3500             234              11    0.0228515625   0.00107421875              31              20
3600             232              12      0.02265625     0.001171875              33              21
3700             230              13    0.0224609375   0.00126953125              35              22
3800             226              15    0.0220703125   0.00146484375              38              23
3900             226              15    0.0220703125   0.00146484375              39              24
4000             230              13    0.0224609375   0.00126953125              39              26
4100             230              13    0.0224609375   0.00126953125              40              27
4200             228              14     0.022265625    0.0013671875              41              27
4300             226              15    0.0220703125   0.00146484375              43              28
4400             226              15    0.0220703125   0.00146484375              44              29
4500             226              15    0.0220703125   0.00146484375              44              29
4600             228              14     0.022265625    0.0013671875              44              30
4700             230              13    0.0224609375   0.00126953125              44              31
4800             230              13    0.0224609375   0.00126953125              44              31
4900             234              11    0.0228515625   0.00107421875              45              34
5000             238               9    0.0232421875   0.00087890625              45              36
5100             246               5    0.0240234375   0.00048828125              45              40
5200             244               6     0.023828125    0.0005859375              47              41
5300             244               6     0.023828125    0.0005859375              48              42
5400             244               6     0.023828125    0.0005859375              48              42
5500             246               5    0.0240234375   0.00048828125              48              43
5600             244               6     0.023828125    0.0005859375              50              44
5700             242               7    0.0236328125   0.00068359375              51              44
5800             240               8       0.0234375      0.00078125              52              44
5900             242               7    0.0236328125   0.00068359375              52              45
6000             240               8       0.0234375      0.00078125              53              45
6100             240               8       0.0234375      0.00078125              54              46
6200             240               8       0.0234375      0.00078125              54              46
6300             242               7    0.0236328125   0.00068359375              55              48
6400             236              10     0.023046875    0.0009765625              58              48
6500             230              13    0.0224609375   0.00126953125              61              48
6600             228              14     0.022265625    0.0013671875              62              48
6700             226              15    0.0220703125   0.00146484375              63              48
6800             226              15    0.0220703125   0.00146484375              64              49
6900             230              13    0.0224609375   0.00126953125              65              52
7000             230              13    0.0224609375   0.00126953125              65              52
7100             228              14     0.022265625    0.0013671875              67              53
7200             228              14     0.022265625    0.0013671875              67              53
7300             232              12      0.02265625     0.001171875              67              55
7400             236              10     0.023046875    0.0009765625              68              58
7500             236              10     0.023046875    0.0009765625              68              58
7600             234              11    0.0228515625   0.00107421875              69              58
7700             234              11    0.0228515625   0.00107421875              70              59
7800             234              11    0.0228515625   0.00107421875              70              59
7900             230              13    0.0224609375   0.00126953125              72              59
8000             228              14     0.022265625    0.0013671875              74              60
8100             230              13    0.0224609375   0.00126953125              74              61
8200             232              12      0.02265625     0.001171875              74              62
8300             230              13    0.0224609375   0.00126953125              75              62
8400             226              15    0.0220703125   0.00146484375              79              64
8500             222              17    0.0216796875   0.00166015625              81              64
8600             224              16        0.021875       0.0015625              82              66
8700             230              13    0.0224609375   0.00126953125              82              69
8800             226              15    0.0220703125   0.00146484375              84              69
8900             222              17    0.0216796875   0.00166015625              87              70
9000             220              18     0.021484375    0.0017578125              88              70
9100             224              16        0.021875       0.0015625              89              73
9200             220              18     0.021484375    0.0017578125              92              74
9300             218              19    0.0212890625   0.00185546875              94              75
9400             218              19    0.0212890625   0.00185546875              95              76
9500             220              18     0.021484375    0.0017578125              97              79
9600             222              17    0.0216796875   0.00166015625              99              82
9700             218              19    0.0212890625   0.00185546875             101              82
9800             218              19    0.0212890625   0.00185546875             103              84
9900             220              18     0.021484375    0.0017578125             103              85
10000             220              18     0.021484375    0.0017578125             104              86
10100             222              17    0.0216796875   0.00166015625             104              87
10200             220              18     0.021484375    0.0017578125             107              89
10300             220              18     0.021484375    0.0017578125             108              90
10400             222              17    0.0216796875   0.00166015625             108              91
10500             228              14     0.022265625    0.0013671875             108              94
10600             228              14     0.022265625    0.0013671875             109              95
10700             230              13    0.0224609375   0.00126953125             110              97
10800             230              13    0.0224609375   0.00126953125             110              97
10900             230              13    0.0224609375   0.00126953125             111              98
11000             232              12      0.02265625     0.001171875             111              99
11100             232              12      0.02265625     0.001171875             112             100
11200             234              11    0.0228515625   0.00107421875             112             101
11300             230              13    0.0224609375   0.00126953125             114             101
11400             232              12      0.02265625     0.001171875             115             103
11500             236              10     0.023046875    0.0009765625             115             105
11600             236              10     0.023046875    0.0009765625             115             105
11700             238               9    0.0232421875   0.00087890625             115             106
11800             238               9    0.0232421875   0.00087890625             115             106
11900             236              10     0.023046875    0.0009765625             116             106
12000             240               8       0.0234375      0.00078125             116             108
12100             240               8       0.0234375      0.00078125             117             109
12200             238               9    0.0232421875   0.00087890625             119             110
12300             238               9    0.0232421875   0.00087890625             119             110
12400             236              10     0.023046875    0.0009765625             121             111
12500             234              11    0.0228515625   0.00107421875             122             111
12600             234              11    0.0228515625   0.00107421875             123             112
12700             232              12      0.02265625     0.001171875             125             113
12800             230              13    0.0224609375   0.00126953125             126             113
12900             230              13    0.0224609375   0.00126953125             128             115
13000             232              12      0.02265625     0.001171875             128             116
13100             230              13    0.0224609375   0.00126953125             130             117
13200             230              13    0.0224609375   0.00126953125             130             117
13300             238               9    0.0232421875   0.00087890625             131             122
13400             236              10     0.023046875    0.0009765625             133             123
13500             232              12      0.02265625     0.001171875             135             123
13600             232              12      0.02265625     0.001171875             136             124
13700             238               9    0.0232421875   0.00087890625             138             129
13800             236              10     0.023046875    0.0009765625             139             129
13900             234              11    0.0228515625   0.00107421875             140             129
14000             238               9    0.0232421875   0.00087890625             140             131
14100             238               9    0.0232421875   0.00087890625             141             132
14200             234              11    0.0228515625   0.00107421875             144             133
14300             236              10     0.023046875    0.0009765625             144             134
14400             234              11    0.0228515625   0.00107421875             145             134
14500             230              13    0.0224609375   0.00126953125             147             134
14600             228              14     0.022265625    0.0013671875             148             134
14700             226              15    0.0220703125   0.00146484375             150             135
14800             228              14     0.022265625    0.0013671875             151             137
14900             224              16        0.021875       0.0015625             153             137
15000             228              14     0.022265625    0.0013671875             153             139
15100             228              14     0.022265625    0.0013671875             154             140
15200             232              12      0.02265625     0.001171875             154             142
15300             228              14     0.022265625    0.0013671875             156             142
15400             224              16        0.021875       0.0015625             158             142
15500             226              15    0.0220703125   0.00146484375             160             145
15600             232              12      0.02265625     0.001171875             161             149
15700             226              15    0.0220703125   0.00146484375             165             150
15800             228              14     0.022265625    0.0013671875             166             152
15900             224              16        0.021875       0.0015625             169             153
16000             228              14     0.022265625    0.0013671875             170             156
16100             224              16        0.021875       0.0015625             173             157
16200             228              14     0.022265625    0.0013671875             173             159
16300             228              14     0.022265625    0.0013671875             173             159
16400             232              12      0.02265625     0.001171875             173             161
16500             232              12      0.02265625     0.001171875             173             161
16600             232              12      0.02265625     0.001171875             174             162
16700             232              12      0.02265625     0.001171875             175             163
16800             232              12      0.02265625     0.001171875             175             163
16900             230              13    0.0224609375   0.00126953125             176             163
17000             228              14     0.022265625    0.0013671875             178             164
17100             230              13    0.0224609375   0.00126953125             178             165
17200             234              11    0.0228515625   0.00107421875             179             168
17300             232              12      0.02265625     0.001171875             180             168
17400             238               9    0.0232421875   0.00087890625             180             171
17500             236              10     0.023046875    0.0009765625             181             171
17600             236              10     0.023046875    0.0009765625             182             172
17700             234              11    0.0228515625   0.00107421875             183             172
17800             236              10     0.023046875    0.0009765625             183             173
17900             232              12      0.02265625     0.001171875             186             174
18000             228              14     0.022265625    0.0013671875             188             174
18100             232              12      0.02265625     0.001171875             189             177
18200             234              11    0.0228515625   0.00107421875             189             178
18300             236              10     0.023046875    0.0009765625             189             179
18400             238               9    0.0232421875   0.00087890625             189             180
18500             238               9    0.0232421875   0.00087890625             190             181
18600             238               9    0.0232421875   0.00087890625             191             182
18700             236              10     0.023046875    0.0009765625             192             182
18800             238               9    0.0232421875   0.00087890625             192             183
18900             242               7    0.0236328125   0.00068359375             192             185
19000             240               8       0.0234375      0.00078125             193             185
19100             236              10     0.023046875    0.0009765625             196             186
19200             236              10     0.023046875    0.0009765625             196             186
19300             238               9    0.0232421875   0.00087890625             197             188
19400             238               9    0.0232421875   0.00087890625             197             188
19500             240               8       0.0234375      0.00078125             197             189
19600             240               8       0.0234375      0.00078125             197             189
19700             240               8       0.0234375      0.00078125             197             189
19800             242               7    0.0236328125   0.00068359375             197             190
19900             242               7    0.0236328125   0.00068359375             198             191
20000             244               6     0.023828125    0.0005859375             198             192
20100             240               8       0.0234375      0.00078125             201             193
20200             238               9    0.0232421875   0.00087890625             203             194
20300             236              10     0.023046875    0.0009765625             204             194
20400             236              10     0.023046875    0.0009765625             204             194
20500             236              10     0.023046875    0.0009765625             205             195
20600             236              10     0.023046875    0.0009765625             206             196
20700             232              12      0.02265625     0.001171875             208             196
20800             234              11    0.0228515625   0.00107421875             208             197
20900             238               9    0.0232421875   0.00087890625             209             200
21000             236              10     0.023046875    0.0009765625             211             201
21100             236              10     0.023046875    0.0009765625             211             201
21200             238               9    0.0232421875   0.00087890625             212             203
21300             240               8       0.0234375      0.00078125             214             206
21400             238               9    0.0232421875   0.00087890625             215             206
21500             242               7    0.0236328125   0.00068359375             215             208
21600             236              10     0.023046875    0.0009765625             218             208
21700             238               9    0.0232421875   0.00087890625             218             209
21800             236              10     0.023046875    0.0009765625             219             209
21900             232              12      0.02265625     0.001171875             223             211
22000             228              14     0.022265625    0.0013671875             225             211
22100             222              17    0.0216796875   0.00166015625             229             212
22200             222              17    0.0216796875   0.00166015625             229             212
22300             224              16        0.021875       0.0015625             230             214
22400             226              15    0.0220703125   0.00146484375             230             215
22500             230              13    0.0224609375   0.00126953125             230             217
22600             230              13    0.0224609375   0.00126953125             231             218
22700             226              15    0.0220703125   0.00146484375             234             219
22800             228              14     0.022265625    0.0013671875             235             221
22900             238               9    0.0232421875   0.00087890625             235             226
23000             236              10     0.023046875    0.0009765625             236             226
23100             238               9    0.0232421875   0.00087890625             236             227
23200             234              11    0.0228515625   0.00107421875             238             227
23300             234              11    0.0228515625   0.00107421875             238             227
23400             236              10     0.023046875    0.0009765625             238             228
23500             232              12      0.02265625     0.001171875             241             229
23600             230              13    0.0224609375   0.00126953125             242             229
23700             234              11    0.0228515625   0.00107421875             242             231
23800             234              11    0.0228515625   0.00107421875             244             233
23900             236              10     0.023046875    0.0009765625             245             235
24000             236              10     0.023046875    0.0009765625             245             235
24100             236              10     0.023046875    0.0009765625             246             236
24200             238               9    0.0232421875   0.00087890625             246             237
24300             242               7    0.0236328125   0.00068359375             246             239
24400             240               8       0.0234375      0.00078125             247             239
24500             234              11    0.0228515625   0.00107421875             250             239
24600             230              13    0.0224609375   0.00126953125             252             239
24700             228              14     0.022265625    0.0013671875             253             239
24800             228              14     0.022265625    0.0013671875             254             240
24900             228              14     0.022265625    0.0013671875             255             241
25000             228              14     0.022265625    0.0013671875             255             241
25100             224              16        0.021875       0.0015625             257             241
25200             224              16        0.021875       0.0015625             258             242
25300             226              15    0.0220703125   0.00146484375             258             243
25400             222              17    0.0216796875   0.00166015625             260             243
25500             222              17    0.0216796875   0.00166015625             261             244
25600             222              17    0.0216796875   0.00166015625             263             246
25700             220              18     0.021484375    0.0017578125             264             246
25800             222              17    0.0216796875   0.00166015625             266             249
25900             222              17    0.0216796875   0.00166015625             267             250
26000             218              19    0.0212890625   0.00185546875             269             250
26100             214              21    0.0208984375   0.00205078125             271             250
26200             216              20      0.02109375     0.001953125             271             251
26300             216              20      0.02109375     0.001953125             272             252
26400             214              21    0.0208984375   0.00205078125             273             252
26500             218              19    0.0212890625   0.00185546875             273             254
26600             210              23    0.0205078125   0.00224609375             278             255
26700             210              23    0.0205078125   0.00224609375             279             256
26800             212              22     0.020703125    0.0021484375             281             259
26900             224              16        0.021875       0.0015625             282             266
27000             224              16        0.021875       0.0015625             284             268
27100             226              15    0.0220703125   0.00146484375             285             270
27200             230              13    0.0224609375   0.00126953125             285             272
27300             230              13    0.0224609375   0.00126953125             287             274
27400             228              14     0.022265625    0.0013671875             289             275
27500             230              13    0.0224609375   0.00126953125             290             277
27600             228              14     0.022265625    0.0013671875             291             277
27700             224              16        0.021875       0.0015625             293             277
27800             228              14     0.022265625    0.0013671875             294             280
27900             228              14     0.022265625    0.0013671875             296             282
28000             232              12      0.02265625     0.001171875             297             285
28100             228              14     0.022265625    0.0013671875             300             286
28200             226              15    0.0220703125   0.00146484375             301             286
28300             232              12      0.02265625     0.001171875             301             289
28400             238               9    0.0232421875   0.00087890625             301             292
28500             238               9    0.0232421875   0.00087890625             301             292
28600             244               6     0.023828125    0.0005859375             301             295
28700             242               7    0.0236328125   0.00068359375             302             295
28800             246               5    0.0240234375   0.00048828125             302             297
28900             242               7    0.0236328125   0.00068359375             304             297
29000             240               8       0.0234375      0.00078125             305             297
29100             242               7    0.0236328125   0.00068359375             305             298
29200             244               6     0.023828125    0.0005859375             306             300
29300             246               5    0.0240234375   0.00048828125             306             301
29400             244               6     0.023828125    0.0005859375             307             301
29500             236              10     0.023046875    0.0009765625             311             301
29600             236              10     0.023046875    0.0009765625             312             302
29700             234              11    0.0228515625   0.00107421875             314             303
29800             230              13    0.0224609375   0.00126953125             316             303
29900             230              13    0.0224609375   0.00126953125             316             303
30000             220              18     0.021484375    0.0017578125             321             303
30100             214              21    0.0208984375   0.00205078125             324             303
30200             210              23    0.0205078125   0.00224609375             328             305
30300             208              24       0.0203125      0.00234375             330             306
30400             208              24       0.0203125      0.00234375             331             307
30500             204              26     0.019921875    0.0025390625             334             308
30600             208              24       0.0203125      0.00234375             335             311
30700             212              22     0.020703125    0.0021484375             336             314
30800             212              22     0.020703125    0.0021484375             337             315
30900             212              22     0.020703125    0.0021484375             337             315
31000             212              22     0.020703125    0.0021484375             337             315
31100             214              21    0.0208984375   0.00205078125             337             316
31200             214              21    0.0208984375   0.00205078125             339             318
31300             216              20      0.02109375     0.001953125             340             320
31400             216              20      0.02109375     0.001953125             342             322
31500             214              21    0.0208984375   0.00205078125             343             322
31600             218              19    0.0212890625   0.00185546875             343             324
31700             222              17    0.0216796875   0.00166015625             344             327
31800             222              17    0.0216796875   0.00166015625             344             327
31900             218              19    0.0212890625   0.00185546875             346             327
32000             216              20      0.02109375     0.001953125             347             327
32100             208              24       0.0203125      0.00234375             352             328
32200             204              26     0.019921875    0.0025390625             355             329
32300             204              26     0.019921875    0.0025390625             356             330
32400             206              25    0.0201171875   0.00244140625             359             334
32500             210              23    0.0205078125   0.00224609375             359             336
32600             212              22     0.020703125    0.0021484375             359             337
32700             218              19    0.0212890625   0.00185546875             360             341
32800             222              17    0.0216796875   0.00166015625             360             343
32900             224              16        0.021875       0.0015625             360             344
33000             224              16        0.021875       0.0015625             361             345
33100             218              19    0.0212890625   0.00185546875             364             345
33200             218              19    0.0212890625   0.00185546875             364             345
33300             220              18     0.021484375    0.0017578125             364             346
33400             224              16        0.021875       0.0015625             365             349
33500             224              16        0.021875       0.0015625             367             351
33600             226              15    0.0220703125   0.00146484375             368             353
33700             222              17    0.0216796875   0.00166015625             370             353
33800             222              17    0.0216796875   0.00166015625             371             354
33900             222              17    0.0216796875   0.00166015625             372             355
34000             224              16        0.021875       0.0015625             372             356
34100             222              17    0.0216796875   0.00166015625             373             356
34200             224              16        0.021875       0.0015625             374             358
34300             224              16        0.021875       0.0015625             375             359
34400             222              17    0.0216796875   0.00166015625             376             359
34500             228              14     0.022265625    0.0013671875             377             363
34600             232              12      0.02265625     0.001171875             377             365
34700             230              13    0.0224609375   0.00126953125             378             365
34800             232              12      0.02265625     0.001171875             378             366
34900             232              12      0.02265625     0.001171875             380             368
35000             226              15    0.0220703125   0.00146484375             383             368
35100             222              17    0.0216796875   0.00166015625             386             369
35200             224              16        0.021875       0.0015625             389             373
35300             224              16        0.021875       0.0015625             389             373
35400             224              16        0.021875       0.0015625             390             374
35500             226              15    0.0220703125   0.00146484375             390             375
35600             224              16        0.021875       0.0015625             391             375
35700             226              15    0.0220703125   0.00146484375             391             376
35800             228              14     0.022265625    0.0013671875             391             377
35900             228              14     0.022265625    0.0013671875             391             377
36000             226              15    0.0220703125   0.00146484375             392             377
36100             224              16        0.021875       0.0015625             393             377
36200             226              15    0.0220703125   0.00146484375             393             378
36300             232              12      0.02265625     0.001171875             393             381
36400             234              11    0.0228515625   0.00107421875             395             384
36500             232              12      0.02265625     0.001171875             396             384
36600             234              11    0.0228515625   0.00107421875             397             386
36700             232              12      0.02265625     0.001171875             399             387
36800             222              17    0.0216796875   0.00166015625             406             389
36900             224              16        0.021875       0.0015625             407             391
37000             228              14     0.022265625    0.0013671875             407             393
37100             228              14     0.022265625    0.0013671875             409             395
37200             228              14     0.022265625    0.0013671875             409             395
37300             226              15    0.0220703125   0.00146484375             410             395
37400             226              15    0.0220703125   0.00146484375             410             395
37500             226              15    0.0220703125   0.00146484375             410             395
37600             220              18     0.021484375    0.0017578125             413             395
37700             226              15    0.0220703125   0.00146484375             413             398
37800             226              15    0.0220703125   0.00146484375             413             398
37900             226              15    0.0220703125   0.00146484375             413             398
38000             228              14     0.022265625    0.0013671875             413             399
38100             226              15    0.0220703125   0.00146484375             414             399
38200             222              17    0.0216796875   0.00166015625             416             399
38300             222              17    0.0216796875   0.00166015625             417             400
38400             226              15    0.0220703125   0.00146484375             418             403
38500             222              17    0.0216796875   0.00166015625             420             403
38600             222              17    0.0216796875   0.00166015625             421             404
38700             220              18     0.021484375    0.0017578125             423             405
38800             222              17    0.0216796875   0.00166015625             424             407
38900             220              18     0.021484375    0.0017578125             426             408
39000             218              19    0.0212890625   0.00185546875             429             410
39100             220              18     0.021484375    0.0017578125             429             411
39200             228              14     0.022265625    0.0013671875             430             416
39300             228              14     0.022265625    0.0013671875             430             416
39400             228              14     0.022265625    0.0013671875             432             418
39500             232              12      0.02265625     0.001171875             432             420
39600             238               9    0.0232421875   0.00087890625             432             423
39700             230              13    0.0224609375   0.00126953125             436             423
39800             228              14     0.022265625    0.0013671875             437             423
39900             232              12      0.02265625     0.001171875             437             425
40000             236              10     0.023046875    0.0009765625             437             427
40100             234              11    0.0228515625   0.00107421875             439             428
40200             234              11    0.0228515625   0.00107421875             439             428
40300             238               9    0.0232421875   0.00087890625             439             430
40400             238               9    0.0232421875   0.00087890625             440             431
40500             236              10     0.023046875    0.0009765625             442             432
40600             238               9    0.0232421875   0.00087890625             444             435
40700             236              10     0.023046875    0.0009765625             445             435
40800             232              12      0.02265625     0.001171875             448             436
40900             234              11    0.0228515625   0.00107421875             449             438
41000             238               9    0.0232421875   0.00087890625             450             441
41100             238               9    0.0232421875   0.00087890625             450             441
41200             240               8       0.0234375      0.00078125             452             444
41300             240               8       0.0234375      0.00078125             452             444
41400             240               8       0.0234375      0.00078125             452             444
41500             242               7    0.0236328125   0.00068359375             452             445
41600             238               9    0.0232421875   0.00087890625             456             447
41700             238               9    0.0232421875   0.00087890625             457             448
41800             240               8       0.0234375      0.00078125             458             450
41900             244               6     0.023828125    0.0005859375             458             452
42000             242               7    0.0236328125   0.00068359375             459             452
42100             246               5    0.0240234375   0.00048828125             459             454
42200             244               6     0.023828125    0.0005859375             461             455
42300             244               6     0.023828125    0.0005859375             462             456
42400             240               8       0.0234375      0.00078125             464             456
42500             242               7    0.0236328125   0.00068359375             464             457
42600             242               7    0.0236328125   0.00068359375             465             458
42700             238               9    0.0232421875   0.00087890625             467             458
42800             238               9    0.0232421875   0.00087890625             467             458
42900             240               8       0.0234375      0.00078125             469             461
43000             238               9    0.0232421875   0.00087890625             470             461
43100             232              12      0.02265625     0.001171875             475             463
43200             226              15    0.0220703125   0.00146484375             478             463
43300             226              15    0.0220703125   0.00146484375             478             463
43400             228              14     0.022265625    0.0013671875             479             465
43500             228              14     0.022265625    0.0013671875             479             465
43600             224              16        0.021875       0.0015625             481             465
43700             220              18     0.021484375    0.0017578125             484             466
43800             220              18     0.021484375    0.0017578125             486             468
43900             218              19    0.0212890625   0.00185546875             488             469
44000             220              18     0.021484375    0.0017578125             488             470
44100             222              17    0.0216796875   0.00166015625             489             472
44200             226              15    0.0220703125   0.00146484375             491             476
44300             224              16        0.021875       0.0015625             493             477
44400             228              14     0.022265625    0.0013671875             493             479
44500             232              12      0.02265625     0.001171875             494             482
44600             232              12      0.02265625     0.001171875             495             483
44700             232              12      0.02265625     0.001171875             496             484
44800             234              11    0.0228515625   0.00107421875             496             485
44900             234              11    0.0228515625   0.00107421875             496             485
45000             234              11    0.0228515625   0.00107421875             497             486
45100             234              11    0.0228515625   0.00107421875             498             487
45200             236              10     0.023046875    0.0009765625             498             488
45300             236              10     0.023046875    0.0009765625             499             489
45400             236              10     0.023046875    0.0009765625             499             489
45500             234              11    0.0228515625   0.00107421875             500             489
45600             230              13    0.0224609375   0.00126953125             502             489
45700             232              12      0.02265625     0.001171875             502             490
45800             230              13    0.0224609375   0.00126953125             504             491
45900             228              14     0.022265625    0.0013671875             505             491
46000             230              13    0.0224609375   0.00126953125             506             493
46100             232              12      0.02265625     0.001171875             506             494
46200             236              10     0.023046875    0.0009765625             506             496
46300             234              11    0.0228515625   0.00107421875             508             497
46400             234              11    0.0228515625   0.00107421875             508             497
46500             234              11    0.0228515625   0.00107421875             508             497
46600             232              12      0.02265625     0.001171875             511             499
46700             232              12      0.02265625     0.001171875             512             500
46800             230              13    0.0224609375   0.00126953125             514             501
46900             228              14     0.022265625    0.0013671875             515             501
47000             226              15    0.0220703125   0.00146484375             517             502
47100             230              13    0.0224609375   0.00126953125             517             504
47200             230              13    0.0224609375   0.00126953125             518             505
47300             226              15    0.0220703125   0.00146484375             521             506
47400             230              13    0.0224609375   0.00126953125             523             510
47500             228              14     0.022265625    0.0013671875             525             511
47600             228              14     0.022265625    0.0013671875             525             511
47700             226              15    0.0220703125   0.00146484375             527             512
47800             228              14     0.022265625    0.0013671875             528             514
47900             228              14     0.022265625    0.0013671875             529             515
48000             232              12      0.02265625     0.001171875             529             517
48100             232              12      0.02265625     0.001171875             531             519
48200             230              13    0.0224609375   0.00126953125             532             519
48300             232              12      0.02265625     0.001171875             532             520
48400             238               9    0.0232421875   0.00087890625             532             523
48500             236              10     0.023046875    0.0009765625             534             524
48600             232              12      0.02265625     0.001171875             536             524
48700             234              11    0.0228515625   0.00107421875             538             527
48800             232              12      0.02265625     0.001171875             539             527
48900             236              10     0.023046875    0.0009765625             540             530
49000             236              10     0.023046875    0.0009765625             541             531
49100             236              10     0.023046875    0.0009765625             542             532
49200             236              10     0.023046875    0.0009765625             542             532
49300             238               9    0.0232421875   0.00087890625             542             533
49400             240               8       0.0234375      0.00078125             543             535
49500             238               9    0.0232421875   0.00087890625             545             536
49600             236              10     0.023046875    0.0009765625             547             537
49700             234              11    0.0228515625   0.00107421875             549             538
49800             236              10     0.023046875    0.0009765625             551             541
49900             234              11    0.0228515625   0.00107421875             552             541
50000             232              12      0.02265625     0.001171875             554             542
50100             234              11    0.0228515625   0.00107421875             555             544
50200             232              12      0.02265625     0.001171875             556             544
50300             234              11    0.0228515625   0.00107421875             556             545
50400             236              10     0.023046875    0.0009765625             557             547
50500             242               7    0.0236328125   0.00068359375             557             550
50600             242               7    0.0236328125   0.00068359375             558             551
50700             244               6     0.023828125    0.0005859375             558             552
50800             244               6     0.023828125    0.0005859375             560             554
50900             244               6     0.023828125    0.0005859375             561             555
51000             240               8       0.0234375      0.00078125             563             555
51100             238               9    0.0232421875   0.00087890625             565             556
51200             240               8       0.0234375      0.00078125             565             557
51300             238               9    0.0232421875   0.00087890625             567             558
51400             242               7    0.0236328125   0.00068359375             567             560
51500             244               6     0.023828125    0.0005859375             567             561
51600             242               7    0.0236328125   0.00068359375             568             561
51700             242               7    0.0236328125   0.00068359375             568             561
51800             238               9    0.0232421875   0.00087890625             570             561
51900             238               9    0.0232421875   0.00087890625             570             561
52000             240               8       0.0234375      0.00078125             570             562
52100             238               9    0.0232421875   0.00087890625             572             563
52200             236              10     0.023046875    0.0009765625             573             563
52300             234              11    0.0228515625   0.00107421875             574             563
52400             234              11    0.0228515625   0.00107421875             575             564
52500             232              12      0.02265625     0.001171875             577             565
52600             230              13    0.0224609375   0.00126953125             578             565
52700             228              14     0.022265625    0.0013671875             579             565
52800             236              10     0.023046875    0.0009765625             580             570
52900             232              12      0.02265625     0.001171875             582             570
53000             230              13    0.0224609375   0.00126953125             584             571
53100             232              12      0.02265625     0.001171875             584             572
53200             232              12      0.02265625     0.001171875             586             574
53300             228              14     0.022265625    0.0013671875             588             574
53400             234              11    0.0228515625   0.00107421875             589             578
53500             238               9    0.0232421875   0.00087890625             589             580
53600             234              11    0.0228515625   0.00107421875             592             581
53700             236              10     0.023046875    0.0009765625             592             582
53800             228              14     0.022265625    0.0013671875             596             582
53900             222              17    0.0216796875   0.00166015625             599             582
54000             222              17    0.0216796875   0.00166015625             601             584
54100             222              17    0.0216796875   0.00166015625             603             586
54200             224              16        0.021875       0.0015625             605             589
54300             230              13    0.0224609375   0.00126953125             605             592
54400             232              12      0.02265625     0.001171875             606             594
54500             230              13    0.0224609375   0.00126953125             608             595
54600             230              13    0.0224609375   0.00126953125             609             596
54700             230              13    0.0224609375   0.00126953125             609             596
54800             230              13    0.0224609375   0.00126953125             610             597
54900             230              13    0.0224609375   0.00126953125             610             597
55000             232              12      0.02265625     0.001171875             610             598
55100             232              12      0.02265625     0.001171875             611             599
55200             236              10     0.023046875    0.0009765625             611             601
55300             232              12      0.02265625     0.001171875             613             601
55400             234              11    0.0228515625   0.00107421875             614             603
55500             236              10     0.023046875    0.0009765625             615             605
55600             236              10     0.023046875    0.0009765625             616             606
55700             232              12      0.02265625     0.001171875             619             607
55800             236              10     0.023046875    0.0009765625             619             609
55900             238               9    0.0232421875   0.00087890625             619             610
56000             238               9    0.0232421875   0.00087890625             620             611
56100             234              11    0.0228515625   0.00107421875             622             611
56200             232              12      0.02265625     0.001171875             623             611
56300             232              12      0.02265625     0.001171875             623             611
56400             232              12      0.02265625     0.001171875             623             611
56500             232              12      0.02265625     0.001171875             624             612
56600             228              14     0.022265625    0.0013671875             626             612
56700             228              14     0.022265625    0.0013671875             627             613
56800             230              13    0.0224609375   0.00126953125             627             614
56900             230              13    0.0224609375   0.00126953125             629             616
57000             230              13    0.0224609375   0.00126953125             630             617
57100             232              12      0.02265625     0.001171875             631             619
57200             228              14     0.022265625    0.0013671875             633             619
57300             226              15    0.0220703125   0.00146484375             636             621
57400             224              16        0.021875       0.0015625             639             623
57500             232              12      0.02265625     0.001171875             639             627
57600             232              12      0.02265625     0.001171875             639             627
57700             234              11    0.0228515625   0.00107421875             639             628
57800             236              10     0.023046875    0.0009765625             639             629
57900             234              11    0.0228515625   0.00107421875             640             629
58000             234              11    0.0228515625   0.00107421875             640             629
58100             236              10     0.023046875    0.0009765625             641             631
58200             238               9    0.0232421875   0.00087890625             643             634
58300             232              12      0.02265625     0.001171875             646             634
58400             234              11    0.0228515625   0.00107421875             646             635
58500             234              11    0.0228515625   0.00107421875             646             635
58600             236              10     0.023046875    0.0009765625             646             636
58700             230              13    0.0224609375   0.00126953125             649             636
58800             224              16        0.021875       0.0015625             653             637
58900             226              15    0.0220703125   0.00146484375             653             638
59000             234              11    0.0228515625   0.00107421875             653             642
59100             232              12      0.02265625     0.001171875             655             643
59200             230              13    0.0224609375   0.00126953125             657             644
59300             232              12      0.02265625     0.001171875             658             646
59400             236              10     0.023046875    0.0009765625             658             648
59500             232              12      0.02265625     0.001171875             660             648
59600             238               9    0.0232421875   0.00087890625             661             652
59700             234              11    0.0228515625   0.00107421875             664             653
59800             234              11    0.0228515625   0.00107421875             664             653
59900             228              14     0.022265625    0.0013671875             667             653
60000             228              14     0.022265625    0.0013671875             668             654
60100             230              13    0.0224609375   0.00126953125             668             655
60200             234              11    0.0228515625   0.00107421875             668             657
60300             234              11    0.0228515625   0.00107421875             670             659
60400             236              10     0.023046875    0.0009765625             670             660
60500             228              14     0.022265625    0.0013671875             674             660
60600             228              14     0.022265625    0.0013671875             674             660
60700             228              14     0.022265625    0.0013671875             675             661
60800             228              14     0.022265625    0.0013671875             676             662
60900             230              13    0.0224609375   0.00126953125             676             663
61000             232              12      0.02265625     0.001171875             677             665
61100             234              11    0.0228515625   0.00107421875             677             666
61200             236              10     0.023046875    0.0009765625             677             667
61300             236              10     0.023046875    0.0009765625             678             668
61400             234              11    0.0228515625   0.00107421875             680             669
61500             238               9    0.0232421875   0.00087890625             680             671
61600             238               9    0.0232421875   0.00087890625             680             671
61700             238               9    0.0232421875   0.00087890625             681             672
61800             236              10     0.023046875    0.0009765625             682             672
61900             236              10     0.023046875    0.0009765625             682             672
62000             238               9    0.0232421875   0.00087890625             682             673
62100             234              11    0.0228515625   0.00107421875             685             674
62200             236              10     0.023046875    0.0009765625             686             676
62300             238               9    0.0232421875   0.00087890625             686             677
62400             240               8       0.0234375      0.00078125             686             678
62500             242               7    0.0236328125   0.00068359375             687             680
62600             240               8       0.0234375      0.00078125             688             680
62700             238               9    0.0232421875   0.00087890625             690             681
62800             238               9    0.0232421875   0.00087890625             691             682
62900             234              11    0.0228515625   0.00107421875             694             683
63000             236              10     0.023046875    0.0009765625             694             684
63100             238               9    0.0232421875   0.00087890625             694             685
63200             234              11    0.0228515625   0.00107421875             697             686
63300             232              12      0.02265625     0.001171875             699             687
63400             232              12      0.02265625     0.001171875             699             687
63500             234              11    0.0228515625   0.00107421875             699             688
63600             236              10     0.023046875    0.0009765625             699             689
63700             236              10     0.023046875    0.0009765625             700             690
63800             236              10     0.023046875    0.0009765625             700             690
63900             234              11    0.0228515625   0.00107421875             701             690
64000             240               8       0.0234375      0.00078125             702             694
64100             238               9    0.0232421875   0.00087890625             703             694
64200             236              10     0.023046875    0.0009765625             704             694
64300             236              10     0.023046875    0.0009765625             705             695
64400             236              10     0.023046875    0.0009765625             705             695
64500             234              11    0.0228515625   0.00107421875             706             695
64600             238               9    0.0232421875   0.00087890625             706             697
64700             238               9    0.0232421875   0.00087890625             706             697
64800             234              11    0.0228515625   0.00107421875             708             697
64900             232              12      0.02265625     0.001171875             709             697
65000             234              11    0.0228515625   0.00107421875             709             698
65100             234              11    0.0228515625   0.00107421875             710             699
65200             230              13    0.0224609375   0.00126953125             712             699
65300             226              15    0.0220703125   0.00146484375             715             700
65400             230              13    0.0224609375   0.00126953125             715             702
65500             226              15    0.0220703125   0.00146484375             717             702
65600             226              15    0.0220703125   0.00146484375             718             703
65700             232              12      0.02265625     0.001171875             719             707
65800             230              13    0.0224609375   0.00126953125             722             709
65900             230              13    0.0224609375   0.00126953125             722             709
66000             230              13    0.0224609375   0.00126953125             723             710
66100             230              13    0.0224609375   0.00126953125             724             711
66200             228              14     0.022265625    0.0013671875             726             712
66300             230              13    0.0224609375   0.00126953125             727             714
66400             226              15    0.0220703125   0.00146484375             729             714
66500             226              15    0.0220703125   0.00146484375             729             714
66600             226              15    0.0220703125   0.00146484375             730             715
66700             224              16        0.021875       0.0015625             732             716
66800             220              18     0.021484375    0.0017578125             734             716
66900             220              18     0.021484375    0.0017578125             736             718
67000             224              16        0.021875       0.0015625             736             720
67100             222              17    0.0216796875   0.00166015625             737             720
67200             220              18     0.021484375    0.0017578125             738             720
67300             220              18     0.021484375    0.0017578125             740             722
67400             222              17    0.0216796875   0.00166015625             742             725
67500             220              18     0.021484375    0.0017578125             745             727
67600             222              17    0.0216796875   0.00166015625             745             728
67700             220              18     0.021484375    0.0017578125             746             728
67800             216              20      0.02109375     0.001953125             748             728
67900             220              18     0.021484375    0.0017578125             748             730
68000             222              17    0.0216796875   0.00166015625             749             732
68100             220              18     0.021484375    0.0017578125             750             732
68200             222              17    0.0216796875   0.00166015625             751             734
68300             224              16        0.021875       0.0015625             752             736
68400             226              15    0.0220703125   0.00146484375             752             737
68500             232              12      0.02265625     0.001171875             752             740
68600             224              16        0.021875       0.0015625             757             741
68700             220              18     0.021484375    0.0017578125             759             741
68800             224              16        0.021875       0.0015625             759             743
68900             226              15    0.0220703125   0.00146484375             759             744
69000             230              13    0.0224609375   0.00126953125             761             748
69100             232              12      0.02265625     0.001171875             761             749
69200             234              11    0.0228515625   0.00107421875             761             750
69300             230              13    0.0224609375   0.00126953125             763             750
69400             230              13    0.0224609375   0.00126953125             765             752
69500             228              14     0.022265625    0.0013671875             767             753
69600             224              16        0.021875       0.0015625             769             753
69700             222              17    0.0216796875   0.00166015625             771             754
69800             220              18     0.021484375    0.0017578125             772             754
69900             220              18     0.021484375    0.0017578125             772             754
70000             222              17    0.0216796875   0.00166015625             772             755
70100             224              16        0.021875       0.0015625             772             756
70200             224              16        0.021875       0.0015625             775             759
70300             220              18     0.021484375    0.0017578125             777             759
70400             218              19    0.0212890625   0.00185546875             778             759
70500             220              18     0.021484375    0.0017578125             778             760
70600             216              20      0.02109375     0.001953125             780             760
70700             220              18     0.021484375    0.0017578125             781             763
70800             220              18     0.021484375    0.0017578125             783             765
70900             222              17    0.0216796875   0.00166015625             783             766
71000             222              17    0.0216796875   0.00166015625             784             767
71100             224              16        0.021875       0.0015625             784             768
71200             224              16        0.021875       0.0015625             785             769
71300             226              15    0.0220703125   0.00146484375             786             771
71400             226              15    0.0220703125   0.00146484375             787             772
71500             226              15    0.0220703125   0.00146484375             787             772
71600             226              15    0.0220703125   0.00146484375             788             773
71700             224              16        0.021875       0.0015625             789             773
71800             224              16        0.021875       0.0015625             789             773
71900             224              16        0.021875       0.0015625             791             775
72000             224              16        0.021875       0.0015625             791             775
72100             226              15    0.0220703125   0.00146484375             791             776
72200             224              16        0.021875       0.0015625             792             776
72300             216              20      0.02109375     0.001953125             796             776
72400             222              17    0.0216796875   0.00166015625             796             779
72500             224              16        0.021875       0.0015625             796             780
72600             224              16        0.021875       0.0015625             796             780
72700             226              15    0.0220703125   0.00146484375             796             781
72800             224              16        0.021875       0.0015625             798             782
72900             224              16        0.021875       0.0015625             798             782
73000             228              14     0.022265625    0.0013671875             798             784
73100             236              10     0.023046875    0.0009765625             798             788
73200             226              15    0.0220703125   0.00146484375             803             788
73300             226              15    0.0220703125   0.00146484375             804             789
73400             228              14     0.022265625    0.0013671875             805             791
73500             228              14     0.022265625    0.0013671875             806             792
73600             226              15    0.0220703125   0.00146484375             807             792
73700             226              15    0.0220703125   0.00146484375             808             793
73800             228              14     0.022265625    0.0013671875             809             795
73900             226              15    0.0220703125   0.00146484375             811             796
74000             228              14     0.022265625    0.0013671875             811             797
74100             230              13    0.0224609375   0.00126953125             811             798
74200             232              12      0.02265625     0.001171875             811             799
74300             230              13    0.0224609375   0.00126953125             812             799
74400             226              15    0.0220703125   0.00146484375             814             799
74500             230              13    0.0224609375   0.00126953125             814             801
74600             230              13    0.0224609375   0.00126953125             816             803
74700             234              11    0.0228515625   0.00107421875             817             806
74800             230              13    0.0224609375   0.00126953125             819             806
74900             226              15    0.0220703125   0.00146484375             821             806
75000             222              17    0.0216796875   0.00166015625             823             806
75100             224              16        0.021875       0.0015625             823             807
75200             224              16        0.021875       0.0015625             823             807
75300             226              15    0.0220703125   0.00146484375             823             808
75400             222              17    0.0216796875   0.00166015625             825             808
75500             224              16        0.021875       0.0015625             826             810
75600             222              17    0.0216796875   0.00166015625             828             811
75700             224              16        0.021875       0.0015625             829             813
75800             222              17    0.0216796875   0.00166015625             830             813
75900             222              17    0.0216796875   0.00166015625             831             814
76000             218              19    0.0212890625   0.00185546875             833             814
76100             216              20      0.02109375     0.001953125             835             815
76200             220              18     0.021484375    0.0017578125             835             817
76300             220              18     0.021484375    0.0017578125             837             819
76400             216              20      0.02109375     0.001953125             839             819
76500             214              21    0.0208984375   0.00205078125             840             819
76600             214              21    0.0208984375   0.00205078125             841             820
76700             214              21    0.0208984375   0.00205078125             843             822
76800             212              22     0.020703125    0.0021484375             844             822
76900             214              21    0.0208984375   0.00205078125             845             824
77000             214              21    0.0208984375   0.00205078125             846             825
77100             218              19    0.0212890625   0.00185546875             846             827
77200             224              16        0.021875       0.0015625             846             830
77300             230              13    0.0224609375   0.00126953125             846             833
77400             230              13    0.0224609375   0.00126953125             846             833
77500             234              11    0.0228515625   0.00107421875             847             836
77600             238               9    0.0232421875   0.00087890625             847             838
77700             234              11    0.0228515625   0.00107421875             850             839
77800             234              11    0.0228515625   0.00107421875             851             840
77900             234              11    0.0228515625   0.00107421875             851             840
78000             234              11    0.0228515625   0.00107421875             852             841
78100             228              14     0.022265625    0.0013671875             855             841
78200             232              12      0.02265625     0.001171875             855             843
78300             232              12      0.02265625     0.001171875             855             843
78400             230              13    0.0224609375   0.00126953125             856             843
78500             228              14     0.022265625    0.0013671875             858             844
78600             232              12      0.02265625     0.001171875             860             848
78700             238               9    0.0232421875   0.00087890625             861             852
78800             240               8       0.0234375      0.00078125             862             854
78900             236              10     0.023046875    0.0009765625             865             855
79000             238               9    0.0232421875   0.00087890625             865             856
79100             238               9    0.0232421875   0.00087890625             865             856
79200             240               8       0.0234375      0.00078125             865             857
79300             238               9    0.0232421875   0.00087890625             866             857
79400             236              10     0.023046875    0.0009765625             867             857
79500             236              10     0.023046875    0.0009765625             867             857
79600             232              12      0.02265625     0.001171875             869             857
79700             230              13    0.0224609375   0.00126953125             871             858
79800             232              12      0.02265625     0.001171875             872             860
79900             234              11    0.0228515625   0.00107421875             872             861
80000             232              12      0.02265625     0.001171875             873             861
80100             232              12      0.02265625     0.001171875             874             862
80200             232              12      0.02265625     0.001171875             875             863
80300             228              14     0.022265625    0.0013671875             877             863
80400             230              13    0.0224609375   0.00126953125             877             864
80500             234              11    0.0228515625   0.00107421875             877             866
80600             240               8       0.0234375      0.00078125             877             869
80700             244               6     0.023828125    0.0005859375             878             872
80800             244               6     0.023828125    0.0005859375             878             872
80900             244               6     0.023828125    0.0005859375             878             872
81000             242               7    0.0236328125   0.00068359375             879             872
81100             238               9    0.0232421875   0.00087890625             881             872
81200             234              11    0.0228515625   0.00107421875             883             872
81300             234              11    0.0228515625   0.00107421875             884             873
81400             232              12      0.02265625     0.001171875             886             874
81500             232              12      0.02265625     0.001171875             886             874
81600             236              10     0.023046875    0.0009765625             887             877
81700             232              12      0.02265625     0.001171875             889             877
81800             228              14     0.022265625    0.0013671875             891             877
81900             228              14     0.022265625    0.0013671875             892             878
82000             228              14     0.022265625    0.0013671875             892             878
82100             230              13    0.0224609375   0.00126953125             894             881
82200             234              11    0.0228515625   0.00107421875             895             884
82300             236              10     0.023046875    0.0009765625             895             885
82400             236              10     0.023046875    0.0009765625             895             885
82500             232              12      0.02265625     0.001171875             897             885
82600             232              12      0.02265625     0.001171875             898             886
82700             230              13    0.0224609375   0.00126953125             899             886
82800             222              17    0.0216796875   0.00166015625             903             886
82900             224              16        0.021875       0.0015625             905             889
83000             226              15    0.0220703125   0.00146484375             905             890
83100             230              13    0.0224609375   0.00126953125             905             892
83200             232              12      0.02265625     0.001171875             905             893
83300             238               9    0.0232421875   0.00087890625             906             897
83400             240               8       0.0234375      0.00078125             906             898
83500             240               8       0.0234375      0.00078125             907             899
83600             244               6     0.023828125    0.0005859375             907             901
83700             240               8       0.0234375      0.00078125             909             901
83800             240               8       0.0234375      0.00078125             909             901
83900             238               9    0.0232421875   0.00087890625             911             902
84000             240               8       0.0234375      0.00078125             914             906
84100             240               8       0.0234375      0.00078125             914             906
84200             242               7    0.0236328125   0.00068359375             915             908
84300             240               8       0.0234375      0.00078125             916             908
84400             240               8       0.0234375      0.00078125             916             908
84500             240               8       0.0234375      0.00078125             916             908
84600             238               9    0.0232421875   0.00087890625             917             908
84700             240               8       0.0234375      0.00078125             917             909
84800             236              10     0.023046875    0.0009765625             919             909
84900             238               9    0.0232421875   0.00087890625             920             911
85000             236              10     0.023046875    0.0009765625             921             911
85100             240               8       0.0234375      0.00078125             921             913
85200             236              10     0.023046875    0.0009765625             923             913
85300             232              12      0.02265625     0.001171875             925             913
85400             232              12      0.02265625     0.001171875             925             913
85500             232              12      0.02265625     0.001171875             925             913
85600             234              11    0.0228515625   0.00107421875             925             914
85700             238               9    0.0232421875   0.00087890625             925             916
85800             238               9    0.0232421875   0.00087890625             925             916
85900             232              12      0.02265625     0.001171875             928             916
86000             226              15    0.0220703125   0.00146484375             931             916
86100             226              15    0.0220703125   0.00146484375             932             917
86200             224              16        0.021875       0.0015625             934             918
86300             228              14     0.022265625    0.0013671875             934             920
86400             230              13    0.0224609375   0.00126953125             934             921
86500             230              13    0.0224609375   0.00126953125             935             922
86600             234              11    0.0228515625   0.00107421875             935             924
86700             230              13    0.0224609375   0.00126953125             937             924
86800             230              13    0.0224609375   0.00126953125             937             924
86900             232              12      0.02265625     0.001171875             939             927
87000             234              11    0.0228515625   0.00107421875             939             928
87100             234              11    0.0228515625   0.00107421875             940             929
87200             228              14     0.022265625    0.0013671875             943             929
87300             226              15    0.0220703125   0.00146484375             944             929
87400             222              17    0.0216796875   0.00166015625             947             930
87500             226              15    0.0220703125   0.00146484375             947             932
87600             226              15    0.0220703125   0.00146484375             947             932
87700             228              14     0.022265625    0.0013671875             947             933
87800             234              11    0.0228515625   0.00107421875             947             936
87900             238               9    0.0232421875   0.00087890625             947             938
88000             238               9    0.0232421875   0.00087890625             948             939
88100             242               7    0.0236328125   0.00068359375             948             941
88200             244               6     0.023828125    0.0005859375             948             942
88300             246               5    0.0240234375   0.00048828125             948             943
88400             248               4      0.02421875     0.000390625             948             944
88500             246               5    0.0240234375   0.00048828125             949             944
88600             246               5    0.0240234375   0.00048828125             949             944
88700             244               6     0.023828125    0.0005859375             950             944
88800             242               7    0.0236328125   0.00068359375             951             944
88900             244               6     0.023828125    0.0005859375             951             945
89000             248               4      0.02421875     0.000390625             951             947
89100             246               5    0.0240234375   0.00048828125             952             947
89200             244               6     0.023828125    0.0005859375             953             947
89300             244               6     0.023828125    0.0005859375             953             947
89400             244               6     0.023828125    0.0005859375             953             947
89500             242               7    0.0236328125   0.00068359375             954             947
89600             240               8       0.0234375      0.00078125             955             947
89700             236              10     0.023046875    0.0009765625             957             947
89800             236              10     0.023046875    0.0009765625             958             948
89900             246               5    0.0240234375   0.00048828125             958             953
90000             238               9    0.0232421875   0.00087890625             962             953
90100             236              10     0.023046875    0.0009765625             963             953
90200             236              10     0.023046875    0.0009765625             964             954
90300             234              11    0.0228515625   0.00107421875             965             954
90400             234              11    0.0228515625   0.00107421875             966             955
90500             232              12      0.02265625     0.001171875             967             955
90600             232              12      0.02265625     0.001171875             968             956
90700             236              10     0.023046875    0.0009765625             968             958
90800             236              10     0.023046875    0.0009765625             969             959
90900             236              10     0.023046875    0.0009765625             969             959
91000             236              10     0.023046875    0.0009765625             969             959
91100             240               8       0.0234375      0.00078125             969             961
91200             238               9    0.0232421875   0.00087890625             970             961
91300             236              10     0.023046875    0.0009765625             971             961
91400             232              12      0.02265625     0.001171875             973             961
91500             230              13    0.0224609375   0.00126953125             975             962
91600             232              12      0.02265625     0.001171875             977             965
91700             230              13    0.0224609375   0.00126953125             979             966
91800             232              12      0.02265625     0.001171875             980             968
91900             228              14     0.022265625    0.0013671875             982             968
92000             230              13    0.0224609375   0.00126953125             982             969
92100             232              12      0.02265625     0.001171875             982             970
92200             228              14     0.022265625    0.0013671875             984             970
92300             230              13    0.0224609375   0.00126953125             984             971
92400             234              11    0.0228515625   0.00107421875             984             973
92500             232              12      0.02265625     0.001171875             985             973
92600             232              12      0.02265625     0.001171875             985             973
92700             236              10     0.023046875    0.0009765625             985             975
92800             236              10     0.023046875    0.0009765625             985             975
92900             236              10     0.023046875    0.0009765625             987             977
93000             236              10     0.023046875    0.0009765625             987             977
93100             236              10     0.023046875    0.0009765625             989             979
93200             238               9    0.0232421875   0.00087890625             989             980
93300             236              10     0.023046875    0.0009765625             990             980
93400             232              12      0.02265625     0.001171875             992             980
93500             232              12      0.02265625     0.001171875             992             980
93600             232              12      0.02265625     0.001171875             993             981
93700             230              13    0.0224609375   0.00126953125             994             981
93800             232              12      0.02265625     0.001171875             995             983
93900             230              13    0.0224609375   0.00126953125             998             985
94000             232              12      0.02265625     0.001171875             998             986
94100             238               9    0.0232421875   0.00087890625             998             989
94200             240               8       0.0234375      0.00078125             998             990
94300             242               7    0.0236328125   0.00068359375             998             991
94400             240               8       0.0234375      0.00078125             999             991
94500             238               9    0.0232421875   0.00087890625            1002             993
94600             234              11    0.0228515625   0.00107421875            1004             993
94700             234              11    0.0228515625   0.00107421875            1005             994
94800             234              11    0.0228515625   0.00107421875            1006             995
94900             238               9    0.0232421875   0.00087890625            1006             997
95000             240               8       0.0234375      0.00078125            1007             999
95100             238               9    0.0232421875   0.00087890625            1008             999
95200             242               7    0.0236328125   0.00068359375            1008            1001
95300             240               8       0.0234375      0.00078125            1009            1001
95400             240               8       0.0234375      0.00078125            1010            1002
95500             240               8       0.0234375      0.00078125            1010            1002
95600             240               8       0.0234375      0.00078125            1011            1003
95700             240               8       0.0234375      0.00078125            1012            1004
95800             238               9    0.0232421875   0.00087890625            1013            1004
95900             240               8       0.0234375      0.00078125            1013            1005
96000             240               8       0.0234375      0.00078125            1014            1006
96100             240               8       0.0234375      0.00078125            1015            1007
96200             238               9    0.0232421875   0.00087890625            1016            1007
96300             232              12      0.02265625     0.001171875            1019            1007
96400             230              13    0.0224609375   0.00126953125            1021            1008
96500             230              13    0.0224609375   0.00126953125            1022            1009
96600             236              10     0.023046875    0.0009765625            1023            1013
96700             234              11    0.0228515625   0.00107421875            1025            1014
96800             230              13    0.0224609375   0.00126953125            1028            1015
96900             230              13    0.0224609375   0.00126953125            1029            1016
97000             230              13    0.0224609375   0.00126953125            1029            1016
97100             232              12      0.02265625     0.001171875            1031            1019
97200             234              11    0.0228515625   0.00107421875            1032            1021
97300             230              13    0.0224609375   0.00126953125            1034            1021
97400             230              13    0.0224609375   0.00126953125            1034            1021
97500             232              12      0.02265625     0.001171875            1036            1024
97600             230              13    0.0224609375   0.00126953125            1037            1024
97700             228              14     0.022265625    0.0013671875            1038            1024
97800             224              16        0.021875       0.0015625            1041            1025
97900             226              15    0.0220703125   0.00146484375            1041            1026
98000             228              14     0.022265625    0.0013671875            1041            1027
98100             230              13    0.0224609375   0.00126953125            1042            1029
98200             226              15    0.0220703125   0.00146484375            1044            1029
98300             226              15    0.0220703125   0.00146484375            1045            1030
98400             226              15    0.0220703125   0.00146484375            1045            1030
98500             220              18     0.021484375    0.0017578125            1048            1030
98600             222              17    0.0216796875   0.00166015625            1050            1033
98700             218              19    0.0212890625   0.00185546875            1053            1034
98800             220              18     0.021484375    0.0017578125            1055            1037
98900             222              17    0.0216796875   0.00166015625            1055            1038
99000             226              15    0.0220703125   0.00146484375            1056            1041
99100             228              14     0.022265625    0.0013671875            1057            1043
99200             230              13    0.0224609375   0.00126953125            1057            1044
99300             230              13    0.0224609375   0.00126953125            1057            1044
99400             224              16        0.021875       0.0015625            1060            1044
99500             222              17    0.0216796875   0.00166015625            1063            1046
99600             222              17    0.0216796875   0.00166015625            1063            1046
99700             224              16        0.021875       0.0015625            1065            1049
99800             218              19    0.0212890625   0.00185546875            1069            1050
99900             216              20      0.02109375     0.001953125            1070            1050
100000             214              21    0.0208984375   0.00205078125            1071            1050
