# Time-averaged data for fix observ
# TimeStep v_nfree v_ndimer v_cfree v_cdimer f_kinetics[2] f_kinetics[3]
0             256               0             0.1               0               0               0
100             254               1      0.09921875     0.000390625               1               0
200             254               1      0.09921875     0.000390625               1               0
300             254               1      0.09921875     0.000390625               1               0
400             252               2       0.0984375      0.00078125               2               0
500             250               3      0.09765625     0.001171875               3               0
600             250               3      0.09765625     0.001171875               3               0
700             248               4        0.096875       0.0015625               5               1
800             244               6       0.0953125      0.00234375               7               1
900             240               8         0.09375        0.003125               9               1
1000             240               8         0.09375        0.003125               9               1
1100             240               8         0.09375        0.003125               9               1
1200             240               8         0.09375        0.003125               9               1
1300             240               8         0.09375        0.003125               9               1
1400             240               8         0.09375        0.003125               9               1
1500             240               8         0.09375        0.003125               9               1
1600             240               8         0.09375        0.003125               9               1
1700             232              12        0.090625       0.0046875              13               1
1800             232              12        0.090625       0.0046875              14               2
1900             232              12        0.090625       0.0046875              14               2
2000             230              13      0.08984375     0.005078125              15               2
2100             232              12        0.090625       0.0046875              15               3
2200             232              12        0.090625       0.0046875              15               3
2300             226              15      0.08828125     0.005859375              18               3
2400             226              15      0.08828125     0.005859375              18               3
2500             228              14       0.0890625      0.00546875              18               4
2600             228              14       0.0890625      0.00546875              18               4
2700             224              16          0.0875         0.00625              20               4
2800             212              22       0.0828125      0.00859375              26               4
2900             210              23      0.08203125     0.008984375              27               4
3000             210              23      0.08203125     0.008984375              27               4
3100             208              24         0.08125        0.009375              28               4
3200             204              26       0.0796875      0.01015625              30               4
3300             206              25      0.08046875     0.009765625              30               5
3400             210              23      0.08203125     0.008984375              30               7
3500             208              24         0.08125        0.009375              31               7
3600             210              23      0.08203125     0.008984375              31               8
3700             208              24         0.08125        0.009375              33               9
3800             208              24         0.08125        0.009375              33               9
3900             206              25      0.08046875     0.009765625              34               9
4000             208              24         0.08125        0.009375              34              10
4100             208              24         0.08125        0.009375              36              12
4200             208              24         0.08125        0.009375              38              14
4300             210              23      0.08203125     0.008984375              39              16
4400             210              23      0.08203125     0.008984375              40              17
4500             200              28        0.078125       0.0109375              45              17
4600             200              28        0.078125       0.0109375              45              17
4700             196              30       0.0765625      0.01171875              47              17
4800             196              30       0.0765625      0.01171875              48              18
4900             196              30       0.0765625      0.01171875              49              19
5000             198              29      0.07734375     0.011328125              50              21
5100             196              30       0.0765625      0.01171875              51              21
5200             190              33      0.07421875     0.012890625              54              21
5300             190              33      0.07421875     0.012890625              54              21
5400             186              35      0.07265625     0.013671875              56              21
5500             184              36        0.071875       0.0140625              57              21
5600             184              36        0.071875       0.0140625              58              22
5700             182              37      0.07109375     0.014453125              59              22
5800             180              38       0.0703125      0.01484375              61              23
5900             180              38       0.0703125      0.01484375              61              23
6000             178              39      0.06953125     0.015234375              62              23
6100             178              39      0.06953125     0.015234375              62              23
6200             176              40         0.06875        0.015625              63              23
6300             178              39      0.06953125     0.015234375              64              25
6400             178              39      0.06953125     0.015234375              65              26
6500             182              37      0.07109375     0.014453125              65              28
6600             182              37      0.07109375     0.014453125              66              29
6700             176              40         0.06875        0.015625              70              30
6800             176              40         0.06875        0.015625              71              31
6900             176              40         0.06875        0.015625              71              31
7000             172              42       0.0671875      0.01640625              73              31
7100             170              43      0.06640625     0.016796875              74              31
7200             170              43      0.06640625     0.016796875              74              31
7300             172              42       0.0671875      0.01640625              75              33
7400             170              43      0.06640625     0.016796875              77              34
7500             170              43      0.06640625     0.016796875              77              34
7600             170              43      0.06640625     0.016796875              78              35
7700             170              43      0.06640625     0.016796875              78              35
7800             168              44        0.065625       0.0171875              79              35
7900             172              42       0.0671875      0.01640625              79              37
8000             172              42       0.0671875      0.01640625              80              38
8100             176              40         0.06875        0.015625              80              40
8200             174              41      0.06796875     0.016015625              81              40
8300             174              41      0.06796875     0.016015625              81              40
8400             174              41      0.06796875     0.016015625              81              40
8500             174              41      0.06796875     0.016015625              81              40
8600             174              41      0.06796875     0.016015625              81              40
8700             174              41      0.06796875     0.016015625              82              41
8800             176              40         0.06875        0.015625              83              43
8900             174              41      0.06796875     0.016015625              84              43
9000             178              39      0.06953125     0.015234375              84              45
9100             182              37      0.07109375     0.014453125              84              47
9200             182              37      0.07109375     0.014453125              85              48
9300             182              37      0.07109375     0.014453125              86              49
9400             184              36        0.071875       0.0140625              86              50
9500             182              37      0.07109375     0.014453125              87              50
9600             180              38       0.0703125      0.01484375              88              50
9700             178              39      0.06953125     0.015234375              89              50
9800             182              37      0.07109375     0.014453125              89              52
9900             180              38       0.0703125      0.01484375              90              52
10000             180              38       0.0703125      0.01484375              91              53
10100             178              39      0.06953125     0.015234375              93              54
10200             182              37      0.07109375     0.014453125              93              56
10300             184              36        0.071875       0.0140625              93              57
10400             182              37      0.07109375     0.014453125              94              57
10500             180              38       0.0703125      0.01484375              95              57
10600             182              37      0.07109375     0.014453125              96              59
10700             180              38       0.0703125      0.01484375              97              59
10800             182              37      0.07109375     0.014453125              97              60
10900             182              37      0.07109375     0.014453125              97              60
11000             182              37      0.07109375     0.014453125              97              60
11100             182              37      0.07109375     0.014453125              98              61
11200             184              36        0.071875       0.0140625              98              62
11300             186              35      0.07265625     0.013671875              98              63
11400             184              36        0.071875       0.0140625              99              63
11500             182              37      0.07109375     0.014453125             101              64
11600             182              37      0.07109375     0.014453125             102              65
11700             180              38       0.0703125      0.01484375             103              65
11800             180              38       0.0703125      0.01484375             103              65
11900             178              39      0.06953125     0.015234375             104              65
12000             180              38       0.0703125      0.01484375             105              67
12100             178              39      0.06953125     0.015234375             106              67
12200             176              40         0.06875        0.015625             107              67
12300             176              40         0.06875        0.015625             107              67
12400             176              40         0.06875        0.015625             107              67
12500             174              41      0.06796875     0.016015625             108              67
12600             174              41      0.06796875     0.016015625             109              68
12700             172              42       0.0671875      0.01640625             110              68
12800             174              41      0.06796875     0.016015625             110              69
12900             174              41      0.06796875     0.016015625             111              70
13000             176              40         0.06875        0.015625             111              71
13100             178              39      0.06953125     0.015234375             111              72
13200             178              39      0.06953125     0.015234375             111              72
13300             178              39      0.06953125     0.015234375             111              72
13400             178              39      0.06953125     0.015234375             111              72
13500             180              38       0.0703125      0.01484375             111              73
13600             180              38       0.0703125      0.01484375             111              73
13700             180              38       0.0703125      0.01484375             111              73
13800             180              38       0.0703125      0.01484375             111              73
13900             180              38       0.0703125      0.01484375             111              73
14000             182              37      0.07109375     0.014453125             111              74
14100             182              37      0.07109375     0.014453125             111              74
14200             184              36        0.071875       0.0140625             111              75
14300             182              37      0.07109375     0.014453125             112              75
14400             180              38       0.0703125      0.01484375             113              75
14500             184              36        0.071875       0.0140625             114              78
14600             180              38       0.0703125      0.01484375             117              79
14700             182              37      0.07109375     0.014453125             118              81
14800             182              37      0.07109375     0.014453125             119              82
14900             184              36        0.071875       0.0140625             119              83
15000             186              35      0.07265625     0.013671875             119              84
15100             186              35      0.07265625     0.013671875             119              84
15200             188              34       0.0734375      0.01328125             119              85
15300             184              36        0.071875       0.0140625             121              85
15400             182              37      0.07109375     0.014453125             122              85
15500             176              40         0.06875        0.015625             125              85
15600             178              39      0.06953125     0.015234375             125              86
15700             180              38       0.0703125      0.01484375             125              87
15800             190              33      0.07421875     0.012890625             126              93
15900             188              34       0.0734375      0.01328125             127              93
16000             186              35      0.07265625     0.013671875             128              93
16100             186              35      0.07265625     0.013671875             128              93
16200             186              35      0.07265625     0.013671875             128              93
16300             186              35      0.07265625     0.013671875             128              93
16400             184              36        0.071875       0.0140625             129              93
16500             180              38       0.0703125      0.01484375             131              93
16600             180              38       0.0703125      0.01484375             131              93
16700             180              38       0.0703125      0.01484375             131              93
16800             180              38       0.0703125      0.01484375             131              93
16900             182              37      0.07109375     0.014453125             131              94
17000             182              37      0.07109375     0.014453125             132              95
17100             184              36        0.071875       0.0140625             132              96
17200             184              36        0.071875       0.0140625             132              96
17300             184              36        0.071875       0.0140625             132              96
17400             184              36        0.071875       0.0140625             132              96
17500             184              36        0.071875       0.0140625             132              96
17600             182              37      0.07109375     0.014453125             133              96
17700             184              36        0.071875       0.0140625             133              97
17800             186              35      0.07265625     0.013671875             133              98
17900             184              36        0.071875       0.0140625             134              98
18000             184              36        0.071875       0.0140625             134              98
18100             182              37      0.07109375     0.014453125             135              98
18200             180              38       0.0703125      0.01484375             136              98
18300             180              38       0.0703125      0.01484375             136              98
18400             180              38       0.0703125      0.01484375             137              99
18500             180              38       0.0703125      0.01484375             139             101
18600             182              37      0.07109375     0.014453125             139             102
18700             180              38       0.0703125      0.01484375             141             103
18800             182              37      0.07109375     0.014453125             141             104
18900             184              36        0.071875       0.0140625             142             106
19000             180              38       0.0703125      0.01484375             144             106
19100             174              41      0.06796875     0.016015625             147             106
19200             172              42       0.0671875      0.01640625             148             106
19300             172              42       0.0671875      0.01640625             149             107
19400             172              42       0.0671875      0.01640625             149             107
19500             170              43      0.06640625     0.016796875             150             107
19600             174              41      0.06796875     0.016015625             150             109
19700             172              42       0.0671875      0.01640625             152             110
19800             172              42       0.0671875      0.01640625             153             111
19900             172              42       0.0671875      0.01640625             154             112
20000             174              41      0.06796875     0.016015625             154             113
20100             176              40         0.06875        0.015625             154             114
20200             180              38       0.0703125      0.01484375             155             117
20300             180              38       0.0703125      0.01484375             155             117
20400             180              38       0.0703125      0.01484375             156             118
20500             186              35      0.07265625     0.013671875             156             121
20600             182              37      0.07109375     0.014453125             158             121
20700             180              38       0.0703125      0.01484375             159             121
20800             182              37      0.07109375     0.014453125             159             122
20900             184              36        0.071875       0.0140625             160             124
21000             182              37      0.07109375     0.014453125             161             124
21100             182              37      0.07109375     0.014453125             162             125
21200             182              37      0.07109375     0.014453125             163             126
21300             182              37      0.07109375     0.014453125             163             126
21400             184              36        0.071875       0.0140625             163             127
21500             182              37      0.07109375     0.014453125             164             127
21600             182              37      0.07109375     0.014453125             165             128
21700             182              37      0.07109375     0.014453125             165             128
21800             178              39      0.06953125     0.015234375             167             128
21900             178              39      0.06953125     0.015234375             168             129
22000             178              39      0.06953125     0.015234375             168             129
22100             176              40         0.06875        0.015625             169             129
22200             178              39      0.06953125     0.015234375             169             130
22300             182              37      0.07109375     0.014453125             169             132
22400             182              37      0.07109375     0.014453125             170             133
22500             182              37      0.07109375     0.014453125             170             133
22600             184              36        0.071875       0.0140625             170             134
22700             182              37      0.07109375     0.014453125             171             134
22800             184              36        0.071875       0.0140625             171             135
22900             184              36        0.071875       0.0140625             171             135
23000             180              38       0.0703125      0.01484375             174             136
23100             180              38       0.0703125      0.01484375             174             136
23200             180              38       0.0703125      0.01484375             174             136
23300             178              39      0.06953125     0.015234375             175             136
23400             178              39      0.06953125     0.015234375             177             138
23500             178              39      0.06953125     0.015234375             177             138
23600             176              40         0.06875        0.015625             179             139
23700             174              41      0.06796875     0.016015625             181             140
23800             176              40         0.06875        0.015625             181             141
23900             176              40         0.06875        0.015625             181             141
24000             178              39      0.06953125     0.015234375             181             142
24100             174              41      0.06796875     0.016015625             183             142
24200             172              42       0.0671875      0.01640625             184             142
24300             176              40         0.06875        0.015625             184             144
24400             178              39      0.06953125     0.015234375             184             145
24500             176              40         0.06875        0.015625             185             145
24600             174              41      0.06796875     0.016015625             186             145
24700             174              41      0.06796875     0.016015625             187             146
24800             176              40         0.06875        0.015625             187             147
24900             176              40         0.06875        0.015625             188             148
25000             174              41      0.06796875     0.016015625             189             148
25100             178              39      0.06953125     0.015234375             189             150
25200             178              39      0.06953125     0.015234375             189             150
25300             174              41      0.06796875     0.016015625             191             150
25400             176              40         0.06875        0.015625             194             154
25500             174              41      0.06796875     0.016015625             195             154
25600             174              41      0.06796875     0.016015625             195             154
25700             176              40         0.06875        0.015625             195             155
25800             174              41      0.06796875     0.016015625             196             155
25900             176              40         0.06875        0.015625             196             156
26000             178              39      0.06953125     0.015234375             196             157
26100             182              37      0.07109375     0.014453125             196             159
26200             184              36        0.071875       0.0140625             196             160
26300             186              35      0.07265625     0.013671875             196             161
26400             186              35      0.07265625     0.013671875             197             162
26500             180              38       0.0703125      0.01484375             200             162
26600             182              37      0.07109375     0.014453125             200             163
26700             182              37      0.07109375     0.014453125             201             164
26800             182              37      0.07109375     0.014453125             201             164
26900             182              37      0.07109375     0.014453125             202             165
27000             182              37      0.07109375     0.014453125             202             165
27100             182              37      0.07109375     0.014453125             202             165
27200             180              38       0.0703125      0.01484375             203             165
27300             176              40         0.06875        0.015625             206             166
27400             172              42       0.0671875      0.01640625             208             166
27500             172              42       0.0671875      0.01640625             208             166
27600             172              42       0.0671875      0.01640625             209             167
27700             172              42       0.0671875      0.01640625             210             168
27800             172              42       0.0671875      0.01640625             211             169
27900             172              42       0.0671875      0.01640625             212             170
28000             174              41      0.06796875     0.016015625             212             171
28100             172              42       0.0671875      0.01640625             213             171
28200             172              42       0.0671875      0.01640625             213             171
28300             176              40         0.06875        0.015625             213             173
28400             176              40         0.06875        0.015625             214             174
28500             172              42       0.0671875      0.01640625             216             174
28600             174              41      0.06796875     0.016015625             217             176
28700             174              41      0.06796875     0.016015625             218             177
28800             174              41      0.06796875     0.016015625             218             177
28900             176              40         0.06875        0.015625             218             178
29000             178              39      0.06953125     0.015234375             218             179
29100             176              40         0.06875        0.015625             220             180
29200             178              39      0.06953125     0.015234375             220             181
29300             176              40         0.06875        0.015625             221             181
29400             180              38       0.0703125      0.01484375             221             183
29500             176              40         0.06875        0.015625             224             184
29600             176              40         0.06875        0.015625             224             184
29700             178              39      0.06953125     0.015234375             224             185
29800             178              39      0.06953125     0.015234375             224             185
29900             180              38       0.0703125      0.01484375             224             186
30000             180              38       0.0703125      0.01484375             225             187
30100             182              37      0.07109375     0.014453125             227             190
30200             184              36        0.071875       0.0140625             227             191
30300             180              38       0.0703125      0.01484375             229             191
30400             178              39      0.06953125     0.015234375             231             192
30500             174              41      0.06796875     0.016015625             233             192
30600             180              38       0.0703125      0.01484375             233             195
30700             178              39      0.06953125     0.015234375             234             195
30800             176              40         0.06875        0.015625             235             195
30900             180              38       0.0703125      0.01484375             235             197
31000             182              37      0.07109375     0.014453125             235             198
31100             180              38       0.0703125      0.01484375             236             198
31200             180              38       0.0703125      0.01484375             236             198
31300             182              37      0.07109375     0.014453125             236             199
31400             184              36        0.071875       0.0140625             236             200
31500             186              35      0.07265625     0.013671875             236             201
31600             188              34       0.0734375      0.01328125             236             202
31700             184              36        0.071875       0.0140625             238             202
31800             184              36        0.071875       0.0140625             239             203
31900             182              37      0.07109375     0.014453125             240             203
32000             182              37      0.07109375     0.014453125             240             203
32100             182              37      0.07109375     0.014453125             241             204
32200             180              38       0.0703125      0.01484375             242             204
32300             182              37      0.07109375     0.014453125             242             205
32400             182              37      0.07109375     0.014453125             242             205
32500             186              35      0.07265625     0.013671875             242             207
32600             188              34       0.0734375      0.01328125             242             208
32700             190              33      0.07421875     0.012890625             242             209
32800             190              33      0.07421875     0.012890625             243             210
32900             192              32           0.075          0.0125             243             211
33000             190              33      0.07421875     0.012890625             246             213
33100             190              33      0.07421875     0.012890625             246             213
33200             194              31      0.07578125     0.012109375             246             215
33300             194              31      0.07578125     0.012109375             246             215
33400             196              30       0.0765625      0.01171875             246             216
33500             198              29      0.07734375     0.011328125             246             217
33600             200              28        0.078125       0.0109375             246             218
33700             200              28        0.078125       0.0109375             246             218
33800             198              29      0.07734375     0.011328125             247             218
33900             196              30       0.0765625      0.01171875             248             218
34000             190              33      0.07421875     0.012890625             251             218
34100             188              34       0.0734375      0.01328125             252             218
34200             188              34       0.0734375      0.01328125             253             219
34300             186              35      0.07265625     0.013671875             254             219
34400             188              34       0.0734375      0.01328125             255             221
34500             190              33      0.07421875     0.012890625             256             223
34600             190              33      0.07421875     0.012890625             256             223
34700             190              33      0.07421875     0.012890625             256             223
34800             192              32           0.075          0.0125             256             224
34900             190              33      0.07421875     0.012890625             258             225
35000             192              32           0.075          0.0125             258             226
35100             188              34       0.0734375      0.01328125             260             226
35200             186              35      0.07265625     0.013671875             261             226
35300             188              34       0.0734375      0.01328125             261             227
35400             186              35      0.07265625     0.013671875             262             227
35500             186              35      0.07265625     0.013671875             262             227
35600             184              36        0.071875       0.0140625             263             227
35700             182              37      0.07109375     0.014453125             265             228
35800             184              36        0.071875       0.0140625             265             229
35900             188              34       0.0734375      0.01328125             266             232
36000             192              32           0.075          0.0125             266             234
36100             190              33      0.07421875     0.012890625             267             234
36200             188              34       0.0734375      0.01328125             268             234
36300             188              34       0.0734375      0.01328125             268             234
36400             186              35      0.07265625     0.013671875             269             234
36500             182              37      0.07109375     0.014453125             271             234
36600             184              36        0.071875       0.0140625             271             235
36700             182              37      0.07109375     0.014453125             272             235
36800             180              38       0.0703125      0.01484375             273             235
36900             182              37      0.07109375     0.014453125             273             236
37000             180              38       0.0703125      0.01484375             274             236
37100             182              37      0.07109375     0.014453125             275             238
37200             180              38       0.0703125      0.01484375             276             238
37300             182              37      0.07109375     0.014453125             276             239
37400             186              35      0.07265625     0.013671875             276             241
37500             186              35      0.07265625     0.013671875             277             242
37600             186              35      0.07265625     0.013671875             279             244
37700             184              36        0.071875       0.0140625             280             244
37800             184              36        0.071875       0.0140625             280             244
37900             180              38       0.0703125      0.01484375             282             244
38000             182              37      0.07109375     0.014453125             282             245
38100             182              37      0.07109375     0.014453125             283             246
38200             180              38       0.0703125      0.01484375             284             246
38300             178              39      0.06953125     0.015234375             285             246
38400             178              39      0.06953125     0.015234375             285             246
38500             176              40         0.06875        0.015625             286             246
38600             174              41      0.06796875     0.016015625             288             247
38700             176              40         0.06875        0.015625             288             248
38800             176              40         0.06875        0.015625             288             248
38900             176              40         0.06875        0.015625             289             249
39000             180              38       0.0703125      0.01484375             289             251
39100             182              37      0.07109375     0.014453125             289             252
39200             182              37      0.07109375     0.014453125             289             252
39300             178              39      0.06953125     0.015234375             291             252
39400             180              38       0.0703125      0.01484375             292             254
39500             176              40         0.06875        0.015625             294             254
39600             176              40         0.06875        0.015625             294             254
39700             174              41      0.06796875     0.016015625             295             254
39800             174              41      0.06796875     0.016015625             295             254
39900             182              37      0.07109375     0.014453125             295             258
40000             182              37      0.07109375     0.014453125             295             258
40100             180              38       0.0703125      0.01484375             297             259
40200             180              38       0.0703125      0.01484375             297             259
40300             178              39      0.06953125     0.015234375             298             259
40400             178              39      0.06953125     0.015234375             299             260
40500             176              40         0.06875        0.015625             300             260
40600             182              37      0.07109375     0.014453125             300             263
40700             182              37      0.07109375     0.014453125             300             263
40800             180              38       0.0703125      0.01484375             302             264
40900             182              37      0.07109375     0.014453125             302             265
41000             182              37      0.07109375     0.014453125             302             265
41100             182              37      0.07109375     0.014453125             302             265
41200             180              38       0.0703125      0.01484375             303             265
41300             180              38       0.0703125      0.01484375             303             265
41400             178              39      0.06953125     0.015234375             304             265
41500             176              40         0.06875        0.015625             305             265
41600             178              39      0.06953125     0.015234375             306             267
41700             180              38       0.0703125      0.01484375             307             269
41800             182              37      0.07109375     0.014453125             308             271
41900             180              38       0.0703125      0.01484375             309             271
42000             182              37      0.07109375     0.014453125             309             272
42100             184              36        0.071875       0.0140625             309             273
42200             186              35      0.07265625     0.013671875             309             274
42300             188              34       0.0734375      0.01328125             310             276
42400             190              33      0.07421875     0.012890625             310             277
42500             190              33      0.07421875     0.012890625             310             277
42600             188              34       0.0734375      0.01328125             311             277
42700             190              33      0.07421875     0.012890625             311             278
42800             186              35      0.07265625     0.013671875             313             278
42900             186              35      0.07265625     0.013671875             313             278
43000             188              34       0.0734375      0.01328125             314             280
43100             184              36        0.071875       0.0140625             316             280
43200             186              35      0.07265625     0.013671875             317             282
43300             184              36        0.071875       0.0140625             319             283
43400             182              37      0.07109375     0.014453125             321             284
43500             186              35      0.07265625     0.013671875             321             286
43600             186              35      0.07265625     0.013671875             322             287
43700             188              34       0.0734375      0.01328125             322             288
43800             190              33      0.07421875     0.012890625             322             289
43900             188              34       0.0734375      0.01328125             323             289
44000             186              35      0.07265625     0.013671875             325             290
44100             184              36        0.071875       0.0140625             326             290
44200             186              35      0.07265625     0.013671875             326             291
44300             186              35      0.07265625     0.013671875             326             291
44400             186              35      0.07265625     0.013671875             326             291
44500             184              36        0.071875       0.0140625             327             291
44600             184              36        0.071875       0.0140625             328             292
44700             186              35      0.07265625     0.013671875             328             293
44800             186              35      0.07265625     0.013671875             328             293
44900             184              36        0.071875       0.0140625             329             293
45000             184              36        0.071875       0.0140625             329             293
45100             184              36        0.071875       0.0140625             329             293
45200             188              34       0.0734375      0.01328125             330             296
45300             186              35      0.07265625     0.013671875             331             296
45400             186              35      0.07265625     0.013671875             331             296
45500             184              36        0.071875       0.0140625             332             296
45600             186              35      0.07265625     0.013671875             332             297
45700             188              34       0.0734375      0.01328125             332             298
45800             188              34       0.0734375      0.01328125             334             300
45900             184              36        0.071875       0.0140625             336             300
46000             186              35      0.07265625     0.013671875             337             302
46100             178              39      0.06953125     0.015234375             341             302
46200             178              39      0.06953125     0.015234375             341             302
46300             178              39      0.06953125     0.015234375             342             303
46400             176              40         0.06875        0.015625             343             303
46500             176              40         0.06875        0.015625             344             304
46600             174              41      0.06796875     0.016015625             345             304
46700             174              41      0.06796875     0.016015625             345             304
46800             172              42       0.0671875      0.01640625             346             304
46900             170              43      0.06640625     0.016796875             348             305
47000             172              42       0.0671875      0.01640625             349             307
47100             168              44        0.065625       0.0171875             351             307
47200             166              45      0.06484375     0.017578125             353             308
47300             166              45      0.06484375     0.017578125             354             309
47400             168              44        0.065625       0.0171875             354             310
47500             170              43      0.06640625     0.016796875             354             311
47600             168              44        0.065625       0.0171875             355             311
47700             160              48          0.0625         0.01875             359             311
47800             166              45      0.06484375     0.017578125             360             315
47900             166              45      0.06484375     0.017578125             360             315
48000             164              46       0.0640625      0.01796875             361             315
48100             164              46       0.0640625      0.01796875             361             315
48200             166              45      0.06484375     0.017578125             361             316
48300             166              45      0.06484375     0.017578125             363             318
48400             170              43      0.06640625     0.016796875             363             320
48500             168              44        0.065625       0.0171875             365             321
48600             170              43      0.06640625     0.016796875             366             323
48700             170              43      0.06640625     0.016796875             366             323
48800             170              43      0.06640625     0.016796875             367             324
48900             170              43      0.06640625     0.016796875             367             324
49000             170              43      0.06640625     0.016796875             367             324
49100             170              43      0.06640625     0.016796875             367             324
49200             172              42       0.0671875      0.01640625             367             325
49300             168              44        0.065625       0.0171875             369             325
49400             168              44        0.065625       0.0171875             369             325
49500             170              43      0.06640625     0.016796875             369             326
49600             170              43      0.06640625     0.016796875             369             326
49700             168              44        0.065625       0.0171875             370             326
49800             170              43      0.06640625     0.016796875             370             327
49900             168              44        0.065625       0.0171875             371             327
50000             168              44        0.065625       0.0171875             371             327
50100             168              44        0.065625       0.0171875             373             329
50200             168              44        0.065625       0.0171875             373             329
50300             166              45      0.06484375     0.017578125             374             329
50400             168              44        0.065625       0.0171875             374             330
50500             168              44        0.065625       0.0171875             374             330
50600             166              45      0.06484375     0.017578125             376             331
50700             166              45      0.06484375     0.017578125             377             332
50800             168              44        0.065625       0.0171875             377             333
50900             170              43      0.06640625     0.016796875             377             334
51000             170              43      0.06640625     0.016796875             377             334
51100             174              41      0.06796875     0.016015625             378             337
51200             174              41      0.06796875     0.016015625             379             338
51300             176              40         0.06875        0.015625             379             339
51400             178              39      0.06953125     0.015234375             379             340
51500             176              40         0.06875        0.015625             381             341
51600             178              39      0.06953125     0.015234375             381             342
51700             178              39      0.06953125     0.015234375             381             342
51800             180              38       0.0703125      0.01484375             381             343
51900             180              38       0.0703125      0.01484375             381             343
52000             182              37      0.07109375     0.014453125             381             344
52100             188              34       0.0734375      0.01328125             381             347
52200             190              33      0.07421875     0.012890625             381             348
52300             190              33      0.07421875     0.012890625             382             349
52400             188              34       0.0734375      0.01328125             383             349
52500             190              33      0.07421875     0.012890625             383             350
52600             190              33      0.07421875     0.012890625             383             350
52700             190              33      0.07421875     0.012890625             383             350
52800             196              30       0.0765625      0.01171875             383             353
52900             198              29      0.07734375     0.011328125             384             355
53000             198              29      0.07734375     0.011328125             385             356
53100             196              30       0.0765625      0.01171875             386             356
53200             194              31      0.07578125     0.012109375             387             356
53300             194              31      0.07578125     0.012109375             388             357
53400             192              32           0.075          0.0125             389             357
53500             190              33      0.07421875     0.012890625             390             357
53600             188              34       0.0734375      0.01328125             392             358
53700             186              35      0.07265625     0.013671875             393             358
53800             186              35      0.07265625     0.013671875             393             358
53900             188              34       0.0734375      0.01328125             393             359
54000             190              33      0.07421875     0.012890625             393             360
54100             190              33      0.07421875     0.012890625             394             361
54200             190              33      0.07421875     0.012890625             394             361
54300             192              32           0.075          0.0125             394             362
54400             190              33      0.07421875     0.012890625             395             362
54500             190              33      0.07421875     0.012890625             395             362
54600             188              34       0.0734375      0.01328125             396             362
54700             194              31      0.07578125     0.012109375             396             365
54800             194              31      0.07578125     0.012109375             397             366
54900             192              32           0.075          0.0125             398             366
55000             192              32           0.075          0.0125             398             366
55100             192              32           0.075          0.0125             400             368
55200             194              31      0.07578125     0.012109375             400             369
55300             194              31      0.07578125     0.012109375             402             371
55400             194              31      0.07578125     0.012109375             402             371
55500             194              31      0.07578125     0.012109375             403             372
55600             194              31      0.07578125     0.012109375             403             372
55700             194              31      0.07578125     0.012109375             403             372
55800             192              32           0.075          0.0125             404             372
55900             196              30       0.0765625      0.01171875             404             374
56000             192              32           0.075          0.0125             406             374
56100             190              33      0.07421875     0.012890625             407             374
56200             188              34       0.0734375      0.01328125             408             374
56300             190              33      0.07421875     0.012890625             408             375
56400             184              36        0.071875       0.0140625             411             375
56500             182              37      0.07109375     0.014453125             412             375
56600             182              37      0.07109375     0.014453125             412             375
56700             184              36        0.071875       0.0140625             412             376
56800             182              37      0.07109375     0.014453125             414             377
56900             182              37      0.07109375     0.014453125             414             377
57000             182              37      0.07109375     0.014453125             415             378
57100             184              36        0.071875       0.0140625             415             379
57200             184              36        0.071875       0.0140625             415             379
57300             186              35      0.07265625     0.013671875             415             380
57400             186              35      0.07265625     0.013671875             415             380
57500             190              33      0.07421875     0.012890625             415             382
57600             192              32           0.075          0.0125             416             384
57700             186              35      0.07265625     0.013671875             419             384
57800             188              34       0.0734375      0.01328125             419             385
57900             190              33      0.07421875     0.012890625             419             386
58000             188              34       0.0734375      0.01328125             420             386
58100             188              34       0.0734375      0.01328125             420             386
58200             188              34       0.0734375      0.01328125             420             386
58300             184              36        0.071875       0.0140625             422             386
58400             184              36        0.071875       0.0140625             422             386
58500             184              36        0.071875       0.0140625             423             387
58600             188              34       0.0734375      0.01328125             423             389
58700             190              33      0.07421875     0.012890625             424             391
58800             196              30       0.0765625      0.01171875             424             394
58900             196              30       0.0765625      0.01171875             424             394
59000             196              30       0.0765625      0.01171875             424             394
59100             196              30       0.0765625      0.01171875             424             394
59200             196              30       0.0765625      0.01171875             424             394
59300             196              30       0.0765625      0.01171875             425             395
59400             200              28        0.078125       0.0109375             425             397
59500             198              29      0.07734375     0.011328125             426             397
59600             196              30       0.0765625      0.01171875             429             399
59700             198              29      0.07734375     0.011328125             432             403
59800             202              27      0.07890625     0.010546875             432             405
59900             202              27      0.07890625     0.010546875             432             405
60000             200              28        0.078125       0.0109375             433             405
60100             200              28        0.078125       0.0109375             434             406
60200             198              29      0.07734375     0.011328125             435             406
60300             198              29      0.07734375     0.011328125             436             407
60400             200              28        0.078125       0.0109375             436             408
60500             198              29      0.07734375     0.011328125             439             410
60600             194              31      0.07578125     0.012109375             441             410
60700             192              32           0.075          0.0125             442             410
60800             190              33      0.07421875     0.012890625             444             411
60900             190              33      0.07421875     0.012890625             444             411
61000             190              33      0.07421875     0.012890625             445             412
61100             190              33      0.07421875     0.012890625             445             412
61200             192              32           0.075          0.0125             445             413
61300             192              32           0.075          0.0125             445             413
61400             192              32           0.075          0.0125             445             413
61500             190              33      0.07421875     0.012890625             446             413
61600             184              36        0.071875       0.0140625             449             413
61700             186              35      0.07265625     0.013671875             449             414
61800             182              37      0.07109375     0.014453125             452             415
61900             180              38       0.0703125      0.01484375             453             415
62000             184              36        0.071875       0.0140625             454             418
62100             184              36        0.071875       0.0140625             454             418
62200             182              37      0.07109375     0.014453125             455             418
62300             182              37      0.07109375     0.014453125             456             419
62400             180              38       0.0703125      0.01484375             458             420
62500             178              39      0.06953125     0.015234375             460             421
62600             176              40         0.06875        0.015625             461             421
62700             178              39      0.06953125     0.015234375             461             422
62800             180              38       0.0703125      0.01484375             461             423
62900             178              39      0.06953125     0.015234375             462             423
63000             176              40         0.06875        0.015625             463             423
63100             180              38       0.0703125      0.01484375             463             425
63200             178              39      0.06953125     0.015234375             465             426
63300             180              38       0.0703125      0.01484375             465             427
63400             174              41      0.06796875     0.016015625             468             427
63500             176              40         0.06875        0.015625             468             428
63600             176              40         0.06875        0.015625             468             428
63700             176              40         0.06875        0.015625             468             428
63800             180              38       0.0703125      0.01484375             468             430
63900             180              38       0.0703125      0.01484375             469             431
64000             178              39      0.06953125     0.015234375             471             432
64100             178              39      0.06953125     0.015234375             472             433
64200             176              40         0.06875        0.015625             473             433
64300             180              38       0.0703125      0.01484375             474             436
64400             182              37      0.07109375     0.014453125             474             437
64500             182              37      0.07109375     0.014453125             475             438
64600             182              37      0.07109375     0.014453125             475             438
64700             178              39      0.06953125     0.015234375             477             438
64800             178              39      0.06953125     0.015234375             477             438
64900             178              39      0.06953125     0.015234375             477             438
65000             180              38       0.0703125      0.01484375             477             439
65100             176              40         0.06875        0.015625             480             440
65200             174              41      0.06796875     0.016015625             481             440
65300             176              40         0.06875        0.015625             481             441
65400             176              40         0.06875        0.015625             481             441
65500             172              42       0.0671875      0.01640625             483             441
65600             168              44        0.065625       0.0171875             485             441
65700             164              46       0.0640625      0.01796875             487             441
65800             164              46       0.0640625      0.01796875             487             441
65900             160              48          0.0625         0.01875             489             441
66000             160              48          0.0625         0.01875             489             441
66100             164              46       0.0640625      0.01796875             489             443
66200             164              46       0.0640625      0.01796875             489             443
66300             164              46       0.0640625      0.01796875             489             443
66400             162              47      0.06328125     0.018359375             491             444
66500             162              47      0.06328125     0.018359375             491             444
66600             164              46       0.0640625      0.01796875             491             445
66700             164              46       0.0640625      0.01796875             491             445
66800             164              46       0.0640625      0.01796875             491             445
66900             164              46       0.0640625      0.01796875             491             445
67000             164              46       0.0640625      0.01796875             491             445
67100             164              46       0.0640625      0.01796875             492             446
67200             168              44        0.065625       0.0171875             493             449
67300             172              42       0.0671875      0.01640625             493             451
67400             176              40         0.06875        0.015625             493             453
67500             174              41      0.06796875     0.016015625             494             453
67600             170              43      0.06640625     0.016796875             496             453
67700             172              42       0.0671875      0.01640625             496             454
67800             170              43      0.06640625     0.016796875             498             455
67900             170              43      0.06640625     0.016796875             499             456
68000             170              43      0.06640625     0.016796875             499             456
68100             170              43      0.06640625     0.016796875             499             456
68200             172              42       0.0671875      0.01640625             499             457
68300             170              43      0.06640625     0.016796875             500             457
68400             170              43      0.06640625     0.016796875             501             458
68500             172              42       0.0671875      0.01640625             502             460
68600             170              43      0.06640625     0.016796875             503             460
68700             170              43      0.06640625     0.016796875             503             460
68800             172              42       0.0671875      0.01640625             503             461
68900             172              42       0.0671875      0.01640625             503             461
69000             170              43      0.06640625     0.016796875             504             461
69100             172              42       0.0671875      0.01640625             505             463
69200             172              42       0.0671875      0.01640625             505             463
69300             178              39      0.06953125     0.015234375             506             467
69400             178              39      0.06953125     0.015234375             506             467
69500             178              39      0.06953125     0.015234375             506             467
69600             182              37      0.07109375     0.014453125             507             470
69700             180              38       0.0703125      0.01484375             509             471
69800             180              38       0.0703125      0.01484375             509             471
69900             180              38       0.0703125      0.01484375             509             471
70000             182              37      0.07109375     0.014453125             509             472
70100             182              37      0.07109375     0.014453125             509             472
70200             184              36        0.071875       0.0140625             509             473
70300             184              36        0.071875       0.0140625             511             475
70400             184              36        0.071875       0.0140625             511             475
70500             184              36        0.071875       0.0140625             511             475
70600             182              37      0.07109375     0.014453125             513             476
70700             182              37      0.07109375     0.014453125             514             477
70800             182              37      0.07109375     0.014453125             514             477
70900             182              37      0.07109375     0.014453125             514             477
71000             182              37      0.07109375     0.014453125             514             477
71100             182              37      0.07109375     0.014453125             515             478
71200             178              39      0.06953125     0.015234375             517             478
71300             180              38       0.0703125      0.01484375             517             479
71400             178              39      0.06953125     0.015234375             518             479
71500             178              39      0.06953125     0.015234375             518             479
71600             176              40         0.06875        0.015625             520             480
71700             176              40         0.06875        0.015625             520             480
71800             174              41      0.06796875     0.016015625             521             480
71900             178              39      0.06953125     0.015234375             521             482
72000             178              39      0.06953125     0.015234375             521             482
72100             180              38       0.0703125      0.01484375             521             483
72200             178              39      0.06953125     0.015234375             523             484
72300             176              40         0.06875        0.015625             524             484
72400             178              39      0.06953125     0.015234375             524             485
72500             176              40         0.06875        0.015625             525             485
72600             176              40         0.06875        0.015625             525             485
72700             176              40         0.06875        0.015625             527             487
72800             178              39      0.06953125     0.015234375             527             488
72900             178              39      0.06953125     0.015234375             529             490
73000             178              39      0.06953125     0.015234375             530             491
73100             178              39      0.06953125     0.015234375             531             492
73200             180              38       0.0703125      0.01484375             531             493
73300             184              36        0.071875       0.0140625             532             496
73400             184              36        0.071875       0.0140625             532             496
73500             182              37      0.07109375     0.014453125             534             497
73600             180              38       0.0703125      0.01484375             537             499
73700             182              37      0.07109375     0.014453125             537             500
73800             182              37      0.07109375     0.014453125             538             501
73900             182              37      0.07109375     0.014453125             538             501
74000             180              38       0.0703125      0.01484375             539             501
74100             180              38       0.0703125      0.01484375             539             501
74200             178              39      0.06953125     0.015234375             540             501
74300             182              37      0.07109375     0.014453125             540             503
74400             182              37      0.07109375     0.014453125             541             504
74500             184              36        0.071875       0.0140625             541             505
74600             182              37      0.07109375     0.014453125             542             505
74700             184              36        0.071875       0.0140625             542             506
74800             182              37      0.07109375     0.014453125             543             506
74900             186              35      0.07265625     0.013671875             543             508
75000             184              36        0.071875       0.0140625             544             508
75100             184              36        0.071875       0.0140625             544             508
75200             186              35      0.07265625     0.013671875             544             509
75300             186              35      0.07265625     0.013671875             544             509
75400             184              36        0.071875       0.0140625             546             510
75500             184              36        0.071875       0.0140625             547             511
75600             186              35      0.07265625     0.013671875             547             512
75700             184              36        0.071875       0.0140625             548             512
75800             182              37      0.07109375     0.014453125             550             513
75900             182              37      0.07109375     0.014453125             551             514
76000             180              38       0.0703125      0.01484375             552             514
76100             180              38       0.0703125      0.01484375             552             514
76200             180              38       0.0703125      0.01484375             554             516
76300             182              37      0.07109375     0.014453125             555             518
76400             176              40         0.06875        0.015625             558             518
76500             174              41      0.06796875     0.016015625             559             518
76600             172              42       0.0671875      0.01640625             560             518
76700             170              43      0.06640625     0.016796875             561             518
76800             172              42       0.0671875      0.01640625             562             520
76900             172              42       0.0671875      0.01640625             563             521
77000             174              41      0.06796875     0.016015625             563             522
77100             176              40         0.06875        0.015625             563             523
77200             176              40         0.06875        0.015625             564             524
77300             174              41      0.06796875     0.016015625             565             524
77400             172              42       0.0671875      0.01640625             566             524
77500             174              41      0.06796875     0.016015625             566             525
77600             174              41      0.06796875     0.016015625             566             525
77700             174              41      0.06796875     0.016015625             567             526
77800             172              42       0.0671875      0.01640625             568             526
77900             168              44        0.065625       0.0171875             570             526
78000             168              44        0.065625       0.0171875             571             527
78100             166              45      0.06484375     0.017578125             573             528
78200             168              44        0.065625       0.0171875             573             529
78300             170              43      0.06640625     0.016796875             573             530
78400             170              43      0.06640625     0.016796875             574             531
78500             176              40         0.06875        0.015625             574             534
78600             174              41      0.06796875     0.016015625             575             534
78700             176              40         0.06875        0.015625             576             536
78800             178              39      0.06953125     0.015234375             576             537
78900             180              38       0.0703125      0.01484375             576             538
79000             180              38       0.0703125      0.01484375             576             538
79100             182              37      0.07109375     0.014453125             576             539
79200             180              38       0.0703125      0.01484375             577             539
79300             176              40         0.06875        0.015625             579             539
79400             178              39      0.06953125     0.015234375             579             540
79500             180              38       0.0703125      0.01484375             579             541
79600             184              36        0.071875       0.0140625             579             543
79700             184              36        0.071875       0.0140625             579             543
79800             188              34       0.0734375      0.01328125             579             545
79900             188              34       0.0734375      0.01328125             580             546
80000             182              37      0.07109375     0.014453125             583             546
80100             180              38       0.0703125      0.01484375             584             546
80200             182              37      0.07109375     0.014453125             584             547
80300             178              39      0.06953125     0.015234375             586             547
80400             178              39      0.06953125     0.015234375             586             547
80500             178              39      0.06953125     0.015234375             586             547
80600             180              38       0.0703125      0.01484375             586             548
80700             180              38       0.0703125      0.01484375             586             548
80800             180              38       0.0703125      0.01484375             586             548
80900             180              38       0.0703125      0.01484375             586             548
81000             180              38       0.0703125      0.01484375             587             549
81100             178              39      0.06953125     0.015234375             588             549
81200             178              39      0.06953125     0.015234375             589             550
81300             178              39      0.06953125     0.015234375             589             550
81400             178              39      0.06953125     0.015234375             589             550
81500             174              41      0.06796875     0.016015625             592             551
81600             174              41      0.06796875     0.016015625             592             551
81700             176              40         0.06875        0.015625             592             552
81800             176              40         0.06875        0.015625             592             552
81900             178              39      0.06953125     0.015234375             592             553
82000             178              39      0.06953125     0.015234375             592             553
82100             180              38       0.0703125      0.01484375             592             554
82200             182              37      0.07109375     0.014453125             592             555
82300             180              38       0.0703125      0.01484375             594             556
82400             186              35      0.07265625     0.013671875             594             559
82500             188              34       0.0734375      0.01328125             594             560
82600             188              34       0.0734375      0.01328125             594             560
82700             188              34       0.0734375      0.01328125             595             561
82800             186              35      0.07265625     0.013671875             596             561
82900             184              36        0.071875       0.0140625             597             561
83000             186              35      0.07265625     0.013671875             597             562
83100             188              34       0.0734375      0.01328125             597             563
83200             188              34       0.0734375      0.01328125             599             565
83300             184              36        0.071875       0.0140625             601             565
83400             182              37      0.07109375     0.014453125             602             565
83500             186              35      0.07265625     0.013671875             602             567
83600             186              35      0.07265625     0.013671875             602             567
83700             184              36        0.071875       0.0140625             603             567
83800             184              36        0.071875       0.0140625             605             569
83900             186              35      0.07265625     0.013671875             605             570
84000             184              36        0.071875       0.0140625             606             570
84100             184              36        0.071875       0.0140625             606             570
84200             182              37      0.07109375     0.014453125             607             570
84300             182              37      0.07109375     0.014453125             607             570
84400             182              37      0.07109375     0.014453125             607             570
84500             182              37      0.07109375     0.014453125             607             570
84600             182              37      0.07109375     0.014453125             607             570
84700             182              37      0.07109375     0.014453125             608             571
84800             182              37      0.07109375     0.014453125             608             571
84900             182              37      0.07109375     0.014453125             609             572
85000             182              37      0.07109375     0.014453125             610             573
85100             184              36        0.071875       0.0140625             611             575
85200             184              36        0.071875       0.0140625             611             575
85300             176              40         0.06875        0.015625             615             575
85400             180              38       0.0703125      0.01484375             615             577
85500             182              37      0.07109375     0.014453125             615             578
85600             180              38       0.0703125      0.01484375             616             578
85700             178              39      0.06953125     0.015234375             617             578
85800             178              39      0.06953125     0.015234375             618             579
85900             178              39      0.06953125     0.015234375             619             580
86000             182              37      0.07109375     0.014453125             619             582
86100             178              39      0.06953125     0.015234375             621             582
86200             180              38       0.0703125      0.01484375             621             583
86300             180              38       0.0703125      0.01484375             622             584
86400             178              39      0.06953125     0.015234375             624             585
86500             178              39      0.06953125     0.015234375             624             585
86600             178              39      0.06953125     0.015234375             624             585
86700             176              40         0.06875        0.015625             625             585
86800             180              38       0.0703125      0.01484375             625             587
86900             178              39      0.06953125     0.015234375             626             587
87000             178              39      0.06953125     0.015234375             628             589
87100             178              39      0.06953125     0.015234375             628             589
87200             176              40         0.06875        0.015625             629             589
87300             174              41      0.06796875     0.016015625             631             590
87400             174              41      0.06796875     0.016015625             631             590
87500             170              43      0.06640625     0.016796875             633             590
87600             170              43      0.06640625     0.016796875             634             591
87700             166              45      0.06484375     0.017578125             636             591
87800             164              46       0.0640625      0.01796875             637             591
87900             158              49      0.06171875     0.019140625             640             591
88000             160              48          0.0625         0.01875             640             592
88100             160              48          0.0625         0.01875             641             593
88200             162              47      0.06328125     0.018359375             641             594
88300             160              48          0.0625         0.01875             642             594
88400             162              47      0.06328125     0.018359375             643             596
88500             164              46       0.0640625      0.01796875             643             597
88600             172              42       0.0671875      0.01640625             643             601
88700             172              42       0.0671875      0.01640625             643             601
88800             172              42       0.0671875      0.01640625             643             601
88900             170              43      0.06640625     0.016796875             645             602
89000             168              44        0.065625       0.0171875             646             602
89100             166              45      0.06484375     0.017578125             648             603
89200             166              45      0.06484375     0.017578125             648             603
89300             166              45      0.06484375     0.017578125             648             603
89400             170              43      0.06640625     0.016796875             648             605
89500             172              42       0.0671875      0.01640625             648             606
89600             172              42       0.0671875      0.01640625             649             607
89700             172              42       0.0671875      0.01640625             649             607
89800             172              42       0.0671875      0.01640625             649             607
89900             174              41      0.06796875     0.016015625             650             609
90000             172              42       0.0671875      0.01640625             651             609
90100             172              42       0.0671875      0.01640625             653             611
90200             172              42       0.0671875      0.01640625             654             612
90300             172              42       0.0671875      0.01640625             654             612
90400             168              44        0.065625       0.0171875             656             612
90500             170              43      0.06640625     0.016796875             656             613
90600             164              46       0.0640625      0.01796875             659             613
90700             164              46       0.0640625      0.01796875             659             613
90800             166              45      0.06484375     0.017578125             659             614
90900             166              45      0.06484375     0.017578125             659             614
91000             166              45      0.06484375     0.017578125             659             614
91100             170              43      0.06640625     0.016796875             659             616
91200             172              42       0.0671875      0.01640625             659             617
91300             172              42       0.0671875      0.01640625             659             617
91400             174              41      0.06796875     0.016015625             659             618
91500             174              41      0.06796875     0.016015625             659             618
91600             174              41      0.06796875     0.016015625             659             618
91700             172              42       0.0671875      0.01640625             660             618
91800             170              43      0.06640625     0.016796875             661             618
91900             172              42       0.0671875      0.01640625             661             619
92000             174              41      0.06796875     0.016015625             661             620
92100             174              41      0.06796875     0.016015625             661             620
92200             174              41      0.06796875     0.016015625             661             620
92300             176              40         0.06875        0.015625             661             621
92400             178              39      0.06953125     0.015234375             661             622
92500             182              37      0.07109375     0.014453125             661             624
92600             182              37      0.07109375     0.014453125             662             625
92700             184              36        0.071875       0.0140625             662             626
92800             184              36        0.071875       0.0140625             662             626
92900             184              36        0.071875       0.0140625             662             626
93000             184              36        0.071875       0.0140625             662             626
93100             182              37      0.07109375     0.014453125             663             626
93200             182              37      0.07109375     0.014453125             663             626
93300             182              37      0.07109375     0.014453125             664             627
93400             182              37      0.07109375     0.014453125             664             627
93500             182              37      0.07109375     0.014453125             665             628
93600             182              37      0.07109375     0.014453125             665             628
93700             180              38       0.0703125      0.01484375             666             628
93800             182              37      0.07109375     0.014453125             667             630
93900             180              38       0.0703125      0.01484375             668             630
94000             178              39      0.06953125     0.015234375             669             630
94100             178              39      0.06953125     0.015234375             669             630
94200             178              39      0.06953125     0.015234375             669             630
94300             176              40         0.06875        0.015625             671             631
94400             176              40         0.06875        0.015625             671             631
94500             180              38       0.0703125      0.01484375             671             633
94600             184              36        0.071875       0.0140625             671             635
94700             184              36        0.071875       0.0140625             671             635
94800             186              35      0.07265625     0.013671875             671             636
94900             184              36        0.071875       0.0140625             672             636
95000             182              37      0.07109375     0.014453125             673             636
95100             180              38       0.0703125      0.01484375             674             636
95200             180              38       0.0703125      0.01484375             675             637
95300             174              41      0.06796875     0.016015625             678             637
95400             174              41      0.06796875     0.016015625             678             637
95500             178              39      0.06953125     0.015234375             678             639
95600             176              40         0.06875        0.015625             679             639
95700             180              38       0.0703125      0.01484375             679             641
95800             178              39      0.06953125     0.015234375             680             641
95900             178              39      0.06953125     0.015234375             680             641
96000             174              41      0.06796875     0.016015625             683             642
96100             172              42       0.0671875      0.01640625             686             644
96200             174              41      0.06796875     0.016015625             686             645
96300             176              40         0.06875        0.015625             687             647
96400             178              39      0.06953125     0.015234375             687             648
96500             178              39      0.06953125     0.015234375             687             648
96600             178              39      0.06953125     0.015234375             687             648
96700             176              40         0.06875        0.015625             688             648
96800             174              41      0.06796875     0.016015625             689             648
96900             174              41      0.06796875     0.016015625             689             648
97000             174              41      0.06796875     0.016015625             690             649
97100             170              43      0.06640625     0.016796875             692             649
97200             172              42       0.0671875      0.01640625             692             650
97300             170              43      0.06640625     0.016796875             693             650
97400             174              41      0.06796875     0.016015625             693             652
97500             174              41      0.06796875     0.016015625             694             653
97600             174              41      0.06796875     0.016015625             694             653
97700             174              41      0.06796875     0.016015625             694             653
97800             172              42       0.0671875      0.01640625             695             653
97900             174              41      0.06796875     0.016015625             695             654
98000             178              39      0.06953125     0.015234375             695             656
98100             178              39      0.06953125     0.015234375             695             656
98200             178              39      0.06953125     0.015234375             695             656
98300             182              37      0.07109375     0.014453125             695             658
98400             184              36        0.071875       0.0140625             695             659
98500             182              37      0.07109375     0.014453125             696             659
98600             180              38       0.0703125      0.01484375             697             659
98700             180              38       0.0703125      0.01484375             697             659
98800             184              36        0.071875       0.0140625             697             661
98900             184              36        0.071875       0.0140625             698             662
99000             178              39      0.06953125     0.015234375             701             662
99100             182              37      0.07109375     0.014453125             701             664
99200             184              36        0.071875       0.0140625             701             665
99300             184              36        0.071875       0.0140625             701             665
99400             182              37      0.07109375     0.014453125             702             665
99500             184              36        0.071875       0.0140625             702             666
99600             186              35      0.07265625     0.013671875             702             667
99700             184              36        0.071875       0.0140625             703             667
99800             182              37      0.07109375     0.014453125             704             667
99900             180              38       0.0703125      0.01484375             706             668
100000             174              41      0.06796875     0.016015625             709             668
