# Time-averaged data for fix observ
# TimeStep v_nfree v_ndimer v_cfree v_cdimer f_kinetics[2] f_kinetics[3]
0             256               0           0.025               0               0               0
100             256               0           0.025               0               0               0
200             256               0           0.025               0               0               0
300             256               0           0.025               0               0               0
400             256               0           0.025               0               0               0
500             256               0           0.025               0               0               0
600             256               0           0.025               0               0               0
700             256               0           0.025               0               0               0
800             256               0           0.025               0               0               0
900             256               0           0.025               0               0               0
1000             256               0           0.025               0               0               0
1100             254               1    0.0248046875    9.765625e-05               1               0
1200             254               1    0.0248046875    9.765625e-05               1               0
1300             254               1    0.0248046875    9.765625e-05               1               0
1400             254               1    0.0248046875    9.765625e-05               1               0
1500             254               1    0.0248046875    9.765625e-05               1               0
1600             254               1    0.0248046875    9.765625e-05               1               0
1700             254               1    0.0248046875    9.765625e-05               1               0
1800             254               1    0.0248046875    9.765625e-05               1               0
1900             254               1    0.0248046875    9.765625e-05               1               0
2000             254               1    0.0248046875    9.765625e-05               1               0
2100             254               1    0.0248046875    9.765625e-05               1               0
2200             252               2     0.024609375    0.0001953125               2               0
2300             252               2     0.024609375    0.0001953125               2               0
2400             254               1    0.0248046875    9.765625e-05               2               1
2500             254               1    0.0248046875    9.765625e-05               2               1
2600             254               1    0.0248046875    9.765625e-05               2               1
2700             254               1    0.0248046875    9.765625e-05               2               1
2800             256               0           0.025               0               2               2
2900             256               0           0.025               0               2               2
3000             256               0           0.025               0               2               2
3100             254               1    0.0248046875    9.765625e-05               3               2
3200             254               1    0.0248046875    9.765625e-05               3               2
3300             254               1    0.0248046875    9.765625e-05               3               2
3400             252               2     0.024609375    0.0001953125               4               2
3500             252               2     0.024609375    0.0001953125               4               2
3600             252               2     0.024609375    0.0001953125               4               2
3700             252               2     0.024609375    0.0001953125               4               2
3800             252               2     0.024609375    0.0001953125               4               2
3900             252               2     0.024609375    0.0001953125               4               2
4000             252               2     0.024609375    0.0001953125               5               3
4100             252               2     0.024609375    0.0001953125               5               3
4200             252               2     0.024609375    0.0001953125               5               3
4300             252               2     0.024609375    0.0001953125               5               3
4400             252               2     0.024609375    0.0001953125               5               3
4500             252               2     0.024609375    0.0001953125               5               3
4600             252               2     0.024609375    0.0001953125               5               3
4700             252               2     0.024609375    0.0001953125               5               3
4800             252               2     0.024609375    0.0001953125               5               3
4900             252               2     0.024609375    0.0001953125               5               3
5000             252               2     0.024609375    0.0001953125               5               3
5100             252               2     0.024609375    0.0001953125               5               3
5200             252               2     0.024609375    0.0001953125               5               3
5300             250               3    0.0244140625   0.00029296875               6               3
5400             252               2     0.024609375    0.0001953125               6               4
5500             252               2     0.024609375    0.0001953125               6               4
5600             254               1    0.0248046875    9.765625e-05               6               5
5700             254               1    0.0248046875    9.765625e-05               6               5
5800             252               2     0.024609375    0.0001953125               7               5
5900             252               2     0.024609375    0.0001953125               7               5
6000             252               2     0.024609375    0.0001953125               7               5
6100             252               2     0.024609375    0.0001953125               7               5
6200             252               2     0.024609375    0.0001953125               7               5
6300             252               2     0.024609375    0.0001953125               7               5
6400             252               2     0.024609375    0.0001953125               7               5
6500             252               2     0.024609375    0.0001953125               7               5
6600             250               3    0.0244140625   0.00029296875               8               5
6700             250               3    0.0244140625   0.00029296875               8               5
6800             250               3    0.0244140625   0.00029296875               8               5
6900             250               3    0.0244140625   0.00029296875               8               5
7000             250               3    0.0244140625   0.00029296875               8               5
7100             250               3    0.0244140625   0.00029296875               8               5
7200             248               4      0.02421875     0.000390625               9               5
7300             248               4      0.02421875     0.000390625               9               5
7400             248               4      0.02421875     0.000390625               9               5
7500             248               4      0.02421875     0.000390625               9               5
7600             248               4      0.02421875     0.000390625               9               5
7700             248               4      0.02421875     0.000390625               9               5
7800             250               3    0.0244140625   0.00029296875               9               6
7900             250               3    0.0244140625   0.00029296875               9               6
8000             250               3    0.0244140625   0.00029296875               9               6
8100             250               3    0.0244140625   0.00029296875              10               7
8200             250               3    0.0244140625   0.00029296875              10               7
8300             252               2     0.024609375    0.0001953125              10               8
8400             252               2     0.024609375    0.0001953125              10               8
8500             252               2     0.024609375    0.0001953125              10               8
8600             252               2     0.024609375    0.0001953125              10               8
8700             252               2     0.024609375    0.0001953125              10               8
8800             254               1    0.0248046875    9.765625e-05              10               9
8900             254               1    0.0248046875    9.765625e-05              10               9
9000             254               1    0.0248046875    9.765625e-05              10               9
9100             254               1    0.0248046875    9.765625e-05              10               9
9200             256               0           0.025               0              10              10
9300             256               0           0.025               0              10              10
9400             256               0           0.025               0              10              10
9500             254               1    0.0248046875    9.765625e-05              11              10
9600             254               1    0.0248046875    9.765625e-05              11              10
9700             254               1    0.0248046875    9.765625e-05              11              10
9800             254               1    0.0248046875    9.765625e-05              11              10
9900             252               2     0.024609375    0.0001953125              12              10
10000             252               2     0.024609375    0.0001953125              12              10
10100             250               3    0.0244140625   0.00029296875              13              10
10200             248               4      0.02421875     0.000390625              15              11
10300             248               4      0.02421875     0.000390625              15              11
10400             248               4      0.02421875     0.000390625              15              11
10500             248               4      0.02421875     0.000390625              15              11
10600             248               4      0.02421875     0.000390625              15              11
10700             248               4      0.02421875     0.000390625              15              11
10800             248               4      0.02421875     0.000390625              15              11
10900             248               4      0.02421875     0.000390625              15              11
11000             248               4      0.02421875     0.000390625              15              11
11100             248               4      0.02421875     0.000390625              15              11
11200             248               4      0.02421875     0.000390625              15              11
11300             248               4      0.02421875     0.000390625              15              11
11400             246               5    0.0240234375   0.00048828125              16              11
11500             246               5    0.0240234375   0.00048828125              16              11
11600             248               4      0.02421875     0.000390625              16              12
11700             248               4      0.02421875     0.000390625              16              12
11800             248               4      0.02421875     0.000390625              16              12
11900             248               4      0.02421875     0.000390625              16              12
12000             246               5    0.0240234375   0.00048828125              17              12
12100             246               5    0.0240234375   0.00048828125              17              12
12200             246               5    0.0240234375   0.00048828125              17              12
12300             244               6     0.023828125    0.0005859375              18              12
12400             244               6     0.023828125    0.0005859375              18              12
12500             244               6     0.023828125    0.0005859375              18              12
12600             244               6     0.023828125    0.0005859375              18              12
12700             244               6     0.023828125    0.0005859375              18              12
12800             246               5    0.0240234375   0.00048828125              18              13
12900             246               5    0.0240234375   0.00048828125              18              13
13000             246               5    0.0240234375   0.00048828125              18              13
13100             246               5    0.0240234375   0.00048828125              18              13
13200             246               5    0.0240234375   0.00048828125              18              13
13300             246               5    0.0240234375   0.00048828125              18              13
13400             246               5    0.0240234375   0.00048828125              19              14
13500             246               5    0.0240234375   0.00048828125              19              14
13600             246               5    0.0240234375   0.00048828125              19              14
13700             246               5    0.0240234375   0.00048828125              19              14
13800             246               5    0.0240234375   0.00048828125              19              14
13900             246               5    0.0240234375   0.00048828125              19              14
14000             250               3    0.0244140625   0.00029296875              19              16
14100             252               2     0.024609375    0.0001953125              19              17
14200             252               2     0.024609375    0.0001953125              19              17
14300             252               2     0.024609375    0.0001953125              19              17
14400             252               2     0.024609375    0.0001953125              19              17
14500             252               2     0.024609375    0.0001953125              19              17
14600             252               2     0.024609375    0.0001953125              19              17
14700             250               3    0.0244140625   0.00029296875              20              17
14800             252               2     0.024609375    0.0001953125              20              18
14900             252               2     0.024609375    0.0001953125              20              18
15000             252               2     0.024609375    0.0001953125              20              18
15100             252               2     0.024609375    0.0001953125              20              18
15200             252               2     0.024609375    0.0001953125              20              18
15300             252               2     0.024609375    0.0001953125              20              18
15400             252               2     0.024609375    0.0001953125              20              18
15500             252               2     0.024609375    0.0001953125              20              18
15600             252               2     0.024609375    0.0001953125              20              18
15700             250               3    0.0244140625   0.00029296875              21              18
15800             248               4      0.02421875     0.000390625              22              18
15900             248               4      0.02421875     0.000390625              22              18
16000             248               4      0.02421875     0.000390625              22              18
16100             248               4      0.02421875     0.000390625              22              18
16200             248               4      0.02421875     0.000390625              22              18
16300             248               4      0.02421875     0.000390625              22              18
16400             248               4      0.02421875     0.000390625              22              18
16500             248               4      0.02421875     0.000390625              22              18
16600             248               4      0.02421875     0.000390625              22              18
16700             254               1    0.0248046875    9.765625e-05              22              21
16800             254               1    0.0248046875    9.765625e-05              22              21
16900             256               0           0.025               0              22              22
17000             256               0           0.025               0              22              22
17100             256               0           0.025               0              22              22
17200             256               0           0.025               0              22              22
17300             256               0           0.025               0              22              22
17400             256               0           0.025               0              22              22
17500             256               0           0.025               0              22              22
17600             256               0           0.025               0              22              22
17700             256               0           0.025               0              22              22
17800             256               0           0.025               0              22              22
17900             256               0           0.025               0              22              22
18000             256               0           0.025               0              22              22
18100             256               0           0.025               0              22              22
18200             256               0           0.025               0              22              22
18300             256               0           0.025               0              22              22
18400             256               0           0.025               0              22              22
18500             256               0           0.025               0              22              22
18600             256               0           0.025               0              22              22
18700             256               0           0.025               0              22              22
18800             254               1    0.0248046875    9.765625e-05              23              22
18900             254               1    0.0248046875    9.765625e-05              23              22
19000             254               1    0.0248046875    9.765625e-05              23              22
19100             254               1    0.0248046875    9.765625e-05              23              22
19200             254               1    0.0248046875    9.765625e-05              23              22
19300             254               1    0.0248046875    9.765625e-05              23              22
19400             254               1    0.0248046875    9.765625e-05              23              22
19500             254               1    0.0248046875    9.765625e-05              23              22
19600             252               2     0.024609375    0.0001953125              24              22
19700             252               2     0.024609375    0.0001953125              24              22
19800             252               2     0.024609375    0.0001953125              24              22
19900             252               2     0.024609375    0.0001953125              24              22
20000             252               2     0.024609375    0.0001953125              24              22
20100             252               2     0.024609375    0.0001953125              24              22
20200             252               2     0.024609375    0.0001953125              24              22
20300             252               2     0.024609375    0.0001953125              24              22
20400             252               2     0.024609375    0.0001953125              24              22
20500             250               3    0.0244140625   0.00029296875              25              22
20600             252               2     0.024609375    0.0001953125              25              23
20700             252               2     0.024609375    0.0001953125              25              23
20800             252               2     0.024609375    0.0001953125              25              23
20900             252               2     0.024609375    0.0001953125              25              23
21000             252               2     0.024609375    0.0001953125              25              23
21100             254               1    0.0248046875    9.765625e-05              25              24
21200             254               1    0.0248046875    9.765625e-05              25              24
21300             254               1    0.0248046875    9.765625e-05              25              24
21400             254               1    0.0248046875    9.765625e-05              25              24
21500             254               1    0.0248046875    9.765625e-05              25              24
21600             254               1    0.0248046875    9.765625e-05              25              24
21700             254               1    0.0248046875    9.765625e-05              25              24
21800             254               1    0.0248046875    9.765625e-05              25              24
21900             252               2     0.024609375    0.0001953125              26              24
22000             254               1    0.0248046875    9.765625e-05              26              25
22100             254               1    0.0248046875    9.765625e-05              26              25
22200             254               1    0.0248046875    9.765625e-05              26              25
22300             254               1    0.0248046875    9.765625e-05              26              25
22400             254               1    0.0248046875    9.765625e-05              26              25
22500             254               1    0.0248046875    9.765625e-05              26              25
22600             254               1    0.0248046875    9.765625e-05              26              25
22700             254               1    0.0248046875    9.765625e-05              26              25
22800             254               1    0.0248046875    9.765625e-05              26              25
22900             252               2     0.024609375    0.0001953125              27              25
23000             252               2     0.024609375    0.0001953125              27              25
23100             252               2     0.024609375    0.0001953125              27              25
23200             252               2     0.024609375    0.0001953125              27              25
23300             252               2     0.024609375    0.0001953125              27              25
23400             252               2     0.024609375    0.0001953125              27              25
23500             252               2     0.024609375    0.0001953125              27              25
23600             252               2     0.024609375    0.0001953125              27              25
23700             250               3    0.0244140625   0.00029296875              28              25
23800             248               4      0.02421875     0.000390625              29              25
23900             248               4      0.02421875     0.000390625              29              25
24000             250               3    0.0244140625   0.00029296875              29              26
24100             252               2     0.024609375    0.0001953125              29              27
24200             252               2     0.024609375    0.0001953125              29              27
24300             252               2     0.024609375    0.0001953125              29              27
24400             252               2     0.024609375    0.0001953125              29              27
24500             252               2     0.024609375    0.0001953125              29              27
24600             252               2     0.024609375    0.0001953125              29              27
24700             252               2     0.024609375    0.0001953125              29              27
24800             252               2     0.024609375    0.0001953125              29              27
24900             252               2     0.024609375    0.0001953125              29              27
25000             252               2     0.024609375    0.0001953125              29              27
25100             252               2     0.024609375    0.0001953125              29              27
25200             252               2     0.024609375    0.0001953125              29              27
25300             252               2     0.024609375    0.0001953125              29              27
25400             252               2     0.024609375    0.0001953125              29              27
25500             252               2     0.024609375    0.0001953125              29              27
25600             252               2     0.024609375    0.0001953125              29              27
25700             250               3    0.0244140625   0.00029296875              30              27
25800             250               3    0.0244140625   0.00029296875              30              27
25900             250               3    0.0244140625   0.00029296875              30              27
26000             250               3    0.0244140625   0.00029296875              30              27
26100             250               3    0.0244140625   0.00029296875              30              27
26200             250               3    0.0244140625   0.00029296875              30              27
26300             250               3    0.0244140625   0.00029296875              30              27
26400             250               3    0.0244140625   0.00029296875              30              27
26500             248               4      0.02421875     0.000390625              31              27
26600             248               4      0.02421875     0.000390625              31              27
26700             250               3    0.0244140625   0.00029296875              31              28
26800             252               2     0.024609375    0.0001953125              31              29
26900             252               2     0.024609375    0.0001953125              31              29
27000             252               2     0.024609375    0.0001953125              31              29
27100             250               3    0.0244140625   0.00029296875              32              29
27200             250               3    0.0244140625   0.00029296875              32              29
27300             250               3    0.0244140625   0.00029296875              32              29
27400             250               3    0.0244140625   0.00029296875              32              29
27500             250               3    0.0244140625   0.00029296875              32              29
27600             250               3    0.0244140625   0.00029296875              32              29
27700             250               3    0.0244140625   0.00029296875              32              29
27800             250               3    0.0244140625   0.00029296875              33              30
27900             250               3    0.0244140625   0.00029296875              33              30
28000             250               3    0.0244140625   0.00029296875              33              30
28100             252               2     0.024609375    0.0001953125              33              31
28200             252               2     0.024609375    0.0001953125              33              31
28300             252               2     0.024609375    0.0001953125              33              31
28400             252               2     0.024609375    0.0001953125              33              31
28500             252               2     0.024609375    0.0001953125              33              31
28600             252               2     0.024609375    0.0001953125              33              31
28700             252               2     0.024609375    0.0001953125              33              31
28800             252               2     0.024609375    0.0001953125              33              31
28900             252               2     0.024609375    0.0001953125              33              31
29000             252               2     0.024609375    0.0001953125              33              31
29100             252               2     0.024609375    0.0001953125              33              31
29200             252               2     0.024609375    0.0001953125              33              31
29300             252               2     0.024609375    0.0001953125              33              31
29400             252               2     0.024609375    0.0001953125              33              31
29500             252               2     0.024609375    0.0001953125              33              31
29600             252               2     0.024609375    0.0001953125              33              31
29700             252               2     0.024609375    0.0001953125              33              31
29800             252               2     0.024609375    0.0001953125              33              31
29900             252               2     0.024609375    0.0001953125              33              31
30000             252               2     0.024609375    0.0001953125              33              31
30100             252               2     0.024609375    0.0001953125              33              31
30200             250               3    0.0244140625   0.00029296875              34              31
30300             248               4      0.02421875     0.000390625              35              31
30400             250               3    0.0244140625   0.00029296875              35              32
30500             248               4      0.02421875     0.000390625              36              32
30600             248               4      0.02421875     0.000390625              36              32
30700             248               4      0.02421875     0.000390625              36              32
30800             248               4      0.02421875     0.000390625              36              32
30900             248               4      0.02421875     0.000390625              36              32
31000             248               4      0.02421875     0.000390625              36              32
31100             250               3    0.0244140625   0.00029296875              36              33
31200             250               3    0.0244140625   0.00029296875              36              33
31300             250               3    0.0244140625   0.00029296875              36              33
31400             248               4      0.02421875     0.000390625              37              33
31500             248               4      0.02421875     0.000390625              37              33
31600             252               2     0.024609375    0.0001953125              37              35
31700             252               2     0.024609375    0.0001953125              37              35
31800             252               2     0.024609375    0.0001953125              37              35
31900             250               3    0.0244140625   0.00029296875              38              35
32000             248               4      0.02421875     0.000390625              39              35
32100             248               4      0.02421875     0.000390625              39              35
32200             244               6     0.023828125    0.0005859375              41              35
32300             244               6     0.023828125    0.0005859375              41              35
32400             244               6     0.023828125    0.0005859375              41              35
32500             244               6     0.023828125    0.0005859375              41              35
32600             244               6     0.023828125    0.0005859375              41              35
32700             244               6     0.023828125    0.0005859375              41              35
32800             244               6     0.023828125    0.0005859375              41              35
32900             244               6     0.023828125    0.0005859375              41              35
33000             244               6     0.023828125    0.0005859375              41              35
33100             246               5    0.0240234375   0.00048828125              41              36
33200             244               6     0.023828125    0.0005859375              42              36
33300             244               6     0.023828125    0.0005859375              42              36
33400             244               6     0.023828125    0.0005859375              42              36
33500             244               6     0.023828125    0.0005859375              42              36
33600             246               5    0.0240234375   0.00048828125              42              37
33700             246               5    0.0240234375   0.00048828125              42              37
33800             244               6     0.023828125    0.0005859375              43              37
33900             244               6     0.023828125    0.0005859375              43              37
34000             246               5    0.0240234375   0.00048828125              43              38
34100             248               4      0.02421875     0.000390625              43              39
34200             248               4      0.02421875     0.000390625              43              39
34300             248               4      0.02421875     0.000390625              43              39
34400             248               4      0.02421875     0.000390625              43              39
34500             248               4      0.02421875     0.000390625              43              39
34600             248               4      0.02421875     0.000390625              43              39
34700             250               3    0.0244140625   0.00029296875              43              40
34800             252               2     0.024609375    0.0001953125              43              41
34900             254               1    0.0248046875    9.765625e-05              43              42
35000             254               1    0.0248046875    9.765625e-05              43              42
35100             254               1    0.0248046875    9.765625e-05              43              42
35200             254               1    0.0248046875    9.765625e-05              43              42
35300             252               2     0.024609375    0.0001953125              44              42
35400             252               2     0.024609375    0.0001953125              44              42
35500             254               1    0.0248046875    9.765625e-05              44              43
35600             254               1    0.0248046875    9.765625e-05              44              43
35700             254               1    0.0248046875    9.765625e-05              44              43
35800             254               1    0.0248046875    9.765625e-05              44              43
35900             254               1    0.0248046875    9.765625e-05              44              43
36000             254               1    0.0248046875    9.765625e-05              44              43
36100             254               1    0.0248046875    9.765625e-05              44              43
36200             254               1    0.0248046875    9.765625e-05              44              43
36300             254               1    0.0248046875    9.765625e-05              44              43
36400             256               0           0.025               0              44              44
36500             254               1    0.0248046875    9.765625e-05              45              44
36600             254               1    0.0248046875    9.765625e-05              45              44
36700             252               2     0.024609375    0.0001953125              46              44
36800             252               2     0.024609375    0.0001953125              46              44
36900             252               2     0.024609375    0.0001953125              46              44
37000             252               2     0.024609375    0.0001953125              46              44
37100             252               2     0.024609375    0.0001953125              47              45
37200             252               2     0.024609375    0.0001953125              47              45
37300             252               2     0.024609375    0.0001953125              47              45
37400             252               2     0.024609375    0.0001953125              47              45
37500             252               2     0.024609375    0.0001953125              47              45
37600             252               2     0.024609375    0.0001953125              47              45
37700             252               2     0.024609375    0.0001953125              47              45
37800             252               2     0.024609375    0.0001953125              47              45
37900             254               1    0.0248046875    9.765625e-05              47              46
38000             256               0           0.025               0              47              47
38100             254               1    0.0248046875    9.765625e-05              48              47
38200             254               1    0.0248046875    9.765625e-05              48              47
38300             254               1    0.0248046875    9.765625e-05              48              47
38400             254               1    0.0248046875    9.765625e-05              48              47
38500             254               1    0.0248046875    9.765625e-05              48              47
38600             254               1    0.0248046875    9.765625e-05              48              47
38700             254               1    0.0248046875    9.765625e-05              48              47
38800             254               1    0.0248046875    9.765625e-05              48              47
38900             254               1    0.0248046875    9.765625e-05              48              47
39000             254               1    0.0248046875    9.765625e-05              48              47
39100             254               1    0.0248046875    9.765625e-05              48              47
39200             254               1    0.0248046875    9.765625e-05              48              47
39300             256               0           0.025               0              48              48
39400             256               0           0.025               0              48              48
39500             256               0           0.025               0              48              48
39600             256               0           0.025               0              48              48
39700             256               0           0.025               0              48              48
39800             256               0           0.025               0              48              48
39900             254               1    0.0248046875    9.765625e-05              49              48
40000             254               1    0.0248046875    9.765625e-05              49              48
40100             254               1    0.0248046875    9.765625e-05              49              48
40200             254               1    0.0248046875    9.765625e-05              49              48
40300             254               1    0.0248046875    9.765625e-05              49              48
40400             254               1    0.0248046875    9.765625e-05              49              48
40500             254               1    0.0248046875    9.765625e-05              49              48
40600             254               1    0.0248046875    9.765625e-05              49              48
40700             254               1    0.0248046875    9.765625e-05              49              48
40800             254               1    0.0248046875    9.765625e-05              49              48
40900             254               1    0.0248046875    9.765625e-05              49              48
41000             254               1    0.0248046875    9.765625e-05              49              48
41100             254               1    0.0248046875    9.765625e-05              49              48
41200             252               2     0.024609375    0.0001953125              50              48
41300             252               2     0.024609375    0.0001953125              50              48
41400             252               2     0.024609375    0.0001953125              50              48
41500             252               2     0.024609375    0.0001953125              50              48
41600             250               3    0.0244140625   0.00029296875              51              48
41700             250               3    0.0244140625   0.00029296875              51              48
41800             250               3    0.0244140625   0.00029296875              51              48
41900             250               3    0.0244140625   0.00029296875              51              48
42000             250               3    0.0244140625   0.00029296875              51              48
42100             250               3    0.0244140625   0.00029296875              51              48
42200             250               3    0.0244140625   0.00029296875              51              48
42300             252               2     0.024609375    0.0001953125              51              49
42400             252               2     0.024609375    0.0001953125              51              49
42500             250               3    0.0244140625   0.00029296875              52              49
42600             250               3    0.0244140625   0.00029296875              52              49
42700             248               4      0.02421875     0.000390625              53              49
42800             246               5    0.0240234375   0.00048828125              54              49
42900             244               6     0.023828125    0.0005859375              55              49
43000             244               6     0.023828125    0.0005859375              55              49
43100             244               6     0.023828125    0.0005859375              55              49
43200             244               6     0.023828125    0.0005859375              55              49
43300             244               6     0.023828125    0.0005859375              55              49
43400             246               5    0.0240234375   0.00048828125              55              50
43500             248               4      0.02421875     0.000390625              55              51
43600             248               4      0.02421875     0.000390625              55              51
43700             248               4      0.02421875     0.000390625              55              51
43800             248               4      0.02421875     0.000390625              55              51
43900             248               4      0.02421875     0.000390625              55              51
44000             248               4      0.02421875     0.000390625              55              51
44100             250               3    0.0244140625   0.00029296875              55              52
44200             250               3    0.0244140625   0.00029296875              55              52
44300             250               3    0.0244140625   0.00029296875              55              52
44400             250               3    0.0244140625   0.00029296875              55              52
44500             250               3    0.0244140625   0.00029296875              55              52
44600             252               2     0.024609375    0.0001953125              55              53
44700             252               2     0.024609375    0.0001953125              55              53
44800             252               2     0.024609375    0.0001953125              55              53
44900             252               2     0.024609375    0.0001953125              55              53
45000             252               2     0.024609375    0.0001953125              55              53
45100             252               2     0.024609375    0.0001953125              55              53
45200             252               2     0.024609375    0.0001953125              55              53
45300             252               2     0.024609375    0.0001953125              55              53
45400             252               2     0.024609375    0.0001953125              55              53
45500             252               2     0.024609375    0.0001953125              55              53
45600             252               2     0.024609375    0.0001953125              55              53
45700             252               2     0.024609375    0.0001953125              55              53
45800             252               2     0.024609375    0.0001953125              55              53
45900             252               2     0.024609375    0.0001953125              55              53
46000             252               2     0.024609375    0.0001953125              55              53
46100             252               2     0.024609375    0.0001953125              55              53
46200             252               2     0.024609375    0.0001953125              55              53
46300             254               1    0.0248046875    9.765625e-05              55              54
46400             254               1    0.0248046875    9.765625e-05              55              54
46500             252               2     0.024609375    0.0001953125              56              54
46600             248               4      0.02421875     0.000390625              58              54
46700             248               4      0.02421875     0.000390625              58              54
46800             248               4      0.02421875     0.000390625              58              54
46900             248               4      0.02421875     0.000390625              58              54
47000             248               4      0.02421875     0.000390625              58              54
47100             250               3    0.0244140625   0.00029296875              58              55
47200             252               2     0.024609375    0.0001953125              58              56
47300             254               1    0.0248046875    9.765625e-05              58              57
47400             254               1    0.0248046875    9.765625e-05              58              57
47500             254               1    0.0248046875    9.765625e-05              58              57
47600             254               1    0.0248046875    9.765625e-05              58              57
47700             252               2     0.024609375    0.0001953125              59              57
47800             252               2     0.024609375    0.0001953125              59              57
47900             252               2     0.024609375    0.0001953125              59              57
48000             252               2     0.024609375    0.0001953125              59              57
48100             252               2     0.024609375    0.0001953125              59              57
48200             252               2     0.024609375    0.0001953125              59              57
48300             252               2     0.024609375    0.0001953125              59              57
48400             252               2     0.024609375    0.0001953125              59              57
48500             250               3    0.0244140625   0.00029296875              60              57
48600             248               4      0.02421875     0.000390625              61              57
48700             248               4      0.02421875     0.000390625              61              57
48800             248               4      0.02421875     0.000390625              61              57
48900             248               4      0.02421875     0.000390625              61              57
49000             248               4      0.02421875     0.000390625              61              57
49100             246               5    0.0240234375   0.00048828125              62              57
49200             248               4      0.02421875     0.000390625              62              58
49300             246               5    0.0240234375   0.00048828125              63              58
49400             246               5    0.0240234375   0.00048828125              63              58
49500             246               5    0.0240234375   0.00048828125              63              58
49600             246               5    0.0240234375   0.00048828125              63              58
49700             246               5    0.0240234375   0.00048828125              63              58
49800             244               6     0.023828125    0.0005859375              64              58
49900             244               6     0.023828125    0.0005859375              64              58
50000             244               6     0.023828125    0.0005859375              64              58
50100             244               6     0.023828125    0.0005859375              65              59
50200             242               7    0.0236328125   0.00068359375              66              59
50300             242               7    0.0236328125   0.00068359375              66              59
50400             242               7    0.0236328125   0.00068359375              66              59
50500             244               6     0.023828125    0.0005859375              66              60
50600             244               6     0.023828125    0.0005859375              66              60
50700             246               5    0.0240234375   0.00048828125              66              61
50800             248               4      0.02421875     0.000390625              66              62
50900             250               3    0.0244140625   0.00029296875              66              63
51000             250               3    0.0244140625   0.00029296875              66              63
51100             250               3    0.0244140625   0.00029296875              66              63
51200             250               3    0.0244140625   0.00029296875              66              63
51300             250               3    0.0244140625   0.00029296875              66              63
51400             250               3    0.0244140625   0.00029296875              66              63
51500             252               2     0.024609375    0.0001953125              66              64
51600             252               2     0.024609375    0.0001953125              66              64
51700             254               1    0.0248046875    9.765625e-05              66              65
51800             254               1    0.0248046875    9.765625e-05              66              65
51900             254               1    0.0248046875    9.765625e-05              66              65
52000             252               2     0.024609375    0.0001953125              67              65
52100             252               2     0.024609375    0.0001953125              67              65
52200             252               2     0.024609375    0.0001953125              67              65
52300             252               2     0.024609375    0.0001953125              67              65
52400             250               3    0.0244140625   0.00029296875              68              65
52500             250               3    0.0244140625   0.00029296875              68              65
52600             250               3    0.0244140625   0.00029296875              68              65
52700             250               3    0.0244140625   0.00029296875              68              65
52800             250               3    0.0244140625   0.00029296875              68              65
52900             250               3    0.0244140625   0.00029296875              68              65
53000             250               3    0.0244140625   0.00029296875              68              65
53100             254               1    0.0248046875    9.765625e-05              68              67
53200             252               2     0.024609375    0.0001953125              69              67
53300             252               2     0.024609375    0.0001953125              69              67
53400             252               2     0.024609375    0.0001953125              69              67
53500             252               2     0.024609375    0.0001953125              69              67
53600             252               2     0.024609375    0.0001953125              69              67
53700             252               2     0.024609375    0.0001953125              69              67
53800             254               1    0.0248046875    9.765625e-05              69              68
53900             254               1    0.0248046875    9.765625e-05              69              68
54000             254               1    0.0248046875    9.765625e-05              69              68
54100             254               1    0.0248046875    9.765625e-05              69              68
54200             252               2     0.024609375    0.0001953125              70              68
54300             252               2     0.024609375    0.0001953125              70              68
54400             252               2     0.024609375    0.0001953125              70              68
54500             252               2     0.024609375    0.0001953125              70              68
54600             252               2     0.024609375    0.0001953125              70              68
54700             252               2     0.024609375    0.0001953125              70              68
54800             252               2     0.024609375    0.0001953125              70              68
54900             252               2     0.024609375    0.0001953125              70              68
55000             252               2     0.024609375    0.0001953125              70              68
55100             252               2     0.024609375    0.0001953125              70              68
55200             252               2     0.024609375    0.0001953125              70              68
55300             252               2     0.024609375    0.0001953125              70              68
55400             252               2     0.024609375    0.0001953125              70              68
55500             252               2     0.024609375    0.0001953125              70              68
55600             254               1    0.0248046875    9.765625e-05              70              69
55700             254               1    0.0248046875    9.765625e-05              70              69
55800             254               1    0.0248046875    9.765625e-05              70              69
55900             254               1    0.0248046875    9.765625e-05              70              69
56000             254               1    0.0248046875    9.765625e-05              70              69
56100             254               1    0.0248046875    9.765625e-05              70              69
56200             256               0           0.025               0              70              70
56300             256               0           0.025               0              70              70
56400             256               0           0.025               0              70              70
56500             256               0           0.025               0              70              70
56600             256               0           0.025               0              70              70
56700             256               0           0.025               0              70              70
56800             256               0           0.025               0              70              70
56900             256               0           0.025               0              70              70
57000             254               1    0.0248046875    9.765625e-05              71              70
57100             254               1    0.0248046875    9.765625e-05              71              70
57200             254               1    0.0248046875    9.765625e-05              71              70
57300             254               1    0.0248046875    9.765625e-05              71              70
57400             254               1    0.0248046875    9.765625e-05              71              70
57500             254               1    0.0248046875    9.765625e-05              71              70
57600             254               1    0.0248046875    9.765625e-05              71              70
57700             254               1    0.0248046875    9.765625e-05              71              70
57800             254               1    0.0248046875    9.765625e-05              71              70
57900             254               1    0.0248046875    9.765625e-05              71              70
58000             254               1    0.0248046875    9.765625e-05              71              70
58100             254               1    0.0248046875    9.765625e-05              71              70
58200             254               1    0.0248046875    9.765625e-05              71              70
58300             254               1    0.0248046875    9.765625e-05              71              70
58400             254               1    0.0248046875    9.765625e-05              71              70
58500             254               1    0.0248046875    9.765625e-05              71              70
58600             252               2     0.024609375    0.0001953125              72              70
58700             250               3    0.0244140625   0.00029296875              73              70
58800             248               4      0.02421875     0.000390625              74              70
58900             248               4      0.02421875     0.000390625              74              70
59000             248               4      0.02421875     0.000390625              74              70
59100             250               3    0.0244140625   0.00029296875              74              71
59200             250               3    0.0244140625   0.00029296875              74              71
59300             250               3    0.0244140625   0.00029296875              74              71
59400             248               4      0.02421875     0.000390625              75              71
59500             248               4      0.02421875     0.000390625              75              71
59600             248               4      0.02421875     0.000390625              75              71
59700             248               4      0.02421875     0.000390625              75              71
59800             248               4      0.02421875     0.000390625              75              71
59900             246               5    0.0240234375   0.00048828125              76              71
60000             246               5    0.0240234375   0.00048828125              76              71
60100             246               5    0.0240234375   0.00048828125              76              71
60200             246               5    0.0240234375   0.00048828125              76              71
60300             244               6     0.023828125    0.0005859375              77              71
60400             244               6     0.023828125    0.0005859375              77              71
60500             244               6     0.023828125    0.0005859375              77              71
60600             244               6     0.023828125    0.0005859375              77              71
60700             244               6     0.023828125    0.0005859375              77              71
60800             244               6     0.023828125    0.0005859375              77              71
60900             244               6     0.023828125    0.0005859375              77              71
61000             244               6     0.023828125    0.0005859375              77              71
61100             244               6     0.023828125    0.0005859375              78              72
61200             246               5    0.0240234375   0.00048828125              78              73
61300             246               5    0.0240234375   0.00048828125              79              74
61400             246               5    0.0240234375   0.00048828125              79              74
61500             246               5    0.0240234375   0.00048828125              79              74
61600             246               5    0.0240234375   0.00048828125              79              74
61700             246               5    0.0240234375   0.00048828125              79              74
61800             246               5    0.0240234375   0.00048828125              79              74
61900             250               3    0.0244140625   0.00029296875              79              76
62000             250               3    0.0244140625   0.00029296875              80              77
62100             250               3    0.0244140625   0.00029296875              80              77
62200             250               3    0.0244140625   0.00029296875              80              77
62300             250               3    0.0244140625   0.00029296875              80              77
62400             250               3    0.0244140625   0.00029296875              80              77
62500             252               2     0.024609375    0.0001953125              80              78
62600             250               3    0.0244140625   0.00029296875              81              78
62700             250               3    0.0244140625   0.00029296875              81              78
62800             250               3    0.0244140625   0.00029296875              81              78
62900             248               4      0.02421875     0.000390625              82              78
63000             246               5    0.0240234375   0.00048828125              83              78
63100             246               5    0.0240234375   0.00048828125              84              79
63200             248               4      0.02421875     0.000390625              84              80
63300             248               4      0.02421875     0.000390625              84              80
63400             250               3    0.0244140625   0.00029296875              84              81
63500             252               2     0.024609375    0.0001953125              84              82
63600             252               2     0.024609375    0.0001953125              84              82
63700             252               2     0.024609375    0.0001953125              84              82
63800             252               2     0.024609375    0.0001953125              84              82
63900             252               2     0.024609375    0.0001953125              84              82
64000             252               2     0.024609375    0.0001953125              84              82
64100             252               2     0.024609375    0.0001953125              84              82
64200             252               2     0.024609375    0.0001953125              84              82
64300             252               2     0.024609375    0.0001953125              84              82
64400             252               2     0.024609375    0.0001953125              84              82
64500             252               2     0.024609375    0.0001953125              84              82
64600             254               1    0.0248046875    9.765625e-05              84              83
64700             254               1    0.0248046875    9.765625e-05              84              83
64800             256               0           0.025               0              84              84
64900             256               0           0.025               0              84              84
65000             254               1    0.0248046875    9.765625e-05              85              84
65100             254               1    0.0248046875    9.765625e-05              85              84
65200             254               1    0.0248046875    9.765625e-05              85              84
65300             252               2     0.024609375    0.0001953125              86              84
65400             252               2     0.024609375    0.0001953125              86              84
65500             252               2     0.024609375    0.0001953125              86              84
65600             250               3    0.0244140625   0.00029296875              87              84
65700             250               3    0.0244140625   0.00029296875              87              84
65800             250               3    0.0244140625   0.00029296875              87              84
65900             250               3    0.0244140625   0.00029296875              87              84
66000             250               3    0.0244140625   0.00029296875              87              84
66100             248               4      0.02421875     0.000390625              88              84
66200             248               4      0.02421875     0.000390625              88              84
66300             250               3    0.0244140625   0.00029296875              88              85
66400             250               3    0.0244140625   0.00029296875              88              85
66500             250               3    0.0244140625   0.00029296875              88              85
66600             248               4      0.02421875     0.000390625              89              85
66700             246               5    0.0240234375   0.00048828125              90              85
66800             246               5    0.0240234375   0.00048828125              90              85
66900             248               4      0.02421875     0.000390625              90              86
67000             248               4      0.02421875     0.000390625              90              86
67100             248               4      0.02421875     0.000390625              90              86
67200             248               4      0.02421875     0.000390625              90              86
67300             246               5    0.0240234375   0.00048828125              91              86
67400             244               6     0.023828125    0.0005859375              92              86
67500             244               6     0.023828125    0.0005859375              92              86
67600             244               6     0.023828125    0.0005859375              92              86
67700             246               5    0.0240234375   0.00048828125              92              87
67800             246               5    0.0240234375   0.00048828125              92              87
67900             246               5    0.0240234375   0.00048828125              92              87
68000             246               5    0.0240234375   0.00048828125              92              87
68100             246               5    0.0240234375   0.00048828125              92              87
68200             246               5    0.0240234375   0.00048828125              92              87
68300             246               5    0.0240234375   0.00048828125              92              87
68400             246               5    0.0240234375   0.00048828125              92              87
68500             246               5    0.0240234375   0.00048828125              92              87
68600             246               5    0.0240234375   0.00048828125              92              87
68700             246               5    0.0240234375   0.00048828125              92              87
68800             248               4      0.02421875     0.000390625              92              88
68900             248               4      0.02421875     0.000390625              92              88
69000             250               3    0.0244140625   0.00029296875              92              89
69100             252               2     0.024609375    0.0001953125              92              90
69200             252               2     0.024609375    0.0001953125              92              90
69300             250               3    0.0244140625   0.00029296875              93              90
69400             250               3    0.0244140625   0.00029296875              93              90
69500             250               3    0.0244140625   0.00029296875              93              90
69600             252               2     0.024609375    0.0001953125              93              91
69700             252               2     0.024609375    0.0001953125              93              91
69800             252               2     0.024609375    0.0001953125              93              91
69900             250               3    0.0244140625   0.00029296875              94              91
70000             252               2     0.024609375    0.0001953125              94              92
70100             252               2     0.024609375    0.0001953125              94              92
70200             252               2     0.024609375    0.0001953125              94              92
70300             252               2     0.024609375    0.0001953125              94              92
70400             252               2     0.024609375    0.0001953125              94              92
70500             252               2     0.024609375    0.0001953125              94              92
70600             250               3    0.0244140625   0.00029296875              95              92
70700             250               3    0.0244140625   0.00029296875              95              92
70800             250               3    0.0244140625   0.00029296875              95              92
70900             252               2     0.024609375    0.0001953125              95              93
71000             252               2     0.024609375    0.0001953125              95              93
71100             252               2     0.024609375    0.0001953125              95              93
71200             252               2     0.024609375    0.0001953125              95              93
71300             252               2     0.024609375    0.0001953125              95              93
71400             252               2     0.024609375    0.0001953125              95              93
71500             252               2     0.024609375    0.0001953125              95              93
71600             252               2     0.024609375    0.0001953125              95              93
71700             252               2     0.024609375    0.0001953125              95              93
71800             252               2     0.024609375    0.0001953125              95              93
71900             252               2     0.024609375    0.0001953125              95              93
72000             252               2     0.024609375    0.0001953125              95              93
72100             252               2     0.024609375    0.0001953125              95              93
72200             254               1    0.0248046875    9.765625e-05              95              94
72300             254               1    0.0248046875    9.765625e-05              95              94
72400             254               1    0.0248046875    9.765625e-05              95              94
72500             254               1    0.0248046875    9.765625e-05              95              94
72600             254               1    0.0248046875    9.765625e-05              95              94
72700             254               1    0.0248046875    9.765625e-05              95              94
72800             254               1    0.0248046875    9.765625e-05              95              94
72900             256               0           0.025               0              95              95
73000             256               0           0.025               0              95              95
73100             256               0           0.025               0              95              95
73200             256               0           0.025               0              95              95
73300             256               0           0.025               0              95              95
73400             256               0           0.025               0              95              95
73500             256               0           0.025               0              95              95
73600             256               0           0.025               0              95              95
73700             254               1    0.0248046875    9.765625e-05              96              95
73800             254               1    0.0248046875    9.765625e-05              96              95
73900             254               1    0.0248046875    9.765625e-05              96              95
74000             254               1    0.0248046875    9.765625e-05              96              95
74100             254               1    0.0248046875    9.765625e-05              96              95
74200             254               1    0.0248046875    9.765625e-05              96              95
74300             254               1    0.0248046875    9.765625e-05              96              95
74400             254               1    0.0248046875    9.765625e-05              96              95
74500             252               2     0.024609375    0.0001953125              97              95
74600             252               2     0.024609375    0.0001953125              97              95
74700             250               3    0.0244140625   0.00029296875              98              95
74800             250               3    0.0244140625   0.00029296875              98              95
74900             250               3    0.0244140625   0.00029296875              98              95
75000             250               3    0.0244140625   0.00029296875              98              95
75100             250               3    0.0244140625   0.00029296875              98              95
75200             248               4      0.02421875     0.000390625              99              95
75300             246               5    0.0240234375   0.00048828125             100              95
75400             246               5    0.0240234375   0.00048828125             100              95
75500             246               5    0.0240234375   0.00048828125             101              96
75600             248               4      0.02421875     0.000390625             101              97
75700             248               4      0.02421875     0.000390625             101              97
75800             250               3    0.0244140625   0.00029296875             101              98
75900             250               3    0.0244140625   0.00029296875             101              98
76000             250               3    0.0244140625   0.00029296875             101              98
76100             250               3    0.0244140625   0.00029296875             101              98
76200             250               3    0.0244140625   0.00029296875             101              98
76300             252               2     0.024609375    0.0001953125             101              99
76400             250               3    0.0244140625   0.00029296875             102              99
76500             250               3    0.0244140625   0.00029296875             102              99
76600             250               3    0.0244140625   0.00029296875             102              99
76700             250               3    0.0244140625   0.00029296875             102              99
76800             250               3    0.0244140625   0.00029296875             102              99
76900             250               3    0.0244140625   0.00029296875             102              99
77000             252               2     0.024609375    0.0001953125             102             100
77100             252               2     0.024609375    0.0001953125             102             100
77200             254               1    0.0248046875    9.765625e-05             102             101
77300             252               2     0.024609375    0.0001953125             103             101
77400             252               2     0.024609375    0.0001953125             103             101
77500             252               2     0.024609375    0.0001953125             103             101
77600             254               1    0.0248046875    9.765625e-05             103             102
77700             254               1    0.0248046875    9.765625e-05             103             102
77800             254               1    0.0248046875    9.765625e-05             103             102
77900             254               1    0.0248046875    9.765625e-05             103             102
78000             256               0           0.025               0             103             103
78100             256               0           0.025               0             103             103
78200             256               0           0.025               0             103             103
78300             254               1    0.0248046875    9.765625e-05             104             103
78400             254               1    0.0248046875    9.765625e-05             104             103
78500             254               1    0.0248046875    9.765625e-05             104             103
78600             254               1    0.0248046875    9.765625e-05             104             103
78700             254               1    0.0248046875    9.765625e-05             104             103
78800             254               1    0.0248046875    9.765625e-05             104             103
78900             254               1    0.0248046875    9.765625e-05             104             103
79000             254               1    0.0248046875    9.765625e-05             104             103
79100             254               1    0.0248046875    9.765625e-05             104             103
79200             254               1    0.0248046875    9.765625e-05             104             103
79300             254               1    0.0248046875    9.765625e-05             104             103
79400             254               1    0.0248046875    9.765625e-05             104             103
79500             254               1    0.0248046875    9.765625e-05             104             103
79600             254               1    0.0248046875    9.765625e-05             104             103
79700             254               1    0.0248046875    9.765625e-05             104             103
79800             254               1    0.0248046875    9.765625e-05             104             103
79900             254               1    0.0248046875    9.765625e-05             104             103
80000             254               1    0.0248046875    9.765625e-05             104             103
80100             254               1    0.0248046875    9.765625e-05             104             103
80200             254               1    0.0248046875    9.765625e-05             104             103
80300             254               1    0.0248046875    9.765625e-05             104             103
80400             252               2     0.024609375    0.0001953125             105             103
80500             252               2     0.024609375    0.0001953125             105             103
80600             252               2     0.024609375    0.0001953125             105             103
80700             252               2     0.024609375    0.0001953125             105             103
80800             252               2     0.024609375    0.0001953125             105             103
80900             252               2     0.024609375    0.0001953125             105             103
81000             252               2     0.024609375    0.0001953125             105             103
81100             252               2     0.024609375    0.0001953125             105             103
81200             252               2     0.024609375    0.0001953125             105             103
81300             252               2     0.024609375    0.0001953125             105             103
81400             254               1    0.0248046875    9.765625e-05             105             104
81500             252               2     0.024609375    0.0001953125             106             104
81600             252               2     0.024609375    0.0001953125             106             104
81700             254               1    0.0248046875    9.765625e-05             106             105
81800             254               1    0.0248046875    9.765625e-05             106             105
81900             254               1    0.0248046875    9.765625e-05             106             105
82000             254               1    0.0248046875    9.765625e-05             106             105
82100             254               1    0.0248046875    9.765625e-05             106             105
82200             254               1    0.0248046875    9.765625e-05             106             105
82300             254               1    0.0248046875    9.765625e-05             106             105
82400             254               1    0.0248046875    9.765625e-05             106             105
82500             254               1    0.0248046875    9.765625e-05             106             105
82600             254               1    0.0248046875    9.765625e-05             106             105
82700             254               1    0.0248046875    9.765625e-05             106             105
82800             254               1    0.0248046875    9.765625e-05             106             105
82900             254               1    0.0248046875    9.765625e-05             106             105
83000             252               2     0.024609375    0.0001953125             107             105
83100             252               2     0.024609375    0.0001953125             107             105
83200             252               2     0.024609375    0.0001953125             107             105
83300             254               1    0.0248046875    9.765625e-05             107             106
83400             254               1    0.0248046875    9.765625e-05             107             106
83500             254               1    0.0248046875    9.765625e-05             107             106
83600             254               1    0.0248046875    9.765625e-05             107             106
83700             254               1    0.0248046875    9.765625e-05             107             106
83800             254               1    0.0248046875    9.765625e-05             107             106
83900             254               1    0.0248046875    9.765625e-05             107             106
84000             252               2     0.024609375    0.0001953125             108             106
84100             252               2     0.024609375    0.0001953125             108             106
84200             252               2     0.024609375    0.0001953125             108             106
84300             252               2     0.024609375    0.0001953125             108             106
84400             252               2     0.024609375    0.0001953125             108             106
84500             252               2     0.024609375    0.0001953125             108             106
84600             252               2     0.024609375    0.0001953125             108             106
84700             250               3    0.0244140625   0.00029296875             109             106
84800             250               3    0.0244140625   0.00029296875             109             106
84900             248               4      0.02421875     0.000390625             110             106
85000             248               4      0.02421875     0.000390625             110             106
85100             248               4      0.02421875     0.000390625             110             106
85200             246               5    0.0240234375   0.00048828125             111             106
85300             246               5    0.0240234375   0.00048828125             111             106
85400             246               5    0.0240234375   0.00048828125             111             106
85500             246               5    0.0240234375   0.00048828125             112             107
85600             246               5    0.0240234375   0.00048828125             112             107
85700             248               4      0.02421875     0.000390625             112             108
85800             248               4      0.02421875     0.000390625             112             108
85900             248               4      0.02421875     0.000390625             112             108
86000             248               4      0.02421875     0.000390625             112             108
86100             248               4      0.02421875     0.000390625             112             108
86200             248               4      0.02421875     0.000390625             112             108
86300             250               3    0.0244140625   0.00029296875             112             109
86400             250               3    0.0244140625   0.00029296875             112             109
86500             250               3    0.0244140625   0.00029296875             112             109
86600             250               3    0.0244140625   0.00029296875             112             109
86700             250               3    0.0244140625   0.00029296875             112             109
86800             250               3    0.0244140625   0.00029296875             112             109
86900             250               3    0.0244140625   0.00029296875             112             109
87000             250               3    0.0244140625   0.00029296875             112             109
87100             250               3    0.0244140625   0.00029296875             112             109
87200             250               3    0.0244140625   0.00029296875             112             109
87300             252               2     0.024609375    0.0001953125             112             110
87400             250               3    0.0244140625   0.00029296875             113             110
87500             250               3    0.0244140625   0.00029296875             113             110
87600             250               3    0.0244140625   0.00029296875             113             110
87700             250               3    0.0244140625   0.00029296875             113             110
87800             250               3    0.0244140625   0.00029296875             113             110
87900             250               3    0.0244140625   0.00029296875             113             110
88000             250               3    0.0244140625   0.00029296875             113             110
88100             252               2     0.024609375    0.0001953125             113             111
88200             252               2     0.024609375    0.0001953125             113             111
88300             252               2     0.024609375    0.0001953125             113             111
88400             252               2     0.024609375    0.0001953125             113             111
88500             252               2     0.024609375    0.0001953125             113             111
88600             252               2     0.024609375    0.0001953125             113             111
88700             254               1    0.0248046875    9.765625e-05             113             112
88800             254               1    0.0248046875    9.765625e-05             113             112
88900             254               1    0.0248046875    9.765625e-05             113             112
89000             254               1    0.0248046875    9.765625e-05             113             112
89100             254               1    0.0248046875    9.765625e-05             113             112
89200             254               1    0.0248046875    9.765625e-05             113             112
89300             252               2     0.024609375    0.0001953125             114             112
89400             252               2     0.024609375    0.0001953125             114             112
89500             254               1    0.0248046875    9.765625e-05             114             113
89600             254               1    0.0248046875    9.765625e-05             114             113
89700             256               0           0.025               0             114             114
89800             256               0           0.025               0             114             114
89900             256               0           0.025               0             114             114
90000             256               0           0.025               0             114             114
90100             256               0           0.025               0             114             114
90200             256               0           0.025               0             114             114
90300             256               0           0.025               0             114             114
90400             256               0           0.025               0             114             114
90500             256               0           0.025               0             114             114
90600             256               0           0.025               0             114             114
90700             256               0           0.025               0             114             114
90800             256               0           0.025               0             114             114
90900             256               0           0.025               0             114             114
91000             256               0           0.025               0             114             114
91100             256               0           0.025               0             114             114
91200             254               1    0.0248046875    9.765625e-05             115             114
91300             254               1    0.0248046875    9.765625e-05             115             114
91400             254               1    0.0248046875    9.765625e-05             115             114
91500             254               1    0.0248046875    9.765625e-05             115             114
91600             254               1    0.0248046875    9.765625e-05             115             114
91700             252               2     0.024609375    0.0001953125             116             114
91800             252               2     0.024609375    0.0001953125             116             114
91900             250               3    0.0244140625   0.00029296875             117             114
92000             252               2     0.024609375    0.0001953125             117             115
92100             252               2     0.024609375    0.0001953125             117             115
92200             252               2     0.024609375    0.0001953125             117             115
92300             252               2     0.024609375    0.0001953125             117             115
92400             254               1    0.0248046875    9.765625e-05             117             116
92500             254               1    0.0248046875    9.765625e-05             117             116
92600             254               1    0.0248046875    9.765625e-05             117             116
92700             254               1    0.0248046875    9.765625e-05             117             116
92800             254               1    0.0248046875    9.765625e-05             117             116
92900             254               1    0.0248046875    9.765625e-05             117             116
93000             254               1    0.0248046875    9.765625e-05             117             116
93100             254               1    0.0248046875    9.765625e-05             117             116
93200             252               2     0.024609375    0.0001953125             118             116
93300             252               2     0.024609375    0.0001953125             118             116
93400             252               2     0.024609375    0.0001953125             118             116
93500             252               2     0.024609375    0.0001953125             119             117
93600             252               2     0.024609375    0.0001953125             119             117
93700             252               2     0.024609375    0.0001953125             119             117
93800             252               2     0.024609375    0.0001953125             119             117
93900             252               2     0.024609375    0.0001953125             119             117
94000             252               2     0.024609375    0.0001953125             119             117
94100             250               3    0.0244140625   0.00029296875             120             117
94200             250               3    0.0244140625   0.00029296875             120             117
94300             250               3    0.0244140625   0.00029296875             120             117
94400             250               3    0.0244140625   0.00029296875             120             117
94500             248               4      0.02421875     0.000390625             121             117
94600             246               5    0.0240234375   0.00048828125             122             117
94700             246               5    0.0240234375   0.00048828125             122             117
94800             246               5    0.0240234375   0.00048828125             122             117
94900             246               5    0.0240234375   0.00048828125             122             117
95000             246               5    0.0240234375   0.00048828125             122             117
95100             246               5    0.0240234375   0.00048828125             122             117
95200             246               5    0.0240234375   0.00048828125             122             117
95300             246               5    0.0240234375   0.00048828125             122             117
95400             246               5    0.0240234375   0.00048828125             123             118
95500             246               5    0.0240234375   0.00048828125             123             118
95600             246               5    0.0240234375   0.00048828125             123             118
95700             248               4      0.02421875     0.000390625             123             119
95800             248               4      0.02421875     0.000390625             123             119
95900             248               4      0.02421875     0.000390625             123             119
96000             246               5    0.0240234375   0.00048828125             124             119
96100             248               4      0.02421875     0.000390625             124             120
96200             248               4      0.02421875     0.000390625             124             120
96300             250               3    0.0244140625   0.00029296875             124             121
96400             250               3    0.0244140625   0.00029296875             124             121
96500             254               1    0.0248046875    9.765625e-05             124             123
96600             254               1    0.0248046875    9.765625e-05             124             123
96700             254               1    0.0248046875    9.765625e-05             124             123
96800             254               1    0.0248046875    9.765625e-05             124             123
96900             254               1    0.0248046875    9.765625e-05             124             123
97000             254               1    0.0248046875    9.765625e-05             124             123
97100             254               1    0.0248046875    9.765625e-05             124             123
97200             254               1    0.0248046875    9.765625e-05             124             123
97300             254               1    0.0248046875    9.765625e-05             124             123
97400             254               1    0.0248046875    9.765625e-05             124             123
97500             254               1    0.0248046875    9.765625e-05             124             123
97600             254               1    0.0248046875    9.765625e-05             124             123
97700             254               1    0.0248046875    9.765625e-05             124             123
97800             254               1    0.0248046875    9.765625e-05             125             124
97900             254               1    0.0248046875    9.765625e-05             125             124
98000             254               1    0.0248046875    9.765625e-05             125             124
98100             254               1    0.0248046875    9.765625e-05             125             124
98200             254               1    0.0248046875    9.765625e-05             125             124
98300             254               1    0.0248046875    9.765625e-05             125             124
98400             254               1    0.0248046875    9.765625e-05             125             124
98500             254               1    0.0248046875    9.765625e-05             125             124
98600             254               1    0.0248046875    9.765625e-05             125             124
98700             254               1    0.0248046875    9.765625e-05             125             124
98800             254               1    0.0248046875    9.765625e-05             125             124
98900             252               2     0.024609375    0.0001953125             126             124
99000             252               2     0.024609375    0.0001953125             126             124
99100             252               2     0.024609375    0.0001953125             126             124
99200             250               3    0.0244140625   0.00029296875             127             124
99300             252               2     0.024609375    0.0001953125             127             125
99400             252               2     0.024609375    0.0001953125             127             125
99500             252               2     0.024609375    0.0001953125             127             125
99600             252               2     0.024609375    0.0001953125             127             125
99700             252               2     0.024609375    0.0001953125             127             125
99800             252               2     0.024609375    0.0001953125             127             125
99900             252               2     0.024609375    0.0001953125             128             126
100000             252               2     0.024609375    0.0001953125             128             126
