# Time-averaged data for fix observ
# TimeStep v_nfree v_ndimer v_cfree v_cdimer f_kinetics[2] f_kinetics[3]
0             256               0           0.025               0               0               0
100             254               1    0.0248046875    9.765625e-05               1               0
200             254               1    0.0248046875    9.765625e-05               1               0
300             254               1    0.0248046875    9.765625e-05               1               0
400             252               2     0.024609375    0.0001953125               2               0
500             252               2     0.024609375    0.0001953125               2               0
600             252               2     0.024609375    0.0001953125               2               0
700             252               2     0.024609375    0.0001953125               2               0
800             250               3    0.0244140625   0.00029296875               3               0
900             248               4      0.02421875     0.000390625               4               0
1000             248               4      0.02421875     0.000390625               4               0
1100             246               5    0.0240234375   0.00048828125               5               0
1200             244               6     0.023828125    0.0005859375               6               0
1300             240               8       0.0234375      0.00078125               8               0
1400             238               9    0.0232421875   0.00087890625               9               0
1500             236              10     0.023046875    0.0009765625              10               0
1600             236              10     0.023046875    0.0009765625              10               0
1700             236              10     0.023046875    0.0009765625              10               0
1800             234              11    0.0228515625   0.00107421875              11               0
1900             234              11    0.0228515625   0.00107421875              11               0
2000             234              11    0.0228515625   0.00107421875              11               0
2100             230              13    0.0224609375   0.00126953125              13               0
2200             228              14     0.022265625    0.0013671875              14               0
2300             226              15    0.0220703125   0.00146484375              15               0
2400             224              16        0.021875       0.0015625              16               0
2500             224              16        0.021875       0.0015625              16               0
2600             222              17    0.0216796875   0.00166015625              17               0
2700             222              17    0.0216796875   0.00166015625              17               0
2800             220              18     0.021484375    0.0017578125              18               0
2900             220              18     0.021484375    0.0017578125              18               0
3000             216              20      0.02109375     0.001953125              20               0
3100             214              21    0.0208984375   0.00205078125              21               0
3200             210              23    0.0205078125   0.00224609375              23               0
3300             208              24       0.0203125      0.00234375              24               0
3400             206              25    0.0201171875   0.00244140625              25               0
3500             204              26     0.019921875    0.0025390625              26               0
3600             204              26     0.019921875    0.0025390625              26               0
3700             204              26     0.019921875    0.0025390625              26               0
3800             204              26     0.019921875    0.0025390625              26               0
3900             204              26     0.019921875    0.0025390625              26               0
4000             200              28      0.01953125     0.002734375              28               0
4100             200              28      0.01953125     0.002734375              28               0
4200             198              29    0.0193359375   0.00283203125              29               0
4300             198              29    0.0193359375   0.00283203125              29               0
4400             196              30     0.019140625    0.0029296875              30               0
4500             196              30     0.019140625    0.0029296875              30               0
4600             196              30     0.019140625    0.0029296875              30               0
4700             196              30     0.019140625    0.0029296875              30               0
4800             196              30     0.019140625    0.0029296875              30               0
4900             196              30     0.019140625    0.0029296875              30               0
5000             196              30     0.019140625    0.0029296875              30               0
5100             196              30     0.019140625    0.0029296875              30               0
5200             196              30     0.019140625    0.0029296875              30               0
5300             194              31    0.0189453125   0.00302734375              31               0
5400             192              32         0.01875        0.003125              32               0
5500             190              33    0.0185546875   0.00322265625              33               0
5600             186              35    0.0181640625   0.00341796875              35               0
5700             182              37    0.0177734375   0.00361328125              37               0
5800             184              36      0.01796875     0.003515625              37               1
5900             182              37    0.0177734375   0.00361328125              38               1
6000             182              37    0.0177734375   0.00361328125              38               1
6100             182              37    0.0177734375   0.00361328125              38               1
6200             182              37    0.0177734375   0.00361328125              38               1
6300             180              38     0.017578125    0.0037109375              39               1
6400             180              38     0.017578125    0.0037109375              39               1
6500             180              38     0.017578125    0.0037109375              39               1
6600             180              38     0.017578125    0.0037109375              39               1
6700             180              38     0.017578125    0.0037109375              39               1
6800             180              38     0.017578125    0.0037109375              39               1
6900             180              38     0.017578125    0.0037109375              39               1
7000             180              38     0.017578125    0.0037109375              39               1
7100             178              39    0.0173828125   0.00380859375              40               1
7200             176              40       0.0171875      0.00390625              41               1
7300             176              40       0.0171875      0.00390625              41               1
7400             176              40       0.0171875      0.00390625              41               1
7500             176              40       0.0171875      0.00390625              41               1
7600             176              40       0.0171875      0.00390625              41               1
7700             176              40       0.0171875      0.00390625              41               1
7800             176              40       0.0171875      0.00390625              41               1
7900             176              40       0.0171875      0.00390625              41               1
8000             174              41    0.0169921875   0.00400390625              42               1
8100             174              41    0.0169921875   0.00400390625              42               1
8200             170              43    0.0166015625   0.00419921875              44               1
8300             170              43    0.0166015625   0.00419921875              44               1
8400             170              43    0.0166015625   0.00419921875              44               1
8500             170              43    0.0166015625   0.00419921875              44               1
8600             168              44      0.01640625     0.004296875              45               1
8700             166              45    0.0162109375   0.00439453125              46               1
8800             166              45    0.0162109375   0.00439453125              46               1
8900             166              45    0.0162109375   0.00439453125              46               1
9000             164              46     0.016015625    0.0044921875              47               1
9100             164              46     0.016015625    0.0044921875              47               1
9200             164              46     0.016015625    0.0044921875              47               1
9300             164              46     0.016015625    0.0044921875              47               1
9400             164              46     0.016015625    0.0044921875              47               1
9500             164              46     0.016015625    0.0044921875              47               1
9600             164              46     0.016015625    0.0044921875              47               1
9700             164              46     0.016015625    0.0044921875              47               1
9800             162              47    0.0158203125   0.00458984375              48               1
9900             162              47    0.0158203125   0.00458984375              48               1
10000             162              47    0.0158203125   0.00458984375              48               1
10100             162              47    0.0158203125   0.00458984375              48               1
10200             162              47    0.0158203125   0.00458984375              48               1
10300             162              47    0.0158203125   0.00458984375              48               1
10400             160              48        0.015625       0.0046875              49               1
10500             160              48        0.015625       0.0046875              49               1
10600             160              48        0.015625       0.0046875              49               1
10700             162              47    0.0158203125   0.00458984375              49               2
10800             162              47    0.0158203125   0.00458984375              49               2
10900             162              47    0.0158203125   0.00458984375              49               2
11000             158              49    0.0154296875   0.00478515625              51               2
11100             158              49    0.0154296875   0.00478515625              51               2
11200             158              49    0.0154296875   0.00478515625              51               2
11300             158              49    0.0154296875   0.00478515625              51               2
11400             158              49    0.0154296875   0.00478515625              51               2
11500             158              49    0.0154296875   0.00478515625              51               2
11600             156              50     0.015234375    0.0048828125              52               2
11700             156              50     0.015234375    0.0048828125              52               2
11800             154              51    0.0150390625   0.00498046875              53               2
11900             154              51    0.0150390625   0.00498046875              53               2
12000             154              51    0.0150390625   0.00498046875              53               2
12100             154              51    0.0150390625   0.00498046875              53               2
12200             152              52      0.01484375     0.005078125              54               2
12300             150              53    0.0146484375   0.00517578125              55               2
12400             150              53    0.0146484375   0.00517578125              55               2
12500             146              55    0.0142578125   0.00537109375              57               2
12600             146              55    0.0142578125   0.00537109375              57               2
12700             146              55    0.0142578125   0.00537109375              57               2
12800             146              55    0.0142578125   0.00537109375              57               2
12900             146              55    0.0142578125   0.00537109375              57               2
13000             146              55    0.0142578125   0.00537109375              57               2
13100             146              55    0.0142578125   0.00537109375              57               2
13200             144              56       0.0140625      0.00546875              58               2
13300             144              56       0.0140625      0.00546875              58               2
13400             144              56       0.0140625      0.00546875              58               2
13500             144              56       0.0140625      0.00546875              58               2
13600             146              55    0.0142578125   0.00537109375              58               3
13700             144              56       0.0140625      0.00546875              59               3
13800             144              56       0.0140625      0.00546875              59               3
13900             144              56       0.0140625      0.00546875              59               3
14000             144              56       0.0140625      0.00546875              59               3
14100             144              56       0.0140625      0.00546875              59               3
14200             144              56       0.0140625      0.00546875              59               3
14300             142              57    0.0138671875   0.00556640625              60               3
14400             142              57    0.0138671875   0.00556640625              60               3
14500             142              57    0.0138671875   0.00556640625              60               3
14600             140              58     0.013671875    0.0056640625              61               3
14700             140              58     0.013671875    0.0056640625              61               3
14800             140              58     0.013671875    0.0056640625              61               3
14900             138              59    0.0134765625   0.00576171875              62               3
15000             138              59    0.0134765625   0.00576171875              62               3
15100             138              59    0.0134765625   0.00576171875              62               3
15200             138              59    0.0134765625   0.00576171875              62               3
15300             136              60      0.01328125     0.005859375              63               3
15400             136              60      0.01328125     0.005859375              63               3
15500             136              60      0.01328125     0.005859375              63               3
15600             136              60      0.01328125     0.005859375              63               3
15700             136              60      0.01328125     0.005859375              63               3
15800             136              60      0.01328125     0.005859375              63               3
15900             136              60      0.01328125     0.005859375              63               3
16000             136              60      0.01328125     0.005859375              63               3
16100             136              60      0.01328125     0.005859375              63               3
16200             136              60      0.01328125     0.005859375              63               3
16300             136              60      0.01328125     0.005859375              63               3
16400             134              61    0.0130859375   0.00595703125              64               3
16500             134              61    0.0130859375   0.00595703125              64               3
16600             134              61    0.0130859375   0.00595703125              64               3
16700             134              61    0.0130859375   0.00595703125              64               3
16800             136              60      0.01328125     0.005859375              64               4
16900             136              60      0.01328125     0.005859375              64               4
17000             136              60      0.01328125     0.005859375              64               4
17100             136              60      0.01328125     0.005859375              64               4
17200             136              60      0.01328125     0.005859375              64               4
17300             134              61    0.0130859375   0.00595703125              65               4
17400             134              61    0.0130859375   0.00595703125              65               4
17500             134              61    0.0130859375   0.00595703125              65               4
17600             134              61    0.0130859375   0.00595703125              65               4
17700             134              61    0.0130859375   0.00595703125              65               4
17800             134              61    0.0130859375   0.00595703125              65               4
17900             134              61    0.0130859375   0.00595703125              65               4
18000             134              61    0.0130859375   0.00595703125              65               4
18100             134              61    0.0130859375   0.00595703125              65               4
18200             134              61    0.0130859375   0.00595703125              65               4
18300             134              61    0.0130859375   0.00595703125              65               4
18400             134              61    0.0130859375   0.00595703125              65               4
18500             134              61    0.0130859375   0.00595703125              65               4
18600             134              61    0.0130859375   0.00595703125              65               4
18700             134              61    0.0130859375   0.00595703125              65               4
18800             132              62     0.012890625    0.0060546875              66               4
18900             132              62     0.012890625    0.0060546875              66               4
19000             130              63    0.0126953125   0.00615234375              67               4
19100             130              63    0.0126953125   0.00615234375              67               4
19200             130              63    0.0126953125   0.00615234375              67               4
19300             130              63    0.0126953125   0.00615234375              67               4
19400             130              63    0.0126953125   0.00615234375              67               4
19500             128              64          0.0125         0.00625              68               4
19600             128              64          0.0125         0.00625              68               4
19700             128              64          0.0125         0.00625              68               4
19800             128              64          0.0125         0.00625              68               4
19900             128              64          0.0125         0.00625              68               4
20000             128              64          0.0125         0.00625              68               4
20100             126              65    0.0123046875   0.00634765625              69               4
20200             126              65    0.0123046875   0.00634765625              69               4
20300             124              66     0.012109375    0.0064453125              70               4
20400             124              66     0.012109375    0.0064453125              70               4
20500             124              66     0.012109375    0.0064453125              70               4
20600             122              67    0.0119140625   0.00654296875              71               4
20700             122              67    0.0119140625   0.00654296875              71               4
20800             122              67    0.0119140625   0.00654296875              71               4
20900             122              67    0.0119140625   0.00654296875              71               4
21000             122              67    0.0119140625   0.00654296875              71               4
21100             122              67    0.0119140625   0.00654296875              71               4
21200             122              67    0.0119140625   0.00654296875              71               4
21300             122              67    0.0119140625   0.00654296875              71               4
21400             120              68      0.01171875     0.006640625              72               4
21500             120              68      0.01171875     0.006640625              72               4
21600             118              69    0.0115234375   0.00673828125              73               4
21700             118              69    0.0115234375   0.00673828125              73               4
21800             118              69    0.0115234375   0.00673828125              73               4
21900             118              69    0.0115234375   0.00673828125              73               4
22000             118              69    0.0115234375   0.00673828125              73               4
22100             118              69    0.0115234375   0.00673828125              73               4
22200             118              69    0.0115234375   0.00673828125              73               4
22300             118              69    0.0115234375   0.00673828125              73               4
22400             118              69    0.0115234375   0.00673828125              73               4
22500             118              69    0.0115234375   0.00673828125              73               4
22600             118              69    0.0115234375   0.00673828125              73               4
22700             118              69    0.0115234375   0.00673828125              73               4
22800             118              69    0.0115234375   0.00673828125              73               4
22900             118              69    0.0115234375   0.00673828125              73               4
23000             118              69    0.0115234375   0.00673828125              73               4
23100             118              69    0.0115234375   0.00673828125              73               4
23200             118              69    0.0115234375   0.00673828125              73               4
23300             118              69    0.0115234375   0.00673828125              73               4
23400             118              69    0.0115234375   0.00673828125              73               4
23500             118              69    0.0115234375   0.00673828125              73               4
23600             118              69    0.0115234375   0.00673828125              73               4
23700             118              69    0.0115234375   0.00673828125              73               4
23800             118              69    0.0115234375   0.00673828125              73               4
23900             116              70     0.011328125    0.0068359375              74               4
24000             116              70     0.011328125    0.0068359375              74               4
24100             114              71    0.0111328125   0.00693359375              75               4
24200             114              71    0.0111328125   0.00693359375              75               4
24300             114              71    0.0111328125   0.00693359375              75               4
24400             114              71    0.0111328125   0.00693359375              75               4
24500             114              71    0.0111328125   0.00693359375              75               4
24600             114              71    0.0111328125   0.00693359375              75               4
24700             114              71    0.0111328125   0.00693359375              75               4
24800             114              71    0.0111328125   0.00693359375              75               4
24900             114              71    0.0111328125   0.00693359375              75               4
25000             114              71    0.0111328125   0.00693359375              75               4
25100             114              71    0.0111328125   0.00693359375              75               4
25200             114              71    0.0111328125   0.00693359375              75               4
25300             114              71    0.0111328125   0.00693359375              75               4
25400             114              71    0.0111328125   0.00693359375              75               4
25500             114              71    0.0111328125   0.00693359375              75               4
25600             116              70     0.011328125    0.0068359375              75               5
25700             116              70     0.011328125    0.0068359375              75               5
25800             114              71    0.0111328125   0.00693359375              76               5
25900             112              72       0.0109375      0.00703125              77               5
26000             112              72       0.0109375      0.00703125              77               5
26100             112              72       0.0109375      0.00703125              77               5
26200             110              73    0.0107421875   0.00712890625              78               5
26300             108              74     0.010546875    0.0072265625              79               5
26400             108              74     0.010546875    0.0072265625              79               5
26500             108              74     0.010546875    0.0072265625              79               5
26600             110              73    0.0107421875   0.00712890625              79               6
26700             110              73    0.0107421875   0.00712890625              79               6
26800             110              73    0.0107421875   0.00712890625              79               6
26900             108              74     0.010546875    0.0072265625              80               6
27000             110              73    0.0107421875   0.00712890625              80               7
27100             110              73    0.0107421875   0.00712890625              80               7
27200             112              72       0.0109375      0.00703125              80               8
27300             114              71    0.0111328125   0.00693359375              80               9
27400             114              71    0.0111328125   0.00693359375              80               9
27500             114              71    0.0111328125   0.00693359375              80               9
27600             114              71    0.0111328125   0.00693359375              80               9
27700             114              71    0.0111328125   0.00693359375              80               9
27800             114              71    0.0111328125   0.00693359375              80               9
27900             114              71    0.0111328125   0.00693359375              80               9
28000             114              71    0.0111328125   0.00693359375              80               9
28100             114              71    0.0111328125   0.00693359375              80               9
28200             114              71    0.0111328125   0.00693359375              80               9
28300             114              71    0.0111328125   0.00693359375              80               9
28400             114              71    0.0111328125   0.00693359375              80               9
28500             114              71    0.0111328125   0.00693359375              80               9
28600             114              71    0.0111328125   0.00693359375              80               9
28700             114              71    0.0111328125   0.00693359375              80               9
28800             114              71    0.0111328125   0.00693359375              80               9
28900             114              71    0.0111328125   0.00693359375              80               9
29000             114              71    0.0111328125   0.00693359375              80               9
29100             114              71    0.0111328125   0.00693359375              80               9
29200             116              70     0.011328125    0.0068359375              80              10
29300             118              69    0.0115234375   0.00673828125              80              11
29400             118              69    0.0115234375   0.00673828125              80              11
29500             118              69    0.0115234375   0.00673828125              80              11
29600             118              69    0.0115234375   0.00673828125              80              11
29700             118              69    0.0115234375   0.00673828125              80              11
29800             118              69    0.0115234375   0.00673828125              80              11
29900             120              68      0.01171875     0.006640625              80              12
30000             120              68      0.01171875     0.006640625              80              12
30100             120              68      0.01171875     0.006640625              80              12
30200             120              68      0.01171875     0.006640625              80              12
30300             120              68      0.01171875     0.006640625              80              12
30400             120              68      0.01171875     0.006640625              80              12
30500             120              68      0.01171875     0.006640625              80              12
30600             120              68      0.01171875     0.006640625              80              12
30700             120              68      0.01171875     0.006640625              80              12
30800             120              68      0.01171875     0.006640625              80              12
30900             120              68      0.01171875     0.006640625              80              12
31000             120              68      0.01171875     0.006640625              80              12
31100             120              68      0.01171875     0.006640625              80              12
31200             118              69    0.0115234375   0.00673828125              81              12
31300             116              70     0.011328125    0.0068359375              82              12
31400             116              70     0.011328125    0.0068359375              82              12
31500             116              70     0.011328125    0.0068359375              82              12
31600             116              70     0.011328125    0.0068359375              82              12
31700             116              70     0.011328125    0.0068359375              82              12
31800             116              70     0.011328125    0.0068359375              82              12
31900             116              70     0.011328125    0.0068359375              82              12
32000             116              70     0.011328125    0.0068359375              82              12
32100             116              70     0.011328125    0.0068359375              82              12
32200             116              70     0.011328125    0.0068359375              82              12
32300             116              70     0.011328125    0.0068359375              82              12
32400             116              70     0.011328125    0.0068359375              82              12
32500             116              70     0.011328125    0.0068359375              82              12
32600             116              70     0.011328125    0.0068359375              82              12
32700             114              71    0.0111328125   0.00693359375              83              12
32800             114              71    0.0111328125   0.00693359375              83              12
32900             116              70     0.011328125    0.0068359375              83              13
33000             116              70     0.011328125    0.0068359375              83              13
33100             114              71    0.0111328125   0.00693359375              84              13
33200             114              71    0.0111328125   0.00693359375              84              13
33300             114              71    0.0111328125   0.00693359375              84              13
33400             114              71    0.0111328125   0.00693359375              84              13
33500             114              71    0.0111328125   0.00693359375              84              13
33600             114              71    0.0111328125   0.00693359375              84              13
33700             114              71    0.0111328125   0.00693359375              84              13
33800             114              71    0.0111328125   0.00693359375              84              13
33900             114              71    0.0111328125   0.00693359375              84              13
34000             112              72       0.0109375      0.00703125              85              13
34100             112              72       0.0109375      0.00703125              85              13
34200             112              72       0.0109375      0.00703125              85              13
34300             112              72       0.0109375      0.00703125              85              13
34400             112              72       0.0109375      0.00703125              85              13
34500             112              72       0.0109375      0.00703125              85              13
34600             112              72       0.0109375      0.00703125              85              13
34700             112              72       0.0109375      0.00703125              85              13
34800             112              72       0.0109375      0.00703125              85              13
34900             112              72       0.0109375      0.00703125              85              13
35000             112              72       0.0109375      0.00703125              85              13
35100             112              72       0.0109375      0.00703125              85              13
35200             112              72       0.0109375      0.00703125              85              13
35300             110              73    0.0107421875   0.00712890625              86              13
35400             110              73    0.0107421875   0.00712890625              86              13
35500             110              73    0.0107421875   0.00712890625              86              13
35600             110              73    0.0107421875   0.00712890625              86              13
35700             110              73    0.0107421875   0.00712890625              86              13
35800             110              73    0.0107421875   0.00712890625              86              13
35900             110              73    0.0107421875   0.00712890625              86              13
36000             110              73    0.0107421875   0.00712890625              86              13
36100             110              73    0.0107421875   0.00712890625              86              13
36200             110              73    0.0107421875   0.00712890625              86              13
36300             106              75    0.0103515625   0.00732421875              88              13
36400             106              75    0.0103515625   0.00732421875              88              13
36500             106              75    0.0103515625   0.00732421875              88              13
36600             106              75    0.0103515625   0.00732421875              88              13
36700             106              75    0.0103515625   0.00732421875              88              13
36800             106              75    0.0103515625   0.00732421875              88              13
36900             108              74     0.010546875    0.0072265625              88              14
37000             108              74     0.010546875    0.0072265625              88              14
37100             108              74     0.010546875    0.0072265625              88              14
37200             108              74     0.010546875    0.0072265625              88              14
37300             106              75    0.0103515625   0.00732421875              89              14
37400             108              74     0.010546875    0.0072265625              89              15
37500             108              74     0.010546875    0.0072265625              89              15
37600             108              74     0.010546875    0.0072265625              89              15
37700             108              74     0.010546875    0.0072265625              89              15
37800             108              74     0.010546875    0.0072265625              89              15
37900             108              74     0.010546875    0.0072265625              89              15
38000             110              73    0.0107421875   0.00712890625              89              16
38100             110              73    0.0107421875   0.00712890625              89              16
38200             110              73    0.0107421875   0.00712890625              89              16
38300             110              73    0.0107421875   0.00712890625              89              16
38400             108              74     0.010546875    0.0072265625              90              16
38500             108              74     0.010546875    0.0072265625              90              16
38600             108              74     0.010546875    0.0072265625              90              16
38700             108              74     0.010546875    0.0072265625              90              16
38800             108              74     0.010546875    0.0072265625              90              16
38900             108              74     0.010546875    0.0072265625              90              16
39000             106              75    0.0103515625   0.00732421875              91              16
39100             106              75    0.0103515625   0.00732421875              91              16
39200             106              75    0.0103515625   0.00732421875              91              16
39300             104              76      0.01015625     0.007421875              92              16
39400             104              76      0.01015625     0.007421875              92              16
39500             104              76      0.01015625     0.007421875              92              16
39600             104              76      0.01015625     0.007421875              92              16
39700             104              76      0.01015625     0.007421875              92              16
39800             106              75    0.0103515625   0.00732421875              92              17
39900             106              75    0.0103515625   0.00732421875              92              17
40000             106              75    0.0103515625   0.00732421875              92              17
40100             106              75    0.0103515625   0.00732421875              92              17
40200             106              75    0.0103515625   0.00732421875              92              17
40300             106              75    0.0103515625   0.00732421875              92              17
40400             106              75    0.0103515625   0.00732421875              92              17
40500             106              75    0.0103515625   0.00732421875              92              17
40600             106              75    0.0103515625   0.00732421875              92              17
40700             108              74     0.010546875    0.0072265625              92              18
40800             110              73    0.0107421875   0.00712890625              92              19
40900             110              73    0.0107421875   0.00712890625              92              19
41000             110              73    0.0107421875   0.00712890625              92              19
41100             110              73    0.0107421875   0.00712890625              92              19
41200             110              73    0.0107421875   0.00712890625              92              19
41300             110              73    0.0107421875   0.00712890625              92              19
41400             110              73    0.0107421875   0.00712890625              92              19
41500             110              73    0.0107421875   0.00712890625              92              19
41600             110              73    0.0107421875   0.00712890625              92              19
41700             110              73    0.0107421875   0.00712890625              92              19
41800             110              73    0.0107421875   0.00712890625              92              19
41900             110              73    0.0107421875   0.00712890625              92              19
42000             112              72       0.0109375      0.00703125              92              20
42100             112              72       0.0109375      0.00703125              92              20
42200             112              72       0.0109375      0.00703125              92              20
42300             112              72       0.0109375      0.00703125              92              20
42400             112              72       0.0109375      0.00703125              92              20
42500             112              72       0.0109375      0.00703125              92              20
42600             112              72       0.0109375      0.00703125              92              20
42700             110              73    0.0107421875   0.00712890625              93              20
42800             108              74     0.010546875    0.0072265625              94              20
42900             108              74     0.010546875    0.0072265625              94              20
43000             108              74     0.010546875    0.0072265625              94              20
43100             108              74     0.010546875    0.0072265625              94              20
43200             108              74     0.010546875    0.0072265625              94              20
43300             108              74     0.010546875    0.0072265625              94              20
43400             108              74     0.010546875    0.0072265625              94              20
43500             108              74     0.010546875    0.0072265625              94              20
43600             108              74     0.010546875    0.0072265625              94              20
43700             108              74     0.010546875    0.0072265625              94              20
43800             108              74     0.010546875    0.0072265625              94              20
43900             108              74     0.010546875    0.0072265625              94              20
44000             108              74     0.010546875    0.0072265625              94              20
44100             108              74     0.010546875    0.0072265625              94              20
44200             108              74     0.010546875    0.0072265625              94              20
44300             108              74     0.010546875    0.0072265625              94              20
44400             108              74     0.010546875    0.0072265625              94              20
44500             106              75    0.0103515625   0.00732421875              95              20
44600             108              74     0.010546875    0.0072265625              95              21
44700             106              75    0.0103515625   0.00732421875              96              21
44800             106              75    0.0103515625   0.00732421875              96              21
44900             106              75    0.0103515625   0.00732421875              96              21
45000             106              75    0.0103515625   0.00732421875              96              21
45100             106              75    0.0103515625   0.00732421875              96              21
45200             104              76      0.01015625     0.007421875              97              21
45300             104              76      0.01015625     0.007421875              97              21
45400             102              77    0.0099609375   0.00751953125              98              21
45500             104              76      0.01015625     0.007421875              98              22
45600             104              76      0.01015625     0.007421875              98              22
45700             104              76      0.01015625     0.007421875              98              22
45800             104              76      0.01015625     0.007421875              98              22
45900             104              76      0.01015625     0.007421875              98              22
46000             104              76      0.01015625     0.007421875              98              22
46100             104              76      0.01015625     0.007421875              98              22
46200             104              76      0.01015625     0.007421875              98              22
46300             104              76      0.01015625     0.007421875              98              22
46400             104              76      0.01015625     0.007421875              98              22
46500             104              76      0.01015625     0.007421875              98              22
46600             104              76      0.01015625     0.007421875              98              22
46700             100              78     0.009765625    0.0076171875             100              22
46800             100              78     0.009765625    0.0076171875             100              22
46900              98              79    0.0095703125   0.00771484375             101              22
47000              96              80        0.009375       0.0078125             102              22
47100              96              80        0.009375       0.0078125             102              22
47200              96              80        0.009375       0.0078125             102              22
47300              96              80        0.009375       0.0078125             102              22
47400              96              80        0.009375       0.0078125             102              22
47500              96              80        0.009375       0.0078125             102              22
47600              96              80        0.009375       0.0078125             102              22
47700              96              80        0.009375       0.0078125             102              22
47800              96              80        0.009375       0.0078125             102              22
47900              96              80        0.009375       0.0078125             102              22
48000              96              80        0.009375       0.0078125             102              22
48100              96              80        0.009375       0.0078125             102              22
48200              96              80        0.009375       0.0078125             102              22
48300              96              80        0.009375       0.0078125             102              22
48400              96              80        0.009375       0.0078125             102              22
48500              96              80        0.009375       0.0078125             102              22
48600              96              80        0.009375       0.0078125             102              22
48700              96              80        0.009375       0.0078125             102              22
48800              96              80        0.009375       0.0078125             102              22
48900              96              80        0.009375       0.0078125             102              22
49000              96              80        0.009375       0.0078125             102              22
49100              94              81    0.0091796875   0.00791015625             103              22
49200              94              81    0.0091796875   0.00791015625             103              22
49300              94              81    0.0091796875   0.00791015625             103              22
49400              94              81    0.0091796875   0.00791015625             103              22
49500              94              81    0.0091796875   0.00791015625             103              22
49600              92              82     0.008984375    0.0080078125             104              22
49700              92              82     0.008984375    0.0080078125             104              22
49800              94              81    0.0091796875   0.00791015625             104              23
49900              94              81    0.0091796875   0.00791015625             104              23
50000              94              81    0.0091796875   0.00791015625             104              23
50100              94              81    0.0091796875   0.00791015625             104              23
50200              94              81    0.0091796875   0.00791015625             104              23
50300              94              81    0.0091796875   0.00791015625             104              23
50400              94              81    0.0091796875   0.00791015625             104              23
50500              94              81    0.0091796875   0.00791015625             104              23
50600              94              81    0.0091796875   0.00791015625             104              23
50700              94              81    0.0091796875   0.00791015625             104              23
50800              94              81    0.0091796875   0.00791015625             104              23
50900              94              81    0.0091796875   0.00791015625             104              23
51000              94              81    0.0091796875   0.00791015625             104              23
51100              94              81    0.0091796875   0.00791015625             104              23
51200              94              81    0.0091796875   0.00791015625             104              23
51300              94              81    0.0091796875   0.00791015625             104              23
51400              96              80        0.009375       0.0078125             104              24
51500              96              80        0.009375       0.0078125             104              24
51600              96              80        0.009375       0.0078125             104              24
51700              96              80        0.009375       0.0078125             104              24
51800              96              80        0.009375       0.0078125             104              24
51900              96              80        0.009375       0.0078125             104              24
52000              96              80        0.009375       0.0078125             104              24
52100              98              79    0.0095703125   0.00771484375             104              25
52200              98              79    0.0095703125   0.00771484375             104              25
52300              98              79    0.0095703125   0.00771484375             104              25
52400              98              79    0.0095703125   0.00771484375             104              25
52500              96              80        0.009375       0.0078125             105              25
52600              96              80        0.009375       0.0078125             105              25
52700              96              80        0.009375       0.0078125             105              25
52800              96              80        0.009375       0.0078125             105              25
52900              94              81    0.0091796875   0.00791015625             106              25
53000              94              81    0.0091796875   0.00791015625             106              25
53100              94              81    0.0091796875   0.00791015625             106              25
53200              94              81    0.0091796875   0.00791015625             106              25
53300              92              82     0.008984375    0.0080078125             107              25
53400              92              82     0.008984375    0.0080078125             107              25
53500              94              81    0.0091796875   0.00791015625             107              26
53600              94              81    0.0091796875   0.00791015625             107              26
53700              94              81    0.0091796875   0.00791015625             107              26
53800              94              81    0.0091796875   0.00791015625             107              26
53900              92              82     0.008984375    0.0080078125             108              26
54000              92              82     0.008984375    0.0080078125             108              26
54100              92              82     0.008984375    0.0080078125             108              26
54200              92              82     0.008984375    0.0080078125             108              26
54300              92              82     0.008984375    0.0080078125             108              26
54400              92              82     0.008984375    0.0080078125             108              26
54500              92              82     0.008984375    0.0080078125             108              26
54600              92              82     0.008984375    0.0080078125             108              26
54700              92              82     0.008984375    0.0080078125             108              26
54800              92              82     0.008984375    0.0080078125             108              26
54900              92              82     0.008984375    0.0080078125             108              26
55000              92              82     0.008984375    0.0080078125             108              26
55100              92              82     0.008984375    0.0080078125             108              26
55200              92              82     0.008984375    0.0080078125             108              26
55300              90              83    0.0087890625   0.00810546875             109              26
55400              90              83    0.0087890625   0.00810546875             109              26
55500              90              83    0.0087890625   0.00810546875             109              26
55600              90              83    0.0087890625   0.00810546875             109              26
55700              90              83    0.0087890625   0.00810546875             109              26
55800              90              83    0.0087890625   0.00810546875             109              26
55900              90              83    0.0087890625   0.00810546875             109              26
56000              90              83    0.0087890625   0.00810546875             109              26
56100              90              83    0.0087890625   0.00810546875             109              26
56200              90              83    0.0087890625   0.00810546875             109              26
56300              90              83    0.0087890625   0.00810546875             109              26
56400              90              83    0.0087890625   0.00810546875             109              26
56500              90              83    0.0087890625   0.00810546875             109              26
56600              88              84      0.00859375     0.008203125             110              26
56700              88              84      0.00859375     0.008203125             110              26
56800              88              84      0.00859375     0.008203125             110              26
56900              88              84      0.00859375     0.008203125             110              26
57000              88              84      0.00859375     0.008203125             110              26
57100              88              84      0.00859375     0.008203125             110              26
57200              86              85    0.0083984375   0.00830078125             111              26
57300              86              85    0.0083984375   0.00830078125             111              26
57400              88              84      0.00859375     0.008203125             111              27
57500              88              84      0.00859375     0.008203125             111              27
57600              88              84      0.00859375     0.008203125             111              27
57700              88              84      0.00859375     0.008203125             111              27
57800              88              84      0.00859375     0.008203125             111              27
57900              86              85    0.0083984375   0.00830078125             112              27
58000              86              85    0.0083984375   0.00830078125             112              27
58100              86              85    0.0083984375   0.00830078125             112              27
58200              86              85    0.0083984375   0.00830078125             112              27
58300              86              85    0.0083984375   0.00830078125             112              27
58400              86              85    0.0083984375   0.00830078125             112              27
58500              86              85    0.0083984375   0.00830078125             112              27
58600              86              85    0.0083984375   0.00830078125             112              27
58700              88              84      0.00859375     0.008203125             112              28
58800              88              84      0.00859375     0.008203125             112              28
58900              88              84      0.00859375     0.008203125             112              28
59000              88              84      0.00859375     0.008203125             112              28
59100              88              84      0.00859375     0.008203125             112              28
59200              88              84      0.00859375     0.008203125             112              28
59300              88              84      0.00859375     0.008203125             112              28
59400              88              84      0.00859375     0.008203125             112              28
59500              88              84      0.00859375     0.008203125             112              28
59600              90              83    0.0087890625   0.00810546875             112              29
59700              88              84      0.00859375     0.008203125             113              29
59800              88              84      0.00859375     0.008203125             113              29
59900              88              84      0.00859375     0.008203125             113              29
60000              86              85    0.0083984375   0.00830078125             114              29
60100              86              85    0.0083984375   0.00830078125             114              29
60200              86              85    0.0083984375   0.00830078125             114              29
60300              84              86     0.008203125    0.0083984375             115              29
60400              84              86     0.008203125    0.0083984375             115              29
60500              82              87    0.0080078125   0.00849609375             116              29
60600              82              87    0.0080078125   0.00849609375             116              29
60700              82              87    0.0080078125   0.00849609375             116              29
60800              82              87    0.0080078125   0.00849609375             116              29
60900              82              87    0.0080078125   0.00849609375             116              29
61000              82              87    0.0080078125   0.00849609375             116              29
61100              84              86     0.008203125    0.0083984375             116              30
61200              84              86     0.008203125    0.0083984375             116              30
61300              84              86     0.008203125    0.0083984375             116              30
61400              84              86     0.008203125    0.0083984375             117              31
61500              84              86     0.008203125    0.0083984375             117              31
61600              84              86     0.008203125    0.0083984375             117              31
61700              84              86     0.008203125    0.0083984375             117              31
61800              84              86     0.008203125    0.0083984375             117              31
61900              84              86     0.008203125    0.0083984375             117              31
62000              84              86     0.008203125    0.0083984375             117              31
62100              84              86     0.008203125    0.0083984375             117              31
62200              84              86     0.008203125    0.0083984375             117              31
62300              84              86     0.008203125    0.0083984375             117              31
62400              82              87    0.0080078125   0.00849609375             118              31
62500              82              87    0.0080078125   0.00849609375             118              31
62600              82              87    0.0080078125   0.00849609375             118              31
62700              82              87    0.0080078125   0.00849609375             118              31
62800              82              87    0.0080078125   0.00849609375             118              31
62900              80              88       0.0078125      0.00859375             119              31
63000              80              88       0.0078125      0.00859375             119              31
63100              80              88       0.0078125      0.00859375             119              31
63200              80              88       0.0078125      0.00859375             119              31
63300              80              88       0.0078125      0.00859375             119              31
63400              80              88       0.0078125      0.00859375             119              31
63500              80              88       0.0078125      0.00859375             119              31
63600              80              88       0.0078125      0.00859375             119              31
63700              80              88       0.0078125      0.00859375             119              31
63800              80              88       0.0078125      0.00859375             119              31
63900              80              88       0.0078125      0.00859375             119              31
64000              80              88       0.0078125      0.00859375             119              31
64100              80              88       0.0078125      0.00859375             119              31
64200              80              88       0.0078125      0.00859375             119              31
64300              80              88       0.0078125      0.00859375             119              31
64400              80              88       0.0078125      0.00859375             119              31
64500              80              88       0.0078125      0.00859375             119              31
64600              80              88       0.0078125      0.00859375             119              31
64700              80              88       0.0078125      0.00859375             119              31
64800              80              88       0.0078125      0.00859375             119              31
64900              78              89    0.0076171875   0.00869140625             120              31
65000              80              88       0.0078125      0.00859375             120              32
65100              78              89    0.0076171875   0.00869140625             121              32
65200              78              89    0.0076171875   0.00869140625             121              32
65300              78              89    0.0076171875   0.00869140625             121              32
65400              78              89    0.0076171875   0.00869140625             121              32
65500              78              89    0.0076171875   0.00869140625             121              32
65600              78              89    0.0076171875   0.00869140625             121              32
65700              80              88       0.0078125      0.00859375             121              33
65800              80              88       0.0078125      0.00859375             121              33
65900              80              88       0.0078125      0.00859375             121              33
66000              80              88       0.0078125      0.00859375             121              33
66100              80              88       0.0078125      0.00859375             121              33
66200              80              88       0.0078125      0.00859375             121              33
66300              80              88       0.0078125      0.00859375             121              33
66400              80              88       0.0078125      0.00859375             121              33
66500              80              88       0.0078125      0.00859375             121              33
66600              80              88       0.0078125      0.00859375             121              33
66700              82              87    0.0080078125   0.00849609375             121              34
66800              84              86     0.008203125    0.0083984375             121              35
66900              84              86     0.008203125    0.0083984375             121              35
67000              84              86     0.008203125    0.0083984375             121              35
67100              82              87    0.0080078125   0.00849609375             122              35
67200              82              87    0.0080078125   0.00849609375             122              35
67300              82              87    0.0080078125   0.00849609375             122              35
67400              82              87    0.0080078125   0.00849609375             123              36
67500              80              88       0.0078125      0.00859375             124              36
67600              80              88       0.0078125      0.00859375             124              36
67700              80              88       0.0078125      0.00859375             124              36
67800              80              88       0.0078125      0.00859375             124              36
67900              80              88       0.0078125      0.00859375             124              36
68000              80              88       0.0078125      0.00859375             124              36
68100              80              88       0.0078125      0.00859375             124              36
68200              80              88       0.0078125      0.00859375             124              36
68300              80              88       0.0078125      0.00859375             124              36
68400              80              88       0.0078125      0.00859375             124              36
68500              80              88       0.0078125      0.00859375             124              36
68600              80              88       0.0078125      0.00859375             124              36
68700              80              88       0.0078125      0.00859375             124              36
68800              80              88       0.0078125      0.00859375             124              36
68900              78              89    0.0076171875   0.00869140625             125              36
69000              78              89    0.0076171875   0.00869140625             125              36
69100              78              89    0.0076171875   0.00869140625             125              36
69200              78              89    0.0076171875   0.00869140625             125              36
69300              78              89    0.0076171875   0.00869140625             125              36
69400              78              89    0.0076171875   0.00869140625             125              36
69500              78              89    0.0076171875   0.00869140625             125              36
69600              78              89    0.0076171875   0.00869140625             125              36
69700              76              90     0.007421875    0.0087890625             126              36
69800              78              89    0.0076171875   0.00869140625             126              37
69900              80              88       0.0078125      0.00859375             126              38
70000              80              88       0.0078125      0.00859375             126              38
70100              80              88       0.0078125      0.00859375             126              38
70200              80              88       0.0078125      0.00859375             126              38
70300              82              87    0.0080078125   0.00849609375             126              39
70400              82              87    0.0080078125   0.00849609375             126              39
70500              82              87    0.0080078125   0.00849609375             126              39
70600              82              87    0.0080078125   0.00849609375             126              39
70700              82              87    0.0080078125   0.00849609375             126              39
70800              82              87    0.0080078125   0.00849609375             126              39
70900              82              87    0.0080078125   0.00849609375             126              39
71000              82              87    0.0080078125   0.00849609375             126              39
71100              82              87    0.0080078125   0.00849609375             126              39
71200              82              87    0.0080078125   0.00849609375             126              39
71300              82              87    0.0080078125   0.00849609375             126              39
71400              82              87    0.0080078125   0.00849609375             126              39
71500              84              86     0.008203125    0.0083984375             126              40
71600              84              86     0.008203125    0.0083984375             126              40
71700              88              84      0.00859375     0.008203125             126              42
71800              88              84      0.00859375     0.008203125             126              42
71900              90              83    0.0087890625   0.00810546875             126              43
72000              90              83    0.0087890625   0.00810546875             126              43
72100              90              83    0.0087890625   0.00810546875             126              43
72200              90              83    0.0087890625   0.00810546875             126              43
72300              90              83    0.0087890625   0.00810546875             126              43
72400              90              83    0.0087890625   0.00810546875             126              43
72500              90              83    0.0087890625   0.00810546875             126              43
72600              92              82     0.008984375    0.0080078125             126              44
72700              90              83    0.0087890625   0.00810546875             127              44
72800              90              83    0.0087890625   0.00810546875             127              44
72900              90              83    0.0087890625   0.00810546875             127              44
73000              90              83    0.0087890625   0.00810546875             127              44
73100              92              82     0.008984375    0.0080078125             127              45
73200              92              82     0.008984375    0.0080078125             127              45
73300              92              82     0.008984375    0.0080078125             127              45
73400              94              81    0.0091796875   0.00791015625             127              46
73500              94              81    0.0091796875   0.00791015625             127              46
73600              94              81    0.0091796875   0.00791015625             127              46
73700              92              82     0.008984375    0.0080078125             128              46
73800              92              82     0.008984375    0.0080078125             128              46
73900              92              82     0.008984375    0.0080078125             128              46
74000              92              82     0.008984375    0.0080078125             128              46
74100              92              82     0.008984375    0.0080078125             128              46
74200              92              82     0.008984375    0.0080078125             128              46
74300              92              82     0.008984375    0.0080078125             128              46
74400              92              82     0.008984375    0.0080078125             128              46
74500              92              82     0.008984375    0.0080078125             128              46
74600              92              82     0.008984375    0.0080078125             128              46
74700              90              83    0.0087890625   0.00810546875             129              46
74800              90              83    0.0087890625   0.00810546875             129              46
74900              90              83    0.0087890625   0.00810546875             129              46
75000              90              83    0.0087890625   0.00810546875             129              46
75100              90              83    0.0087890625   0.00810546875             129              46
75200              90              83    0.0087890625   0.00810546875             129              46
75300              90              83    0.0087890625   0.00810546875             129              46
75400              90              83    0.0087890625   0.00810546875             129              46
75500              88              84      0.00859375     0.008203125             130              46
75600              88              84      0.00859375     0.008203125             130              46
75700              88              84      0.00859375     0.008203125             130              46
75800              88              84      0.00859375     0.008203125             130              46
75900              88              84      0.00859375     0.008203125             130              46
76000              88              84      0.00859375     0.008203125             130              46
76100              88              84      0.00859375     0.008203125             130              46
76200              88              84      0.00859375     0.008203125             130              46
76300              88              84      0.00859375     0.008203125             130              46
76400              88              84      0.00859375     0.008203125             130              46
76500              90              83    0.0087890625   0.00810546875             130              47
76600              90              83    0.0087890625   0.00810546875             130              47
76700              90              83    0.0087890625   0.00810546875             130              47
76800              90              83    0.0087890625   0.00810546875             130              47
76900              90              83    0.0087890625   0.00810546875             130              47
77000              88              84      0.00859375     0.008203125             131              47
77100              86              85    0.0083984375   0.00830078125             132              47
77200              86              85    0.0083984375   0.00830078125             132              47
77300              86              85    0.0083984375   0.00830078125             132              47
77400              86              85    0.0083984375   0.00830078125             132              47
77500              86              85    0.0083984375   0.00830078125             132              47
77600              86              85    0.0083984375   0.00830078125             132              47
77700              86              85    0.0083984375   0.00830078125             132              47
77800              86              85    0.0083984375   0.00830078125             133              48
77900              84              86     0.008203125    0.0083984375             134              48
78000              84              86     0.008203125    0.0083984375             134              48
78100              84              86     0.008203125    0.0083984375             134              48
78200              84              86     0.008203125    0.0083984375             134              48
78300              86              85    0.0083984375   0.00830078125             134              49
78400              84              86     0.008203125    0.0083984375             135              49
78500              84              86     0.008203125    0.0083984375             135              49
78600              84              86     0.008203125    0.0083984375             135              49
78700              84              86     0.008203125    0.0083984375             135              49
78800              84              86     0.008203125    0.0083984375             135              49
78900              84              86     0.008203125    0.0083984375             135              49
79000              84              86     0.008203125    0.0083984375             135              49
79100              84              86     0.008203125    0.0083984375             135              49
79200              84              86     0.008203125    0.0083984375             135              49
79300              86              85    0.0083984375   0.00830078125             135              50
79400              86              85    0.0083984375   0.00830078125             135              50
79500              86              85    0.0083984375   0.00830078125             135              50
79600              86              85    0.0083984375   0.00830078125             135              50
79700              86              85    0.0083984375   0.00830078125             135              50
79800              86              85    0.0083984375   0.00830078125             135              50
79900              86              85    0.0083984375   0.00830078125             135              50
80000              86              85    0.0083984375   0.00830078125             135              50
80100              88              84      0.00859375     0.008203125             135              51
80200              88              84      0.00859375     0.008203125             135              51
80300              86              85    0.0083984375   0.00830078125             136              51
80400              86              85    0.0083984375   0.00830078125             136              51
80500              86              85    0.0083984375   0.00830078125             136              51
80600              86              85    0.0083984375   0.00830078125             136              51
80700              86              85    0.0083984375   0.00830078125             136              51
80800              82              87    0.0080078125   0.00849609375             138              51
80900              84              86     0.008203125    0.0083984375             138              52
81000              84              86     0.008203125    0.0083984375             138              52
81100              84              86     0.008203125    0.0083984375             138              52
81200              84              86     0.008203125    0.0083984375             138              52
81300              84              86     0.008203125    0.0083984375             138              52
81400              84              86     0.008203125    0.0083984375             138              52
81500              84              86     0.008203125    0.0083984375             138              52
81600              84              86     0.008203125    0.0083984375             138              52
81700              84              86     0.008203125    0.0083984375             138              52
81800              84              86     0.008203125    0.0083984375             138              52
81900              84              86     0.008203125    0.0083984375             138              52
82000              84              86     0.008203125    0.0083984375             138              52
82100              84              86     0.008203125    0.0083984375             138              52
82200              84              86     0.008203125    0.0083984375             138              52
82300              84              86     0.008203125    0.0083984375             138              52
82400              82              87    0.0080078125   0.00849609375             139              52
82500              82              87    0.0080078125   0.00849609375             139              52
82600              82              87    0.0080078125   0.00849609375             139              52
82700              82              87    0.0080078125   0.00849609375             139              52
82800              82              87    0.0080078125   0.00849609375             139              52
82900              82              87    0.0080078125   0.00849609375             139              52
83000              82              87    0.0080078125   0.00849609375             139              52
83100              82              87    0.0080078125   0.00849609375             139              52
83200              82              87    0.0080078125   0.00849609375             139              52
83300              80              88       0.0078125      0.00859375             140              52
83400              80              88       0.0078125      0.00859375             140              52
83500              80              88       0.0078125      0.00859375             140              52
83600              80              88       0.0078125      0.00859375             140              52
83700              80              88       0.0078125      0.00859375             140              52
83800              80              88       0.0078125      0.00859375             140              52
83900              80              88       0.0078125      0.00859375             140              52
84000              80              88       0.0078125      0.00859375             140              52
84100              80              88       0.0078125      0.00859375             140              52
84200              80              88       0.0078125      0.00859375             140              52
84300              80              88       0.0078125      0.00859375             140              52
84400              80              88       0.0078125      0.00859375             140              52
84500              80              88       0.0078125      0.00859375             140              52
84600              80              88       0.0078125      0.00859375             140              52
84700              80              88       0.0078125      0.00859375             140              52
84800              78              89    0.0076171875   0.00869140625             141              52
84900              78              89    0.0076171875   0.00869140625             141              52
85000              78              89    0.0076171875   0.00869140625             141              52
85100              78              89    0.0076171875   0.00869140625             141              52
85200              78              89    0.0076171875   0.00869140625             141              52
85300              78              89    0.0076171875   0.00869140625             141              52
85400              78              89    0.0076171875   0.00869140625             141              52
85500              78              89    0.0076171875   0.00869140625             141              52
85600              78              89    0.0076171875   0.00869140625             141              52
85700              78              89    0.0076171875   0.00869140625             141              52
85800              78              89    0.0076171875   0.00869140625             141              52
85900              76              90     0.007421875    0.0087890625             142              52
86000              76              90     0.007421875    0.0087890625             142              52
86100              76              90     0.007421875    0.0087890625             142              52
86200              74              91    0.0072265625   0.00888671875             143              52
86300              74              91    0.0072265625   0.00888671875             143              52
86400              74              91    0.0072265625   0.00888671875             143              52
86500              74              91    0.0072265625   0.00888671875             143              52
86600              74              91    0.0072265625   0.00888671875             143              52
86700              74              91    0.0072265625   0.00888671875             143              52
86800              74              91    0.0072265625   0.00888671875             143              52
86900              74              91    0.0072265625   0.00888671875             143              52
87000              72              92      0.00703125     0.008984375             144              52
87100              72              92      0.00703125     0.008984375             144              52
87200              72              92      0.00703125     0.008984375             144              52
87300              72              92      0.00703125     0.008984375             144              52
87400              74              91    0.0072265625   0.00888671875             144              53
87500              74              91    0.0072265625   0.00888671875             144              53
87600              74              91    0.0072265625   0.00888671875             144              53
87700              74              91    0.0072265625   0.00888671875             144              53
87800              74              91    0.0072265625   0.00888671875             144              53
87900              74              91    0.0072265625   0.00888671875             144              53
88000              74              91    0.0072265625   0.00888671875             144              53
88100              74              91    0.0072265625   0.00888671875             144              53
88200              74              91    0.0072265625   0.00888671875             144              53
88300              74              91    0.0072265625   0.00888671875             144              53
88400              76              90     0.007421875    0.0087890625             144              54
88500              76              90     0.007421875    0.0087890625             144              54
88600              76              90     0.007421875    0.0087890625             144              54
88700              76              90     0.007421875    0.0087890625             144              54
88800              76              90     0.007421875    0.0087890625             144              54
88900              76              90     0.007421875    0.0087890625             144              54
89000              76              90     0.007421875    0.0087890625             144              54
89100              76              90     0.007421875    0.0087890625             144              54
89200              74              91    0.0072265625   0.00888671875             145              54
89300              74              91    0.0072265625   0.00888671875             145              54
89400              76              90     0.007421875    0.0087890625             145              55
89500              76              90     0.007421875    0.0087890625             145              55
89600              74              91    0.0072265625   0.00888671875             146              55
89700              74              91    0.0072265625   0.00888671875             146              55
89800              74              91    0.0072265625   0.00888671875             146              55
89900              74              91    0.0072265625   0.00888671875             146              55
90000              74              91    0.0072265625   0.00888671875             146              55
90100              74              91    0.0072265625   0.00888671875             146              55
90200              74              91    0.0072265625   0.00888671875             146              55
90300              74              91    0.0072265625   0.00888671875             146              55
90400              76              90     0.007421875    0.0087890625             146              56
90500              76              90     0.007421875    0.0087890625             146              56
90600              76              90     0.007421875    0.0087890625             146              56
90700              76              90     0.007421875    0.0087890625             146              56
90800              76              90     0.007421875    0.0087890625             146              56
90900              76              90     0.007421875    0.0087890625             146              56
91000              76              90     0.007421875    0.0087890625             146              56
91100              76              90     0.007421875    0.0087890625             146              56
91200              76              90     0.007421875    0.0087890625             146              56
91300              76              90     0.007421875    0.0087890625             146              56
91400              76              90     0.007421875    0.0087890625             146              56
91500              76              90     0.007421875    0.0087890625             146              56
91600              76              90     0.007421875    0.0087890625             146              56
91700              76              90     0.007421875    0.0087890625             146              56
91800              76              90     0.007421875    0.0087890625             146              56
91900              76              90     0.007421875    0.0087890625             146              56
92000              76              90     0.007421875    0.0087890625             146              56
92100              76              90     0.007421875    0.0087890625             146              56
92200              78              89    0.0076171875   0.00869140625             146              57
92300              78              89    0.0076171875   0.00869140625             146              57
92400              78              89    0.0076171875   0.00869140625             146              57
92500              78              89    0.0076171875   0.00869140625             146              57
92600              80              88       0.0078125      0.00859375             146              58
92700              80              88       0.0078125      0.00859375             146              58
92800              80              88       0.0078125      0.00859375             146              58
92900              80              88       0.0078125      0.00859375             146              58
93000              80              88       0.0078125      0.00859375             146              58
93100              80              88       0.0078125      0.00859375             146              58
93200              84              86     0.008203125    0.0083984375             146              60
93300              84              86     0.008203125    0.0083984375             146              60
93400              84              86     0.008203125    0.0083984375             146              60
93500              84              86     0.008203125    0.0083984375             146              60
93600              84              86     0.008203125    0.0083984375             146              60
93700              84              86     0.008203125    0.0083984375             146              60
93800              84              86     0.008203125    0.0083984375             146              60
93900              84              86     0.008203125    0.0083984375             146              60
94000              84              86     0.008203125    0.0083984375             146              60
94100              84              86     0.008203125    0.0083984375             146              60
94200              84              86     0.008203125    0.0083984375             146              60
94300              84              86     0.008203125    0.0083984375             146              60
94400              84              86     0.008203125    0.0083984375             146              60
94500              84              86     0.008203125    0.0083984375             146              60
94600              84              86     0.008203125    0.0083984375             146              60
94700              84              86     0.008203125    0.0083984375             146              60
94800              84              86     0.008203125    0.0083984375             146              60
94900              84              86     0.008203125    0.0083984375             146              60
95000              84              86     0.008203125    0.0083984375             146              60
95100              84              86     0.008203125    0.0083984375             146              60
95200              84              86     0.008203125    0.0083984375             146              60
95300              84              86     0.008203125    0.0083984375             146              60
95400              84              86     0.008203125    0.0083984375             146              60
95500              84              86     0.008203125    0.0083984375             146              60
95600              84              86     0.008203125    0.0083984375             146              60
95700              84              86     0.008203125    0.0083984375             146              60
95800              84              86     0.008203125    0.0083984375             146              60
95900              84              86     0.008203125    0.0083984375             146              60
96000              84              86     0.008203125    0.0083984375             146              60
96100              84              86     0.008203125    0.0083984375             146              60
96200              84              86     0.008203125    0.0083984375             146              60
96300              84              86     0.008203125    0.0083984375             146              60
96400              82              87    0.0080078125   0.00849609375             147              60
96500              82              87    0.0080078125   0.00849609375             147              60
96600              82              87    0.0080078125   0.00849609375             147              60
96700              82              87    0.0080078125   0.00849609375             147              60
96800              82              87    0.0080078125   0.00849609375             147              60
96900              82              87    0.0080078125   0.00849609375             147              60
97000              82              87    0.0080078125   0.00849609375             147              60
97100              82              87    0.0080078125   0.00849609375             147              60
97200              82              87    0.0080078125   0.00849609375             147              60
97300              82              87    0.0080078125   0.00849609375             147              60
97400              82              87    0.0080078125   0.00849609375             147              60
97500              82              87    0.0080078125   0.00849609375             147              60
97600              80              88       0.0078125      0.00859375             148              60
97700              80              88       0.0078125      0.00859375             148              60
97800              80              88       0.0078125      0.00859375             148              60
97900              80              88       0.0078125      0.00859375             148              60
98000              80              88       0.0078125      0.00859375             148              60
98100              80              88       0.0078125      0.00859375             148              60
98200              80              88       0.0078125      0.00859375             148              60
98300              80              88       0.0078125      0.00859375             148              60
98400              78              89    0.0076171875   0.00869140625             149              60
98500              78              89    0.0076171875   0.00869140625             149              60
98600              78              89    0.0076171875   0.00869140625             149              60
98700              78              89    0.0076171875   0.00869140625             149              60
98800              78              89    0.0076171875   0.00869140625             149              60
98900              78              89    0.0076171875   0.00869140625             149              60
99000              80              88       0.0078125      0.00859375             149              61
99100              80              88       0.0078125      0.00859375             149              61
99200              78              89    0.0076171875   0.00869140625             150              61
99300              78              89    0.0076171875   0.00869140625             150              61
99400              78              89    0.0076171875   0.00869140625             150              61
99500              78              89    0.0076171875   0.00869140625             150              61
99600              78              89    0.0076171875   0.00869140625             150              61
99700              78              89    0.0076171875   0.00869140625             150              61
99800              78              89    0.0076171875   0.00869140625             150              61
99900              78              89    0.0076171875   0.00869140625             150              61
100000              78              89    0.0076171875   0.00869140625             150              61
