# Time-averaged data for fix observ
# TimeStep v_nfree v_ndimer v_cfree v_cdimer f_kinetics[2] f_kinetics[3]
0             256               0           0.025               0               0               0
100             256               0           0.025               0               0               0
200             256               0           0.025               0               0               0
300             254               1    0.0248046875    9.765625e-05               1               0
400             254               1    0.0248046875    9.765625e-05               1               0
500             250               3    0.0244140625   0.00029296875               3               0
600             250               3    0.0244140625   0.00029296875               3               0
700             250               3    0.0244140625   0.00029296875               3               0
800             250               3    0.0244140625   0.00029296875               3               0
900             250               3    0.0244140625   0.00029296875               3               0
1000             250               3    0.0244140625   0.00029296875               3               0
1100             248               4      0.02421875     0.000390625               4               0
1200             242               7    0.0236328125   0.00068359375               7               0
1300             240               8       0.0234375      0.00078125               8               0
1400             240               8       0.0234375      0.00078125               8               0
1500             240               8       0.0234375      0.00078125               8               0
1600             240               8       0.0234375      0.00078125               8               0
1700             240               8       0.0234375      0.00078125               8               0
1800             242               7    0.0236328125   0.00068359375               8               1
1900             242               7    0.0236328125   0.00068359375               8               1
2000             240               8       0.0234375      0.00078125               9               1
2100             240               8       0.0234375      0.00078125               9               1
2200             240               8       0.0234375      0.00078125               9               1
2300             236              10     0.023046875    0.0009765625              11               1
2400             236              10     0.023046875    0.0009765625              11               1
2500             234              11    0.0228515625   0.00107421875              12               1
2600             234              11    0.0228515625   0.00107421875              12               1
2700             234              11    0.0228515625   0.00107421875              12               1
2800             234              11    0.0228515625   0.00107421875              12               1
2900             232              12      0.02265625     0.001171875              13               1
3000             232              12      0.02265625     0.001171875              13               1
3100             230              13    0.0224609375   0.00126953125              14               1
3200             230              13    0.0224609375   0.00126953125              14               1
3300             232              12      0.02265625     0.001171875              14               2
3400             230              13    0.0224609375   0.00126953125              15               2
3500             230              13    0.0224609375   0.00126953125              15               2
3600             230              13    0.0224609375   0.00126953125              15               2
3700             230              13    0.0224609375   0.00126953125              15               2
3800             230              13    0.0224609375   0.00126953125              15               2
3900             230              13    0.0224609375   0.00126953125              15               2
4000             230              13    0.0224609375   0.00126953125              15               2
4100             230              13    0.0224609375   0.00126953125              15               2
4200             230              13    0.0224609375   0.00126953125              15               2
4300             224              16        0.021875       0.0015625              18               2
4400             224              16        0.021875       0.0015625              18               2
4500             224              16        0.021875       0.0015625              18               2
4600             222              17    0.0216796875   0.00166015625              19               2
4700             222              17    0.0216796875   0.00166015625              19               2
4800             220              18     0.021484375    0.0017578125              20               2
4900             220              18     0.021484375    0.0017578125              20               2
5000             218              19    0.0212890625   0.00185546875              21               2
5100             216              20      0.02109375     0.001953125              22               2
5200             216              20      0.02109375     0.001953125              22               2
5300             216              20      0.02109375     0.001953125              22               2
5400             216              20      0.02109375     0.001953125              22               2
5500             214              21    0.0208984375   0.00205078125              23               2
5600             214              21    0.0208984375   0.00205078125              23               2
5700             214              21    0.0208984375   0.00205078125              23               2
5800             214              21    0.0208984375   0.00205078125              23               2
5900             214              21    0.0208984375   0.00205078125              23               2
6000             214              21    0.0208984375   0.00205078125              23               2
6100             214              21    0.0208984375   0.00205078125              23               2
6200             212              22     0.020703125    0.0021484375              24               2
6300             210              23    0.0205078125   0.00224609375              25               2
6400             210              23    0.0205078125   0.00224609375              25               2
6500             210              23    0.0205078125   0.00224609375              25               2
6600             210              23    0.0205078125   0.00224609375              25               2
6700             208              24       0.0203125      0.00234375              26               2
6800             208              24       0.0203125      0.00234375              26               2
6900             208              24       0.0203125      0.00234375              26               2
7000             208              24       0.0203125      0.00234375              26               2
7100             206              25    0.0201171875   0.00244140625              27               2
7200             204              26     0.019921875    0.0025390625              28               2
7300             204              26     0.019921875    0.0025390625              28               2
7400             202              27    0.0197265625   0.00263671875              29               2
7500             198              29    0.0193359375   0.00283203125              31               2
7600             198              29    0.0193359375   0.00283203125              31               2
7700             198              29    0.0193359375   0.00283203125              31               2
7800             196              30     0.019140625    0.0029296875              32               2
7900             194              31    0.0189453125   0.00302734375              33               2
8000             190              33    0.0185546875   0.00322265625              35               2
8100             192              32         0.01875        0.003125              35               3
8200             192              32         0.01875        0.003125              35               3
8300             192              32         0.01875        0.003125              35               3
8400             192              32         0.01875        0.003125              36               4
8500             194              31    0.0189453125   0.00302734375              36               5
8600             194              31    0.0189453125   0.00302734375              36               5
8700             194              31    0.0189453125   0.00302734375              36               5
8800             192              32         0.01875        0.003125              37               5
8900             192              32         0.01875        0.003125              37               5
9000             190              33    0.0185546875   0.00322265625              38               5
9100             190              33    0.0185546875   0.00322265625              38               5
9200             188              34     0.018359375    0.0033203125              39               5
9300             188              34     0.018359375    0.0033203125              39               5
9400             188              34     0.018359375    0.0033203125              39               5
9500             190              33    0.0185546875   0.00322265625              39               6
9600             192              32         0.01875        0.003125              39               7
9700             192              32         0.01875        0.003125              39               7
9800             190              33    0.0185546875   0.00322265625              40               7
9900             190              33    0.0185546875   0.00322265625              41               8
10000             190              33    0.0185546875   0.00322265625              41               8
10100             190              33    0.0185546875   0.00322265625              41               8
10200             190              33    0.0185546875   0.00322265625              41               8
10300             192              32         0.01875        0.003125              41               9
10400             192              32         0.01875        0.003125              41               9
10500             190              33    0.0185546875   0.00322265625              42               9
10600             188              34     0.018359375    0.0033203125              43               9
10700             188              34     0.018359375    0.0033203125              43               9
10800             186              35    0.0181640625   0.00341796875              44               9
10900             186              35    0.0181640625   0.00341796875              44               9
11000             186              35    0.0181640625   0.00341796875              44               9
11100             186              35    0.0181640625   0.00341796875              44               9
11200             188              34     0.018359375    0.0033203125              44              10
11300             188              34     0.018359375    0.0033203125              44              10
11400             188              34     0.018359375    0.0033203125              44              10
11500             186              35    0.0181640625   0.00341796875              45              10
11600             184              36      0.01796875     0.003515625              46              10
11700             186              35    0.0181640625   0.00341796875              46              11
11800             186              35    0.0181640625   0.00341796875              47              12
11900             186              35    0.0181640625   0.00341796875              47              12
12000             186              35    0.0181640625   0.00341796875              47              12
12100             186              35    0.0181640625   0.00341796875              47              12
12200             184              36      0.01796875     0.003515625              48              12
12300             182              37    0.0177734375   0.00361328125              49              12
12400             182              37    0.0177734375   0.00361328125              49              12
12500             182              37    0.0177734375   0.00361328125              49              12
12600             184              36      0.01796875     0.003515625              49              13
12700             186              35    0.0181640625   0.00341796875              49              14
12800             186              35    0.0181640625   0.00341796875              49              14
12900             186              35    0.0181640625   0.00341796875              49              14
13000             186              35    0.0181640625   0.00341796875              49              14
13100             186              35    0.0181640625   0.00341796875              49              14
13200             186              35    0.0181640625   0.00341796875              49              14
13300             186              35    0.0181640625   0.00341796875              49              14
13400             186              35    0.0181640625   0.00341796875              49              14
13500             186              35    0.0181640625   0.00341796875              49              14
13600             186              35    0.0181640625   0.00341796875              49              14
13700             186              35    0.0181640625   0.00341796875              49              14
13800             186              35    0.0181640625   0.00341796875              49              14
13900             186              35    0.0181640625   0.00341796875              49              14
14000             184              36      0.01796875     0.003515625              50              14
14100             186              35    0.0181640625   0.00341796875              50              15
14200             186              35    0.0181640625   0.00341796875              50              15
14300             186              35    0.0181640625   0.00341796875              50              15
14400             186              35    0.0181640625   0.00341796875              50              15
14500             188              34     0.018359375    0.0033203125              50              16
14600             188              34     0.018359375    0.0033203125              50              16
14700             188              34     0.018359375    0.0033203125              50              16
14800             188              34     0.018359375    0.0033203125              50              16
14900             182              37    0.0177734375   0.00361328125              53              16
15000             180              38     0.017578125    0.0037109375              54              16
15100             180              38     0.017578125    0.0037109375              54              16
15200             180              38     0.017578125    0.0037109375              54              16
15300             180              38     0.017578125    0.0037109375              54              16
15400             180              38     0.017578125    0.0037109375              54              16
15500             180              38     0.017578125    0.0037109375              54              16
15600             180              38     0.017578125    0.0037109375              54              16
15700             180              38     0.017578125    0.0037109375              54              16
15800             180              38     0.017578125    0.0037109375              54              16
15900             180              38     0.017578125    0.0037109375              54              16
16000             180              38     0.017578125    0.0037109375              54              16
16100             180              38     0.017578125    0.0037109375              54              16
16200             182              37    0.0177734375   0.00361328125              54              17
16300             182              37    0.0177734375   0.00361328125              54              17
16400             182              37    0.0177734375   0.00361328125              54              17
16500             182              37    0.0177734375   0.00361328125              54              17
16600             182              37    0.0177734375   0.00361328125              54              17
16700             182              37    0.0177734375   0.00361328125              54              17
16800             182              37    0.0177734375   0.00361328125              54              17
16900             182              37    0.0177734375   0.00361328125              54              17
17000             182              37    0.0177734375   0.00361328125              54              17
17100             182              37    0.0177734375   0.00361328125              54              17
17200             182              37    0.0177734375   0.00361328125              54              17
17300             182              37    0.0177734375   0.00361328125              54              17
17400             180              38     0.017578125    0.0037109375              55              17
17500             180              38     0.017578125    0.0037109375              55              17
17600             180              38     0.017578125    0.0037109375              55              17
17700             178              39    0.0173828125   0.00380859375              56              17
17800             178              39    0.0173828125   0.00380859375              56              17
17900             178              39    0.0173828125   0.00380859375              56              17
18000             178              39    0.0173828125   0.00380859375              56              17
18100             176              40       0.0171875      0.00390625              57              17
18200             176              40       0.0171875      0.00390625              57              17
18300             176              40       0.0171875      0.00390625              57              17
18400             176              40       0.0171875      0.00390625              57              17
18500             178              39    0.0173828125   0.00380859375              57              18
18600             178              39    0.0173828125   0.00380859375              57              18
18700             178              39    0.0173828125   0.00380859375              57              18
18800             178              39    0.0173828125   0.00380859375              57              18
18900             178              39    0.0173828125   0.00380859375              57              18
19000             178              39    0.0173828125   0.00380859375              57              18
19100             180              38     0.017578125    0.0037109375              57              19
19200             180              38     0.017578125    0.0037109375              57              19
19300             180              38     0.017578125    0.0037109375              57              19
19400             180              38     0.017578125    0.0037109375              57              19
19500             180              38     0.017578125    0.0037109375              57              19
19600             180              38     0.017578125    0.0037109375              57              19
19700             180              38     0.017578125    0.0037109375              58              20
19800             178              39    0.0173828125   0.00380859375              59              20
19900             176              40       0.0171875      0.00390625              60              20
20000             174              41    0.0169921875   0.00400390625              61              20
20100             174              41    0.0169921875   0.00400390625              61              20
20200             174              41    0.0169921875   0.00400390625              61              20
20300             174              41    0.0169921875   0.00400390625              61              20
20400             174              41    0.0169921875   0.00400390625              61              20
20500             174              41    0.0169921875   0.00400390625              61              20
20600             174              41    0.0169921875   0.00400390625              61              20
20700             172              42     0.016796875    0.0041015625              62              20
20800             172              42     0.016796875    0.0041015625              62              20
20900             170              43    0.0166015625   0.00419921875              63              20
21000             170              43    0.0166015625   0.00419921875              63              20
21100             172              42     0.016796875    0.0041015625              63              21
21200             172              42     0.016796875    0.0041015625              64              22
21300             172              42     0.016796875    0.0041015625              64              22
21400             172              42     0.016796875    0.0041015625              64              22
21500             172              42     0.016796875    0.0041015625              64              22
21600             172              42     0.016796875    0.0041015625              64              22
21700             172              42     0.016796875    0.0041015625              64              22
21800             172              42     0.016796875    0.0041015625              64              22
21900             172              42     0.016796875    0.0041015625              64              22
22000             172              42     0.016796875    0.0041015625              64              22
22100             172              42     0.016796875    0.0041015625              64              22
22200             172              42     0.016796875    0.0041015625              64              22
22300             172              42     0.016796875    0.0041015625              64              22
22400             172              42     0.016796875    0.0041015625              64              22
22500             172              42     0.016796875    0.0041015625              64              22
22600             172              42     0.016796875    0.0041015625              64              22
22700             172              42     0.016796875    0.0041015625              64              22
22800             172              42     0.016796875    0.0041015625              64              22
22900             170              43    0.0166015625   0.00419921875              65              22
23000             170              43    0.0166015625   0.00419921875              65              22
23100             166              45    0.0162109375   0.00439453125              67              22
23200             166              45    0.0162109375   0.00439453125              67              22
23300             166              45    0.0162109375   0.00439453125              67              22
23400             166              45    0.0162109375   0.00439453125              67              22
23500             164              46     0.016015625    0.0044921875              68              22
23600             164              46     0.016015625    0.0044921875              68              22
23700             164              46     0.016015625    0.0044921875              68              22
23800             160              48        0.015625       0.0046875              70              22
23900             160              48        0.015625       0.0046875              70              22
24000             162              47    0.0158203125   0.00458984375              70              23
24100             162              47    0.0158203125   0.00458984375              70              23
24200             162              47    0.0158203125   0.00458984375              70              23
24300             162              47    0.0158203125   0.00458984375              70              23
24400             164              46     0.016015625    0.0044921875              70              24
24500             164              46     0.016015625    0.0044921875              70              24
24600             164              46     0.016015625    0.0044921875              70              24
24700             164              46     0.016015625    0.0044921875              70              24
24800             164              46     0.016015625    0.0044921875              70              24
24900             164              46     0.016015625    0.0044921875              70              24
25000             166              45    0.0162109375   0.00439453125              70              25
25100             168              44      0.01640625     0.004296875              70              26
25200             168              44      0.01640625     0.004296875              70              26
25300             168              44      0.01640625     0.004296875              70              26
25400             168              44      0.01640625     0.004296875              70              26
25500             168              44      0.01640625     0.004296875              70              26
25600             168              44      0.01640625     0.004296875              70              26
25700             168              44      0.01640625     0.004296875              71              27
25800             166              45    0.0162109375   0.00439453125              72              27
25900             166              45    0.0162109375   0.00439453125              72              27
26000             166              45    0.0162109375   0.00439453125              72              27
26100             168              44      0.01640625     0.004296875              72              28
26200             168              44      0.01640625     0.004296875              72              28
26300             170              43    0.0166015625   0.00419921875              72              29
26400             170              43    0.0166015625   0.00419921875              72              29
26500             170              43    0.0166015625   0.00419921875              72              29
26600             170              43    0.0166015625   0.00419921875              72              29
26700             170              43    0.0166015625   0.00419921875              72              29
26800             170              43    0.0166015625   0.00419921875              72              29
26900             170              43    0.0166015625   0.00419921875              72              29
27000             170              43    0.0166015625   0.00419921875              72              29
27100             170              43    0.0166015625   0.00419921875              72              29
27200             170              43    0.0166015625   0.00419921875              72              29
27300             170              43    0.0166015625   0.00419921875              72              29
27400             170              43    0.0166015625   0.00419921875              72              29
27500             170              43    0.0166015625   0.00419921875              72              29
27600             170              43    0.0166015625   0.00419921875              72              29
27700             174              41    0.0169921875   0.00400390625              72              31
27800             172              42     0.016796875    0.0041015625              73              31
27900             170              43    0.0166015625   0.00419921875              74              31
28000             172              42     0.016796875    0.0041015625              74              32
28100             172              42     0.016796875    0.0041015625              74              32
28200             172              42     0.016796875    0.0041015625              74              32
28300             172              42     0.016796875    0.0041015625              74              32
28400             170              43    0.0166015625   0.00419921875              75              32
28500             170              43    0.0166015625   0.00419921875              75              32
28600             168              44      0.01640625     0.004296875              76              32
28700             170              43    0.0166015625   0.00419921875              76              33
28800             172              42     0.016796875    0.0041015625              76              34
28900             172              42     0.016796875    0.0041015625              76              34
29000             172              42     0.016796875    0.0041015625              76              34
29100             172              42     0.016796875    0.0041015625              76              34
29200             172              42     0.016796875    0.0041015625              76              34
29300             172              42     0.016796875    0.0041015625              76              34
29400             170              43    0.0166015625   0.00419921875              77              34
29500             170              43    0.0166015625   0.00419921875              77              34
29600             170              43    0.0166015625   0.00419921875              77              34
29700             170              43    0.0166015625   0.00419921875              77              34
29800             170              43    0.0166015625   0.00419921875              77              34
29900             168              44      0.01640625     0.004296875              78              34
30000             168              44      0.01640625     0.004296875              78              34
30100             166              45    0.0162109375   0.00439453125              79              34
30200             168              44      0.01640625     0.004296875              79              35
30300             168              44      0.01640625     0.004296875              79              35
30400             168              44      0.01640625     0.004296875              79              35
30500             170              43    0.0166015625   0.00419921875              79              36
30600             170              43    0.0166015625   0.00419921875              79              36
30700             170              43    0.0166015625   0.00419921875              79              36
30800             174              41    0.0169921875   0.00400390625              79              38
30900             176              40       0.0171875      0.00390625              79              39
31000             176              40       0.0171875      0.00390625              79              39
31100             176              40       0.0171875      0.00390625              79              39
31200             174              41    0.0169921875   0.00400390625              80              39
31300             174              41    0.0169921875   0.00400390625              80              39
31400             174              41    0.0169921875   0.00400390625              80              39
31500             174              41    0.0169921875   0.00400390625              80              39
31600             174              41    0.0169921875   0.00400390625              80              39
31700             174              41    0.0169921875   0.00400390625              80              39
31800             174              41    0.0169921875   0.00400390625              80              39
31900             174              41    0.0169921875   0.00400390625              80              39
32000             174              41    0.0169921875   0.00400390625              80              39
32100             174              41    0.0169921875   0.00400390625              80              39
32200             174              41    0.0169921875   0.00400390625              80              39
32300             174              41    0.0169921875   0.00400390625              80              39
32400             172              42     0.016796875    0.0041015625              81              39
32500             172              42     0.016796875    0.0041015625              82              40
32600             174              41    0.0169921875   0.00400390625              82              41
32700             174              41    0.0169921875   0.00400390625              82              41
32800             174              41    0.0169921875   0.00400390625              82              41
32900             174              41    0.0169921875   0.00400390625              84              43
33000             174              41    0.0169921875   0.00400390625              84              43
33100             172              42     0.016796875    0.0041015625              85              43
33200             170              43    0.0166015625   0.00419921875              86              43
33300             172              42     0.016796875    0.0041015625              86              44
33400             172              42     0.016796875    0.0041015625              86              44
33500             172              42     0.016796875    0.0041015625              86              44
33600             174              41    0.0169921875   0.00400390625              86              45
33700             170              43    0.0166015625   0.00419921875              88              45
33800             172              42     0.016796875    0.0041015625              88              46
33900             172              42     0.016796875    0.0041015625              88              46
34000             172              42     0.016796875    0.0041015625              88              46
34100             168              44      0.01640625     0.004296875              90              46
34200             168              44      0.01640625     0.004296875              90              46
34300             168              44      0.01640625     0.004296875              90              46
34400             168              44      0.01640625     0.004296875              90              46
34500             168              44      0.01640625     0.004296875              90              46
34600             168              44      0.01640625     0.004296875              90              46
34700             170              43    0.0166015625   0.00419921875              90              47
34800             168              44      0.01640625     0.004296875              91              47
34900             166              45    0.0162109375   0.00439453125              92              47
35000             164              46     0.016015625    0.0044921875              93              47
35100             164              46     0.016015625    0.0044921875              93              47
35200             164              46     0.016015625    0.0044921875              93              47
35300             164              46     0.016015625    0.0044921875              93              47
35400             164              46     0.016015625    0.0044921875              93              47
35500             162              47    0.0158203125   0.00458984375              94              47
35600             162              47    0.0158203125   0.00458984375              94              47
35700             162              47    0.0158203125   0.00458984375              94              47
35800             160              48        0.015625       0.0046875              95              47
35900             160              48        0.015625       0.0046875              96              48
36000             160              48        0.015625       0.0046875              96              48
36100             160              48        0.015625       0.0046875              96              48
36200             158              49    0.0154296875   0.00478515625              97              48
36300             160              48        0.015625       0.0046875              97              49
36400             160              48        0.015625       0.0046875              97              49
36500             160              48        0.015625       0.0046875              97              49
36600             162              47    0.0158203125   0.00458984375              97              50
36700             162              47    0.0158203125   0.00458984375              97              50
36800             162              47    0.0158203125   0.00458984375              97              50
36900             162              47    0.0158203125   0.00458984375              97              50
37000             162              47    0.0158203125   0.00458984375              97              50
37100             162              47    0.0158203125   0.00458984375              97              50
37200             162              47    0.0158203125   0.00458984375              97              50
37300             162              47    0.0158203125   0.00458984375              97              50
37400             162              47    0.0158203125   0.00458984375              97              50
37500             162              47    0.0158203125   0.00458984375              97              50
37600             162              47    0.0158203125   0.00458984375              97              50
37700             160              48        0.015625       0.0046875              98              50
37800             160              48        0.015625       0.0046875              98              50
37900             160              48        0.015625       0.0046875              98              50
38000             160              48        0.015625       0.0046875              98              50
38100             160              48        0.015625       0.0046875              98              50
38200             160              48        0.015625       0.0046875              98              50
38300             160              48        0.015625       0.0046875              98              50
38400             162              47    0.0158203125   0.00458984375              98              51
38500             160              48        0.015625       0.0046875              99              51
38600             160              48        0.015625       0.0046875              99              51
38700             160              48        0.015625       0.0046875              99              51
38800             160              48        0.015625       0.0046875              99              51
38900             162              47    0.0158203125   0.00458984375              99              52
39000             162              47    0.0158203125   0.00458984375              99              52
39100             160              48        0.015625       0.0046875             100              52
39200             160              48        0.015625       0.0046875             100              52
39300             160              48        0.015625       0.0046875             100              52
39400             160              48        0.015625       0.0046875             100              52
39500             160              48        0.015625       0.0046875             100              52
39600             160              48        0.015625       0.0046875             100              52
39700             158              49    0.0154296875   0.00478515625             101              52
39800             156              50     0.015234375    0.0048828125             102              52
39900             158              49    0.0154296875   0.00478515625             102              53
40000             158              49    0.0154296875   0.00478515625             102              53
40100             158              49    0.0154296875   0.00478515625             102              53
40200             158              49    0.0154296875   0.00478515625             102              53
40300             158              49    0.0154296875   0.00478515625             102              53
40400             158              49    0.0154296875   0.00478515625             102              53
40500             158              49    0.0154296875   0.00478515625             102              53
40600             160              48        0.015625       0.0046875             102              54
40700             162              47    0.0158203125   0.00458984375             102              55
40800             162              47    0.0158203125   0.00458984375             102              55
40900             160              48        0.015625       0.0046875             103              55
41000             160              48        0.015625       0.0046875             103              55
41100             162              47    0.0158203125   0.00458984375             103              56
41200             162              47    0.0158203125   0.00458984375             103              56
41300             160              48        0.015625       0.0046875             104              56
41400             160              48        0.015625       0.0046875             104              56
41500             160              48        0.015625       0.0046875             105              57
41600             160              48        0.015625       0.0046875             105              57
41700             158              49    0.0154296875   0.00478515625             106              57
41800             160              48        0.015625       0.0046875             106              58
41900             158              49    0.0154296875   0.00478515625             107              58
42000             158              49    0.0154296875   0.00478515625             107              58
42100             158              49    0.0154296875   0.00478515625             107              58
42200             158              49    0.0154296875   0.00478515625             107              58
42300             158              49    0.0154296875   0.00478515625             107              58
42400             158              49    0.0154296875   0.00478515625             107              58
42500             158              49    0.0154296875   0.00478515625             108              59
42600             158              49    0.0154296875   0.00478515625             108              59
42700             158              49    0.0154296875   0.00478515625             108              59
42800             158              49    0.0154296875   0.00478515625             108              59
42900             158              49    0.0154296875   0.00478515625             108              59
43000             158              49    0.0154296875   0.00478515625             108              59
43100             158              49    0.0154296875   0.00478515625             108              59
43200             158              49    0.0154296875   0.00478515625             108              59
43300             156              50     0.015234375    0.0048828125             109              59
43400             154              51    0.0150390625   0.00498046875             110              59
43500             154              51    0.0150390625   0.00498046875             110              59
43600             154              51    0.0150390625   0.00498046875             110              59
43700             154              51    0.0150390625   0.00498046875             110              59
43800             154              51    0.0150390625   0.00498046875             110              59
43900             154              51    0.0150390625   0.00498046875             110              59
44000             152              52      0.01484375     0.005078125             111              59
44100             152              52      0.01484375     0.005078125             111              59
44200             152              52      0.01484375     0.005078125             111              59
44300             152              52      0.01484375     0.005078125             111              59
44400             154              51    0.0150390625   0.00498046875             111              60
44500             156              50     0.015234375    0.0048828125             111              61
44600             156              50     0.015234375    0.0048828125             111              61
44700             156              50     0.015234375    0.0048828125             111              61
44800             158              49    0.0154296875   0.00478515625             111              62
44900             158              49    0.0154296875   0.00478515625             111              62
45000             160              48        0.015625       0.0046875             111              63
45100             160              48        0.015625       0.0046875             111              63
45200             160              48        0.015625       0.0046875             111              63
45300             160              48        0.015625       0.0046875             111              63
45400             160              48        0.015625       0.0046875             111              63
45500             160              48        0.015625       0.0046875             111              63
45600             162              47    0.0158203125   0.00458984375             112              65
45700             162              47    0.0158203125   0.00458984375             112              65
45800             162              47    0.0158203125   0.00458984375             112              65
45900             160              48        0.015625       0.0046875             113              65
46000             160              48        0.015625       0.0046875             113              65
46100             160              48        0.015625       0.0046875             114              66
46200             160              48        0.015625       0.0046875             114              66
46300             160              48        0.015625       0.0046875             114              66
46400             160              48        0.015625       0.0046875             114              66
46500             160              48        0.015625       0.0046875             114              66
46600             160              48        0.015625       0.0046875             114              66
46700             160              48        0.015625       0.0046875             114              66
46800             162              47    0.0158203125   0.00458984375             114              67
46900             162              47    0.0158203125   0.00458984375             114              67
47000             164              46     0.016015625    0.0044921875             114              68
47100             166              45    0.0162109375   0.00439453125             114              69
47200             166              45    0.0162109375   0.00439453125             114              69
47300             166              45    0.0162109375   0.00439453125             114              69
47400             166              45    0.0162109375   0.00439453125             114              69
47500             164              46     0.016015625    0.0044921875             115              69
47600             164              46     0.016015625    0.0044921875             115              69
47700             164              46     0.016015625    0.0044921875             115              69
47800             164              46     0.016015625    0.0044921875             115              69
47900             164              46     0.016015625    0.0044921875             115              69
48000             162              47    0.0158203125   0.00458984375             116              69
48100             162              47    0.0158203125   0.00458984375             116              69
48200             162              47    0.0158203125   0.00458984375             116              69
48300             162              47    0.0158203125   0.00458984375             116              69
48400             162              47    0.0158203125   0.00458984375             116              69
48500             162              47    0.0158203125   0.00458984375             116              69
48600             162              47    0.0158203125   0.00458984375             116              69
48700             164              46     0.016015625    0.0044921875             116              70
48800             164              46     0.016015625    0.0044921875             116              70
48900             164              46     0.016015625    0.0044921875             116              70
49000             162              47    0.0158203125   0.00458984375             117              70
49100             162              47    0.0158203125   0.00458984375             117              70
49200             162              47    0.0158203125   0.00458984375             117              70
49300             162              47    0.0158203125   0.00458984375             117              70
49400             158              49    0.0154296875   0.00478515625             119              70
49500             158              49    0.0154296875   0.00478515625             119              70
49600             156              50     0.015234375    0.0048828125             120              70
49700             156              50     0.015234375    0.0048828125             120              70
49800             156              50     0.015234375    0.0048828125             120              70
49900             156              50     0.015234375    0.0048828125             120              70
50000             156              50     0.015234375    0.0048828125             120              70
50100             154              51    0.0150390625   0.00498046875             121              70
50200             154              51    0.0150390625   0.00498046875             121              70
50300             154              51    0.0150390625   0.00498046875             121              70
50400             158              49    0.0154296875   0.00478515625             121              72
50500             158              49    0.0154296875   0.00478515625             121              72
50600             158              49    0.0154296875   0.00478515625             121              72
50700             158              49    0.0154296875   0.00478515625             121              72
50800             160              48        0.015625       0.0046875             121              73
50900             160              48        0.015625       0.0046875             121              73
51000             158              49    0.0154296875   0.00478515625             122              73
51100             156              50     0.015234375    0.0048828125             123              73
51200             156              50     0.015234375    0.0048828125             123              73
51300             156              50     0.015234375    0.0048828125             123              73
51400             156              50     0.015234375    0.0048828125             123              73
51500             158              49    0.0154296875   0.00478515625             123              74
51600             158              49    0.0154296875   0.00478515625             123              74
51700             160              48        0.015625       0.0046875             123              75
51800             158              49    0.0154296875   0.00478515625             124              75
51900             158              49    0.0154296875   0.00478515625             124              75
52000             158              49    0.0154296875   0.00478515625             124              75
52100             162              47    0.0158203125   0.00458984375             124              77
52200             162              47    0.0158203125   0.00458984375             125              78
52300             164              46     0.016015625    0.0044921875             125              79
52400             162              47    0.0158203125   0.00458984375             126              79
52500             162              47    0.0158203125   0.00458984375             126              79
52600             162              47    0.0158203125   0.00458984375             126              79
52700             162              47    0.0158203125   0.00458984375             126              79
52800             162              47    0.0158203125   0.00458984375             126              79
52900             162              47    0.0158203125   0.00458984375             126              79
53000             164              46     0.016015625    0.0044921875             126              80
53100             164              46     0.016015625    0.0044921875             126              80
53200             164              46     0.016015625    0.0044921875             126              80
53300             164              46     0.016015625    0.0044921875             126              80
53400             164              46     0.016015625    0.0044921875             126              80
53500             164              46     0.016015625    0.0044921875             126              80
53600             164              46     0.016015625    0.0044921875             126              80
53700             164              46     0.016015625    0.0044921875             126              80
53800             164              46     0.016015625    0.0044921875             126              80
53900             166              45    0.0162109375   0.00439453125             126              81
54000             166              45    0.0162109375   0.00439453125             126              81
54100             168              44      0.01640625     0.004296875             126              82
54200             168              44      0.01640625     0.004296875             126              82
54300             168              44      0.01640625     0.004296875             126              82
54400             166              45    0.0162109375   0.00439453125             127              82
54500             166              45    0.0162109375   0.00439453125             127              82
54600             168              44      0.01640625     0.004296875             127              83
54700             168              44      0.01640625     0.004296875             127              83
54800             170              43    0.0166015625   0.00419921875             127              84
54900             168              44      0.01640625     0.004296875             128              84
55000             168              44      0.01640625     0.004296875             128              84
55100             168              44      0.01640625     0.004296875             128              84
55200             168              44      0.01640625     0.004296875             128              84
55300             168              44      0.01640625     0.004296875             128              84
55400             168              44      0.01640625     0.004296875             128              84
55500             168              44      0.01640625     0.004296875             128              84
55600             168              44      0.01640625     0.004296875             128              84
55700             168              44      0.01640625     0.004296875             128              84
55800             168              44      0.01640625     0.004296875             128              84
55900             168              44      0.01640625     0.004296875             128              84
56000             168              44      0.01640625     0.004296875             128              84
56100             166              45    0.0162109375   0.00439453125             129              84
56200             166              45    0.0162109375   0.00439453125             129              84
56300             166              45    0.0162109375   0.00439453125             129              84
56400             168              44      0.01640625     0.004296875             129              85
56500             168              44      0.01640625     0.004296875             129              85
56600             168              44      0.01640625     0.004296875             129              85
56700             168              44      0.01640625     0.004296875             129              85
56800             168              44      0.01640625     0.004296875             129              85
56900             168              44      0.01640625     0.004296875             129              85
57000             170              43    0.0166015625   0.00419921875             129              86
57100             170              43    0.0166015625   0.00419921875             129              86
57200             166              45    0.0162109375   0.00439453125             131              86
57300             166              45    0.0162109375   0.00439453125             132              87
57400             166              45    0.0162109375   0.00439453125             132              87
57500             164              46     0.016015625    0.0044921875             133              87
57600             162              47    0.0158203125   0.00458984375             134              87
57700             162              47    0.0158203125   0.00458984375             134              87
57800             162              47    0.0158203125   0.00458984375             134              87
57900             160              48        0.015625       0.0046875             135              87
58000             160              48        0.015625       0.0046875             135              87
58100             160              48        0.015625       0.0046875             135              87
58200             160              48        0.015625       0.0046875             135              87
58300             160              48        0.015625       0.0046875             135              87
58400             162              47    0.0158203125   0.00458984375             135              88
58500             162              47    0.0158203125   0.00458984375             135              88
58600             162              47    0.0158203125   0.00458984375             135              88
58700             162              47    0.0158203125   0.00458984375             136              89
58800             162              47    0.0158203125   0.00458984375             136              89
58900             162              47    0.0158203125   0.00458984375             136              89
59000             162              47    0.0158203125   0.00458984375             136              89
59100             162              47    0.0158203125   0.00458984375             136              89
59200             164              46     0.016015625    0.0044921875             136              90
59300             162              47    0.0158203125   0.00458984375             137              90
59400             160              48        0.015625       0.0046875             138              90
59500             160              48        0.015625       0.0046875             138              90
59600             160              48        0.015625       0.0046875             138              90
59700             160              48        0.015625       0.0046875             138              90
59800             158              49    0.0154296875   0.00478515625             139              90
59900             158              49    0.0154296875   0.00478515625             139              90
60000             158              49    0.0154296875   0.00478515625             139              90
60100             160              48        0.015625       0.0046875             139              91
60200             160              48        0.015625       0.0046875             139              91
60300             158              49    0.0154296875   0.00478515625             140              91
60400             158              49    0.0154296875   0.00478515625             140              91
60500             156              50     0.015234375    0.0048828125             141              91
60600             158              49    0.0154296875   0.00478515625             141              92
60700             158              49    0.0154296875   0.00478515625             141              92
60800             158              49    0.0154296875   0.00478515625             141              92
60900             158              49    0.0154296875   0.00478515625             141              92
61000             158              49    0.0154296875   0.00478515625             141              92
61100             158              49    0.0154296875   0.00478515625             141              92
61200             158              49    0.0154296875   0.00478515625             141              92
61300             158              49    0.0154296875   0.00478515625             141              92
61400             158              49    0.0154296875   0.00478515625             141              92
61500             158              49    0.0154296875   0.00478515625             141              92
61600             156              50     0.015234375    0.0048828125             142              92
61700             156              50     0.015234375    0.0048828125             143              93
61800             156              50     0.015234375    0.0048828125             143              93
61900             156              50     0.015234375    0.0048828125             143              93
62000             156              50     0.015234375    0.0048828125             143              93
62100             156              50     0.015234375    0.0048828125             143              93
62200             156              50     0.015234375    0.0048828125             143              93
62300             156              50     0.015234375    0.0048828125             143              93
62400             156              50     0.015234375    0.0048828125             143              93
62500             156              50     0.015234375    0.0048828125             143              93
62600             156              50     0.015234375    0.0048828125             143              93
62700             156              50     0.015234375    0.0048828125             143              93
62800             156              50     0.015234375    0.0048828125             143              93
62900             154              51    0.0150390625   0.00498046875             145              94
63000             154              51    0.0150390625   0.00498046875             145              94
63100             154              51    0.0150390625   0.00498046875             145              94
63200             154              51    0.0150390625   0.00498046875             145              94
63300             154              51    0.0150390625   0.00498046875             145              94
63400             154              51    0.0150390625   0.00498046875             145              94
63500             154              51    0.0150390625   0.00498046875             145              94
63600             152              52      0.01484375     0.005078125             146              94
63700             152              52      0.01484375     0.005078125             147              95
63800             150              53    0.0146484375   0.00517578125             148              95
63900             150              53    0.0146484375   0.00517578125             148              95
64000             150              53    0.0146484375   0.00517578125             148              95
64100             152              52      0.01484375     0.005078125             148              96
64200             152              52      0.01484375     0.005078125             149              97
64300             152              52      0.01484375     0.005078125             149              97
64400             152              52      0.01484375     0.005078125             149              97
64500             152              52      0.01484375     0.005078125             149              97
64600             154              51    0.0150390625   0.00498046875             149              98
64700             154              51    0.0150390625   0.00498046875             149              98
64800             154              51    0.0150390625   0.00498046875             149              98
64900             150              53    0.0146484375   0.00517578125             151              98
65000             150              53    0.0146484375   0.00517578125             151              98
65100             148              54     0.014453125    0.0052734375             152              98
65200             148              54     0.014453125    0.0052734375             152              98
65300             148              54     0.014453125    0.0052734375             152              98
65400             148              54     0.014453125    0.0052734375             152              98
65500             150              53    0.0146484375   0.00517578125             152              99
65600             150              53    0.0146484375   0.00517578125             152              99
65700             150              53    0.0146484375   0.00517578125             152              99
65800             150              53    0.0146484375   0.00517578125             152              99
65900             148              54     0.014453125    0.0052734375             153              99
66000             148              54     0.014453125    0.0052734375             154             100
66100             150              53    0.0146484375   0.00517578125             154             101
66200             150              53    0.0146484375   0.00517578125             154             101
66300             148              54     0.014453125    0.0052734375             155             101
66400             150              53    0.0146484375   0.00517578125             155             102
66500             150              53    0.0146484375   0.00517578125             155             102
66600             152              52      0.01484375     0.005078125             156             104
66700             152              52      0.01484375     0.005078125             156             104
66800             154              51    0.0150390625   0.00498046875             156             105
66900             154              51    0.0150390625   0.00498046875             156             105
67000             154              51    0.0150390625   0.00498046875             156             105
67100             154              51    0.0150390625   0.00498046875             156             105
67200             154              51    0.0150390625   0.00498046875             156             105
67300             154              51    0.0150390625   0.00498046875             156             105
67400             154              51    0.0150390625   0.00498046875             156             105
67500             154              51    0.0150390625   0.00498046875             156             105
67600             152              52      0.01484375     0.005078125             157             105
67700             154              51    0.0150390625   0.00498046875             157             106
67800             156              50     0.015234375    0.0048828125             157             107
67900             156              50     0.015234375    0.0048828125             157             107
68000             152              52      0.01484375     0.005078125             159             107
68100             152              52      0.01484375     0.005078125             159             107
68200             152              52      0.01484375     0.005078125             159             107
68300             154              51    0.0150390625   0.00498046875             159             108
68400             152              52      0.01484375     0.005078125             160             108
68500             152              52      0.01484375     0.005078125             160             108
68600             152              52      0.01484375     0.005078125             160             108
68700             154              51    0.0150390625   0.00498046875             160             109
68800             156              50     0.015234375    0.0048828125             160             110
68900             156              50     0.015234375    0.0048828125             160             110
69000             156              50     0.015234375    0.0048828125             160             110
69100             156              50     0.015234375    0.0048828125             160             110
69200             156              50     0.015234375    0.0048828125             160             110
69300             154              51    0.0150390625   0.00498046875             161             110
69400             154              51    0.0150390625   0.00498046875             161             110
69500             152              52      0.01484375     0.005078125             162             110
69600             152              52      0.01484375     0.005078125             162             110
69700             152              52      0.01484375     0.005078125             162             110
69800             148              54     0.014453125    0.0052734375             164             110
69900             148              54     0.014453125    0.0052734375             164             110
70000             148              54     0.014453125    0.0052734375             165             111
70100             148              54     0.014453125    0.0052734375             165             111
70200             150              53    0.0146484375   0.00517578125             165             112
70300             150              53    0.0146484375   0.00517578125             165             112
70400             152              52      0.01484375     0.005078125             165             113
70500             152              52      0.01484375     0.005078125             165             113
70600             152              52      0.01484375     0.005078125             166             114
70700             150              53    0.0146484375   0.00517578125             167             114
70800             150              53    0.0146484375   0.00517578125             167             114
70900             152              52      0.01484375     0.005078125             167             115
71000             152              52      0.01484375     0.005078125             167             115
71100             152              52      0.01484375     0.005078125             167             115
71200             152              52      0.01484375     0.005078125             168             116
71300             154              51    0.0150390625   0.00498046875             168             117
71400             154              51    0.0150390625   0.00498046875             168             117
71500             154              51    0.0150390625   0.00498046875             168             117
71600             156              50     0.015234375    0.0048828125             168             118
71700             156              50     0.015234375    0.0048828125             168             118
71800             156              50     0.015234375    0.0048828125             168             118
71900             156              50     0.015234375    0.0048828125             168             118
72000             156              50     0.015234375    0.0048828125             168             118
72100             156              50     0.015234375    0.0048828125             168             118
72200             156              50     0.015234375    0.0048828125             168             118
72300             156              50     0.015234375    0.0048828125             168             118
72400             158              49    0.0154296875   0.00478515625             168             119
72500             158              49    0.0154296875   0.00478515625             168             119
72600             160              48        0.015625       0.0046875             168             120
72700             160              48        0.015625       0.0046875             168             120
72800             160              48        0.015625       0.0046875             168             120
72900             160              48        0.015625       0.0046875             168             120
73000             162              47    0.0158203125   0.00458984375             168             121
73100             162              47    0.0158203125   0.00458984375             168             121
73200             164              46     0.016015625    0.0044921875             168             122
73300             164              46     0.016015625    0.0044921875             168             122
73400             164              46     0.016015625    0.0044921875             168             122
73500             164              46     0.016015625    0.0044921875             168             122
73600             162              47    0.0158203125   0.00458984375             169             122
73700             162              47    0.0158203125   0.00458984375             169             122
73800             162              47    0.0158203125   0.00458984375             169             122
73900             162              47    0.0158203125   0.00458984375             169             122
74000             162              47    0.0158203125   0.00458984375             169             122
74100             162              47    0.0158203125   0.00458984375             169             122
74200             162              47    0.0158203125   0.00458984375             169             122
74300             160              48        0.015625       0.0046875             170             122
74400             160              48        0.015625       0.0046875             171             123
74500             162              47    0.0158203125   0.00458984375             171             124
74600             160              48        0.015625       0.0046875             172             124
74700             158              49    0.0154296875   0.00478515625             173             124
74800             158              49    0.0154296875   0.00478515625             173             124
74900             158              49    0.0154296875   0.00478515625             173             124
75000             156              50     0.015234375    0.0048828125             174             124
75100             158              49    0.0154296875   0.00478515625             174             125
75200             156              50     0.015234375    0.0048828125             175             125
75300             158              49    0.0154296875   0.00478515625             175             126
75400             158              49    0.0154296875   0.00478515625             175             126
75500             156              50     0.015234375    0.0048828125             176             126
75600             158              49    0.0154296875   0.00478515625             176             127
75700             156              50     0.015234375    0.0048828125             177             127
75800             156              50     0.015234375    0.0048828125             177             127
75900             150              53    0.0146484375   0.00517578125             180             127
76000             152              52      0.01484375     0.005078125             180             128
76100             152              52      0.01484375     0.005078125             180             128
76200             156              50     0.015234375    0.0048828125             180             130
76300             154              51    0.0150390625   0.00498046875             181             130
76400             152              52      0.01484375     0.005078125             182             130
76500             156              50     0.015234375    0.0048828125             182             132
76600             156              50     0.015234375    0.0048828125             182             132
76700             156              50     0.015234375    0.0048828125             182             132
76800             154              51    0.0150390625   0.00498046875             184             133
76900             154              51    0.0150390625   0.00498046875             184             133
77000             156              50     0.015234375    0.0048828125             184             134
77100             156              50     0.015234375    0.0048828125             184             134
77200             156              50     0.015234375    0.0048828125             184             134
77300             156              50     0.015234375    0.0048828125             184             134
77400             156              50     0.015234375    0.0048828125             184             134
77500             156              50     0.015234375    0.0048828125             184             134
77600             156              50     0.015234375    0.0048828125             184             134
77700             156              50     0.015234375    0.0048828125             184             134
77800             156              50     0.015234375    0.0048828125             184             134
77900             156              50     0.015234375    0.0048828125             184             134
78000             156              50     0.015234375    0.0048828125             184             134
78100             154              51    0.0150390625   0.00498046875             185             134
78200             154              51    0.0150390625   0.00498046875             185             134
78300             154              51    0.0150390625   0.00498046875             185             134
78400             154              51    0.0150390625   0.00498046875             185             134
78500             154              51    0.0150390625   0.00498046875             185             134
78600             154              51    0.0150390625   0.00498046875             185             134
78700             152              52      0.01484375     0.005078125             186             134
78800             152              52      0.01484375     0.005078125             186             134
78900             152              52      0.01484375     0.005078125             186             134
79000             150              53    0.0146484375   0.00517578125             187             134
79100             150              53    0.0146484375   0.00517578125             187             134
79200             150              53    0.0146484375   0.00517578125             187             134
79300             150              53    0.0146484375   0.00517578125             187             134
79400             150              53    0.0146484375   0.00517578125             187             134
79500             150              53    0.0146484375   0.00517578125             187             134
79600             148              54     0.014453125    0.0052734375             188             134
79700             148              54     0.014453125    0.0052734375             188             134
79800             148              54     0.014453125    0.0052734375             188             134
79900             148              54     0.014453125    0.0052734375             188             134
80000             148              54     0.014453125    0.0052734375             188             134
80100             148              54     0.014453125    0.0052734375             188             134
80200             148              54     0.014453125    0.0052734375             188             134
80300             148              54     0.014453125    0.0052734375             188             134
80400             148              54     0.014453125    0.0052734375             188             134
80500             150              53    0.0146484375   0.00517578125             188             135
80600             150              53    0.0146484375   0.00517578125             188             135
80700             148              54     0.014453125    0.0052734375             189             135
80800             148              54     0.014453125    0.0052734375             189             135
80900             148              54     0.014453125    0.0052734375             189             135
81000             148              54     0.014453125    0.0052734375             189             135
81100             148              54     0.014453125    0.0052734375             189             135
81200             148              54     0.014453125    0.0052734375             190             136
81300             148              54     0.014453125    0.0052734375             190             136
81400             148              54     0.014453125    0.0052734375             190             136
81500             150              53    0.0146484375   0.00517578125             190             137
81600             152              52      0.01484375     0.005078125             190             138
81700             152              52      0.01484375     0.005078125             190             138
81800             152              52      0.01484375     0.005078125             190             138
81900             152              52      0.01484375     0.005078125             190             138
82000             152              52      0.01484375     0.005078125             190             138
82100             152              52      0.01484375     0.005078125             190             138
82200             152              52      0.01484375     0.005078125             190             138
82300             152              52      0.01484375     0.005078125             190             138
82400             154              51    0.0150390625   0.00498046875             190             139
82500             154              51    0.0150390625   0.00498046875             190             139
82600             154              51    0.0150390625   0.00498046875             190             139
82700             154              51    0.0150390625   0.00498046875             190             139
82800             154              51    0.0150390625   0.00498046875             190             139
82900             152              52      0.01484375     0.005078125             191             139
83000             152              52      0.01484375     0.005078125             191             139
83100             152              52      0.01484375     0.005078125             191             139
83200             152              52      0.01484375     0.005078125             191             139
83300             152              52      0.01484375     0.005078125             191             139
83400             152              52      0.01484375     0.005078125             191             139
83500             152              52      0.01484375     0.005078125             192             140
83600             150              53    0.0146484375   0.00517578125             193             140
83700             150              53    0.0146484375   0.00517578125             193             140
83800             150              53    0.0146484375   0.00517578125             193             140
83900             150              53    0.0146484375   0.00517578125             193             140
84000             150              53    0.0146484375   0.00517578125             193             140
84100             150              53    0.0146484375   0.00517578125             193             140
84200             150              53    0.0146484375   0.00517578125             193             140
84300             150              53    0.0146484375   0.00517578125             193             140
84400             156              50     0.015234375    0.0048828125             193             143
84500             158              49    0.0154296875   0.00478515625             193             144
84600             158              49    0.0154296875   0.00478515625             193             144
84700             158              49    0.0154296875   0.00478515625             193             144
84800             158              49    0.0154296875   0.00478515625             193             144
84900             160              48        0.015625       0.0046875             193             145
85000             158              49    0.0154296875   0.00478515625             194             145
85100             158              49    0.0154296875   0.00478515625             194             145
85200             156              50     0.015234375    0.0048828125             195             145
85300             154              51    0.0150390625   0.00498046875             196             145
85400             154              51    0.0150390625   0.00498046875             196             145
85500             154              51    0.0150390625   0.00498046875             196             145
85600             154              51    0.0150390625   0.00498046875             196             145
85700             154              51    0.0150390625   0.00498046875             196             145
85800             154              51    0.0150390625   0.00498046875             196             145
85900             154              51    0.0150390625   0.00498046875             196             145
86000             154              51    0.0150390625   0.00498046875             196             145
86100             152              52      0.01484375     0.005078125             197             145
86200             152              52      0.01484375     0.005078125             197             145
86300             152              52      0.01484375     0.005078125             197             145
86400             152              52      0.01484375     0.005078125             197             145
86500             150              53    0.0146484375   0.00517578125             198             145
86600             150              53    0.0146484375   0.00517578125             198             145
86700             150              53    0.0146484375   0.00517578125             198             145
86800             152              52      0.01484375     0.005078125             198             146
86900             154              51    0.0150390625   0.00498046875             198             147
87000             154              51    0.0150390625   0.00498046875             198             147
87100             154              51    0.0150390625   0.00498046875             198             147
87200             154              51    0.0150390625   0.00498046875             198             147
87300             154              51    0.0150390625   0.00498046875             198             147
87400             152              52      0.01484375     0.005078125             199             147
87500             154              51    0.0150390625   0.00498046875             199             148
87600             154              51    0.0150390625   0.00498046875             199             148
87700             154              51    0.0150390625   0.00498046875             199             148
87800             154              51    0.0150390625   0.00498046875             199             148
87900             154              51    0.0150390625   0.00498046875             199             148
88000             154              51    0.0150390625   0.00498046875             199             148
88100             156              50     0.015234375    0.0048828125             199             149
88200             160              48        0.015625       0.0046875             199             151
88300             160              48        0.015625       0.0046875             200             152
88400             160              48        0.015625       0.0046875             200             152
88500             160              48        0.015625       0.0046875             200             152
88600             162              47    0.0158203125   0.00458984375             200             153
88700             162              47    0.0158203125   0.00458984375             200             153
88800             164              46     0.016015625    0.0044921875             200             154
88900             164              46     0.016015625    0.0044921875             200             154
89000             164              46     0.016015625    0.0044921875             200             154
89100             164              46     0.016015625    0.0044921875             200             154
89200             162              47    0.0158203125   0.00458984375             201             154
89300             162              47    0.0158203125   0.00458984375             201             154
89400             162              47    0.0158203125   0.00458984375             201             154
89500             160              48        0.015625       0.0046875             202             154
89600             162              47    0.0158203125   0.00458984375             202             155
89700             162              47    0.0158203125   0.00458984375             202             155
89800             164              46     0.016015625    0.0044921875             202             156
89900             164              46     0.016015625    0.0044921875             202             156
90000             164              46     0.016015625    0.0044921875             202             156
90100             164              46     0.016015625    0.0044921875             202             156
90200             164              46     0.016015625    0.0044921875             202             156
90300             164              46     0.016015625    0.0044921875             202             156
90400             164              46     0.016015625    0.0044921875             202             156
90500             166              45    0.0162109375   0.00439453125             202             157
90600             166              45    0.0162109375   0.00439453125             202             157
90700             166              45    0.0162109375   0.00439453125             202             157
90800             166              45    0.0162109375   0.00439453125             202             157
90900             166              45    0.0162109375   0.00439453125             202             157
91000             166              45    0.0162109375   0.00439453125             202             157
91100             166              45    0.0162109375   0.00439453125             202             157
91200             166              45    0.0162109375   0.00439453125             202             157
91300             164              46     0.016015625    0.0044921875             203             157
91400             164              46     0.016015625    0.0044921875             203             157
91500             164              46     0.016015625    0.0044921875             203             157
91600             166              45    0.0162109375   0.00439453125             203             158
91700             168              44      0.01640625     0.004296875             203             159
91800             168              44      0.01640625     0.004296875             203             159
91900             168              44      0.01640625     0.004296875             203             159
92000             168              44      0.01640625     0.004296875             203             159
92100             172              42     0.016796875    0.0041015625             203             161
92200             170              43    0.0166015625   0.00419921875             204             161
92300             170              43    0.0166015625   0.00419921875             204             161
92400             168              44      0.01640625     0.004296875             205             161
92500             168              44      0.01640625     0.004296875             205             161
92600             168              44      0.01640625     0.004296875             205             161
92700             168              44      0.01640625     0.004296875             205             161
92800             166              45    0.0162109375   0.00439453125             206             161
92900             166              45    0.0162109375   0.00439453125             206             161
93000             166              45    0.0162109375   0.00439453125             206             161
93100             164              46     0.016015625    0.0044921875             207             161
93200             164              46     0.016015625    0.0044921875             207             161
93300             166              45    0.0162109375   0.00439453125             207             162
93400             166              45    0.0162109375   0.00439453125             208             163
93500             166              45    0.0162109375   0.00439453125             208             163
93600             164              46     0.016015625    0.0044921875             209             163
93700             162              47    0.0158203125   0.00458984375             210             163
93800             164              46     0.016015625    0.0044921875             210             164
93900             164              46     0.016015625    0.0044921875             210             164
94000             166              45    0.0162109375   0.00439453125             210             165
94100             164              46     0.016015625    0.0044921875             211             165
94200             162              47    0.0158203125   0.00458984375             213             166
94300             162              47    0.0158203125   0.00458984375             213             166
94400             162              47    0.0158203125   0.00458984375             213             166
94500             160              48        0.015625       0.0046875             214             166
94600             158              49    0.0154296875   0.00478515625             215             166
94700             158              49    0.0154296875   0.00478515625             215             166
94800             158              49    0.0154296875   0.00478515625             215             166
94900             160              48        0.015625       0.0046875             215             167
95000             160              48        0.015625       0.0046875             215             167
95100             160              48        0.015625       0.0046875             215             167
95200             160              48        0.015625       0.0046875             215             167
95300             160              48        0.015625       0.0046875             215             167
95400             160              48        0.015625       0.0046875             215             167
95500             160              48        0.015625       0.0046875             215             167
95600             160              48        0.015625       0.0046875             215             167
95700             160              48        0.015625       0.0046875             215             167
95800             160              48        0.015625       0.0046875             215             167
95900             160              48        0.015625       0.0046875             215             167
96000             160              48        0.015625       0.0046875             215             167
96100             158              49    0.0154296875   0.00478515625             216             167
96200             158              49    0.0154296875   0.00478515625             216             167
96300             158              49    0.0154296875   0.00478515625             216             167
96400             158              49    0.0154296875   0.00478515625             216             167
96500             158              49    0.0154296875   0.00478515625             216             167
96600             158              49    0.0154296875   0.00478515625             216             167
96700             156              50     0.015234375    0.0048828125             217             167
96800             156              50     0.015234375    0.0048828125             217             167
96900             154              51    0.0150390625   0.00498046875             218             167
97000             154              51    0.0150390625   0.00498046875             218             167
97100             154              51    0.0150390625   0.00498046875             218             167
97200             154              51    0.0150390625   0.00498046875             218             167
97300             154              51    0.0150390625   0.00498046875             218             167
97400             154              51    0.0150390625   0.00498046875             218             167
97500             154              51    0.0150390625   0.00498046875             218             167
97600             154              51    0.0150390625   0.00498046875             218             167
97700             154              51    0.0150390625   0.00498046875             218             167
97800             154              51    0.0150390625   0.00498046875             218             167
97900             154              51    0.0150390625   0.00498046875             218             167
98000             154              51    0.0150390625   0.00498046875             218             167
98100             154              51    0.0150390625   0.00498046875             218             167
98200             154              51    0.0150390625   0.00498046875             218             167
98300             156              50     0.015234375    0.0048828125             218             168
98400             158              49    0.0154296875   0.00478515625             218             169
98500             158              49    0.0154296875   0.00478515625             218             169
98600             156              50     0.015234375    0.0048828125             219             169
98700             156              50     0.015234375    0.0048828125             219             169
98800             156              50     0.015234375    0.0048828125             219             169
98900             156              50     0.015234375    0.0048828125             219             169
99000             156              50     0.015234375    0.0048828125             219             169
99100             158              49    0.0154296875   0.00478515625             219             170
99200             160              48        0.015625       0.0046875             219             171
99300             162              47    0.0158203125   0.00458984375             219             172
99400             160              48        0.015625       0.0046875             221             173
99500             160              48        0.015625       0.0046875             221             173
99600             158              49    0.0154296875   0.00478515625             222             173
99700             160              48        0.015625       0.0046875             222             174
99800             160              48        0.015625       0.0046875             222             174
99900             160              48        0.015625       0.0046875             223             175
100000             160              48        0.015625       0.0046875             223             175
