# Time-averaged data for fix observ
# TimeStep v_nfree v_ndimer v_cfree v_cdimer f_kinetics[2] f_kinetics[3]
0             256               0            0.05               0               0               0
100             254               1     0.049609375    0.0001953125               1               0
200             254               1     0.049609375    0.0001953125               1               0
300             254               1     0.049609375    0.0001953125               1               0
400             252               2      0.04921875     0.000390625               2               0
500             252               2      0.04921875     0.000390625               2               0
600             252               2      0.04921875     0.000390625               2               0
700             252               2      0.04921875     0.000390625               2               0
800             250               3     0.048828125    0.0005859375               3               0
900             250               3     0.048828125    0.0005859375               3               0
1000             250               3     0.048828125    0.0005859375               3               0
1100             248               4       0.0484375      0.00078125               4               0
1200             248               4       0.0484375      0.00078125               4               0
1300             248               4       0.0484375      0.00078125               4               0
1400             246               5     0.048046875    0.0009765625               5               0
1500             244               6      0.04765625     0.001171875               6               0
1600             242               7     0.047265625    0.0013671875               7               0
1700             242               7     0.047265625    0.0013671875               7               0
1800             242               7     0.047265625    0.0013671875               7               0
1900             242               7     0.047265625    0.0013671875               7               0
2000             240               8        0.046875       0.0015625               8               0
2100             240               8        0.046875       0.0015625               8               0
2200             240               8        0.046875       0.0015625               8               0
2300             238               9     0.046484375    0.0017578125               9               0
2400             236              10      0.04609375     0.001953125              10               0
2500             234              11     0.045703125    0.0021484375              11               0
2600             234              11     0.045703125    0.0021484375              11               0
2700             232              12       0.0453125      0.00234375              12               0
2800             232              12       0.0453125      0.00234375              12               0
2900             232              12       0.0453125      0.00234375              12               0
3000             230              13     0.044921875    0.0025390625              13               0
3100             230              13     0.044921875    0.0025390625              13               0
3200             228              14      0.04453125     0.002734375              14               0
3300             228              14      0.04453125     0.002734375              14               0
3400             228              14      0.04453125     0.002734375              14               0
3500             228              14      0.04453125     0.002734375              14               0
3600             228              14      0.04453125     0.002734375              14               0
3700             228              14      0.04453125     0.002734375              14               0
3800             230              13     0.044921875    0.0025390625              14               1
3900             232              12       0.0453125      0.00234375              14               2
4000             232              12       0.0453125      0.00234375              14               2
4100             230              13     0.044921875    0.0025390625              15               2
4200             230              13     0.044921875    0.0025390625              15               2
4300             230              13     0.044921875    0.0025390625              15               2
4400             228              14      0.04453125     0.002734375              16               2
4500             226              15     0.044140625    0.0029296875              17               2
4600             228              14      0.04453125     0.002734375              17               3
4700             226              15     0.044140625    0.0029296875              18               3
4800             228              14      0.04453125     0.002734375              18               4
4900             228              14      0.04453125     0.002734375              18               4
5000             230              13     0.044921875    0.0025390625              18               5
5100             230              13     0.044921875    0.0025390625              18               5
5200             230              13     0.044921875    0.0025390625              19               6
5300             230              13     0.044921875    0.0025390625              19               6
5400             232              12       0.0453125      0.00234375              19               7
5500             232              12       0.0453125      0.00234375              19               7
5600             228              14      0.04453125     0.002734375              21               7
5700             228              14      0.04453125     0.002734375              21               7
5800             228              14      0.04453125     0.002734375              21               7
5900             228              14      0.04453125     0.002734375              21               7
6000             228              14      0.04453125     0.002734375              22               8
6100             228              14      0.04453125     0.002734375              22               8
6200             228              14      0.04453125     0.002734375              22               8
6300             226              15     0.044140625    0.0029296875              23               8
6400             228              14      0.04453125     0.002734375              23               9
6500             226              15     0.044140625    0.0029296875              24               9
6600             230              13     0.044921875    0.0025390625              24              11
6700             230              13     0.044921875    0.0025390625              24              11
6800             228              14      0.04453125     0.002734375              25              11
6900             228              14      0.04453125     0.002734375              25              11
7000             228              14      0.04453125     0.002734375              25              11
7100             222              17     0.043359375    0.0033203125              28              11
7200             222              17     0.043359375    0.0033203125              28              11
7300             222              17     0.043359375    0.0033203125              28              11
7400             224              16         0.04375        0.003125              29              13
7500             224              16         0.04375        0.003125              29              13
7600             222              17     0.043359375    0.0033203125              30              13
7700             222              17     0.043359375    0.0033203125              30              13
7800             224              16         0.04375        0.003125              30              14
7900             224              16         0.04375        0.003125              31              15
8000             224              16         0.04375        0.003125              31              15
8100             224              16         0.04375        0.003125              31              15
8200             220              18      0.04296875     0.003515625              33              15
8300             220              18      0.04296875     0.003515625              34              16
8400             222              17     0.043359375    0.0033203125              34              17
8500             222              17     0.043359375    0.0033203125              34              17
8600             226              15     0.044140625    0.0029296875              35              20
8700             226              15     0.044140625    0.0029296875              35              20
8800             226              15     0.044140625    0.0029296875              36              21
8900             226              15     0.044140625    0.0029296875              36              21
9000             228              14      0.04453125     0.002734375              36              22
9100             230              13     0.044921875    0.0025390625              36              23
9200             230              13     0.044921875    0.0025390625              36              23
9300             230              13     0.044921875    0.0025390625              36              23
9400             230              13     0.044921875    0.0025390625              36              23
9500             230              13     0.044921875    0.0025390625              36              23
9600             226              15     0.044140625    0.0029296875              38              23
9700             226              15     0.044140625    0.0029296875              38              23
9800             222              17     0.043359375    0.0033203125              40              23
9900             222              17     0.043359375    0.0033203125              40              23
10000             220              18      0.04296875     0.003515625              41              23
10100             220              18      0.04296875     0.003515625              41              23
10200             220              18      0.04296875     0.003515625              41              23
10300             220              18      0.04296875     0.003515625              41              23
10400             224              16         0.04375        0.003125              41              25
10500             226              15     0.044140625    0.0029296875              41              26
10600             226              15     0.044140625    0.0029296875              42              27
10700             224              16         0.04375        0.003125              43              27
10800             224              16         0.04375        0.003125              44              28
10900             224              16         0.04375        0.003125              44              28
11000             222              17     0.043359375    0.0033203125              45              28
11100             226              15     0.044140625    0.0029296875              45              30
11200             226              15     0.044140625    0.0029296875              45              30
11300             226              15     0.044140625    0.0029296875              45              30
11400             222              17     0.043359375    0.0033203125              47              30
11500             220              18      0.04296875     0.003515625              48              30
11600             222              17     0.043359375    0.0033203125              48              31
11700             220              18      0.04296875     0.003515625              49              31
11800             220              18      0.04296875     0.003515625              49              31
11900             222              17     0.043359375    0.0033203125              49              32
12000             220              18      0.04296875     0.003515625              50              32
12100             220              18      0.04296875     0.003515625              50              32
12200             222              17     0.043359375    0.0033203125              51              34
12300             218              19     0.042578125    0.0037109375              53              34
12400             218              19     0.042578125    0.0037109375              54              35
12500             220              18      0.04296875     0.003515625              54              36
12600             218              19     0.042578125    0.0037109375              55              36
12700             218              19     0.042578125    0.0037109375              55              36
12800             218              19     0.042578125    0.0037109375              55              36
12900             218              19     0.042578125    0.0037109375              56              37
13000             218              19     0.042578125    0.0037109375              56              37
13100             218              19     0.042578125    0.0037109375              56              37
13200             218              19     0.042578125    0.0037109375              56              37
13300             218              19     0.042578125    0.0037109375              56              37
13400             220              18      0.04296875     0.003515625              56              38
13500             218              19     0.042578125    0.0037109375              57              38
13600             216              20       0.0421875      0.00390625              58              38
13700             216              20       0.0421875      0.00390625              58              38
13800             218              19     0.042578125    0.0037109375              58              39
13900             222              17     0.043359375    0.0033203125              58              41
14000             222              17     0.043359375    0.0033203125              58              41
14100             220              18      0.04296875     0.003515625              59              41
14200             220              18      0.04296875     0.003515625              59              41
14300             220              18      0.04296875     0.003515625              59              41
14400             222              17     0.043359375    0.0033203125              59              42
14500             220              18      0.04296875     0.003515625              60              42
14600             220              18      0.04296875     0.003515625              60              42
14700             220              18      0.04296875     0.003515625              61              43
14800             220              18      0.04296875     0.003515625              61              43
14900             222              17     0.043359375    0.0033203125              61              44
15000             224              16         0.04375        0.003125              61              45
15100             222              17     0.043359375    0.0033203125              62              45
15200             222              17     0.043359375    0.0033203125              62              45
15300             222              17     0.043359375    0.0033203125              62              45
15400             222              17     0.043359375    0.0033203125              62              45
15500             222              17     0.043359375    0.0033203125              62              45
15600             222              17     0.043359375    0.0033203125              62              45
15700             222              17     0.043359375    0.0033203125              62              45
15800             222              17     0.043359375    0.0033203125              62              45
15900             222              17     0.043359375    0.0033203125              62              45
16000             222              17     0.043359375    0.0033203125              62              45
16100             220              18      0.04296875     0.003515625              63              45
16200             220              18      0.04296875     0.003515625              63              45
16300             220              18      0.04296875     0.003515625              64              46
16400             220              18      0.04296875     0.003515625              64              46
16500             220              18      0.04296875     0.003515625              64              46
16600             220              18      0.04296875     0.003515625              65              47
16700             220              18      0.04296875     0.003515625              65              47
16800             220              18      0.04296875     0.003515625              65              47
16900             218              19     0.042578125    0.0037109375              66              47
17000             220              18      0.04296875     0.003515625              66              48
17100             218              19     0.042578125    0.0037109375              67              48
17200             216              20       0.0421875      0.00390625              68              48
17300             218              19     0.042578125    0.0037109375              68              49
17400             216              20       0.0421875      0.00390625              69              49
17500             216              20       0.0421875      0.00390625              69              49
17600             216              20       0.0421875      0.00390625              69              49
17700             216              20       0.0421875      0.00390625              69              49
17800             218              19     0.042578125    0.0037109375              69              50
17900             216              20       0.0421875      0.00390625              70              50
18000             218              19     0.042578125    0.0037109375              70              51
18100             216              20       0.0421875      0.00390625              71              51
18200             218              19     0.042578125    0.0037109375              71              52
18300             218              19     0.042578125    0.0037109375              71              52
18400             214              21     0.041796875    0.0041015625              73              52
18500             212              22      0.04140625     0.004296875              74              52
18600             212              22      0.04140625     0.004296875              74              52
18700             212              22      0.04140625     0.004296875              74              52
18800             212              22      0.04140625     0.004296875              74              52
18900             210              23     0.041015625    0.0044921875              76              53
19000             212              22      0.04140625     0.004296875              76              54
19100             210              23     0.041015625    0.0044921875              77              54
19200             208              24        0.040625       0.0046875              78              54
19300             210              23     0.041015625    0.0044921875              78              55
19400             212              22      0.04140625     0.004296875              79              57
19500             212              22      0.04140625     0.004296875              79              57
19600             208              24        0.040625       0.0046875              81              57
19700             208              24        0.040625       0.0046875              81              57
19800             204              26      0.03984375     0.005078125              83              57
19900             204              26      0.03984375     0.005078125              84              58
20000             208              24        0.040625       0.0046875              84              60
20100             208              24        0.040625       0.0046875              84              60
20200             208              24        0.040625       0.0046875              84              60
20300             208              24        0.040625       0.0046875              85              61
20400             208              24        0.040625       0.0046875              85              61
20500             206              25     0.040234375    0.0048828125              86              61
20600             206              25     0.040234375    0.0048828125              86              61
20700             206              25     0.040234375    0.0048828125              86              61
20800             206              25     0.040234375    0.0048828125              86              61
20900             206              25     0.040234375    0.0048828125              87              62
21000             204              26      0.03984375     0.005078125              88              62
21100             204              26      0.03984375     0.005078125              88              62
21200             202              27     0.039453125    0.0052734375              89              62
21300             206              25     0.040234375    0.0048828125              89              64
21400             210              23     0.041015625    0.0044921875              89              66
21500             212              22      0.04140625     0.004296875              89              67
21600             212              22      0.04140625     0.004296875              89              67
21700             212              22      0.04140625     0.004296875              90              68
21800             212              22      0.04140625     0.004296875              91              69
21900             212              22      0.04140625     0.004296875              91              69
22000             212              22      0.04140625     0.004296875              91              69
22100             210              23     0.041015625    0.0044921875              92              69
22200             212              22      0.04140625     0.004296875              92              70
22300             214              21     0.041796875    0.0041015625              92              71
22400             214              21     0.041796875    0.0041015625              92              71
22500             214              21     0.041796875    0.0041015625              93              72
22600             212              22      0.04140625     0.004296875              94              72
22700             208              24        0.040625       0.0046875              96              72
22800             208              24        0.040625       0.0046875              96              72
22900             212              22      0.04140625     0.004296875              96              74
23000             212              22      0.04140625     0.004296875              96              74
23100             214              21     0.041796875    0.0041015625              96              75
23200             214              21     0.041796875    0.0041015625              96              75
23300             214              21     0.041796875    0.0041015625              97              76
23400             214              21     0.041796875    0.0041015625              97              76
23500             214              21     0.041796875    0.0041015625              97              76
23600             214              21     0.041796875    0.0041015625              97              76
23700             216              20       0.0421875      0.00390625              97              77
23800             214              21     0.041796875    0.0041015625              98              77
23900             214              21     0.041796875    0.0041015625              98              77
24000             214              21     0.041796875    0.0041015625              98              77
24100             216              20       0.0421875      0.00390625              98              78
24200             214              21     0.041796875    0.0041015625              99              78
24300             216              20       0.0421875      0.00390625              99              79
24400             216              20       0.0421875      0.00390625              99              79
24500             216              20       0.0421875      0.00390625              99              79
24600             216              20       0.0421875      0.00390625              99              79
24700             214              21     0.041796875    0.0041015625             100              79
24800             212              22      0.04140625     0.004296875             101              79
24900             212              22      0.04140625     0.004296875             101              79
25000             214              21     0.041796875    0.0041015625             101              80
25100             216              20       0.0421875      0.00390625             101              81
25200             216              20       0.0421875      0.00390625             101              81
25300             214              21     0.041796875    0.0041015625             102              81
25400             214              21     0.041796875    0.0041015625             103              82
25500             214              21     0.041796875    0.0041015625             103              82
25600             214              21     0.041796875    0.0041015625             103              82
25700             212              22      0.04140625     0.004296875             105              83
25800             212              22      0.04140625     0.004296875             105              83
25900             214              21     0.041796875    0.0041015625             105              84
26000             214              21     0.041796875    0.0041015625             105              84
26100             216              20       0.0421875      0.00390625             105              85
26200             216              20       0.0421875      0.00390625             105              85
26300             216              20       0.0421875      0.00390625             105              85
26400             212              22      0.04140625     0.004296875             107              85
26500             214              21     0.041796875    0.0041015625             107              86
26600             214              21     0.041796875    0.0041015625             107              86
26700             214              21     0.041796875    0.0041015625             107              86
26800             214              21     0.041796875    0.0041015625             107              86
26900             214              21     0.041796875    0.0041015625             107              86
27000             212              22      0.04140625     0.004296875             108              86
27100             214              21     0.041796875    0.0041015625             108              87
27200             212              22      0.04140625     0.004296875             109              87
27300             210              23     0.041015625    0.0044921875             110              87
27400             210              23     0.041015625    0.0044921875             111              88
27500             210              23     0.041015625    0.0044921875             112              89
27600             208              24        0.040625       0.0046875             113              89
27700             208              24        0.040625       0.0046875             113              89
27800             210              23     0.041015625    0.0044921875             113              90
27900             210              23     0.041015625    0.0044921875             113              90
28000             212              22      0.04140625     0.004296875             113              91
28100             212              22      0.04140625     0.004296875             113              91
28200             212              22      0.04140625     0.004296875             113              91
28300             212              22      0.04140625     0.004296875             113              91
28400             210              23     0.041015625    0.0044921875             114              91
28500             210              23     0.041015625    0.0044921875             114              91
28600             210              23     0.041015625    0.0044921875             114              91
28700             208              24        0.040625       0.0046875             115              91
28800             208              24        0.040625       0.0046875             115              91
28900             206              25     0.040234375    0.0048828125             116              91
29000             206              25     0.040234375    0.0048828125             117              92
29100             204              26      0.03984375     0.005078125             118              92
29200             206              25     0.040234375    0.0048828125             118              93
29300             202              27     0.039453125    0.0052734375             120              93
29400             204              26      0.03984375     0.005078125             121              95
29500             204              26      0.03984375     0.005078125             121              95
29600             204              26      0.03984375     0.005078125             121              95
29700             204              26      0.03984375     0.005078125             121              95
29800             206              25     0.040234375    0.0048828125             122              97
29900             208              24        0.040625       0.0046875             122              98
30000             208              24        0.040625       0.0046875             122              98
30100             206              25     0.040234375    0.0048828125             123              98
30200             206              25     0.040234375    0.0048828125             124              99
30300             206              25     0.040234375    0.0048828125             125             100
30400             206              25     0.040234375    0.0048828125             125             100
30500             206              25     0.040234375    0.0048828125             125             100
30600             208              24        0.040625       0.0046875             125             101
30700             210              23     0.041015625    0.0044921875             126             103
30800             212              22      0.04140625     0.004296875             126             104
30900             212              22      0.04140625     0.004296875             126             104
31000             210              23     0.041015625    0.0044921875             127             104
31100             210              23     0.041015625    0.0044921875             127             104
31200             210              23     0.041015625    0.0044921875             128             105
31300             210              23     0.041015625    0.0044921875             128             105
31400             212              22      0.04140625     0.004296875             128             106
31500             214              21     0.041796875    0.0041015625             128             107
31600             212              22      0.04140625     0.004296875             129             107
31700             214              21     0.041796875    0.0041015625             129             108
31800             214              21     0.041796875    0.0041015625             129             108
31900             212              22      0.04140625     0.004296875             130             108
32000             212              22      0.04140625     0.004296875             130             108
32100             214              21     0.041796875    0.0041015625             130             109
32200             214              21     0.041796875    0.0041015625             131             110
32300             214              21     0.041796875    0.0041015625             131             110
32400             210              23     0.041015625    0.0044921875             133             110
32500             210              23     0.041015625    0.0044921875             133             110
32600             210              23     0.041015625    0.0044921875             133             110
32700             212              22      0.04140625     0.004296875             133             111
32800             210              23     0.041015625    0.0044921875             134             111
32900             210              23     0.041015625    0.0044921875             134             111
33000             214              21     0.041796875    0.0041015625             134             113
33100             212              22      0.04140625     0.004296875             135             113
33200             212              22      0.04140625     0.004296875             136             114
33300             212              22      0.04140625     0.004296875             136             114
33400             210              23     0.041015625    0.0044921875             137             114
33500             210              23     0.041015625    0.0044921875             137             114
33600             210              23     0.041015625    0.0044921875             137             114
33700             212              22      0.04140625     0.004296875             137             115
33800             214              21     0.041796875    0.0041015625             137             116
33900             216              20       0.0421875      0.00390625             137             117
34000             218              19     0.042578125    0.0037109375             137             118
34100             218              19     0.042578125    0.0037109375             137             118
34200             218              19     0.042578125    0.0037109375             137             118
34300             216              20       0.0421875      0.00390625             138             118
34400             216              20       0.0421875      0.00390625             139             119
34500             216              20       0.0421875      0.00390625             139             119
34600             216              20       0.0421875      0.00390625             139             119
34700             216              20       0.0421875      0.00390625             139             119
34800             218              19     0.042578125    0.0037109375             139             120
34900             218              19     0.042578125    0.0037109375             139             120
35000             214              21     0.041796875    0.0041015625             142             121
35100             216              20       0.0421875      0.00390625             142             122
35200             216              20       0.0421875      0.00390625             142             122
35300             216              20       0.0421875      0.00390625             142             122
35400             216              20       0.0421875      0.00390625             142             122
35500             216              20       0.0421875      0.00390625             142             122
35600             214              21     0.041796875    0.0041015625             143             122
35700             214              21     0.041796875    0.0041015625             143             122
35800             214              21     0.041796875    0.0041015625             143             122
35900             214              21     0.041796875    0.0041015625             143             122
36000             214              21     0.041796875    0.0041015625             143             122
36100             216              20       0.0421875      0.00390625             143             123
36200             214              21     0.041796875    0.0041015625             144             123
36300             214              21     0.041796875    0.0041015625             144             123
36400             216              20       0.0421875      0.00390625             144             124
36500             214              21     0.041796875    0.0041015625             145             124
36600             214              21     0.041796875    0.0041015625             145             124
36700             212              22      0.04140625     0.004296875             146             124
36800             210              23     0.041015625    0.0044921875             147             124
36900             212              22      0.04140625     0.004296875             147             125
37000             212              22      0.04140625     0.004296875             148             126
37100             212              22      0.04140625     0.004296875             148             126
37200             210              23     0.041015625    0.0044921875             149             126
37300             210              23     0.041015625    0.0044921875             149             126
37400             208              24        0.040625       0.0046875             150             126
37500             208              24        0.040625       0.0046875             152             128
37600             208              24        0.040625       0.0046875             152             128
37700             210              23     0.041015625    0.0044921875             152             129
37800             212              22      0.04140625     0.004296875             152             130
37900             212              22      0.04140625     0.004296875             152             130
38000             212              22      0.04140625     0.004296875             152             130
38100             214              21     0.041796875    0.0041015625             152             131
38200             214              21     0.041796875    0.0041015625             152             131
38300             216              20       0.0421875      0.00390625             152             132
38400             216              20       0.0421875      0.00390625             152             132
38500             218              19     0.042578125    0.0037109375             152             133
38600             218              19     0.042578125    0.0037109375             152             133
38700             218              19     0.042578125    0.0037109375             152             133
38800             218              19     0.042578125    0.0037109375             153             134
38900             216              20       0.0421875      0.00390625             154             134
39000             216              20       0.0421875      0.00390625             154             134
39100             214              21     0.041796875    0.0041015625             155             134
39200             214              21     0.041796875    0.0041015625             155             134
39300             214              21     0.041796875    0.0041015625             156             135
39400             216              20       0.0421875      0.00390625             156             136
39500             216              20       0.0421875      0.00390625             156             136
39600             216              20       0.0421875      0.00390625             156             136
39700             218              19     0.042578125    0.0037109375             156             137
39800             218              19     0.042578125    0.0037109375             156             137
39900             218              19     0.042578125    0.0037109375             156             137
40000             214              21     0.041796875    0.0041015625             158             137
40100             220              18      0.04296875     0.003515625             158             140
40200             220              18      0.04296875     0.003515625             158             140
40300             216              20       0.0421875      0.00390625             160             140
40400             216              20       0.0421875      0.00390625             160             140
40500             216              20       0.0421875      0.00390625             160             140
40600             216              20       0.0421875      0.00390625             160             140
40700             216              20       0.0421875      0.00390625             160             140
40800             214              21     0.041796875    0.0041015625             161             140
40900             214              21     0.041796875    0.0041015625             162             141
41000             214              21     0.041796875    0.0041015625             162             141
41100             212              22      0.04140625     0.004296875             163             141
41200             212              22      0.04140625     0.004296875             163             141
41300             212              22      0.04140625     0.004296875             163             141
41400             208              24        0.040625       0.0046875             165             141
41500             208              24        0.040625       0.0046875             165             141
41600             208              24        0.040625       0.0046875             165             141
41700             208              24        0.040625       0.0046875             165             141
41800             208              24        0.040625       0.0046875             165             141
41900             206              25     0.040234375    0.0048828125             166             141
42000             204              26      0.03984375     0.005078125             167             141
42100             204              26      0.03984375     0.005078125             167             141
42200             206              25     0.040234375    0.0048828125             167             142
42300             204              26      0.03984375     0.005078125             168             142
42400             202              27     0.039453125    0.0052734375             169             142
42500             200              28       0.0390625      0.00546875             170             142
42600             196              30      0.03828125     0.005859375             172             142
42700             194              31     0.037890625    0.0060546875             173             142
42800             192              32          0.0375         0.00625             175             143
42900             192              32          0.0375         0.00625             176             144
43000             194              31     0.037890625    0.0060546875             176             145
43100             194              31     0.037890625    0.0060546875             176             145
43200             196              30      0.03828125     0.005859375             176             146
43300             198              29     0.038671875    0.0056640625             176             147
43400             198              29     0.038671875    0.0056640625             176             147
43500             194              31     0.037890625    0.0060546875             179             148
43600             194              31     0.037890625    0.0060546875             179             148
43700             194              31     0.037890625    0.0060546875             179             148
43800             196              30      0.03828125     0.005859375             179             149
43900             196              30      0.03828125     0.005859375             179             149
44000             196              30      0.03828125     0.005859375             179             149
44100             196              30      0.03828125     0.005859375             179             149
44200             198              29     0.038671875    0.0056640625             179             150
44300             200              28       0.0390625      0.00546875             179             151
44400             202              27     0.039453125    0.0052734375             179             152
44500             202              27     0.039453125    0.0052734375             179             152
44600             202              27     0.039453125    0.0052734375             179             152
44700             200              28       0.0390625      0.00546875             180             152
44800             200              28       0.0390625      0.00546875             182             154
44900             200              28       0.0390625      0.00546875             182             154
45000             198              29     0.038671875    0.0056640625             183             154
45100             202              27     0.039453125    0.0052734375             183             156
45200             200              28       0.0390625      0.00546875             184             156
45300             198              29     0.038671875    0.0056640625             185             156
45400             198              29     0.038671875    0.0056640625             185             156
45500             200              28       0.0390625      0.00546875             185             157
45600             198              29     0.038671875    0.0056640625             186             157
45700             200              28       0.0390625      0.00546875             186             158
45800             200              28       0.0390625      0.00546875             186             158
45900             202              27     0.039453125    0.0052734375             186             159
46000             202              27     0.039453125    0.0052734375             186             159
46100             204              26      0.03984375     0.005078125             186             160
46200             206              25     0.040234375    0.0048828125             186             161
46300             206              25     0.040234375    0.0048828125             186             161
46400             206              25     0.040234375    0.0048828125             187             162
46500             206              25     0.040234375    0.0048828125             187             162
46600             204              26      0.03984375     0.005078125             188             162
46700             204              26      0.03984375     0.005078125             188             162
46800             202              27     0.039453125    0.0052734375             189             162
46900             204              26      0.03984375     0.005078125             190             164
47000             204              26      0.03984375     0.005078125             190             164
47100             204              26      0.03984375     0.005078125             190             164
47200             202              27     0.039453125    0.0052734375             192             165
47300             202              27     0.039453125    0.0052734375             193             166
47400             198              29     0.038671875    0.0056640625             195             166
47500             200              28       0.0390625      0.00546875             195             167
47600             200              28       0.0390625      0.00546875             195             167
47700             198              29     0.038671875    0.0056640625             196             167
47800             202              27     0.039453125    0.0052734375             196             169
47900             204              26      0.03984375     0.005078125             196             170
48000             208              24        0.040625       0.0046875             196             172
48100             210              23     0.041015625    0.0044921875             196             173
48200             210              23     0.041015625    0.0044921875             197             174
48300             206              25     0.040234375    0.0048828125             199             174
48400             206              25     0.040234375    0.0048828125             199             174
48500             206              25     0.040234375    0.0048828125             199             174
48600             208              24        0.040625       0.0046875             199             175
48700             206              25     0.040234375    0.0048828125             200             175
48800             206              25     0.040234375    0.0048828125             200             175
48900             208              24        0.040625       0.0046875             200             176
49000             208              24        0.040625       0.0046875             200             176
49100             210              23     0.041015625    0.0044921875             200             177
49200             216              20       0.0421875      0.00390625             200             180
49300             216              20       0.0421875      0.00390625             200             180
49400             216              20       0.0421875      0.00390625             200             180
49500             216              20       0.0421875      0.00390625             200             180
49600             214              21     0.041796875    0.0041015625             201             180
49700             214              21     0.041796875    0.0041015625             202             181
49800             214              21     0.041796875    0.0041015625             203             182
49900             214              21     0.041796875    0.0041015625             203             182
50000             210              23     0.041015625    0.0044921875             205             182
50100             210              23     0.041015625    0.0044921875             205             182
50200             210              23     0.041015625    0.0044921875             205             182
50300             210              23     0.041015625    0.0044921875             206             183
50400             212              22      0.04140625     0.004296875             206             184
50500             214              21     0.041796875    0.0041015625             206             185
50600             214              21     0.041796875    0.0041015625             206             185
50700             214              21     0.041796875    0.0041015625             206             185
50800             214              21     0.041796875    0.0041015625             206             185
50900             216              20       0.0421875      0.00390625             206             186
51000             216              20       0.0421875      0.00390625             206             186
51100             218              19     0.042578125    0.0037109375             206             187
51200             216              20       0.0421875      0.00390625             207             187
51300             216              20       0.0421875      0.00390625             207             187
51400             216              20       0.0421875      0.00390625             208             188
51500             218              19     0.042578125    0.0037109375             208             189
51600             218              19     0.042578125    0.0037109375             208             189
51700             218              19     0.042578125    0.0037109375             208             189
51800             220              18      0.04296875     0.003515625             208             190
51900             220              18      0.04296875     0.003515625             208             190
52000             214              21     0.041796875    0.0041015625             211             190
52100             216              20       0.0421875      0.00390625             211             191
52200             218              19     0.042578125    0.0037109375             211             192
52300             222              17     0.043359375    0.0033203125             211             194
52400             220              18      0.04296875     0.003515625             212             194
52500             218              19     0.042578125    0.0037109375             213             194
52600             218              19     0.042578125    0.0037109375             213             194
52700             218              19     0.042578125    0.0037109375             213             194
52800             216              20       0.0421875      0.00390625             214             194
52900             216              20       0.0421875      0.00390625             215             195
53000             216              20       0.0421875      0.00390625             215             195
53100             218              19     0.042578125    0.0037109375             215             196
53200             218              19     0.042578125    0.0037109375             215             196
53300             218              19     0.042578125    0.0037109375             216             197
53400             220              18      0.04296875     0.003515625             216             198
53500             220              18      0.04296875     0.003515625             216             198
53600             220              18      0.04296875     0.003515625             216             198
53700             218              19     0.042578125    0.0037109375             217             198
53800             218              19     0.042578125    0.0037109375             217             198
53900             218              19     0.042578125    0.0037109375             218             199
54000             214              21     0.041796875    0.0041015625             220             199
54100             214              21     0.041796875    0.0041015625             220             199
54200             210              23     0.041015625    0.0044921875             222             199
54300             210              23     0.041015625    0.0044921875             222             199
54400             210              23     0.041015625    0.0044921875             222             199
54500             210              23     0.041015625    0.0044921875             222             199
54600             208              24        0.040625       0.0046875             223             199
54700             208              24        0.040625       0.0046875             223             199
54800             208              24        0.040625       0.0046875             223             199
54900             208              24        0.040625       0.0046875             223             199
55000             208              24        0.040625       0.0046875             224             200
55100             210              23     0.041015625    0.0044921875             224             201
55200             212              22      0.04140625     0.004296875             224             202
55300             212              22      0.04140625     0.004296875             224             202
55400             212              22      0.04140625     0.004296875             224             202
55500             210              23     0.041015625    0.0044921875             225             202
55600             210              23     0.041015625    0.0044921875             225             202
55700             210              23     0.041015625    0.0044921875             226             203
55800             210              23     0.041015625    0.0044921875             226             203
55900             210              23     0.041015625    0.0044921875             227             204
56000             206              25     0.040234375    0.0048828125             229             204
56100             206              25     0.040234375    0.0048828125             229             204
56200             206              25     0.040234375    0.0048828125             229             204
56300             206              25     0.040234375    0.0048828125             229             204
56400             206              25     0.040234375    0.0048828125             229             204
56500             206              25     0.040234375    0.0048828125             229             204
56600             204              26      0.03984375     0.005078125             230             204
56700             204              26      0.03984375     0.005078125             230             204
56800             206              25     0.040234375    0.0048828125             230             205
56900             206              25     0.040234375    0.0048828125             231             206
57000             204              26      0.03984375     0.005078125             232             206
57100             204              26      0.03984375     0.005078125             232             206
57200             208              24        0.040625       0.0046875             232             208
57300             212              22      0.04140625     0.004296875             232             210
57400             210              23     0.041015625    0.0044921875             233             210
57500             210              23     0.041015625    0.0044921875             233             210
57600             210              23     0.041015625    0.0044921875             233             210
57700             210              23     0.041015625    0.0044921875             233             210
57800             210              23     0.041015625    0.0044921875             233             210
57900             208              24        0.040625       0.0046875             235             211
58000             210              23     0.041015625    0.0044921875             235             212
58100             210              23     0.041015625    0.0044921875             235             212
58200             212              22      0.04140625     0.004296875             235             213
58300             212              22      0.04140625     0.004296875             235             213
58400             212              22      0.04140625     0.004296875             235             213
58500             212              22      0.04140625     0.004296875             235             213
58600             210              23     0.041015625    0.0044921875             236             213
58700             212              22      0.04140625     0.004296875             236             214
58800             212              22      0.04140625     0.004296875             237             215
58900             208              24        0.040625       0.0046875             240             216
59000             210              23     0.041015625    0.0044921875             240             217
59100             208              24        0.040625       0.0046875             241             217
59200             202              27     0.039453125    0.0052734375             244             217
59300             202              27     0.039453125    0.0052734375             244             217
59400             202              27     0.039453125    0.0052734375             244             217
59500             202              27     0.039453125    0.0052734375             244             217
59600             204              26      0.03984375     0.005078125             244             218
59700             204              26      0.03984375     0.005078125             244             218
59800             202              27     0.039453125    0.0052734375             245             218
59900             202              27     0.039453125    0.0052734375             245             218
60000             202              27     0.039453125    0.0052734375             245             218
60100             202              27     0.039453125    0.0052734375             246             219
60200             202              27     0.039453125    0.0052734375             246             219
60300             204              26      0.03984375     0.005078125             246             220
60400             204              26      0.03984375     0.005078125             246             220
60500             202              27     0.039453125    0.0052734375             247             220
60600             202              27     0.039453125    0.0052734375             248             221
60700             202              27     0.039453125    0.0052734375             248             221
60800             202              27     0.039453125    0.0052734375             248             221
60900             204              26      0.03984375     0.005078125             248             222
61000             206              25     0.040234375    0.0048828125             248             223
61100             210              23     0.041015625    0.0044921875             248             225
61200             208              24        0.040625       0.0046875             250             226
61300             210              23     0.041015625    0.0044921875             250             227
61400             212              22      0.04140625     0.004296875             250             228
61500             216              20       0.0421875      0.00390625             250             230
61600             214              21     0.041796875    0.0041015625             251             230
61700             214              21     0.041796875    0.0041015625             251             230
61800             214              21     0.041796875    0.0041015625             251             230
61900             214              21     0.041796875    0.0041015625             251             230
62000             212              22      0.04140625     0.004296875             253             231
62100             212              22      0.04140625     0.004296875             253             231
62200             212              22      0.04140625     0.004296875             253             231
62300             212              22      0.04140625     0.004296875             253             231
62400             210              23     0.041015625    0.0044921875             254             231
62500             210              23     0.041015625    0.0044921875             254             231
62600             212              22      0.04140625     0.004296875             254             232
62700             210              23     0.041015625    0.0044921875             256             233
62800             208              24        0.040625       0.0046875             257             233
62900             208              24        0.040625       0.0046875             257             233
63000             210              23     0.041015625    0.0044921875             257             234
63100             210              23     0.041015625    0.0044921875             257             234
63200             212              22      0.04140625     0.004296875             257             235
63300             212              22      0.04140625     0.004296875             257             235
63400             212              22      0.04140625     0.004296875             257             235
63500             216              20       0.0421875      0.00390625             257             237
63600             214              21     0.041796875    0.0041015625             258             237
63700             214              21     0.041796875    0.0041015625             258             237
63800             214              21     0.041796875    0.0041015625             258             237
63900             218              19     0.042578125    0.0037109375             258             239
64000             218              19     0.042578125    0.0037109375             259             240
64100             214              21     0.041796875    0.0041015625             261             240
64200             214              21     0.041796875    0.0041015625             261             240
64300             218              19     0.042578125    0.0037109375             261             242
64400             214              21     0.041796875    0.0041015625             263             242
64500             214              21     0.041796875    0.0041015625             263             242
64600             214              21     0.041796875    0.0041015625             263             242
64700             212              22      0.04140625     0.004296875             264             242
64800             212              22      0.04140625     0.004296875             264             242
64900             210              23     0.041015625    0.0044921875             265             242
65000             210              23     0.041015625    0.0044921875             265             242
65100             210              23     0.041015625    0.0044921875             265             242
65200             208              24        0.040625       0.0046875             266             242
65300             210              23     0.041015625    0.0044921875             266             243
65400             210              23     0.041015625    0.0044921875             266             243
65500             208              24        0.040625       0.0046875             267             243
65600             208              24        0.040625       0.0046875             267             243
65700             206              25     0.040234375    0.0048828125             268             243
65800             204              26      0.03984375     0.005078125             269             243
65900             206              25     0.040234375    0.0048828125             269             244
66000             206              25     0.040234375    0.0048828125             269             244
66100             204              26      0.03984375     0.005078125             270             244
66200             204              26      0.03984375     0.005078125             270             244
66300             202              27     0.039453125    0.0052734375             271             244
66400             204              26      0.03984375     0.005078125             271             245
66500             204              26      0.03984375     0.005078125             271             245
66600             204              26      0.03984375     0.005078125             271             245
66700             204              26      0.03984375     0.005078125             272             246
66800             206              25     0.040234375    0.0048828125             272             247
66900             210              23     0.041015625    0.0044921875             272             249
67000             208              24        0.040625       0.0046875             273             249
67100             208              24        0.040625       0.0046875             273             249
67200             210              23     0.041015625    0.0044921875             273             250
67300             210              23     0.041015625    0.0044921875             273             250
67400             212              22      0.04140625     0.004296875             273             251
67500             216              20       0.0421875      0.00390625             273             253
67600             214              21     0.041796875    0.0041015625             274             253
67700             216              20       0.0421875      0.00390625             274             254
67800             218              19     0.042578125    0.0037109375             274             255
67900             218              19     0.042578125    0.0037109375             274             255
68000             220              18      0.04296875     0.003515625             274             256
68100             220              18      0.04296875     0.003515625             274             256
68200             218              19     0.042578125    0.0037109375             275             256
68300             218              19     0.042578125    0.0037109375             275             256
68400             216              20       0.0421875      0.00390625             276             256
68500             218              19     0.042578125    0.0037109375             277             258
68600             218              19     0.042578125    0.0037109375             277             258
68700             216              20       0.0421875      0.00390625             278             258
68800             214              21     0.041796875    0.0041015625             279             258
68900             214              21     0.041796875    0.0041015625             279             258
69000             214              21     0.041796875    0.0041015625             279             258
69100             216              20       0.0421875      0.00390625             279             259
69200             216              20       0.0421875      0.00390625             279             259
69300             218              19     0.042578125    0.0037109375             279             260
69400             218              19     0.042578125    0.0037109375             279             260
69500             216              20       0.0421875      0.00390625             280             260
69600             218              19     0.042578125    0.0037109375             280             261
69700             220              18      0.04296875     0.003515625             280             262
69800             216              20       0.0421875      0.00390625             282             262
69900             214              21     0.041796875    0.0041015625             283             262
70000             216              20       0.0421875      0.00390625             283             263
70100             216              20       0.0421875      0.00390625             283             263
70200             214              21     0.041796875    0.0041015625             284             263
70300             214              21     0.041796875    0.0041015625             284             263
70400             214              21     0.041796875    0.0041015625             285             264
70500             214              21     0.041796875    0.0041015625             285             264
70600             212              22      0.04140625     0.004296875             286             264
70700             208              24        0.040625       0.0046875             288             264
70800             212              22      0.04140625     0.004296875             288             266
70900             212              22      0.04140625     0.004296875             288             266
71000             218              19     0.042578125    0.0037109375             288             269
71100             220              18      0.04296875     0.003515625             288             270
71200             220              18      0.04296875     0.003515625             288             270
71300             222              17     0.043359375    0.0033203125             288             271
71400             222              17     0.043359375    0.0033203125             288             271
71500             222              17     0.043359375    0.0033203125             288             271
71600             222              17     0.043359375    0.0033203125             288             271
71700             222              17     0.043359375    0.0033203125             288             271
71800             222              17     0.043359375    0.0033203125             288             271
71900             220              18      0.04296875     0.003515625             289             271
72000             220              18      0.04296875     0.003515625             289             271
72100             220              18      0.04296875     0.003515625             289             271
72200             222              17     0.043359375    0.0033203125             289             272
72300             224              16         0.04375        0.003125             289             273
72400             224              16         0.04375        0.003125             290             274
72500             226              15     0.044140625    0.0029296875             290             275
72600             226              15     0.044140625    0.0029296875             290             275
72700             228              14      0.04453125     0.002734375             290             276
72800             232              12       0.0453125      0.00234375             290             278
72900             232              12       0.0453125      0.00234375             290             278
73000             230              13     0.044921875    0.0025390625             291             278
73100             228              14      0.04453125     0.002734375             292             278
73200             224              16         0.04375        0.003125             294             278
73300             226              15     0.044140625    0.0029296875             294             279
73400             228              14      0.04453125     0.002734375             294             280
73500             228              14      0.04453125     0.002734375             295             281
73600             228              14      0.04453125     0.002734375             295             281
73700             226              15     0.044140625    0.0029296875             296             281
73800             226              15     0.044140625    0.0029296875             296             281
73900             226              15     0.044140625    0.0029296875             296             281
74000             226              15     0.044140625    0.0029296875             297             282
74100             226              15     0.044140625    0.0029296875             297             282
74200             226              15     0.044140625    0.0029296875             297             282
74300             226              15     0.044140625    0.0029296875             297             282
74400             226              15     0.044140625    0.0029296875             297             282
74500             226              15     0.044140625    0.0029296875             297             282
74600             226              15     0.044140625    0.0029296875             297             282
74700             226              15     0.044140625    0.0029296875             297             282
74800             224              16         0.04375        0.003125             299             283
74900             224              16         0.04375        0.003125             299             283
75000             224              16         0.04375        0.003125             299             283
75100             224              16         0.04375        0.003125             299             283
75200             224              16         0.04375        0.003125             299             283
75300             226              15     0.044140625    0.0029296875             299             284
75400             228              14      0.04453125     0.002734375             299             285
75500             228              14      0.04453125     0.002734375             300             286
75600             228              14      0.04453125     0.002734375             300             286
75700             226              15     0.044140625    0.0029296875             301             286
75800             226              15     0.044140625    0.0029296875             301             286
75900             228              14      0.04453125     0.002734375             301             287
76000             228              14      0.04453125     0.002734375             301             287
76100             228              14      0.04453125     0.002734375             301             287
76200             228              14      0.04453125     0.002734375             301             287
76300             222              17     0.043359375    0.0033203125             304             287
76400             218              19     0.042578125    0.0037109375             306             287
76500             220              18      0.04296875     0.003515625             307             289
76600             220              18      0.04296875     0.003515625             307             289
76700             220              18      0.04296875     0.003515625             307             289
76800             220              18      0.04296875     0.003515625             307             289
76900             222              17     0.043359375    0.0033203125             307             290
77000             222              17     0.043359375    0.0033203125             307             290
77100             222              17     0.043359375    0.0033203125             307             290
77200             222              17     0.043359375    0.0033203125             307             290
77300             224              16         0.04375        0.003125             307             291
77400             220              18      0.04296875     0.003515625             309             291
77500             218              19     0.042578125    0.0037109375             310             291
77600             218              19     0.042578125    0.0037109375             310             291
77700             220              18      0.04296875     0.003515625             310             292
77800             218              19     0.042578125    0.0037109375             311             292
77900             218              19     0.042578125    0.0037109375             312             293
78000             220              18      0.04296875     0.003515625             312             294
78100             218              19     0.042578125    0.0037109375             313             294
78200             218              19     0.042578125    0.0037109375             313             294
78300             216              20       0.0421875      0.00390625             314             294
78400             216              20       0.0421875      0.00390625             314             294
78500             218              19     0.042578125    0.0037109375             314             295
78600             216              20       0.0421875      0.00390625             315             295
78700             216              20       0.0421875      0.00390625             315             295
78800             216              20       0.0421875      0.00390625             315             295
78900             216              20       0.0421875      0.00390625             315             295
79000             218              19     0.042578125    0.0037109375             315             296
79100             218              19     0.042578125    0.0037109375             315             296
79200             218              19     0.042578125    0.0037109375             315             296
79300             222              17     0.043359375    0.0033203125             315             298
79400             222              17     0.043359375    0.0033203125             315             298
79500             224              16         0.04375        0.003125             315             299
79600             224              16         0.04375        0.003125             316             300
79700             222              17     0.043359375    0.0033203125             317             300
79800             222              17     0.043359375    0.0033203125             317             300
79900             222              17     0.043359375    0.0033203125             317             300
80000             220              18      0.04296875     0.003515625             319             301
80100             220              18      0.04296875     0.003515625             319             301
80200             218              19     0.042578125    0.0037109375             320             301
80300             220              18      0.04296875     0.003515625             320             302
80400             220              18      0.04296875     0.003515625             320             302
80500             220              18      0.04296875     0.003515625             320             302
80600             220              18      0.04296875     0.003515625             320             302
80700             220              18      0.04296875     0.003515625             320             302
80800             218              19     0.042578125    0.0037109375             322             303
80900             218              19     0.042578125    0.0037109375             322             303
81000             216              20       0.0421875      0.00390625             323             303
81100             214              21     0.041796875    0.0041015625             324             303
81200             214              21     0.041796875    0.0041015625             324             303
81300             214              21     0.041796875    0.0041015625             324             303
81400             218              19     0.042578125    0.0037109375             324             305
81500             216              20       0.0421875      0.00390625             325             305
81600             216              20       0.0421875      0.00390625             325             305
81700             216              20       0.0421875      0.00390625             325             305
81800             210              23     0.041015625    0.0044921875             328             305
81900             212              22      0.04140625     0.004296875             328             306
82000             212              22      0.04140625     0.004296875             329             307
82100             212              22      0.04140625     0.004296875             330             308
82200             210              23     0.041015625    0.0044921875             331             308
82300             206              25     0.040234375    0.0048828125             333             308
82400             204              26      0.03984375     0.005078125             334             308
82500             204              26      0.03984375     0.005078125             334             308
82600             204              26      0.03984375     0.005078125             334             308
82700             206              25     0.040234375    0.0048828125             334             309
82800             206              25     0.040234375    0.0048828125             334             309
82900             206              25     0.040234375    0.0048828125             334             309
83000             204              26      0.03984375     0.005078125             335             309
83100             202              27     0.039453125    0.0052734375             336             309
83200             204              26      0.03984375     0.005078125             336             310
83300             204              26      0.03984375     0.005078125             336             310
83400             204              26      0.03984375     0.005078125             336             310
83500             202              27     0.039453125    0.0052734375             337             310
83600             200              28       0.0390625      0.00546875             338             310
83700             200              28       0.0390625      0.00546875             339             311
83800             198              29     0.038671875    0.0056640625             340             311
83900             198              29     0.038671875    0.0056640625             340             311
84000             200              28       0.0390625      0.00546875             340             312
84100             200              28       0.0390625      0.00546875             340             312
84200             200              28       0.0390625      0.00546875             341             313
84300             206              25     0.040234375    0.0048828125             341             316
84400             206              25     0.040234375    0.0048828125             341             316
84500             206              25     0.040234375    0.0048828125             341             316
84600             208              24        0.040625       0.0046875             342             318
84700             208              24        0.040625       0.0046875             343             319
84800             208              24        0.040625       0.0046875             344             320
84900             208              24        0.040625       0.0046875             344             320
85000             208              24        0.040625       0.0046875             344             320
85100             208              24        0.040625       0.0046875             344             320
85200             208              24        0.040625       0.0046875             345             321
85300             208              24        0.040625       0.0046875             345             321
85400             208              24        0.040625       0.0046875             345             321
85500             208              24        0.040625       0.0046875             345             321
85600             208              24        0.040625       0.0046875             346             322
85700             208              24        0.040625       0.0046875             346             322
85800             208              24        0.040625       0.0046875             346             322
85900             208              24        0.040625       0.0046875             346             322
86000             206              25     0.040234375    0.0048828125             347             322
86100             206              25     0.040234375    0.0048828125             347             322
86200             206              25     0.040234375    0.0048828125             347             322
86300             208              24        0.040625       0.0046875             347             323
86400             210              23     0.041015625    0.0044921875             347             324
86500             210              23     0.041015625    0.0044921875             347             324
86600             212              22      0.04140625     0.004296875             348             326
86700             208              24        0.040625       0.0046875             350             326
86800             208              24        0.040625       0.0046875             351             327
86900             210              23     0.041015625    0.0044921875             351             328
87000             210              23     0.041015625    0.0044921875             351             328
87100             210              23     0.041015625    0.0044921875             351             328
87200             210              23     0.041015625    0.0044921875             352             329
87300             212              22      0.04140625     0.004296875             352             330
87400             208              24        0.040625       0.0046875             354             330
87500             208              24        0.040625       0.0046875             354             330
87600             208              24        0.040625       0.0046875             354             330
87700             206              25     0.040234375    0.0048828125             355             330
87800             204              26      0.03984375     0.005078125             356             330
87900             204              26      0.03984375     0.005078125             356             330
88000             204              26      0.03984375     0.005078125             356             330
88100             204              26      0.03984375     0.005078125             356             330
88200             206              25     0.040234375    0.0048828125             356             331
88300             206              25     0.040234375    0.0048828125             358             333
88400             204              26      0.03984375     0.005078125             359             333
88500             202              27     0.039453125    0.0052734375             360             333
88600             204              26      0.03984375     0.005078125             360             334
88700             204              26      0.03984375     0.005078125             360             334
88800             206              25     0.040234375    0.0048828125             360             335
88900             206              25     0.040234375    0.0048828125             361             336
89000             206              25     0.040234375    0.0048828125             361             336
89100             208              24        0.040625       0.0046875             361             337
89200             208              24        0.040625       0.0046875             362             338
89300             212              22      0.04140625     0.004296875             363             341
89400             212              22      0.04140625     0.004296875             363             341
89500             208              24        0.040625       0.0046875             365             341
89600             206              25     0.040234375    0.0048828125             366             341
89700             204              26      0.03984375     0.005078125             367             341
89800             204              26      0.03984375     0.005078125             367             341
89900             204              26      0.03984375     0.005078125             367             341
90000             204              26      0.03984375     0.005078125             367             341
90100             204              26      0.03984375     0.005078125             367             341
90200             204              26      0.03984375     0.005078125             367             341
90300             200              28       0.0390625      0.00546875             370             342
90400             196              30      0.03828125     0.005859375             372             342
90500             198              29     0.038671875    0.0056640625             372             343
90600             198              29     0.038671875    0.0056640625             372             343
90700             198              29     0.038671875    0.0056640625             372             343
90800             200              28       0.0390625      0.00546875             372             344
90900             200              28       0.0390625      0.00546875             372             344
91000             200              28       0.0390625      0.00546875             372             344
91100             204              26      0.03984375     0.005078125             372             346
91200             208              24        0.040625       0.0046875             372             348
91300             204              26      0.03984375     0.005078125             374             348
91400             204              26      0.03984375     0.005078125             374             348
91500             202              27     0.039453125    0.0052734375             375             348
91600             202              27     0.039453125    0.0052734375             375             348
91700             202              27     0.039453125    0.0052734375             375             348
91800             202              27     0.039453125    0.0052734375             375             348
91900             202              27     0.039453125    0.0052734375             375             348
92000             202              27     0.039453125    0.0052734375             375             348
92100             204              26      0.03984375     0.005078125             375             349
92200             204              26      0.03984375     0.005078125             375             349
92300             202              27     0.039453125    0.0052734375             376             349
92400             202              27     0.039453125    0.0052734375             376             349
92500             202              27     0.039453125    0.0052734375             376             349
92600             204              26      0.03984375     0.005078125             377             351
92700             208              24        0.040625       0.0046875             377             353
92800             212              22      0.04140625     0.004296875             377             355
92900             212              22      0.04140625     0.004296875             377             355
93000             214              21     0.041796875    0.0041015625             377             356
93100             214              21     0.041796875    0.0041015625             377             356
93200             214              21     0.041796875    0.0041015625             377             356
93300             214              21     0.041796875    0.0041015625             377             356
93400             212              22      0.04140625     0.004296875             378             356
93500             212              22      0.04140625     0.004296875             378             356
93600             210              23     0.041015625    0.0044921875             379             356
93700             210              23     0.041015625    0.0044921875             379             356
93800             208              24        0.040625       0.0046875             380             356
93900             208              24        0.040625       0.0046875             380             356
94000             208              24        0.040625       0.0046875             380             356
94100             208              24        0.040625       0.0046875             380             356
94200             208              24        0.040625       0.0046875             381             357
94300             208              24        0.040625       0.0046875             381             357
94400             208              24        0.040625       0.0046875             381             357
94500             206              25     0.040234375    0.0048828125             382             357
94600             206              25     0.040234375    0.0048828125             382             357
94700             208              24        0.040625       0.0046875             382             358
94800             208              24        0.040625       0.0046875             382             358
94900             208              24        0.040625       0.0046875             382             358
95000             208              24        0.040625       0.0046875             383             359
95100             208              24        0.040625       0.0046875             384             360
95200             210              23     0.041015625    0.0044921875             385             362
95300             212              22      0.04140625     0.004296875             385             363
95400             214              21     0.041796875    0.0041015625             385             364
95500             214              21     0.041796875    0.0041015625             385             364
95600             214              21     0.041796875    0.0041015625             385             364
95700             214              21     0.041796875    0.0041015625             385             364
95800             216              20       0.0421875      0.00390625             385             365
95900             218              19     0.042578125    0.0037109375             385             366
96000             220              18      0.04296875     0.003515625             385             367
96100             220              18      0.04296875     0.003515625             385             367
96200             220              18      0.04296875     0.003515625             385             367
96300             220              18      0.04296875     0.003515625             385             367
96400             220              18      0.04296875     0.003515625             385             367
96500             220              18      0.04296875     0.003515625             386             368
96600             220              18      0.04296875     0.003515625             386             368
96700             216              20       0.0421875      0.00390625             388             368
96800             216              20       0.0421875      0.00390625             388             368
96900             218              19     0.042578125    0.0037109375             388             369
97000             218              19     0.042578125    0.0037109375             388             369
97100             218              19     0.042578125    0.0037109375             388             369
97200             216              20       0.0421875      0.00390625             389             369
97300             218              19     0.042578125    0.0037109375             389             370
97400             216              20       0.0421875      0.00390625             390             370
97500             218              19     0.042578125    0.0037109375             390             371
97600             220              18      0.04296875     0.003515625             390             372
97700             218              19     0.042578125    0.0037109375             391             372
97800             216              20       0.0421875      0.00390625             392             372
97900             218              19     0.042578125    0.0037109375             392             373
98000             218              19     0.042578125    0.0037109375             392             373
98100             218              19     0.042578125    0.0037109375             392             373
98200             220              18      0.04296875     0.003515625             392             374
98300             218              19     0.042578125    0.0037109375             393             374
98400             216              20       0.0421875      0.00390625             394             374
98500             216              20       0.0421875      0.00390625             394             374
98600             214              21     0.041796875    0.0041015625             395             374
98700             212              22      0.04140625     0.004296875             396             374
98800             212              22      0.04140625     0.004296875             397             375
98900             212              22      0.04140625     0.004296875             397             375
99000             212              22      0.04140625     0.004296875             398             376
99100             212              22      0.04140625     0.004296875             398             376
99200             212              22      0.04140625     0.004296875             400             378
99300             210              23     0.041015625    0.0044921875             401             378
99400             212              22      0.04140625     0.004296875             401             379
99500             210              23     0.041015625    0.0044921875             402             379
99600             208              24        0.040625       0.0046875             404             380
99700             208              24        0.040625       0.0046875             404             380
99800             212              22      0.04140625     0.004296875             404             382
99900             212              22      0.04140625     0.004296875             404             382
100000             212              22      0.04140625     0.004296875             404             382
