# Time-averaged data for fix observ
# TimeStep v_nfree v_ndimer v_cfree v_cdimer f_kinetics[2] f_kinetics[3]
0             256               0            0.05               0               0               0
100             256               0            0.05               0               0               0
200             256               0            0.05               0               0               0
300             254               1     0.049609375    0.0001953125               1               0
400             254               1     0.049609375    0.0001953125               1               0
500             254               1     0.049609375    0.0001953125               1               0
600             252               2      0.04921875     0.000390625               2               0
700             252               2      0.04921875     0.000390625               2               0
800             250               3     0.048828125    0.0005859375               3               0
900             246               5     0.048046875    0.0009765625               5               0
1000             244               6      0.04765625     0.001171875               6               0
1100             242               7     0.047265625    0.0013671875               7               0
1200             240               8        0.046875       0.0015625               8               0
1300             240               8        0.046875       0.0015625               8               0
1400             238               9     0.046484375    0.0017578125               9               0
1500             234              11     0.045703125    0.0021484375              11               0
1600             232              12       0.0453125      0.00234375              12               0
1700             232              12       0.0453125      0.00234375              12               0
1800             230              13     0.044921875    0.0025390625              13               0
1900             230              13     0.044921875    0.0025390625              13               0
2000             228              14      0.04453125     0.002734375              14               0
2100             228              14      0.04453125     0.002734375              14               0
2200             230              13     0.044921875    0.0025390625              14               1
2300             228              14      0.04453125     0.002734375              15               1
2400             228              14      0.04453125     0.002734375              17               3
2500             226              15     0.044140625    0.0029296875              18               3
2600             224              16         0.04375        0.003125              19               3
2700             224              16         0.04375        0.003125              19               3
2800             222              17     0.043359375    0.0033203125              20               3
2900             222              17     0.043359375    0.0033203125              20               3
3000             224              16         0.04375        0.003125              20               4
3100             222              17     0.043359375    0.0033203125              21               4
3200             224              16         0.04375        0.003125              21               5
3300             228              14      0.04453125     0.002734375              21               7
3400             228              14      0.04453125     0.002734375              21               7
3500             230              13     0.044921875    0.0025390625              21               8
3600             230              13     0.044921875    0.0025390625              21               8
3700             230              13     0.044921875    0.0025390625              22               9
3800             230              13     0.044921875    0.0025390625              22               9
3900             230              13     0.044921875    0.0025390625              22               9
4000             230              13     0.044921875    0.0025390625              22               9
4100             228              14      0.04453125     0.002734375              23               9
4200             228              14      0.04453125     0.002734375              23               9
4300             226              15     0.044140625    0.0029296875              24               9
4400             226              15     0.044140625    0.0029296875              24               9
4500             226              15     0.044140625    0.0029296875              25              10
4600             228              14      0.04453125     0.002734375              25              11
4700             230              13     0.044921875    0.0025390625              25              12
4800             230              13     0.044921875    0.0025390625              26              13
4900             226              15     0.044140625    0.0029296875              28              13
5000             226              15     0.044140625    0.0029296875              29              14
5100             226              15     0.044140625    0.0029296875              29              14
5200             224              16         0.04375        0.003125              30              14
5300             222              17     0.043359375    0.0033203125              31              14
5400             220              18      0.04296875     0.003515625              32              14
5500             222              17     0.043359375    0.0033203125              32              15
5600             224              16         0.04375        0.003125              32              16
5700             224              16         0.04375        0.003125              32              16
5800             222              17     0.043359375    0.0033203125              34              17
5900             220              18      0.04296875     0.003515625              35              17
6000             218              19     0.042578125    0.0037109375              36              17
6100             220              18      0.04296875     0.003515625              36              18
6200             218              19     0.042578125    0.0037109375              37              18
6300             218              19     0.042578125    0.0037109375              38              19
6400             218              19     0.042578125    0.0037109375              38              19
6500             214              21     0.041796875    0.0041015625              40              19
6600             214              21     0.041796875    0.0041015625              41              20
6700             214              21     0.041796875    0.0041015625              42              21
6800             214              21     0.041796875    0.0041015625              42              21
6900             214              21     0.041796875    0.0041015625              43              22
7000             214              21     0.041796875    0.0041015625              43              22
7100             214              21     0.041796875    0.0041015625              43              22
7200             214              21     0.041796875    0.0041015625              43              22
7300             214              21     0.041796875    0.0041015625              43              22
7400             214              21     0.041796875    0.0041015625              43              22
7500             216              20       0.0421875      0.00390625              43              23
7600             216              20       0.0421875      0.00390625              43              23
7700             216              20       0.0421875      0.00390625              44              24
7800             214              21     0.041796875    0.0041015625              45              24
7900             214              21     0.041796875    0.0041015625              45              24
8000             214              21     0.041796875    0.0041015625              45              24
8100             214              21     0.041796875    0.0041015625              45              24
8200             212              22      0.04140625     0.004296875              46              24
8300             214              21     0.041796875    0.0041015625              46              25
8400             214              21     0.041796875    0.0041015625              46              25
8500             212              22      0.04140625     0.004296875              47              25
8600             214              21     0.041796875    0.0041015625              47              26
8700             216              20       0.0421875      0.00390625              47              27
8800             218              19     0.042578125    0.0037109375              47              28
8900             214              21     0.041796875    0.0041015625              49              28
9000             212              22      0.04140625     0.004296875              50              28
9100             212              22      0.04140625     0.004296875              50              28
9200             212              22      0.04140625     0.004296875              50              28
9300             212              22      0.04140625     0.004296875              51              29
9400             208              24        0.040625       0.0046875              53              29
9500             206              25     0.040234375    0.0048828125              54              29
9600             208              24        0.040625       0.0046875              54              30
9700             206              25     0.040234375    0.0048828125              55              30
9800             204              26      0.03984375     0.005078125              56              30
9900             202              27     0.039453125    0.0052734375              57              30
10000             202              27     0.039453125    0.0052734375              57              30
10100             202              27     0.039453125    0.0052734375              58              31
10200             204              26      0.03984375     0.005078125              58              32
10300             202              27     0.039453125    0.0052734375              59              32
10400             204              26      0.03984375     0.005078125              59              33
10500             202              27     0.039453125    0.0052734375              60              33
10600             202              27     0.039453125    0.0052734375              60              33
10700             202              27     0.039453125    0.0052734375              60              33
10800             202              27     0.039453125    0.0052734375              61              34
10900             202              27     0.039453125    0.0052734375              62              35
11000             202              27     0.039453125    0.0052734375              62              35
11100             204              26      0.03984375     0.005078125              62              36
11200             204              26      0.03984375     0.005078125              62              36
11300             206              25     0.040234375    0.0048828125              62              37
11400             208              24        0.040625       0.0046875              62              38
11500             210              23     0.041015625    0.0044921875              62              39
11600             210              23     0.041015625    0.0044921875              62              39
11700             208              24        0.040625       0.0046875              63              39
11800             208              24        0.040625       0.0046875              63              39
11900             206              25     0.040234375    0.0048828125              64              39
12000             206              25     0.040234375    0.0048828125              64              39
12100             204              26      0.03984375     0.005078125              66              40
12200             202              27     0.039453125    0.0052734375              68              41
12300             202              27     0.039453125    0.0052734375              68              41
12400             200              28       0.0390625      0.00546875              70              42
12500             198              29     0.038671875    0.0056640625              71              42
12600             198              29     0.038671875    0.0056640625              72              43
12700             196              30      0.03828125     0.005859375              73              43
12800             196              30      0.03828125     0.005859375              73              43
12900             198              29     0.038671875    0.0056640625              73              44
13000             198              29     0.038671875    0.0056640625              74              45
13100             198              29     0.038671875    0.0056640625              74              45
13200             200              28       0.0390625      0.00546875              74              46
13300             202              27     0.039453125    0.0052734375              74              47
13400             198              29     0.038671875    0.0056640625              76              47
13500             200              28       0.0390625      0.00546875              76              48
13600             200              28       0.0390625      0.00546875              76              48
13700             198              29     0.038671875    0.0056640625              77              48
13800             200              28       0.0390625      0.00546875              77              49
13900             198              29     0.038671875    0.0056640625              78              49
14000             198              29     0.038671875    0.0056640625              78              49
14100             198              29     0.038671875    0.0056640625              78              49
14200             198              29     0.038671875    0.0056640625              78              49
14300             196              30      0.03828125     0.005859375              79              49
14400             196              30      0.03828125     0.005859375              79              49
14500             196              30      0.03828125     0.005859375              79              49
14600             200              28       0.0390625      0.00546875              80              52
14700             204              26      0.03984375     0.005078125              80              54
14800             204              26      0.03984375     0.005078125              80              54
14900             204              26      0.03984375     0.005078125              80              54
15000             204              26      0.03984375     0.005078125              81              55
15100             202              27     0.039453125    0.0052734375              82              55
15200             204              26      0.03984375     0.005078125              82              56
15300             204              26      0.03984375     0.005078125              82              56
15400             202              27     0.039453125    0.0052734375              83              56
15500             202              27     0.039453125    0.0052734375              83              56
15600             202              27     0.039453125    0.0052734375              83              56
15700             204              26      0.03984375     0.005078125              83              57
15800             204              26      0.03984375     0.005078125              84              58
15900             202              27     0.039453125    0.0052734375              85              58
16000             200              28       0.0390625      0.00546875              86              58
16100             202              27     0.039453125    0.0052734375              86              59
16200             202              27     0.039453125    0.0052734375              87              60
16300             202              27     0.039453125    0.0052734375              87              60
16400             202              27     0.039453125    0.0052734375              88              61
16500             202              27     0.039453125    0.0052734375              88              61
16600             202              27     0.039453125    0.0052734375              88              61
16700             206              25     0.040234375    0.0048828125              88              63
16800             208              24        0.040625       0.0046875              89              65
16900             208              24        0.040625       0.0046875              89              65
17000             208              24        0.040625       0.0046875              89              65
17100             210              23     0.041015625    0.0044921875              89              66
17200             210              23     0.041015625    0.0044921875              89              66
17300             208              24        0.040625       0.0046875              90              66
17400             208              24        0.040625       0.0046875              90              66
17500             210              23     0.041015625    0.0044921875              90              67
17600             212              22      0.04140625     0.004296875              90              68
17700             214              21     0.041796875    0.0041015625              90              69
17800             216              20       0.0421875      0.00390625              90              70
17900             218              19     0.042578125    0.0037109375              90              71
18000             216              20       0.0421875      0.00390625              91              71
18100             218              19     0.042578125    0.0037109375              91              72
18200             216              20       0.0421875      0.00390625              92              72
18300             214              21     0.041796875    0.0041015625              93              72
18400             214              21     0.041796875    0.0041015625              94              73
18500             216              20       0.0421875      0.00390625              94              74
18600             214              21     0.041796875    0.0041015625              95              74
18700             212              22      0.04140625     0.004296875              96              74
18800             214              21     0.041796875    0.0041015625              96              75
18900             214              21     0.041796875    0.0041015625              96              75
19000             212              22      0.04140625     0.004296875              97              75
19100             214              21     0.041796875    0.0041015625              97              76
19200             214              21     0.041796875    0.0041015625              97              76
19300             214              21     0.041796875    0.0041015625              97              76
19400             214              21     0.041796875    0.0041015625              97              76
19500             214              21     0.041796875    0.0041015625              97              76
19600             214              21     0.041796875    0.0041015625              97              76
19700             216              20       0.0421875      0.00390625              97              77
19800             216              20       0.0421875      0.00390625              97              77
19900             214              21     0.041796875    0.0041015625              98              77
20000             214              21     0.041796875    0.0041015625              98              77
20100             214              21     0.041796875    0.0041015625              98              77
20200             214              21     0.041796875    0.0041015625              98              77
20300             212              22      0.04140625     0.004296875              99              77
20400             212              22      0.04140625     0.004296875             100              78
20500             212              22      0.04140625     0.004296875             100              78
20600             212              22      0.04140625     0.004296875             100              78
20700             212              22      0.04140625     0.004296875             100              78
20800             212              22      0.04140625     0.004296875             100              78
20900             214              21     0.041796875    0.0041015625             100              79
21000             214              21     0.041796875    0.0041015625             100              79
21100             214              21     0.041796875    0.0041015625             100              79
21200             214              21     0.041796875    0.0041015625             100              79
21300             214              21     0.041796875    0.0041015625             100              79
21400             214              21     0.041796875    0.0041015625             100              79
21500             214              21     0.041796875    0.0041015625             100              79
21600             214              21     0.041796875    0.0041015625             101              80
21700             214              21     0.041796875    0.0041015625             102              81
21800             214              21     0.041796875    0.0041015625             102              81
21900             214              21     0.041796875    0.0041015625             103              82
22000             216              20       0.0421875      0.00390625             103              83
22100             216              20       0.0421875      0.00390625             103              83
22200             216              20       0.0421875      0.00390625             103              83
22300             214              21     0.041796875    0.0041015625             105              84
22400             214              21     0.041796875    0.0041015625             105              84
22500             212              22      0.04140625     0.004296875             106              84
22600             206              25     0.040234375    0.0048828125             109              84
22700             206              25     0.040234375    0.0048828125             109              84
22800             206              25     0.040234375    0.0048828125             109              84
22900             204              26      0.03984375     0.005078125             110              84
23000             204              26      0.03984375     0.005078125             110              84
23100             204              26      0.03984375     0.005078125             110              84
23200             202              27     0.039453125    0.0052734375             111              84
23300             204              26      0.03984375     0.005078125             111              85
23400             204              26      0.03984375     0.005078125             111              85
23500             204              26      0.03984375     0.005078125             111              85
23600             206              25     0.040234375    0.0048828125             112              87
23700             210              23     0.041015625    0.0044921875             112              89
23800             212              22      0.04140625     0.004296875             112              90
23900             212              22      0.04140625     0.004296875             112              90
24000             212              22      0.04140625     0.004296875             112              90
24100             214              21     0.041796875    0.0041015625             112              91
24200             214              21     0.041796875    0.0041015625             112              91
24300             212              22      0.04140625     0.004296875             113              91
24400             214              21     0.041796875    0.0041015625             113              92
24500             214              21     0.041796875    0.0041015625             113              92
24600             214              21     0.041796875    0.0041015625             113              92
24700             214              21     0.041796875    0.0041015625             113              92
24800             214              21     0.041796875    0.0041015625             113              92
24900             214              21     0.041796875    0.0041015625             114              93
25000             214              21     0.041796875    0.0041015625             115              94
25100             212              22      0.04140625     0.004296875             116              94
25200             214              21     0.041796875    0.0041015625             116              95
25300             216              20       0.0421875      0.00390625             116              96
25400             218              19     0.042578125    0.0037109375             116              97
25500             216              20       0.0421875      0.00390625             117              97
25600             218              19     0.042578125    0.0037109375             117              98
25700             218              19     0.042578125    0.0037109375             117              98
25800             218              19     0.042578125    0.0037109375             117              98
25900             220              18      0.04296875     0.003515625             117              99
26000             222              17     0.043359375    0.0033203125             117             100
26100             222              17     0.043359375    0.0033203125             117             100
26200             224              16         0.04375        0.003125             117             101
26300             224              16         0.04375        0.003125             117             101
26400             226              15     0.044140625    0.0029296875             117             102
26500             228              14      0.04453125     0.002734375             117             103
26600             226              15     0.044140625    0.0029296875             118             103
26700             226              15     0.044140625    0.0029296875             118             103
26800             230              13     0.044921875    0.0025390625             118             105
26900             230              13     0.044921875    0.0025390625             118             105
27000             232              12       0.0453125      0.00234375             118             106
27100             232              12       0.0453125      0.00234375             118             106
27200             230              13     0.044921875    0.0025390625             119             106
27300             230              13     0.044921875    0.0025390625             119             106
27400             230              13     0.044921875    0.0025390625             119             106
27500             230              13     0.044921875    0.0025390625             119             106
27600             230              13     0.044921875    0.0025390625             119             106
27700             232              12       0.0453125      0.00234375             119             107
27800             232              12       0.0453125      0.00234375             119             107
27900             230              13     0.044921875    0.0025390625             120             107
28000             230              13     0.044921875    0.0025390625             120             107
28100             228              14      0.04453125     0.002734375             121             107
28200             224              16         0.04375        0.003125             123             107
28300             226              15     0.044140625    0.0029296875             123             108
28400             224              16         0.04375        0.003125             124             108
28500             226              15     0.044140625    0.0029296875             124             109
28600             224              16         0.04375        0.003125             125             109
28700             224              16         0.04375        0.003125             125             109
28800             226              15     0.044140625    0.0029296875             125             110
28900             222              17     0.043359375    0.0033203125             127             110
29000             222              17     0.043359375    0.0033203125             127             110
29100             222              17     0.043359375    0.0033203125             128             111
29200             222              17     0.043359375    0.0033203125             128             111
29300             222              17     0.043359375    0.0033203125             128             111
29400             222              17     0.043359375    0.0033203125             129             112
29500             222              17     0.043359375    0.0033203125             129             112
29600             226              15     0.044140625    0.0029296875             129             114
29700             226              15     0.044140625    0.0029296875             129             114
29800             226              15     0.044140625    0.0029296875             129             114
29900             228              14      0.04453125     0.002734375             129             115
30000             228              14      0.04453125     0.002734375             129             115
30100             230              13     0.044921875    0.0025390625             129             116
30200             232              12       0.0453125      0.00234375             129             117
30300             232              12       0.0453125      0.00234375             129             117
30400             232              12       0.0453125      0.00234375             129             117
30500             232              12       0.0453125      0.00234375             129             117
30600             230              13     0.044921875    0.0025390625             130             117
30700             228              14      0.04453125     0.002734375             131             117
30800             228              14      0.04453125     0.002734375             131             117
30900             226              15     0.044140625    0.0029296875             132             117
31000             226              15     0.044140625    0.0029296875             133             118
31100             224              16         0.04375        0.003125             134             118
31200             222              17     0.043359375    0.0033203125             135             118
31300             220              18      0.04296875     0.003515625             136             118
31400             220              18      0.04296875     0.003515625             136             118
31500             220              18      0.04296875     0.003515625             136             118
31600             220              18      0.04296875     0.003515625             136             118
31700             226              15     0.044140625    0.0029296875             136             121
31800             226              15     0.044140625    0.0029296875             136             121
31900             224              16         0.04375        0.003125             137             121
32000             224              16         0.04375        0.003125             137             121
32100             224              16         0.04375        0.003125             137             121
32200             224              16         0.04375        0.003125             137             121
32300             222              17     0.043359375    0.0033203125             138             121
32400             224              16         0.04375        0.003125             138             122
32500             224              16         0.04375        0.003125             138             122
32600             228              14      0.04453125     0.002734375             138             124
32700             226              15     0.044140625    0.0029296875             139             124
32800             226              15     0.044140625    0.0029296875             139             124
32900             226              15     0.044140625    0.0029296875             139             124
33000             226              15     0.044140625    0.0029296875             139             124
33100             226              15     0.044140625    0.0029296875             139             124
33200             224              16         0.04375        0.003125             140             124
33300             220              18      0.04296875     0.003515625             142             124
33400             220              18      0.04296875     0.003515625             142             124
33500             216              20       0.0421875      0.00390625             144             124
33600             216              20       0.0421875      0.00390625             144             124
33700             214              21     0.041796875    0.0041015625             145             124
33800             212              22      0.04140625     0.004296875             146             124
33900             212              22      0.04140625     0.004296875             146             124
34000             212              22      0.04140625     0.004296875             146             124
34100             214              21     0.041796875    0.0041015625             146             125
34200             214              21     0.041796875    0.0041015625             146             125
34300             212              22      0.04140625     0.004296875             148             126
34400             212              22      0.04140625     0.004296875             148             126
34500             212              22      0.04140625     0.004296875             148             126
34600             212              22      0.04140625     0.004296875             148             126
34700             210              23     0.041015625    0.0044921875             149             126
34800             212              22      0.04140625     0.004296875             149             127
34900             212              22      0.04140625     0.004296875             149             127
35000             212              22      0.04140625     0.004296875             150             128
35100             212              22      0.04140625     0.004296875             150             128
35200             210              23     0.041015625    0.0044921875             151             128
35300             210              23     0.041015625    0.0044921875             151             128
35400             208              24        0.040625       0.0046875             152             128
35500             208              24        0.040625       0.0046875             152             128
35600             208              24        0.040625       0.0046875             152             128
35700             208              24        0.040625       0.0046875             152             128
35800             206              25     0.040234375    0.0048828125             153             128
35900             204              26      0.03984375     0.005078125             154             128
36000             208              24        0.040625       0.0046875             154             130
36100             208              24        0.040625       0.0046875             155             131
36200             208              24        0.040625       0.0046875             155             131
36300             208              24        0.040625       0.0046875             156             132
36400             208              24        0.040625       0.0046875             157             133
36500             210              23     0.041015625    0.0044921875             157             134
36600             214              21     0.041796875    0.0041015625             157             136
36700             212              22      0.04140625     0.004296875             158             136
36800             212              22      0.04140625     0.004296875             158             136
36900             214              21     0.041796875    0.0041015625             158             137
37000             214              21     0.041796875    0.0041015625             158             137
37100             214              21     0.041796875    0.0041015625             159             138
37200             214              21     0.041796875    0.0041015625             159             138
37300             216              20       0.0421875      0.00390625             159             139
37400             214              21     0.041796875    0.0041015625             161             140
37500             218              19     0.042578125    0.0037109375             161             142
37600             218              19     0.042578125    0.0037109375             161             142
37700             218              19     0.042578125    0.0037109375             161             142
37800             222              17     0.043359375    0.0033203125             161             144
37900             226              15     0.044140625    0.0029296875             161             146
38000             226              15     0.044140625    0.0029296875             161             146
38100             224              16         0.04375        0.003125             162             146
38200             226              15     0.044140625    0.0029296875             162             147
38300             224              16         0.04375        0.003125             163             147
38400             224              16         0.04375        0.003125             163             147
38500             224              16         0.04375        0.003125             163             147
38600             224              16         0.04375        0.003125             163             147
38700             222              17     0.043359375    0.0033203125             164             147
38800             224              16         0.04375        0.003125             164             148
38900             224              16         0.04375        0.003125             164             148
39000             224              16         0.04375        0.003125             164             148
39100             224              16         0.04375        0.003125             164             148
39200             226              15     0.044140625    0.0029296875             164             149
39300             226              15     0.044140625    0.0029296875             164             149
39400             226              15     0.044140625    0.0029296875             164             149
39500             228              14      0.04453125     0.002734375             164             150
39600             228              14      0.04453125     0.002734375             164             150
39700             228              14      0.04453125     0.002734375             164             150
39800             228              14      0.04453125     0.002734375             164             150
39900             228              14      0.04453125     0.002734375             164             150
40000             228              14      0.04453125     0.002734375             164             150
40100             228              14      0.04453125     0.002734375             164             150
40200             232              12       0.0453125      0.00234375             164             152
40300             232              12       0.0453125      0.00234375             164             152
40400             232              12       0.0453125      0.00234375             164             152
40500             232              12       0.0453125      0.00234375             164             152
40600             232              12       0.0453125      0.00234375             164             152
40700             232              12       0.0453125      0.00234375             164             152
40800             232              12       0.0453125      0.00234375             164             152
40900             232              12       0.0453125      0.00234375             164             152
41000             232              12       0.0453125      0.00234375             164             152
41100             230              13     0.044921875    0.0025390625             165             152
41200             228              14      0.04453125     0.002734375             166             152
41300             230              13     0.044921875    0.0025390625             166             153
41400             232              12       0.0453125      0.00234375             167             155
41500             232              12       0.0453125      0.00234375             167             155
41600             232              12       0.0453125      0.00234375             167             155
41700             232              12       0.0453125      0.00234375             167             155
41800             234              11     0.045703125    0.0021484375             167             156
41900             238               9     0.046484375    0.0017578125             167             158
42000             238               9     0.046484375    0.0017578125             168             159
42100             238               9     0.046484375    0.0017578125             168             159
42200             238               9     0.046484375    0.0017578125             169             160
42300             238               9     0.046484375    0.0017578125             169             160
42400             238               9     0.046484375    0.0017578125             169             160
42500             240               8        0.046875       0.0015625             170             162
42600             238               9     0.046484375    0.0017578125             171             162
42700             238               9     0.046484375    0.0017578125             171             162
42800             236              10      0.04609375     0.001953125             172             162
42900             238               9     0.046484375    0.0017578125             172             163
43000             238               9     0.046484375    0.0017578125             172             163
43100             240               8        0.046875       0.0015625             172             164
43200             238               9     0.046484375    0.0017578125             173             164
43300             234              11     0.045703125    0.0021484375             175             164
43400             234              11     0.045703125    0.0021484375             175             164
43500             234              11     0.045703125    0.0021484375             175             164
43600             234              11     0.045703125    0.0021484375             175             164
43700             234              11     0.045703125    0.0021484375             175             164
43800             232              12       0.0453125      0.00234375             176             164
43900             230              13     0.044921875    0.0025390625             177             164
44000             228              14      0.04453125     0.002734375             178             164
44100             226              15     0.044140625    0.0029296875             179             164
44200             226              15     0.044140625    0.0029296875             179             164
44300             226              15     0.044140625    0.0029296875             179             164
44400             228              14      0.04453125     0.002734375             179             165
44500             228              14      0.04453125     0.002734375             179             165
44600             224              16         0.04375        0.003125             181             165
44700             222              17     0.043359375    0.0033203125             182             165
44800             222              17     0.043359375    0.0033203125             182             165
44900             220              18      0.04296875     0.003515625             183             165
45000             220              18      0.04296875     0.003515625             183             165
45100             216              20       0.0421875      0.00390625             185             165
45200             218              19     0.042578125    0.0037109375             185             166
45300             218              19     0.042578125    0.0037109375             185             166
45400             216              20       0.0421875      0.00390625             186             166
45500             216              20       0.0421875      0.00390625             186             166
45600             216              20       0.0421875      0.00390625             186             166
45700             216              20       0.0421875      0.00390625             186             166
45800             216              20       0.0421875      0.00390625             186             166
45900             216              20       0.0421875      0.00390625             186             166
46000             216              20       0.0421875      0.00390625             186             166
46100             220              18      0.04296875     0.003515625             186             168
46200             220              18      0.04296875     0.003515625             186             168
46300             220              18      0.04296875     0.003515625             186             168
46400             218              19     0.042578125    0.0037109375             187             168
46500             216              20       0.0421875      0.00390625             188             168
46600             214              21     0.041796875    0.0041015625             189             168
46700             214              21     0.041796875    0.0041015625             189             168
46800             218              19     0.042578125    0.0037109375             189             170
46900             216              20       0.0421875      0.00390625             190             170
47000             220              18      0.04296875     0.003515625             190             172
47100             218              19     0.042578125    0.0037109375             191             172
47200             218              19     0.042578125    0.0037109375             191             172
47300             218              19     0.042578125    0.0037109375             191             172
47400             220              18      0.04296875     0.003515625             191             173
47500             220              18      0.04296875     0.003515625             191             173
47600             222              17     0.043359375    0.0033203125             191             174
47700             222              17     0.043359375    0.0033203125             192             175
47800             218              19     0.042578125    0.0037109375             194             175
47900             220              18      0.04296875     0.003515625             194             176
48000             220              18      0.04296875     0.003515625             194             176
48100             224              16         0.04375        0.003125             194             178
48200             224              16         0.04375        0.003125             195             179
48300             224              16         0.04375        0.003125             195             179
48400             222              17     0.043359375    0.0033203125             196             179
48500             224              16         0.04375        0.003125             196             180
48600             224              16         0.04375        0.003125             196             180
48700             224              16         0.04375        0.003125             196             180
48800             226              15     0.044140625    0.0029296875             196             181
48900             224              16         0.04375        0.003125             197             181
49000             224              16         0.04375        0.003125             197             181
49100             222              17     0.043359375    0.0033203125             198             181
49200             222              17     0.043359375    0.0033203125             199             182
49300             220              18      0.04296875     0.003515625             200             182
49400             222              17     0.043359375    0.0033203125             200             183
49500             220              18      0.04296875     0.003515625             201             183
49600             218              19     0.042578125    0.0037109375             202             183
49700             218              19     0.042578125    0.0037109375             202             183
49800             222              17     0.043359375    0.0033203125             202             185
49900             222              17     0.043359375    0.0033203125             202             185
50000             222              17     0.043359375    0.0033203125             202             185
50100             222              17     0.043359375    0.0033203125             202             185
50200             224              16         0.04375        0.003125             202             186
50300             224              16         0.04375        0.003125             202             186
50400             226              15     0.044140625    0.0029296875             202             187
50500             226              15     0.044140625    0.0029296875             203             188
50600             228              14      0.04453125     0.002734375             203             189
50700             226              15     0.044140625    0.0029296875             204             189
50800             226              15     0.044140625    0.0029296875             205             190
50900             226              15     0.044140625    0.0029296875             205             190
51000             226              15     0.044140625    0.0029296875             205             190
51100             228              14      0.04453125     0.002734375             205             191
51200             228              14      0.04453125     0.002734375             205             191
51300             226              15     0.044140625    0.0029296875             206             191
51400             226              15     0.044140625    0.0029296875             206             191
51500             226              15     0.044140625    0.0029296875             206             191
51600             226              15     0.044140625    0.0029296875             206             191
51700             224              16         0.04375        0.003125             207             191
51800             224              16         0.04375        0.003125             207             191
51900             224              16         0.04375        0.003125             207             191
52000             224              16         0.04375        0.003125             207             191
52100             224              16         0.04375        0.003125             207             191
52200             226              15     0.044140625    0.0029296875             207             192
52300             226              15     0.044140625    0.0029296875             207             192
52400             226              15     0.044140625    0.0029296875             207             192
52500             222              17     0.043359375    0.0033203125             209             192
52600             222              17     0.043359375    0.0033203125             209             192
52700             222              17     0.043359375    0.0033203125             210             193
52800             222              17     0.043359375    0.0033203125             211             194
52900             220              18      0.04296875     0.003515625             212             194
53000             220              18      0.04296875     0.003515625             212             194
53100             220              18      0.04296875     0.003515625             212             194
53200             216              20       0.0421875      0.00390625             214             194
53300             216              20       0.0421875      0.00390625             214             194
53400             216              20       0.0421875      0.00390625             215             195
53500             218              19     0.042578125    0.0037109375             216             197
53600             220              18      0.04296875     0.003515625             216             198
53700             218              19     0.042578125    0.0037109375             217             198
53800             218              19     0.042578125    0.0037109375             217             198
53900             220              18      0.04296875     0.003515625             217             199
54000             220              18      0.04296875     0.003515625             217             199
54100             216              20       0.0421875      0.00390625             219             199
54200             214              21     0.041796875    0.0041015625             220             199
54300             216              20       0.0421875      0.00390625             220             200
54400             214              21     0.041796875    0.0041015625             221             200
54500             216              20       0.0421875      0.00390625             221             201
54600             216              20       0.0421875      0.00390625             221             201
54700             214              21     0.041796875    0.0041015625             222             201
54800             216              20       0.0421875      0.00390625             222             202
54900             216              20       0.0421875      0.00390625             223             203
55000             216              20       0.0421875      0.00390625             223             203
55100             214              21     0.041796875    0.0041015625             224             203
55200             212              22      0.04140625     0.004296875             225             203
55300             216              20       0.0421875      0.00390625             225             205
55400             216              20       0.0421875      0.00390625             225             205
55500             218              19     0.042578125    0.0037109375             225             206
55600             218              19     0.042578125    0.0037109375             225             206
55700             216              20       0.0421875      0.00390625             226             206
55800             216              20       0.0421875      0.00390625             227             207
55900             218              19     0.042578125    0.0037109375             227             208
56000             214              21     0.041796875    0.0041015625             229             208
56100             214              21     0.041796875    0.0041015625             229             208
56200             216              20       0.0421875      0.00390625             229             209
56300             216              20       0.0421875      0.00390625             229             209
56400             218              19     0.042578125    0.0037109375             229             210
56500             218              19     0.042578125    0.0037109375             229             210
56600             218              19     0.042578125    0.0037109375             229             210
56700             218              19     0.042578125    0.0037109375             229             210
56800             216              20       0.0421875      0.00390625             230             210
56900             216              20       0.0421875      0.00390625             230             210
57000             216              20       0.0421875      0.00390625             230             210
57100             216              20       0.0421875      0.00390625             230             210
57200             216              20       0.0421875      0.00390625             230             210
57300             216              20       0.0421875      0.00390625             230             210
57400             216              20       0.0421875      0.00390625             230             210
57500             216              20       0.0421875      0.00390625             230             210
57600             218              19     0.042578125    0.0037109375             230             211
57700             214              21     0.041796875    0.0041015625             232             211
57800             210              23     0.041015625    0.0044921875             234             211
57900             208              24        0.040625       0.0046875             235             211
58000             208              24        0.040625       0.0046875             235             211
58100             206              25     0.040234375    0.0048828125             236             211
58200             206              25     0.040234375    0.0048828125             236             211
58300             206              25     0.040234375    0.0048828125             237             212
58400             206              25     0.040234375    0.0048828125             237             212
58500             206              25     0.040234375    0.0048828125             238             213
58600             206              25     0.040234375    0.0048828125             238             213
58700             206              25     0.040234375    0.0048828125             238             213
58800             206              25     0.040234375    0.0048828125             238             213
58900             206              25     0.040234375    0.0048828125             239             214
59000             204              26      0.03984375     0.005078125             240             214
59100             200              28       0.0390625      0.00546875             242             214
59200             200              28       0.0390625      0.00546875             242             214
59300             200              28       0.0390625      0.00546875             243             215
59400             200              28       0.0390625      0.00546875             243             215
59500             196              30      0.03828125     0.005859375             245             215
59600             198              29     0.038671875    0.0056640625             245             216
59700             198              29     0.038671875    0.0056640625             245             216
59800             200              28       0.0390625      0.00546875             245             217
59900             200              28       0.0390625      0.00546875             245             217
60000             200              28       0.0390625      0.00546875             245             217
60100             198              29     0.038671875    0.0056640625             246             217
60200             196              30      0.03828125     0.005859375             247             217
60300             192              32          0.0375         0.00625             249             217
60400             192              32          0.0375         0.00625             249             217
60500             192              32          0.0375         0.00625             249             217
60600             194              31     0.037890625    0.0060546875             249             218
60700             194              31     0.037890625    0.0060546875             249             218
60800             196              30      0.03828125     0.005859375             249             219
60900             196              30      0.03828125     0.005859375             249             219
61000             198              29     0.038671875    0.0056640625             249             220
61100             198              29     0.038671875    0.0056640625             249             220
61200             196              30      0.03828125     0.005859375             250             220
61300             196              30      0.03828125     0.005859375             250             220
61400             198              29     0.038671875    0.0056640625             251             222
61500             202              27     0.039453125    0.0052734375             251             224
61600             202              27     0.039453125    0.0052734375             252             225
61700             202              27     0.039453125    0.0052734375             252             225
61800             202              27     0.039453125    0.0052734375             252             225
61900             202              27     0.039453125    0.0052734375             252             225
62000             200              28       0.0390625      0.00546875             253             225
62100             198              29     0.038671875    0.0056640625             254             225
62200             200              28       0.0390625      0.00546875             254             226
62300             198              29     0.038671875    0.0056640625             255             226
62400             196              30      0.03828125     0.005859375             256             226
62500             196              30      0.03828125     0.005859375             256             226
62600             196              30      0.03828125     0.005859375             256             226
62700             198              29     0.038671875    0.0056640625             257             228
62800             198              29     0.038671875    0.0056640625             257             228
62900             200              28       0.0390625      0.00546875             257             229
63000             202              27     0.039453125    0.0052734375             257             230
63100             202              27     0.039453125    0.0052734375             257             230
63200             202              27     0.039453125    0.0052734375             257             230
63300             202              27     0.039453125    0.0052734375             258             231
63400             204              26      0.03984375     0.005078125             258             232
63500             206              25     0.040234375    0.0048828125             258             233
63600             206              25     0.040234375    0.0048828125             258             233
63700             206              25     0.040234375    0.0048828125             258             233
63800             208              24        0.040625       0.0046875             258             234
63900             208              24        0.040625       0.0046875             258             234
64000             208              24        0.040625       0.0046875             258             234
64100             208              24        0.040625       0.0046875             260             236
64200             204              26      0.03984375     0.005078125             262             236
64300             204              26      0.03984375     0.005078125             262             236
64400             202              27     0.039453125    0.0052734375             263             236
64500             202              27     0.039453125    0.0052734375             264             237
64600             202              27     0.039453125    0.0052734375             264             237
64700             204              26      0.03984375     0.005078125             265             239
64800             206              25     0.040234375    0.0048828125             265             240
64900             206              25     0.040234375    0.0048828125             266             241
65000             206              25     0.040234375    0.0048828125             266             241
65100             208              24        0.040625       0.0046875             266             242
65200             210              23     0.041015625    0.0044921875             266             243
65300             210              23     0.041015625    0.0044921875             266             243
65400             208              24        0.040625       0.0046875             267             243
65500             208              24        0.040625       0.0046875             267             243
65600             206              25     0.040234375    0.0048828125             268             243
65700             208              24        0.040625       0.0046875             268             244
65800             208              24        0.040625       0.0046875             269             245
65900             208              24        0.040625       0.0046875             269             245
66000             208              24        0.040625       0.0046875             269             245
66100             208              24        0.040625       0.0046875             269             245
66200             210              23     0.041015625    0.0044921875             270             247
66300             212              22      0.04140625     0.004296875             270             248
66400             212              22      0.04140625     0.004296875             271             249
66500             210              23     0.041015625    0.0044921875             272             249
66600             210              23     0.041015625    0.0044921875             272             249
66700             210              23     0.041015625    0.0044921875             272             249
66800             212              22      0.04140625     0.004296875             272             250
66900             212              22      0.04140625     0.004296875             272             250
67000             214              21     0.041796875    0.0041015625             272             251
67100             214              21     0.041796875    0.0041015625             272             251
67200             214              21     0.041796875    0.0041015625             272             251
67300             216              20       0.0421875      0.00390625             272             252
67400             214              21     0.041796875    0.0041015625             273             252
67500             214              21     0.041796875    0.0041015625             273             252
67600             216              20       0.0421875      0.00390625             273             253
67700             218              19     0.042578125    0.0037109375             273             254
67800             218              19     0.042578125    0.0037109375             273             254
67900             218              19     0.042578125    0.0037109375             273             254
68000             216              20       0.0421875      0.00390625             274             254
68100             216              20       0.0421875      0.00390625             274             254
68200             216              20       0.0421875      0.00390625             274             254
68300             222              17     0.043359375    0.0033203125             274             257
68400             222              17     0.043359375    0.0033203125             274             257
68500             226              15     0.044140625    0.0029296875             274             259
68600             226              15     0.044140625    0.0029296875             275             260
68700             224              16         0.04375        0.003125             276             260
68800             222              17     0.043359375    0.0033203125             277             260
68900             218              19     0.042578125    0.0037109375             279             260
69000             220              18      0.04296875     0.003515625             279             261
69100             220              18      0.04296875     0.003515625             279             261
69200             220              18      0.04296875     0.003515625             279             261
69300             218              19     0.042578125    0.0037109375             280             261
69400             216              20       0.0421875      0.00390625             281             261
69500             220              18      0.04296875     0.003515625             281             263
69600             218              19     0.042578125    0.0037109375             282             263
69700             214              21     0.041796875    0.0041015625             284             263
69800             214              21     0.041796875    0.0041015625             285             264
69900             214              21     0.041796875    0.0041015625             285             264
70000             212              22      0.04140625     0.004296875             286             264
70100             212              22      0.04140625     0.004296875             286             264
70200             210              23     0.041015625    0.0044921875             287             264
70300             210              23     0.041015625    0.0044921875             287             264
70400             212              22      0.04140625     0.004296875             287             265
70500             214              21     0.041796875    0.0041015625             287             266
70600             214              21     0.041796875    0.0041015625             287             266
70700             214              21     0.041796875    0.0041015625             287             266
70800             214              21     0.041796875    0.0041015625             287             266
70900             212              22      0.04140625     0.004296875             288             266
71000             212              22      0.04140625     0.004296875             288             266
71100             210              23     0.041015625    0.0044921875             289             266
71200             214              21     0.041796875    0.0041015625             289             268
71300             214              21     0.041796875    0.0041015625             289             268
71400             214              21     0.041796875    0.0041015625             289             268
71500             210              23     0.041015625    0.0044921875             291             268
71600             208              24        0.040625       0.0046875             292             268
71700             208              24        0.040625       0.0046875             292             268
71800             208              24        0.040625       0.0046875             292             268
71900             208              24        0.040625       0.0046875             292             268
72000             210              23     0.041015625    0.0044921875             292             269
72100             210              23     0.041015625    0.0044921875             292             269
72200             210              23     0.041015625    0.0044921875             292             269
72300             210              23     0.041015625    0.0044921875             293             270
72400             210              23     0.041015625    0.0044921875             294             271
72500             208              24        0.040625       0.0046875             295             271
72600             210              23     0.041015625    0.0044921875             295             272
72700             212              22      0.04140625     0.004296875             295             273
72800             208              24        0.040625       0.0046875             297             273
72900             208              24        0.040625       0.0046875             297             273
73000             208              24        0.040625       0.0046875             297             273
73100             210              23     0.041015625    0.0044921875             298             275
73200             208              24        0.040625       0.0046875             299             275
73300             210              23     0.041015625    0.0044921875             299             276
73400             208              24        0.040625       0.0046875             300             276
73500             208              24        0.040625       0.0046875             300             276
73600             208              24        0.040625       0.0046875             300             276
73700             208              24        0.040625       0.0046875             301             277
73800             210              23     0.041015625    0.0044921875             301             278
73900             210              23     0.041015625    0.0044921875             301             278
74000             210              23     0.041015625    0.0044921875             301             278
74100             210              23     0.041015625    0.0044921875             301             278
74200             210              23     0.041015625    0.0044921875             301             278
74300             212              22      0.04140625     0.004296875             301             279
74400             210              23     0.041015625    0.0044921875             302             279
74500             212              22      0.04140625     0.004296875             302             280
74600             210              23     0.041015625    0.0044921875             303             280
74700             210              23     0.041015625    0.0044921875             303             280
74800             208              24        0.040625       0.0046875             305             281
74900             208              24        0.040625       0.0046875             305             281
75000             210              23     0.041015625    0.0044921875             305             282
75100             208              24        0.040625       0.0046875             306             282
75200             208              24        0.040625       0.0046875             306             282
75300             206              25     0.040234375    0.0048828125             307             282
75400             206              25     0.040234375    0.0048828125             307             282
75500             204              26      0.03984375     0.005078125             308             282
75600             206              25     0.040234375    0.0048828125             308             283
75700             206              25     0.040234375    0.0048828125             308             283
75800             206              25     0.040234375    0.0048828125             308             283
75900             204              26      0.03984375     0.005078125             309             283
76000             202              27     0.039453125    0.0052734375             310             283
76100             202              27     0.039453125    0.0052734375             311             284
76200             202              27     0.039453125    0.0052734375             311             284
76300             202              27     0.039453125    0.0052734375             311             284
76400             202              27     0.039453125    0.0052734375             311             284
76500             202              27     0.039453125    0.0052734375             311             284
76600             204              26      0.03984375     0.005078125             311             285
76700             204              26      0.03984375     0.005078125             311             285
76800             208              24        0.040625       0.0046875             311             287
76900             208              24        0.040625       0.0046875             312             288
77000             212              22      0.04140625     0.004296875             312             290
77100             212              22      0.04140625     0.004296875             312             290
77200             212              22      0.04140625     0.004296875             312             290
77300             212              22      0.04140625     0.004296875             312             290
77400             212              22      0.04140625     0.004296875             313             291
77500             212              22      0.04140625     0.004296875             313             291
77600             214              21     0.041796875    0.0041015625             313             292
77700             212              22      0.04140625     0.004296875             314             292
77800             212              22      0.04140625     0.004296875             315             293
77900             212              22      0.04140625     0.004296875             315             293
78000             214              21     0.041796875    0.0041015625             315             294
78100             212              22      0.04140625     0.004296875             316             294
78200             212              22      0.04140625     0.004296875             317             295
78300             212              22      0.04140625     0.004296875             318             296
78400             212              22      0.04140625     0.004296875             318             296
78500             210              23     0.041015625    0.0044921875             319             296
78600             208              24        0.040625       0.0046875             320             296
78700             208              24        0.040625       0.0046875             320             296
78800             208              24        0.040625       0.0046875             321             297
78900             210              23     0.041015625    0.0044921875             321             298
79000             210              23     0.041015625    0.0044921875             322             299
79100             210              23     0.041015625    0.0044921875             322             299
79200             214              21     0.041796875    0.0041015625             322             301
79300             214              21     0.041796875    0.0041015625             322             301
79400             218              19     0.042578125    0.0037109375             322             303
79500             218              19     0.042578125    0.0037109375             322             303
79600             220              18      0.04296875     0.003515625             322             304
79700             222              17     0.043359375    0.0033203125             322             305
79800             224              16         0.04375        0.003125             322             306
79900             226              15     0.044140625    0.0029296875             323             308
80000             228              14      0.04453125     0.002734375             324             310
80100             228              14      0.04453125     0.002734375             324             310
80200             226              15     0.044140625    0.0029296875             325             310
80300             228              14      0.04453125     0.002734375             325             311
80400             228              14      0.04453125     0.002734375             325             311
80500             226              15     0.044140625    0.0029296875             326             311
80600             224              16         0.04375        0.003125             327             311
80700             224              16         0.04375        0.003125             327             311
80800             224              16         0.04375        0.003125             327             311
80900             222              17     0.043359375    0.0033203125             328             311
81000             222              17     0.043359375    0.0033203125             328             311
81100             222              17     0.043359375    0.0033203125             328             311
81200             222              17     0.043359375    0.0033203125             328             311
81300             222              17     0.043359375    0.0033203125             328             311
81400             222              17     0.043359375    0.0033203125             328             311
81500             220              18      0.04296875     0.003515625             329             311
81600             220              18      0.04296875     0.003515625             329             311
81700             220              18      0.04296875     0.003515625             329             311
81800             226              15     0.044140625    0.0029296875             329             314
81900             224              16         0.04375        0.003125             330             314
82000             224              16         0.04375        0.003125             330             314
82100             224              16         0.04375        0.003125             330             314
82200             228              14      0.04453125     0.002734375             330             316
82300             230              13     0.044921875    0.0025390625             330             317
82400             230              13     0.044921875    0.0025390625             330             317
82500             228              14      0.04453125     0.002734375             331             317
82600             228              14      0.04453125     0.002734375             332             318
82700             224              16         0.04375        0.003125             334             318
82800             222              17     0.043359375    0.0033203125             335             318
82900             222              17     0.043359375    0.0033203125             335             318
83000             222              17     0.043359375    0.0033203125             335             318
83100             222              17     0.043359375    0.0033203125             335             318
83200             224              16         0.04375        0.003125             335             319
83300             222              17     0.043359375    0.0033203125             337             320
83400             224              16         0.04375        0.003125             337             321
83500             224              16         0.04375        0.003125             337             321
83600             224              16         0.04375        0.003125             337             321
83700             226              15     0.044140625    0.0029296875             337             322
83800             226              15     0.044140625    0.0029296875             338             323
83900             226              15     0.044140625    0.0029296875             338             323
84000             224              16         0.04375        0.003125             339             323
84100             222              17     0.043359375    0.0033203125             340             323
84200             224              16         0.04375        0.003125             340             324
84300             226              15     0.044140625    0.0029296875             340             325
84400             226              15     0.044140625    0.0029296875             340             325
84500             224              16         0.04375        0.003125             341             325
84600             224              16         0.04375        0.003125             341             325
84700             226              15     0.044140625    0.0029296875             341             326
84800             228              14      0.04453125     0.002734375             341             327
84900             228              14      0.04453125     0.002734375             341             327
85000             230              13     0.044921875    0.0025390625             341             328
85100             228              14      0.04453125     0.002734375             342             328
85200             228              14      0.04453125     0.002734375             342             328
85300             226              15     0.044140625    0.0029296875             343             328
85400             224              16         0.04375        0.003125             344             328
85500             224              16         0.04375        0.003125             344             328
85600             224              16         0.04375        0.003125             344             328
85700             224              16         0.04375        0.003125             344             328
85800             222              17     0.043359375    0.0033203125             345             328
85900             222              17     0.043359375    0.0033203125             345             328
86000             222              17     0.043359375    0.0033203125             345             328
86100             220              18      0.04296875     0.003515625             346             328
86200             222              17     0.043359375    0.0033203125             346             329
86300             218              19     0.042578125    0.0037109375             348             329
86400             218              19     0.042578125    0.0037109375             348             329
86500             220              18      0.04296875     0.003515625             348             330
86600             222              17     0.043359375    0.0033203125             348             331
86700             220              18      0.04296875     0.003515625             349             331
86800             224              16         0.04375        0.003125             349             333
86900             222              17     0.043359375    0.0033203125             350             333
87000             222              17     0.043359375    0.0033203125             350             333
87100             224              16         0.04375        0.003125             350             334
87200             224              16         0.04375        0.003125             350             334
87300             226              15     0.044140625    0.0029296875             350             335
87400             226              15     0.044140625    0.0029296875             350             335
87500             220              18      0.04296875     0.003515625             353             335
87600             220              18      0.04296875     0.003515625             353             335
87700             220              18      0.04296875     0.003515625             353             335
87800             222              17     0.043359375    0.0033203125             353             336
87900             220              18      0.04296875     0.003515625             354             336
88000             220              18      0.04296875     0.003515625             354             336
88100             218              19     0.042578125    0.0037109375             355             336
88200             218              19     0.042578125    0.0037109375             355             336
88300             216              20       0.0421875      0.00390625             357             337
88400             216              20       0.0421875      0.00390625             357             337
88500             216              20       0.0421875      0.00390625             358             338
88600             216              20       0.0421875      0.00390625             358             338
88700             216              20       0.0421875      0.00390625             358             338
88800             214              21     0.041796875    0.0041015625             359             338
88900             214              21     0.041796875    0.0041015625             359             338
89000             214              21     0.041796875    0.0041015625             359             338
89100             212              22      0.04140625     0.004296875             360             338
89200             216              20       0.0421875      0.00390625             360             340
89300             218              19     0.042578125    0.0037109375             360             341
89400             220              18      0.04296875     0.003515625             360             342
89500             218              19     0.042578125    0.0037109375             361             342
89600             218              19     0.042578125    0.0037109375             361             342
89700             218              19     0.042578125    0.0037109375             361             342
89800             218              19     0.042578125    0.0037109375             361             342
89900             218              19     0.042578125    0.0037109375             361             342
90000             218              19     0.042578125    0.0037109375             361             342
90100             218              19     0.042578125    0.0037109375             362             343
90200             218              19     0.042578125    0.0037109375             363             344
90300             218              19     0.042578125    0.0037109375             363             344
90400             218              19     0.042578125    0.0037109375             363             344
90500             218              19     0.042578125    0.0037109375             363             344
90600             218              19     0.042578125    0.0037109375             363             344
90700             218              19     0.042578125    0.0037109375             363             344
90800             218              19     0.042578125    0.0037109375             363             344
90900             218              19     0.042578125    0.0037109375             363             344
91000             220              18      0.04296875     0.003515625             363             345
91100             218              19     0.042578125    0.0037109375             364             345
91200             212              22      0.04140625     0.004296875             367             345
91300             210              23     0.041015625    0.0044921875             369             346
91400             210              23     0.041015625    0.0044921875             369             346
91500             214              21     0.041796875    0.0041015625             369             348
91600             216              20       0.0421875      0.00390625             369             349
91700             216              20       0.0421875      0.00390625             369             349
91800             216              20       0.0421875      0.00390625             369             349
91900             216              20       0.0421875      0.00390625             369             349
92000             214              21     0.041796875    0.0041015625             370             349
92100             212              22      0.04140625     0.004296875             371             349
92200             212              22      0.04140625     0.004296875             371             349
92300             214              21     0.041796875    0.0041015625             371             350
92400             214              21     0.041796875    0.0041015625             371             350
92500             212              22      0.04140625     0.004296875             372             350
92600             210              23     0.041015625    0.0044921875             373             350
92700             208              24        0.040625       0.0046875             374             350
92800             208              24        0.040625       0.0046875             374             350
92900             210              23     0.041015625    0.0044921875             374             351
93000             208              24        0.040625       0.0046875             375             351
93100             210              23     0.041015625    0.0044921875             375             352
93200             210              23     0.041015625    0.0044921875             375             352
93300             206              25     0.040234375    0.0048828125             377             352
93400             206              25     0.040234375    0.0048828125             377             352
93500             206              25     0.040234375    0.0048828125             377             352
93600             204              26      0.03984375     0.005078125             378             352
93700             206              25     0.040234375    0.0048828125             378             353
93800             208              24        0.040625       0.0046875             378             354
93900             212              22      0.04140625     0.004296875             378             356
94000             212              22      0.04140625     0.004296875             378             356
94100             210              23     0.041015625    0.0044921875             379             356
94200             212              22      0.04140625     0.004296875             379             357
94300             214              21     0.041796875    0.0041015625             379             358
94400             216              20       0.0421875      0.00390625             379             359
94500             216              20       0.0421875      0.00390625             379             359
94600             216              20       0.0421875      0.00390625             379             359
94700             214              21     0.041796875    0.0041015625             380             359
94800             214              21     0.041796875    0.0041015625             380             359
94900             214              21     0.041796875    0.0041015625             380             359
95000             216              20       0.0421875      0.00390625             380             360
95100             214              21     0.041796875    0.0041015625             381             360
95200             216              20       0.0421875      0.00390625             381             361
95300             216              20       0.0421875      0.00390625             381             361
95400             218              19     0.042578125    0.0037109375             381             362
95500             220              18      0.04296875     0.003515625             381             363
95600             224              16         0.04375        0.003125             381             365
95700             222              17     0.043359375    0.0033203125             382             365
95800             220              18      0.04296875     0.003515625             383             365
95900             220              18      0.04296875     0.003515625             384             366
96000             220              18      0.04296875     0.003515625             384             366
96100             220              18      0.04296875     0.003515625             384             366
96200             220              18      0.04296875     0.003515625             384             366
96300             220              18      0.04296875     0.003515625             384             366
96400             218              19     0.042578125    0.0037109375             385             366
96500             218              19     0.042578125    0.0037109375             385             366
96600             220              18      0.04296875     0.003515625             386             368
96700             220              18      0.04296875     0.003515625             386             368
96800             220              18      0.04296875     0.003515625             386             368
96900             218              19     0.042578125    0.0037109375             388             369
97000             218              19     0.042578125    0.0037109375             388             369
97100             216              20       0.0421875      0.00390625             389             369
97200             218              19     0.042578125    0.0037109375             389             370
97300             220              18      0.04296875     0.003515625             389             371
97400             220              18      0.04296875     0.003515625             389             371
97500             218              19     0.042578125    0.0037109375             390             371
97600             218              19     0.042578125    0.0037109375             390             371
97700             216              20       0.0421875      0.00390625             391             371
97800             214              21     0.041796875    0.0041015625             392             371
97900             212              22      0.04140625     0.004296875             393             371
98000             212              22      0.04140625     0.004296875             393             371
98100             210              23     0.041015625    0.0044921875             395             372
98200             208              24        0.040625       0.0046875             396             372
98300             210              23     0.041015625    0.0044921875             396             373
98400             212              22      0.04140625     0.004296875             396             374
98500             210              23     0.041015625    0.0044921875             397             374
98600             208              24        0.040625       0.0046875             398             374
98700             206              25     0.040234375    0.0048828125             399             374
98800             206              25     0.040234375    0.0048828125             399             374
98900             208              24        0.040625       0.0046875             399             375
99000             206              25     0.040234375    0.0048828125             400             375
99100             206              25     0.040234375    0.0048828125             400             375
99200             208              24        0.040625       0.0046875             400             376
99300             212              22      0.04140625     0.004296875             400             378
99400             212              22      0.04140625     0.004296875             400             378
99500             212              22      0.04140625     0.004296875             401             379
99600             212              22      0.04140625     0.004296875             401             379
99700             214              21     0.041796875    0.0041015625             401             380
99800             210              23     0.041015625    0.0044921875             403             380
99900             210              23     0.041015625    0.0044921875             404             381
100000             210              23     0.041015625    0.0044921875             404             381
