time,g_CM,alpha
0.0,-2.825768508074589e-13,nan
1.0,0.021505422344188993,1.1398401221243646
2.0,0.04738861795484744,1.0736677911973054
3.0,0.07209769117715424,0.9991987367836055
4.0,0.09540913533417626,0.9525019704112703
5.0,0.11756932357734746,0.9229049080599188
6.0,0.13884366253382363,0.9029624165729659
7.0,0.1593865038524441,0.8887246735272001
8.0,0.17933666752544214,0.8788535732072171
9.0,0.19880591043530535,0.8716962629305387
10.0,0.2178609066742645,0.8659087175650955
11.0,0.23654658412763843,0.8609635473778319
12.0,0.2548989772427925,0.856790454005905
13.0,0.2729536213680699,0.8531567066798296
14.0,0.29073226124598006,0.8499382686546753
15.0,0.3082601072171299,0.8470129578037486
16.0,0.32555079654603714,0.8451020200210699
17.0,0.34265476687988117,0.8442685830321466
18.0,0.3595888900553057,0.842860351091657
19.0,0.3763341971777193,0.8407979770504941
20.0,0.39289954535076516,0.8394415824216193
21.0,0.40931849356612815,0.8387117660841685
22.0,0.425597234188568,0.8379402350575536
23.0,0.44174116924948453,0.8371728079845511
24.0,0.45775696729106596,0.8368835750697379
25.0,0.47366701126522326,0.8368163595260061
26.0,0.48946839106777584,0.836504060284927
27.0,0.5051640920528521,0.8355752247588111
28.0,0.52073678864838,0.8341311377850307
29.0,0.5361914349644287,0.8327401725523487
30.0,0.5515317927857726,0.8316202361405587
31.0,0.5667703058961756,0.8308110454603685
32.0,0.5819122024042069,0.8305252493773825
33.0,0.5969770634691243,0.8307741517317773
34.0,0.6119708465643131,0.8311097539458139
35.0,0.6268964108254275,0.8311378623406016
36.0,0.6417452324433487,0.8307717628411515
37.0,0.6565163038851641,0.8311907097691966
38.0,0.6712426087716034,0.8322996022530917
39.0,0.6859208394869936,0.8334425903478397
40.0,0.7005598328239477,0.8338521222477855
41.0,0.7151296296945671,0.8334624226650966
42.0,0.729635227201925,0.8333022580106375
43.0,0.744082862954597,0.8337167518921245
44.0,0.758489365575385,0.8339463005088623
45.0,0.7728351575738976,0.8337634430712129
46.0,0.7871281202112369,0.8340868475602212
47.0,0.8013804756179616,0.8338147724517677
48.0,0.8155627710576083,0.8322934169238652
49.0,0.8296638011682369,0.8305603911904385
50.0,0.8436892060461,0.8290762763315063
51.0,0.8576435621224956,0.8285874762387415
52.0,0.8715574927051681,0.8288049408617595
53.0,0.8854266391568855,0.8291394251598754
54.0,0.8992612656756683,0.8292611841400301
55.0,0.9130463238464165,0.8290498782409093
56.0,0.926787425439034,0.8282358906326204
57.0,0.94046093150387,0.827463222081456
58.0,0.9540928616085997,0.827256193781831
59.0,0.9676777492332805,0.826975790792919
60.0,0.9812201187644993,0.8263719539811585
61.0,0.9947064793714546,0.825048570315735
62.0,1.0081280207292693,0.8242524729273609
63.0,1.0215116230707162,0.8248109789409492
64.0,1.03487594826659,0.8254349344605747
65.0,1.0482063004284832,0.8261811961933716
66.0,1.061522515587975,0.8278241039350243
67.0,1.0748353311507126,0.8293106965876946
68.0,1.08813080329678,0.8300491997625437
69.0,1.1014002712900703,0.8297567630084375
70.0,1.1146207189160502,0.8299700671294428
71.0,1.1278318756867984,0.8309600385283678
72.0,1.1410203977684867,0.8311185925277078
73.0,1.154174364438338,0.8311467044029666
74.0,1.1673024186575833,0.8310765467187888
75.0,1.180393933414634,0.8306243604780645
76.0,1.1934482948280816,0.8304360187910538
77.0,1.2064751961416282,0.830484196974532
78.0,1.2194733384130003,0.8302241469201102
79.0,1.2324352576044177,0.8306417281803569
80.0,1.2453901942477466,0.8318340982368895
81.0,1.2583343063665846,0.8326781370433718
82.0,1.2712615976218267,0.8332865585951623
83.0,1.2841716127064386,0.8341746504069221
84.0,1.2970742936857884,0.8355469592238602
85.0,1.3099756464344525,0.8366232548497976
86.0,1.3228615908328112,0.8364510683266122
87.0,1.3357085516209264,0.8354244547031637
88.0,1.3485142275804525,0.8350878020548098
89.0,1.3613024584299016,0.8364549408531499
90.0,1.3741023141770576,0.8376651904570451
91.0,1.3868811690499077,0.8383502218684402
92.0,1.399656050810478,0.8386779093722971
93.0,1.412399987148606,0.8384369776859657
94.0,1.4251229876574183,0.8383715829119431
95.0,1.437820989285293,0.8382068136572904
96.0,1.4504955283716914,0.8380894959913405
97.0,1.4631470171877172,0.8388536230365418
98.0,1.4758020904753046,0.8395921888456215
99.0,1.4884342842330038,0.8390741085920652
100.0,1.501032630101919,0.8381374598136979
101.0,1.5135958205558013,0.837710460786905
102.0,1.5261407252890975,0.8373574092768372
103.0,1.5386532739231311,0.8367982619359289
104.0,1.5511416298171163,0.8358561103671889
105.0,1.5635866771259879,0.8347415752677207
106.0,1.5760024946590234,0.8343706731805867
107.0,1.5883975100633017,0.8344207587661749
108.0,1.6007762393455842,0.8346184352232981
109.0,1.6131390062297764,0.8351346244382007
110.0,1.6254953376401986,0.836021079444798
111.0,1.6378472025181885,0.8368091556780399
112.0,1.6501902618074042,0.8372038011257992
113.0,1.6625177176120387,0.8377858549391988
114.0,1.6748422274480088,0.8384672916796596
115.0,1.6871546189197577,0.8395492388219274
116.0,1.6994761507156142,0.8409171669915665
117.0,1.7117946332756722,0.8419396341199779
118.0,1.7241125556441472,0.8423569058991234
119.0,1.7364102534180952,0.842507219350793
120.0,1.7486997938665565,0.8428302757761799
121.0,1.7609745888623316,0.8428731930772386
122.0,1.7732333699553435,0.8429571951201638
123.0,1.7854788949564677,0.8431968358383344
124.0,1.7977132531306974,0.8426550700068631
125.0,1.809912068408037,0.8416122579236784
126.0,1.822085220701561,0.8405706947534455
127.0,1.8342231159701767,0.8398119067700378
128.0,1.8463435756920439,0.8395978239815562
129.0,1.858444823896386,0.8393095142932978
130.0,1.8705267335191358,0.8390430252086674
131.0,1.882590294284783,0.8396205484198447
132.0,1.8946589893354433,0.8402878283859252
133.0,1.9067124421665493,0.8412569892030461
134.0,1.9187798269298493,0.8421084462613777
135.0,1.9308292144035555,0.8422131095514231
136.0,1.9428712619192998,0.8425103461078862
137.0,1.9549011509925722,0.8426644809091854
138.0,1.9669198490920297,0.8431129944332483
139.0,1.978935028128122,0.8430018622659929
140.0,1.9909234399570117,0.8424930518171081
141.0,2.00289705482889,0.8422132041738664
142.0,2.0148506662197065,0.8415382030617309
143.0,2.026778426298095,0.8409933348155505
144.0,2.0386899661322775,0.8418147291814151
145.0,2.050614533285011,0.8431003830738604
146.0,2.0625365258025465,0.8439249676852612
147.0,2.07445874580898,0.8453803739466537
148.0,2.086396484376515,0.8465403257042965
149.0,2.0983265941090123,0.8477495412670635
150.0,2.110273739742886,0.8485349206777926
151.0,2.122201844813101,0.8478220649660315
152.0,2.1341049032977804,0.8468699783448841
153.0,2.1459822754042626,0.8465857625092994
154.0,2.157853398668242,0.8466063562918507
155.0,2.16970766581014,0.8468401221338908
156.0,2.18156174542082,0.8474653995287227
157.0,2.1934102281845647,0.8474650739336411
158.0,2.205241251473058,0.8470317834561101
159.0,2.21705468514074,0.846810134432161
160.0,2.228856679992243,0.84726611421884
161.0,2.2406601342802293,0.8475149468444556
162.0,2.252446686666908,0.8478659115403104
163.0,2.264237587565926,0.8488815509920471
164.0,2.276030375549597,0.8499157114976157
165.0,2.287828256503804,0.8504346805183758
166.0,2.2996140197578874,0.85068143698021
167.0,2.31139741764306,0.8517406371674525
168.0,2.323191403607541,0.8527450790381437
169.0,2.3349818404258835,0.8525859071268513
170.0,2.346750875744958,0.8513022585023577
171.0,2.3584853474153005,0.8501016767440603
172.0,2.3702006416537613,0.8501566287117441
173.0,2.381916079594227,0.8501004532769088
174.0,2.3936095522751057,0.8501571610201353
175.0,2.4053062547104878,0.8509149281251922
176.0,2.4170005504890004,0.8510513685078678
177.0,2.428681184268267,0.8509230058021302
178.0,2.440352217826468,0.8509659191089156
179.0,2.4520144243640942,0.8514594137689357
180.0,2.4636794992255537,0.8521756329743084
181.0,2.4753420793150944,0.8528025649439996
182.0,2.487005235660622,0.8537271791641388
183.0,2.4986742182581643,0.8554912869736029
184.0,2.510366912190099,0.8567699902393713
185.0,2.522052572830516,0.856639478153923
186.0,2.533723581659911,0.856406454742924
187.0,2.545384820156657,0.856953529953131
188.0,2.5570527483972647,0.8577601982353542
189.0,2.568718216964674,0.8579283605647561
190.0,2.5803731505427865,0.8577767320664123
191.0,2.5920170156556033,0.8571825816158309
192.0,2.6036384330102136,0.8562414550211344
193.0,2.615239366332338,0.8557410761995641
194.0,2.6268298271347668,0.8557664360259309
195.0,2.638414152552137,0.8566333076056907
196.0,2.6500108893467123,0.8575962303708877
197.0,2.6616043626103734,0.8572210238467477
198.0,2.673174198014547,0.8558973972358217
199.0,2.6847151294656633,0.8549235572600935
200.0,2.6962418184831516,0.8552409796918568
201.0,2.707774499953456,0.8565484104825742
202.0,2.71931982858772,0.8579011601885185
203.0,2.730872599719005,0.857533538005157
204.0,2.7423919289748113,0.856345880969215
205.0,2.7538965022207615,0.8563974465029389
206.0,2.7654010108721527,0.8562533621440309
207.0,2.7768856895117766,0.855871270922762
208.0,2.7883638910593196,0.8550452455938569
209.0,2.7998105022327233,0.8541623499399975
210.0,2.811249003518132,0.8545570085808265
211.0,2.8226902477161273,0.8554953837306414
212.0,2.83413809288749,0.8570393633842457
213.0,2.845605035087051,0.8594087048152517
214.0,2.857100877994503,0.8611951163724996
215.0,2.868600567367976,0.861890385687488
216.0,2.880100135193491,0.8614880260466578
217.0,2.8915744045894822,0.8598056378097709
218.0,2.903014377285967,0.8595672912779548
219.0,2.9144673969976176,0.8609618831134611
220.0,2.925929861824981,0.8616080382308269
221.0,2.937385633545471,0.8618949019120663
222.0,2.948841342100549,0.8613864901751356
223.0,2.960269371137465,0.8602978641840195
224.0,2.9716818386353356,0.8602173885623472
225.0,2.9830934185303315,0.8612068644140862
226.0,2.9945179317884487,0.8618943176634701
227.0,3.0059337674738686,0.8625664367229007
228.0,3.0173621393051477,0.8643693335087619
229.0,3.0288119663579294,0.8647703921579648
230.0,3.040237505029213,0.8633344497891215
231.0,3.0516358311785474,0.861756226841635
232.0,3.0630060673039816,0.8603421370228261
233.0,3.0743533795207987,0.8600042814615847
234.0,3.085700984615483,0.8601515382315483
235.0,3.0970386099487786,0.8596355137313765
236.0,3.1083590815651525,0.8584549870785452
237.0,3.119652076982825,0.8566747166687492
238.0,3.1309120793226923,0.8554321059230574
239.0,3.1421586693595556,0.8549491321529672
240.0,3.1533923100652324,0.8556422254207803
241.0,3.16464346228854,0.8574193655659883
242.0,3.1759103703144804,0.8594036290575957
243.0,3.1872003883893374,0.8596498106147408
244.0,3.1984608153146414,0.8585257258514503
245.0,3.209708278470581,0.85918408139392
246.0,3.22097289552347,0.8604481442361589
247.0,3.2322406418862855,0.8607432430011954
248.0,3.243500268974587,0.8604821108513079
249.0,3.2547485089274626,0.8606923404037161
250.0,3.2660009723814434,0.8612214840009074
251.0,3.2772505181966984,0.8614612947658031
252.0,3.288496792694585,0.8620709747042099
253.0,3.2997498666856124,0.8623843770026838
254.0,3.310992082964665,0.8625005390421165
255.0,3.3222359539139026,0.8626132836000409
256.0,3.3334689954421597,0.8622037585631404
257.0,3.3446901027325744,0.8616282593607991
258.0,3.355896087157202,0.8609057298412779
259.0,3.367086319724544,0.859790901681805
260.0,3.3782512430093266,0.8591694297925585
261.0,3.389413174561124,0.8601307460344003
262.0,3.400590998485111,0.8612811039490396
263.0,3.4117709252190638,0.8617128022562213
264.0,3.4229481663863277,0.8625505368072481
265.0,3.4341380889351187,0.8639764349856875
266.0,3.4453407265056577,0.8643469268560864
267.0,3.4565288509403564,0.8643577629581216
268.0,3.4677203370496956,0.8655297244260396
269.0,3.4789274678098403,0.8671689605706945
270.0,3.4901502073639645,0.8674814681468774
271.0,3.501354449481879,0.8665618021989587
272.0,3.512542397641434,0.8658011204362595
273.0,3.5237159552295485,0.8653947028664106
274.0,3.534882370341595,0.8652483721501198
275.0,3.5460411552233033,0.8659347458415141
276.0,3.5572142972367318,0.866696880942385
277.0,3.568381934662482,0.8669513376544273
278.0,3.5795508608608344,0.8672613379681593
279.0,3.590715797874127,0.8669505010761327
280.0,3.6018660901458004,0.8663336299237869
281.0,3.6130045062151437,0.8663745747874998
282.0,3.6241452057126695,0.8675193413970135
283.0,3.635302489230025,0.8690980650282825
284.0,3.646473361932374,0.8694539062254591
285.0,3.6576295462665462,0.8687085154750491
286.0,3.668771014778312,0.8687928006088157
287.0,3.6799190710292753,0.8695506159398292
288.0,3.6910698046351302,0.8699163770848486
289.0,3.7022171468177687,0.869774540508331
290.0,3.7133542026030217,0.869553680403726
291.0,3.7244858487716193,0.8691210586079592
292.0,3.7356018364442996,0.8690982832577845
293.0,3.746722872236179,0.8707768432253147
294.0,3.757871859079738,0.873217480531963
295.0,3.7690455826281597,0.8742266387003212
296.0,3.780210850107681,0.8742111075452499
297.0,3.79137465693703,0.8741397389491681
298.0,3.802528644454831,0.8739484753936608
299.0,3.8136781132071382,0.8733285726190161
300.0,3.82480687831144,0.8730098626593019
301.0,3.8359387433172345,0.8722602395061472
302.0,3.8470390341185383,0.8705427040294467
303.0,3.858117642349603,0.8696495894280076
304.0,3.8691856460113407,0.8688215509228883
305.0,3.880233654006796,0.8691084602248793
306.0,3.89129937270684,0.8703195270084905
307.0,3.902368779296708,0.8710148962666722
308.0,3.913442835982986,0.8707590456101002
309.0,3.924496491251291,0.8692060501899732
310.0,3.935521790828144,0.8680820504011422
311.0,3.946537504369111,0.8676163445375096
312.0,3.957541609386341,0.8671400387570998
313.0,3.9685358634213688,0.8662631220090873
314.0,3.9795083716476665,0.8660848789483566
315.0,3.9904886791879446,0.8671230821515223
316.0,4.001478179895688,0.8680478588594553
317.0,4.012472696899856,0.868021450970673
318.0,4.02345240015461,0.8674451318515821
319.0,4.03442317080001,0.8672423680028203
320.0,4.045388598384116,0.867588534045467
321.0,4.0563590019897635,0.86898477801887
322.0,4.067350675547983,0.8706527818997642
323.0,4.078354343298678,0.8712720202720732
324.0,4.089352885458655,0.871247877172749
325.0,4.100347187953983,0.8717017986910491
326.0,4.1113484553671,0.8720506095140195
327.0,4.122342923516715,0.8718802370805747
328.0,4.1333312703606495,0.8718660424613631
329.0,4.144316776509965,0.8715022886483439
330.0,4.1552873982808745,0.8714267134583906
331.0,4.166262404924372,0.8714491405247884
332.0,4.177225084756626,0.8706265121022909
333.0,4.188170865926049,0.8700488556135895
334.0,4.1991104553156084,0.8704293440880804
335.0,4.210057267217372,0.8713657536135031
336.0,4.2210119462883195,0.8716907794315887
337.0,4.231958566197072,0.8713723445919754
338.0,4.242896888179929,0.8713957643674064
339.0,4.25383574287164,0.8712765450638926
340.0,4.264762779529306,0.8701508953853079
341.0,4.275665091523117,0.8696571395059323
342.0,4.286571359756441,0.8698634942711578
343.0,4.297470547158545,0.8694176513241985
344.0,4.308357354326274,0.8687013328740534
345.0,4.31923029830198,0.868755227258049
346.0,4.33011013088234,0.8696649146372408
347.0,4.34099760965597,0.8706570910630376
348.0,4.351894109380043,0.8717298141283436
349.0,4.362800343659635,0.8712854960936625
350.0,4.373677759887579,0.8695189469736988
351.0,4.384531759127342,0.8685928992737217
352.0,4.395377897598,0.868902777183564
353.0,4.4062315095194835,0.8692536543128426
354.0,4.417078372256721,0.869806975405254
355.0,4.427937753904748,0.8706406116999688
356.0,4.43879748719069,0.8700251974141793
357.0,4.44963363975314,0.869312397559554
358.0,4.460467640224556,0.8688404568169403
359.0,4.471284122315176,0.8680121266431229
360.0,4.482089534697801,0.8675841271615354
361.0,4.492887404109837,0.866793505883436
362.0,4.503665199231001,0.8659133260991325
363.0,4.514433176801602,0.8657729583291598
364.0,4.525199495448214,0.8647880412579525
365.0,4.535935050281637,0.8644719886262351
366.0,4.546685458578533,0.865579616982302
367.0,4.557440615417539,0.8652909461873719
368.0,4.568175997621908,0.8639915469433959
369.0,4.578890981260022,0.8642222332541678
370.0,4.589624120311181,0.8653191495048418
371.0,4.600358494951437,0.8653362066907562
372.0,4.611084270299016,0.8652637242244055
373.0,4.621809056715028,0.8654055074616167
374.0,4.632530595778663,0.8650116472728655
375.0,4.643237903521153,0.8647481988054437
376.0,4.6539451669052,0.8656843894552821
377.0,4.6646679413150265,0.8664658238448624
378.0,4.675386949748949,0.8668993163461778
379.0,4.686112860641914,0.867344948452228
380.0,4.696835377201814,0.8672494452858928
381.0,4.707551433077296,0.8669318346204022
382.0,4.718258617350332,0.86601674745134
383.0,4.728944589413395,0.864525928097521
384.0,4.73960742798141,0.8644654158687217
385.0,4.750284309268426,0.8657953405869421
386.0,4.760972486254146,0.8670646608752008
387.0,4.771673276141589,0.8678216694732441
388.0,4.782372806667551,0.868219809085133
389.0,4.793076116359544,0.8687851989687942
390.0,4.803782337979929,0.8697947962908188
391.0,4.814503318206513,0.8705739313029426
392.0,4.825221630521921,0.8713588926395346
393.0,4.835954845012112,0.8730003249777383
394.0,4.846706563895251,0.8745925329246802
395.0,4.857472068023549,0.8746769073624137
396.0,4.8682190713967906,0.8736356394431937
397.0,4.878952123527048,0.8738145013726921
398.0,4.889696647309001,0.8750876347645544
399.0,4.900454197306517,0.8760837294028079
400.0,4.911216488482465,0.8777164443807237
401.0,4.922007467979398,0.8794223561970966
402.0,4.932805133929337,0.8789326743573156
403.0,4.943577644802423,0.8772181560892705
404.0,4.954326711683822,0.8764501898460253
405.0,4.965073788972614,0.87679154504076
406.0,4.975824661785362,0.8774614064110438
407.0,4.986581641878904,0.8788730915856036
408.0,4.997360639649157,0.8804348668664375
409.0,5.00814953579292,0.880514276961037
410.0,5.018924201590941,0.8798420863513456
411.0,5.02969032434743,0.8787312427421057
412.0,5.0404314908516685,0.8764534399252852
413.0,5.051135500161199,0.8743180571083258
414.0,5.061817935105707,0.87356107602767
415.0,5.0724968902492185,0.8731068960548782
416.0,5.083161710131022,0.8719904544167889
417.0,5.093806842922775,0.8711305515421373
418.0,5.104444068312613,0.8719027474714949
419.0,5.115101474116231,0.8738111780607483
420.0,5.1257788271991815,0.8747878743910746
421.0,5.136453710864194,0.8755562839073718
422.0,5.1471434533003055,0.8757997360353329
423.0,5.1578180151972335,0.8745401676092683
424.0,5.168470738389205,0.8737980977930988
425.0,5.1791208475541985,0.8747780901778697
426.0,5.189791117560534,0.876240162039096
427.0,5.200470627962364,0.8776220167989663
428.0,5.211168385897102,0.8778760623076778
429.0,5.221848018025834,0.8775089105618576
430.0,5.232530709262284,0.8778251067041083
431.0,5.243211958949044,0.8777884062317298
432.0,5.253887699456855,0.8768246184399686
433.0,5.264539458653955,0.8752155357830702
434.0,5.275169955498895,0.8743300177332571
435.0,5.285794021920146,0.8747583421119316
436.0,5.296428769884025,0.8753883524467483
437.0,5.3070620610292805,0.875333007924155
438.0,5.317689398477382,0.8756736835293282
439.0,5.32832489451859,0.8761506219228181
440.0,5.33895780716202,0.8759624475035253
441.0,5.349582746418053,0.8764182955838464
442.0,5.36022071764391,0.8774025656084632
443.0,5.370863612840386,0.8782198750497514
444.0,5.381515521215805,0.8790265878748187
445.0,5.392172150261241,0.8799104644917861
446.0,5.402839693846668,0.8807457450975562
447.0,5.413510841826037,0.8805035065099673
448.0,5.424166837227694,0.8794665252540312
449.0,5.434807156414688,0.8790947019211899
450.0,5.445448398401227,0.8785436302072185
451.0,5.456069670098487,0.8777169754088732
452.0,5.466685142017874,0.8785576663053121
453.0,5.477320985426154,0.8791857232880034
454.0,5.487945995991282,0.8785437635443714
455.0,5.498560640569067,0.8790080241760734
456.0,5.509191175420029,0.8799632888683391
457.0,5.519823299537466,0.8801929355835796
458.0,5.530453800909497,0.8804604691498525
459.0,5.541086819841409,0.8805807623336364
460.0,5.5517146946523726,0.879747407866148
461.0,5.562322072865571,0.8797003417568021
462.0,5.572943224589687,0.8803050642733297
463.0,5.583559695256994,0.8813976512366821
464.0,5.594201692120344,0.8829122623096737
465.0,5.604849304248032,0.8837902931361441
466.0,5.6155071164536405,0.8855646454707653
467.0,5.626192194142621,0.8870040630674225
468.0,5.636879517063941,0.8873985083639013
469.0,5.647568940677161,0.8881897586833247
470.0,5.658270188976255,0.889862154548041
471.0,5.668994811061998,0.8915831608825329
472.0,5.679732524116177,0.8916502192785742
473.0,5.6904538617367875,0.8917305475809485
474.0,5.701188554288658,0.8926190375136684
475.0,5.7119263916502,0.8935135591855214
476.0,5.722677747030642,0.8934720346925928
477.0,5.733409811286095,0.8920828980090505
478.0,5.744122938555931,0.8915648965174228
479.0,5.754837671551651,0.8913928013748773
480.0,5.765541818577448,0.8907171800295259
481.0,5.776235455058056,0.8910185307319693
482.0,5.786941953477473,0.8913377016759227
483.0,5.797638444265424,0.891968877688555
484.0,5.808355254809441,0.8939286918952121
485.0,5.81909404161326,0.8954826159656477
486.0,5.829843491110229,0.8967191067503109
487.0,5.840607340405504,0.8975467333287384
488.0,5.851372108326118,0.89879178487422
489.0,5.862161292220079,0.900261665700782
490.0,5.872956889771472,0.9003168325913862
491.0,5.883743017566451,0.9007939013413875
492.0,5.89454564455862,0.9025472635614165
493.0,5.905369461860331,0.9038909270217914
494.0,5.916200045517251,0.9042485586265911
495.0,5.927028230125139,0.9037261575244315
496.0,5.937842111859355,0.9035111963150371
497.0,5.948660919138856,0.9042750444540388
498.0,5.959488894391411,0.9050946452029507
499.0,5.970323174022479,0.9060290625751009
500.0,5.981169399496174,0.9065751646441527
501.0,5.992012694201023,0.9064195255510867
502.0,6.002851147217703,0.9055430944224554
503.0,6.013669433767003,0.9041729188900263
504.0,6.024471020469254,0.9029026479461209
505.0,6.0352547987696585,0.9021444804325256
506.0,6.046034079102279,0.9011035025877732
507.0,6.0567888065992435,0.9005146520960352
508.0,6.067549767610143,0.9014700909099247
509.0,6.078323114905805,0.9021082293484142
510.0,6.0890951728887295,0.9023544990567984
511.0,6.099870262172843,0.902549472287717
512.0,6.110642864016114,0.9025782517015273
513.0,6.121414534334583,0.9031672094182568
514.0,6.132197096486703,0.9026994006612767
515.0,6.142953570080097,0.9000477122716575
516.0,6.153668761140291,0.8974911814081565
517.0,6.164360023392519,0.8967231914893432
518.0,6.175052609526164,0.8964107521190954
519.0,6.1857321643631895,0.8948375120735363
520.0,6.196382963964318,0.8929828321172977
521.0,6.207013952651491,0.8918321264974338
522.0,6.217632927075585,0.8921525367671848
523.0,6.228267119145635,0.8928326268642763
524.0,6.238897938772693,0.8930033550528265
525.0,6.24953184017882,0.8941171764450928
526.0,6.260184845567546,0.8948415766133735
527.0,6.270831742378469,0.8943771810536418
528.0,6.281469436015506,0.8941740725057343
529.0,6.292107224886134,0.8953423317752254
530.0,6.30276844926993,0.8958562993206556
531.0,6.313414303735198,0.8946339797261089
532.0,6.324042257875939,0.8930913507641094
533.0,6.334647194533297,0.8916237473962951
534.0,6.345235965295429,0.890664045638573
535.0,6.355813765384619,0.8901863798451473
536.0,6.36638684151405,0.8906103552492937
537.0,6.376970368951915,0.8919539809900812
538.0,6.387571062960183,0.8934844760090073
539.0,6.398186707477555,0.8947192017196812
540.0,6.408812548079257,0.8949183600471429
541.0,6.419428799297116,0.8939037245251598
542.0,6.430026420812735,0.8929662125815412
543.0,6.44061624221691,0.8934778502512586
544.0,6.451221807142554,0.8945940785486641
545.0,6.461833980269024,0.8955940674596263
546.0,6.472459164084501,0.8967748701259666
547.0,6.483095293189037,0.8981195937789721
548.0,6.49374835717986,0.8991907381112014
549.0,6.504405944324936,0.8999895432230005
550.0,6.5150740295616165,0.9004211922973582
551.0,6.525737985012125,0.8997416896662571
552.0,6.536386115124664,0.8981071976621706
553.0,6.547007467046299,0.8968482447329507
554.0,6.557621821374125,0.8964541798806067
555.0,6.568229878887264,0.8967271772687582
556.0,6.578846722442268,0.8974799818776091
557.0,6.589468667502964,0.8979048835977892
558.0,6.600091664278621,0.8983342409428587
559.0,6.610719880145014,0.8987808150071714
560.0,6.62134958335633,0.8982972471778794
561.0,6.6319625273295015,0.8986556379560398
562.0,6.642596819324836,0.9007691003420177
563.0,6.653255925837736,0.9017378851527837
564.0,6.663909407081075,0.9004401869664207
565.0,6.674534129790593,0.8992594114721442
566.0,6.685155913394475,0.900029558394067
567.0,6.695795039006299,0.9009560771823999
568.0,6.70643498725556,0.9007423357854805
569.0,6.717065358156947,0.8999938337481126
570.0,6.727683909024393,0.9005574792784046
571.0,6.738323832709221,0.9012553914927821
572.0,6.748955192221198,0.9014341337556289
573.0,6.759595645207634,0.9024198684722933
574.0,6.770246616804292,0.9035049186632023
575.0,6.780909062650834,0.9044514665383758
576.0,6.791578801279841,0.9044433540424279
577.0,6.802237531660332,0.9038342943124462
578.0,6.812889359789735,0.903565661922471
579.0,6.823538200404507,0.9030670964402816
580.0,6.834174726512749,0.9024824194142411
581.0,6.844806210844447,0.9029516482868303
582.0,6.855450212507785,0.9039249584028539
583.0,6.866101099002859,0.9041423926666994
584.0,6.876746725591494,0.9035260478763121
585.0,6.887379594355678,0.9035174489381461
586.0,6.8980214860757885,0.9044969279389079
587.0,6.908673925322617,0.9050064576949808
588.0,6.919324364591034,0.9049579950069528
589.0,6.929972218720508,0.904788286987241
590.0,6.940615224202781,0.9038181964367595
591.0,6.951236813965606,0.9032742349120326
592.0,6.961863525728503,0.9041502566622057
593.0,6.972502254336032,0.9043524044548121
594.0,6.983130304550171,0.9037769750096913
595.0,6.993752062137871,0.9035668305169793
596.0,7.004371725446787,0.9031185536904331
597.0,7.014979508008798,0.9030095344453457
598.0,7.025593143629031,0.9032926914693462
599.0,7.036204147800861,0.9031279129065979
600.0,7.046810481937982,0.9028088979498534
601.0,7.057410560267125,0.9013217253610719
602.0,7.067978532784193,0.8991174376371873
603.0,7.078523331535985,0.8979471783860618
604.0,7.0890602597856445,0.8980237568904386
605.0,7.099603280055159,0.8992079295255735
606.0,7.110164454446604,0.8999670664543373
607.0,7.120721808997452,0.8994461428069371
608.0,7.131267276836927,0.8984462653679657
609.0,7.1417976690352125,0.8978216502104033
610.0,7.152324948304824,0.8979847350469754
611.0,7.1628556319323335,0.8981067998413437
612.0,7.173382263488978,0.8993807789178163
613.0,7.18393929477198,0.9016828258060059
614.0,7.1945164687759675,0.9027343614138772
615.0,7.205094791186372,0.9032300494523042
616.0,7.21568023464198,0.9030723721888307
617.0,7.226251552143152,0.9016217209124306
618.0,7.236799672977829,0.9010366055939585
619.0,7.247353886567384,0.9019733935621161
620.0,7.257920577636747,0.9024853111895936
621.0,7.268483457921676,0.9028697672711132
622.0,7.279055823142039,0.9033094042486027
623.0,7.2896257084679945,0.9031896593908186
624.0,7.300191986724791,0.9026742459695924
625.0,7.310746529266789,0.9020567289798009
626.0,7.32129505429881,0.9022707892719382
627.0,7.331851291283387,0.9031834484046612
628.0,7.34241788189186,0.9034971453900198
629.0,7.352978215222235,0.9027768851759674
630.0,7.363524717062856,0.9009786064183345
631.0,7.374039739087973,0.899195154149993
632.0,7.384541204246928,0.8981303406939105
633.0,7.395027971621975,0.8981425516495847
634.0,7.405526319337767,0.8988177755297784
635.0,7.416025507499578,0.8985105097103769
636.0,7.4265133355834845,0.8977291505317453
637.0,7.4369909108200964,0.8982629759618703
638.0,7.447487818555822,0.8998386359364758
639.0,7.4579988631448595,0.9008664698864095
640.0,7.468516491481905,0.9021618990132083
641.0,7.479054520140311,0.9039002656246566
642.0,7.4896095297480985,0.9061339653635514
643.0,7.50019653973396,0.9094825338413557
644.0,7.510826624639424,0.9123006049792366
645.0,7.521476449693838,0.914058548556568
646.0,7.532144668832342,0.9155840098252384
647.0,7.5428272571403525,0.916418675993441
648.0,7.553512173816903,0.9165564160174426
649.0,7.564195221076784,0.9177562276285016
650.0,7.5749053520793135,0.9186459866133418
651.0,7.58560647324336,0.9182328862385702
652.0,7.596304288018868,0.9182526947009819
653.0,7.607003181909449,0.9180401855488753
654.0,7.617693369661778,0.9172553287269238
655.0,7.62837128751058,0.9161286478185957
656.0,7.639032515805517,0.9149078570021629
657.0,7.649679249938633,0.9132498337909283
658.0,7.660299090123568,0.9115234951336788
659.0,7.670902786444117,0.9099210135502744
660.0,7.681482449512179,0.9081187769703547
661.0,7.69204127009577,0.9073110316454631
662.0,7.702599164018051,0.9072115157010785
663.0,7.713152711379487,0.907562200580287
664.0,7.7237158023500045,0.9074542770497374
665.0,7.734263915694031,0.9067530783781876
666.0,7.744807736230271,0.9068777230449996
667.0,7.755355788391362,0.908220304925976
668.0,7.765927888233606,0.9099161462428356
669.0,7.776512503383185,0.911235794375898
670.0,7.787112450447896,0.9116360868555375
671.0,7.79770358787034,0.9110591006700588
672.0,7.808287321802834,0.9113866857310313
673.0,7.818883256782109,0.912908388086521
674.0,7.829499575627071,0.9133667636762084
675.0,7.840103450893445,0.9137811862395893
676.0,7.850726652324671,0.9145497920287653
677.0,7.86134570175165,0.9139030770717227
678.0,7.8719511982519546,0.9116028115890913
679.0,7.882514123332534,0.9084494760197686
680.0,7.8930435916249575,0.9073720808403323
681.0,7.9035786154660945,0.9084038150397191
682.0,7.914129172971164,0.9093291451769119
683.0,7.924682862871035,0.9084201492510147
684.0,7.9352095332015296,0.9061584830893707
685.0,7.945707889062232,0.904312630876916
686.0,7.956188817979866,0.9038869356767236
687.0,7.966674347100185,0.9054428333334954
688.0,7.9771884309008545,0.9067732137334588
689.0,7.987701966311755,0.9064384266661136
690.0,7.998205442996356,0.9053213030423422
691.0,8.008690218061085,0.9035732956311904
692.0,8.019150276577472,0.9018334697452701
693.0,8.029591776522999,0.9004334442133768
694.0,8.04001640650209,0.8992937846383029
695.0,8.050428484350126,0.8988221931039106
696.0,8.060839151994367,0.8992306376832175
697.0,8.071257660604456,0.8999875266258641
698.0,8.081682856682162,0.900379711581536
699.0,8.092107470080634,0.9000699713615177
700.0,8.102522523678314,0.8997356689470735
701.0,8.112936409452947,0.8997222110937173
702.0,8.123348171009981,0.8995118965132178
703.0,8.133754212316692,0.899019852698757
704.0,8.14415160528943,0.8987505783244387
705.0,8.154548420252006,0.8999393439351024
706.0,8.164970322728355,0.9011621653348811
707.0,8.175392506702769,0.9015661080358086
708.0,8.18582083671911,0.9020877579937405
709.0,8.19625219260989,0.9027198022326957
710.0,8.206692258233728,0.9032965053477255
711.0,8.217134098363973,0.9037761395659345
712.0,8.227582411855467,0.9039483510661057
713.0,8.238025418586055,0.9041708083773301
714.0,8.24847604979654,0.9053532113414349
715.0,8.258943580120958,0.9061712762768366
716.0,8.2694103649452,0.906687279955122
717.0,8.279887068704339,0.9070968913993056
718.0,8.29036060246986,0.9074016047733267
719.0,8.30084162678657,0.9080382654188952
720.0,8.31132717216887,0.9079870075049712
721.0,8.321804342494685,0.9076485504427865
722.0,8.33227938833799,0.9068723734594641
723.0,8.342735963071954,0.9069297063533668
724.0,8.353209608159649,0.9085414773128377
725.0,8.36370070555798,0.9099359315754327
726.0,8.374203901749398,0.9090766659276142
727.0,8.384672592914761,0.9077907787124104
728.0,8.395143457575175,0.9084749877229115
729.0,8.405625278429879,0.9092103565163825
730.0,8.416110485230954,0.9097032149492179
731.0,8.426601066649859,0.909580632811867
732.0,8.437080864971643,0.9088408759636195
733.0,8.447551789453534,0.9097560133677689
734.0,8.458050060008693,0.9115812464510782
735.0,8.46856050730509,0.9125527643878968
736.0,8.479078653578023,0.9134316012607542
737.0,8.489606860910639,0.9144658067631326
738.0,8.500146373720648,0.91503128275167
739.0,8.510685180796205,0.9153138752619725
740.0,8.521228777505199,0.9167503377505
741.0,8.531798257681077,0.9188001845319604
742.0,8.54238671867863,0.9200876067867512
743.0,8.552983551420912,0.9203576918342833
744.0,8.563575963725286,0.920285594853226
745.0,8.574168862548479,0.9205464202094618
746.0,8.584765011998968,0.9201950334056619
747.0,8.595347572542831,0.9192128294814665
748.0,8.605918838983131,0.9192190082160323
749.0,8.616499240913345,0.9204514496896081
750.0,8.627096592523845,0.9219926057311341
751.0,8.637710224346435,0.9225396635156358
752.0,8.648317979116863,0.9215238728768327
753.0,8.658906055212208,0.9208260178348837
754.0,8.669495525153053,0.9215897142368021
755.0,8.680098939858764,0.9225648937015194
756.0,8.690708649564364,0.9226628068697664
757.0,8.70131215157623,0.9219769424007609
758.0,8.711903919798907,0.9210737220440706
759.0,8.722484463890618,0.9207087927893554
760.0,8.733065628023683,0.9200465093483672
761.0,8.743628746585612,0.9199354260166501
762.0,8.754205111496217,0.9205487748267842
763.0,8.764780119284984,0.9199153263481321
764.0,8.775339728365541,0.9183380941424275
765.0,8.78587627075264,0.9166938692113717
766.0,8.796395832364464,0.9175243350236997
767.0,8.806949132379973,0.9207333797819501
768.0,8.817540162737497,0.9220936872801531
769.0,8.828122566256381,0.9206250890352976
770.0,8.838677724136264,0.9196197194706883
771.0,8.849234832243171,0.9187019470322184
772.0,8.859766726601153,0.9159877606604141
773.0,8.870259287410862,0.912989182903857
774.0,8.880720031453645,0.9097277411809728
775.0,8.891135358704014,0.9067890306638446
776.0,8.901526187130674,0.9052309373512344
777.0,8.911903239421285,0.9058404813582683
778.0,8.922305496535808,0.907935647980139
779.0,8.93272811976195,0.9093877791907516
780.0,8.943161243587742,0.9094303358864408
781.0,8.953582434734386,0.9093651863739751
782.0,8.964011630173735,0.909623267548568
783.0,8.97443633222024,0.9097699170418991
784.0,8.984866475936412,0.9098356240335761
785.0,8.995290291521506,0.9086000473675995
786.0,9.005689717884563,0.9083916247253683
787.0,9.01610630295609,0.9097114165356288
788.0,9.026533566722446,0.9108647441020139
789.0,9.036974198268895,0.9116111011503563
790.0,9.047416218431112,0.9125886921698338
791.0,9.057876904794249,0.9137078306179092
792.0,9.06834226903101,0.914337444924513
793.0,9.078815098573555,0.914671403270404
794.0,9.089285857405136,0.9146732500061034
795.0,9.09975647589585,0.9141807947763709
796.0,9.110213714857863,0.9136607945810056
797.0,9.120670157534766,0.9146714578399724
798.0,9.131148259149715,0.9160047050086177
799.0,9.141633001248078,0.9170915853251245
800.0,9.152133776517175,0.9183083779815888
801.0,9.16264420344492,0.9178546378830106
802.0,9.173132469494899,0.9168166009417291
803.0,9.18361697261772,0.9174046311266011
804.0,9.194116510019041,0.9184090797341469
805.0,9.204621848227015,0.9197761195925978
806.0,9.215150523873495,0.9218862505197194
807.0,9.225702046280992,0.9219777585101383
808.0,9.236230804232127,0.9210829334367645
809.0,9.246759805433967,0.9219509293699275
810.0,9.25730634997909,0.9239601113488334
811.0,9.267879264553507,0.9255857663335973
812.0,9.278461015676427,0.926897556785093
813.0,9.289061979527862,0.9281955253160277
814.0,9.29967150913262,0.9296827918831241
815.0,9.310304593472488,0.9310131385460636
816.0,9.320942713687284,0.9308794766578785
817.0,9.331570953144352,0.9308566505158069
818.0,9.342206740002572,0.9323952555545247
819.0,9.352868333328477,0.9343464181573609
820.0,9.363546956343352,0.9361773095735089
821.0,9.374248673771508,0.9364909370434589
822.0,9.384932826264649,0.9355584543546911
823.0,9.395611577773373,0.9339838223263541
824.0,9.40625810063166,0.9317887902270741
825.0,9.41688499197828,0.9309423128160006
826.0,9.42751040820174,0.9309749254591679
827.0,9.438136265372673,0.9311217488274224
828.0,9.44876325955147,0.9316647647663103
829.0,9.459399742671176,0.9313621451627796
830.0,9.470018090878787,0.9303378613357154
831.0,9.48062942158612,0.9300280805778129
832.0,9.491238913444436,0.9297696576234102
833.0,9.501842561702551,0.9304384165122883
834.0,9.512465513211152,0.9324629716453501
835.0,9.52311359560095,0.9336253459665613
836.0,9.533761370355874,0.933505041614012
837.0,9.544405018003697,0.9326247133449215
838.0,9.555031020802279,0.9311508190182849
839.0,9.565639327539026,0.9300124374851748
840.0,9.576237609657321,0.9294999518142504
841.0,9.586832452884943,0.929102971081079
842.0,9.597419904318361,0.929742339677091
843.0,9.608027529024383,0.9301833263878052
844.0,9.618623291143935,0.9311066130841255
845.0,9.629250189704617,0.9328625708226355
846.0,9.639884278049434,0.9335427069461275
847.0,9.650524997184535,0.9340104050447735
848.0,9.661168081599424,0.9346299284342194
849.0,9.671821262801515,0.935337671772345
850.0,9.682478844278453,0.935555182493431
851.0,9.69313536495125,0.9352379615610289
852.0,9.70378410521711,0.9363975342647564
853.0,9.714465408588374,0.939259761710673
854.0,9.725177787825684,0.9418085760445365
855.0,9.735915654982191,0.9443271453237685
856.0,9.746683960209282,0.9464446610602408
857.0,9.757468684556606,0.9470106707674404
858.0,9.768248551089096,0.9469982774803611
859.0,9.779031655571304,0.947949425725028
860.0,9.789831850495142,0.9493454160814281
861.0,9.800645450332476,0.9499167650508298
862.0,9.81145739650519,0.9500946264429331
863.0,9.822273786604029,0.9506160288763112
864.0,9.83309635558279,0.9514435677116353
865.0,9.843930351632618,0.9514253345581665
866.0,9.854751303875187,0.9496654327925853
867.0,9.865544017837875,0.9483465846481067
868.0,9.87633366869688,0.948107301898176
869.0,9.887119649770657,0.9479971464597838
870.0,9.897905501411355,0.9475686177745501
871.0,9.908680442914973,0.9478776369312527
872.0,9.919472014077904,0.9491323321711889
873.0,9.930274230598844,0.9495379117314542
874.0,9.941073782729957,0.9485707797281293
875.0,9.951852749440238,0.9479939455993645
876.0,9.962637888076646,0.9478903318225775
877.0,9.973413225432628,0.9474985439503598
878.0,9.984188160861327,0.9482381302317435
879.0,9.994979028612972,0.9491621707787772
880.0,10.005773726248785,0.9480951455001332
881.0,10.016539088506416,0.946786007881542
882.0,10.027302714215724,0.9468905197070399
883.0,10.038069151772206,0.9468751607540753
884.0,10.048831136767218,0.9456139599192284
885.0,10.059567603799202,0.9440070364230451
886.0,10.070291708626957,0.9440870345996473
887.0,10.08102862316461,0.9450793855176016
888.0,10.091773945840812,0.9452027296224514
889.0,10.102512345165515,0.9452780722861007
890.0,10.11325804773778,0.9450056852258513
891.0,10.123988944843706,0.9439151855845012
892.0,10.134708524328122,0.9441905893236253
893.0,10.145444317178134,0.9462665910850774
894.0,10.15620974338551,0.9480443522900259
895.0,10.166984668709683,0.9484390499017081
896.0,10.177757822531905,0.9488142147649796
897.0,10.188540028434895,0.9493843126706452
898.0,10.199324913045553,0.9501519540554
899.0,10.21012334301943,0.9515724478408174
900.0,10.22093931065456,0.9537780192526952
901.0,10.231786691038918,0.9540431012860608
902.0,10.242607604102341,0.9517485136011601
903.0,10.253401740474981,0.950712424978974
904.0,10.26419793958552,0.9495056934586046
905.0,10.274963499869186,0.9477116496530016
906.0,10.285717725215811,0.9469394327588816
907.0,10.296464497661146,0.9462706651563622
908.0,10.307202273496552,0.9459699204132903
909.0,10.31794093683594,0.9462249430507654
910.0,10.328683226351048,0.9452894655858017
911.0,10.339399390149469,0.944360795436296
912.0,10.350119282170269,0.9442792209565596
913.0,10.36083229116109,0.9430359837776905
914.0,10.371522652194601,0.9426537490205646
915.0,10.382225626934602,0.9439403711189698
916.0,10.39294385783571,0.9443986717285497
917.0,10.403655938380066,0.9453093728650401
918.0,10.414393526032123,0.9469044316624604
919.0,10.425140546713415,0.9476309009148736
920.0,10.4358933851562,0.9475415663573585
921.0,10.44663716213431,0.9462676262692185
922.0,10.457359867695091,0.9449503145303879
923.0,10.468072489398084,0.9454869111564221
924.0,10.478806075812916,0.9466536922918749
925.0,10.489543918924536,0.9461891784626459
926.0,10.500265737363355,0.9457500655860258
927.0,10.51099235731092,0.9449573450135631
928.0,10.521694950280356,0.9435660119752356
929.0,10.532388723880967,0.9425567622913604
930.0,10.54306712413136,0.9415244502827136
931.0,10.553736155818665,0.9408076686383993
932.0,10.564396954961571,0.9409712185015451
933.0,10.57506833020191,0.9411645982809205
934.0,10.585732175234314,0.939823935670347
935.0,10.596371810510076,0.9387720682382223
936.0,10.607010416974989,0.9387572957839438
937.0,10.61764832448143,0.9394622095462637
938.0,10.628301514079125,0.9399474910949266
939.0,10.638949061394369,0.9394871979652635
940.0,10.649590452800599,0.9386985803942025
941.0,10.66021875488891,0.9403898221441978
942.0,10.670897062423451,0.9418651887390297
943.0,10.681557496061401,0.9421351028756817
944.0,10.692240582490319,0.9437307535565651
945.0,10.70293587744462,0.9451439334520728
946.0,10.713649713703733,0.9464195277382714
947.0,10.724372679026349,0.9472563614824594
948.0,10.735104265139514,0.9480968818947986
949.0,10.7458450814079,0.9484035179580133
950.0,10.756582447341675,0.9482637871167299
951.0,10.767318929235666,0.9479835959584761
952.0,10.778048781679113,0.947899902264453
953.0,10.788782188441237,0.9485097873071027
954.0,10.79952467958409,0.9498305761076153
955.0,10.810286839048173,0.9511624821916485
956.0,10.821058374069734,0.9507822504797332
957.0,10.831810836508573,0.9501015981825276
958.0,10.842565836572957,0.9501220495346843
959.0,10.853317644522091,0.9492500170372296
960.0,10.86405178546223,0.9479531279296225
961.0,10.874773086799149,0.9482745628047269
962.0,10.885513326130278,0.9490624669842873
963.0,10.896251324374791,0.949090548206641
964.0,10.906991060675642,0.9500243135300934
965.0,10.91774905533423,0.9512763368729793
966.0,10.92851602687524,0.9516699492155567
967.0,10.939281851195757,0.951692193757026
968.0,10.950048248613042,0.9525369081995905
969.0,10.96083210898221,0.9522257572407398
970.0,10.97159043095576,0.9508015373505714
971.0,10.982340985934707,0.9508280178856694
972.0,10.993098808740628,0.9508412787129146
973.0,11.003848583481753,0.9501308686187713
974.0,11.014589243525164,0.9486602036295153
975.0,11.025304647562937,0.9479283509017478
976.0,11.036027599918398,0.9494068732949472
977.0,11.046775303125393,0.9504283547139494
978.0,11.057520268548846,0.949712303794513
979.0,11.068250688599804,0.9486084168811431
980.0,11.078969576299345,0.948433240578197
981.0,11.089694898673164,0.9485836351645958
982.0,11.100416066188645,0.9487479891392923
983.0,11.111143976743085,0.9493418372055658
984.0,11.121877457395312,0.9490472166594373
985.0,11.13259760940096,0.9483096908336393
986.0,11.143313295764068,0.947943753955542
987.0,11.15402404844753,0.9479694887863843
988.0,11.164739181165292,0.947345170896142
989.0,11.175434700975913,0.946901220157315
990.0,11.186138640449778,0.9474749458299812
991.0,11.196845986021717,0.9474739416200464
992.0,11.20754877163944,0.9473307844700685
993.0,11.2182517441863,0.9466432074013937
994.0,11.228937859953277,0.9453509133161333
995.0,11.23961047078117,0.9448937569770806
996.0,11.250285071606601,0.9450981475256413
997.0,11.260961120636313,0.9443263252387624
998.0,11.271617113091509,0.9433795476254545
999.0,11.28227056595574,0.9429388888672747
1000.0,11.292915395388203,0.9429681483554759
1001.0,11.303568284715261,0.9436356679277651
1002.0,11.314226984066124,0.944613221673535
1003.0,11.324900755917128,0.945013683806792
1004.0,11.335567335943681,0.9448616875727112
1005.0,11.346236499539206,0.9447605857462804
1006.0,11.356899629067847,0.944714153679115
1007.0,11.367566566742212,0.946014064418705
1008.0,11.378257875895267,0.9464740535861438
1009.0,11.388934079328015,0.9464302420942659
1010.0,11.39962325027575,0.9475767045082648
1011.0,11.410324212408975,0.9481382015201234
1012.0,11.421024960196775,0.9492946273410325
1013.0,11.431750925994905,0.9512641751098272
1014.0,11.442495078161635,0.9524274745122057
1015.0,11.453246284175718,0.9528705946704576
1016.0,11.463999436047786,0.9527057202658398
1017.0,11.474745926051487,0.9518733459390205
1018.0,11.485479288930502,0.9513353008201193
1019.0,11.49621260969121,0.9517403094714609
1020.0,11.506954085450014,0.9518032664184375
1021.0,11.517687819001084,0.9509978527107705
1022.0,11.52841010257441,0.9495166528558912
1023.0,11.539109380710109,0.9487041428822067
1024.0,11.549812254798605,0.9478284892804822
1025.0,11.560490712388171,0.946811506379845
1026.0,11.571169534210757,0.9461232595169804
1027.0,11.581831361856484,0.9445757559287813
1028.0,11.592474145168127,0.9437988756224058
1029.0,11.603117284307785,0.9436832547057747
1030.0,11.613756298104729,0.9442369574310305
1031.0,11.624410755309798,0.944661287940562
1032.0,11.635058201333424,0.944239015247831
1033.0,11.645701988033782,0.9448887453706902
1034.0,11.656362929991666,0.9473472524357476
1035.0,11.667061025747657,0.9481617845424353
1036.0,11.677739281676173,0.9476797081958921
1037.0,11.688425420398497,0.9476499859842988
1038.0,11.69910193648456,0.9466489159524372
1039.0,11.7097644235231,0.9450763587565234
1040.0,11.720404385426601,0.9436219158956192
1041.0,11.731032944384514,0.9430549201420035
1042.0,11.741658964667113,0.9424539758003903
1043.0,11.752272816957163,0.9418508594994819
1044.0,11.762884062302126,0.9420121441355604
1045.0,11.773500364039545,0.9430111126373504
1046.0,11.784132945172209,0.9436224431631217
1047.0,11.794761879350851,0.9438157868105463
1048.0,11.805397667913855,0.9444093676461307
1049.0,11.816038841336134,0.9446800896782861
1050.0,11.826679606382397,0.9446280720569575
1051.0,11.837318486461395,0.9439371950213626
1052.0,11.847942566815245,0.9420432636541136
1053.0,11.858537641233044,0.940644981963942
1054.0,11.869129032385375,0.9412824478681614
1055.0,11.879737266322309,0.9413539701499758
1056.0,11.890329105195658,0.9401243883166899
1057.0,11.900908457304862,0.940041091280591
1058.0,11.911497208846951,0.939883262157764
1059.0,11.922071817167069,0.9386196067134733
1060.0,11.93263090275852,0.9380138056762917
1061.0,11.943190633384033,0.9382516964142269
1062.0,11.953753841221868,0.9379009632805264
1063.0,11.964304452072797,0.9371161784929427
1064.0,11.974848749135102,0.9365498552851932
1065.0,11.9853853603404,0.9358459663369558
1066.0,11.995912551837064,0.9361226502958289
1067.0,12.006454112842398,0.9357425023076757
1068.0,12.016971502697572,0.9344748409503154
1069.0,12.027483247321909,0.932864103195925
1070.0,12.037963099589762,0.9313775314628856
1071.0,12.048440048353292,0.9317359860272063
1072.0,12.05892661954542,0.9307333812330398
1073.0,12.069379687913152,0.9272679319631152
1074.0,12.07978691872695,0.9256281632501668
1075.0,12.090201644713154,0.9258830703695367
1076.0,12.100613175918596,0.925689351161509
1077.0,12.11102210746052,0.9257796090564625
1078.0,12.121434229391841,0.926262988511553
1079.0,12.131852600531365,0.9270798494771952
1080.0,12.142281672937521,0.9283397285760202
1081.0,12.152726974586782,0.9276856515787131
1082.0,12.163139973972267,0.9257434126795943
1083.0,12.173540185833616,0.9251810708642552
1084.0,12.183939104342635,0.9260001735015067
1085.0,12.194356291275534,0.9283613340610373
1086.0,12.204806879045936,0.9304971554561234
1087.0,12.215270725380737,0.931633967058815
1088.0,12.225745537453445,0.9317663614399407
1089.0,12.23621105414352,0.9323508918971584
1090.0,12.246697680097244,0.9342527718572455
1091.0,12.257204651715147,0.9363633651125838
1092.0,12.267737453996267,0.9386312154833831
1093.0,12.278294176752384,0.9410533082655093
1094.0,12.28888023272298,0.9424218385870518
1095.0,12.299466588409857,0.9421489114870383
1096.0,12.310045400501517,0.9408223521959371
1097.0,12.320600834112243,0.9389027247746071
1098.0,12.331135366624443,0.9386885559899838
1099.0,12.341684796371629,0.9400279439385031
1100.0,12.352248247876318,0.9402876696283329
1101.0,12.362802372884786,0.9398652237609895
1102.0,12.373355183648416,0.9410805873396839
1103.0,12.383935446637812,0.9419044239700725
1104.0,12.394505653199657,0.9422476956694936
1105.0,12.40509250097065,0.944440427730342
1106.0,12.415710847899351,0.9476343819485464
1107.0,12.426368366296725,0.9509038876192335
1108.0,12.437059142828383,0.9532642569286054
1109.0,12.447768733752865,0.9531105656928958
1110.0,12.45845517621064,0.9531387532765621
1111.0,12.469164474234118,0.9548064038153825
1112.0,12.47988746756409,0.9570630744979098
1113.0,12.49064655833,0.9586992711706444
1114.0,12.501405479812906,0.9580326526981935
1115.0,12.512148811549473,0.957212478582278
1116.0,12.5228885024443,0.9560520685013216
1117.0,12.533604965726882,0.9545798827070939
1118.0,12.544310753951025,0.9541835935197014
1119.0,12.55501744436586,0.9534680618182847
1120.0,12.565706301101931,0.9530276894370218
1121.0,12.576402204981019,0.9532364130552651
1122.0,12.58709485537577,0.9527964943570169
1123.0,12.597779994816106,0.9522742789845324
1124.0,12.60846002376716,0.9507315869859667
1125.0,12.61910964255134,0.9489879340610514
1126.0,12.629749593737284,0.9489080826574536
1127.0,12.640396447821962,0.9489923838518735
1128.0,12.651037331416472,0.9485802606441212
1129.0,12.661673973479434,0.9486185269854559
1130.0,12.672314742364692,0.9491737383482359
1131.0,12.682962873023037,0.9504922432663534
1132.0,12.693632262039808,0.9520770449084921
1133.0,12.704315020798562,0.9540293118011505
1134.0,12.715027298762424,0.9549602586901074
1135.0,12.725730093173414,0.9543627076654957
1136.0,12.736428113569199,0.9536633447967233
1137.0,12.747114362494235,0.9531142575181093
1138.0,12.757799189278959,0.9534375043358523
1139.0,12.768491803802918,0.9541191793985035
1140.0,12.779191046759497,0.954257253313699
1141.0,12.789885901896248,0.9531906820823224
1142.0,12.800560372981895,0.9526859241821057
1143.0,12.811243018467797,0.9543571931644692
1144.0,12.82195407612158,0.9559255684298478
1145.0,12.832671049361107,0.9571289110626822
1146.0,12.843408259693472,0.9579794454655257
1147.0,12.854143512229758,0.9574244159746286
1148.0,12.864867494472358,0.9562680532817467
1149.0,12.875576024763934,0.9560007556378878
1150.0,12.886293186868201,0.9576641610249226
1151.0,12.897038182371942,0.9594003732013334
1152.0,12.90779348763995,0.9607586036802331
1153.0,12.918568170781462,0.9617638038523637
1154.0,12.929345285164288,0.9614828543556087
1155.0,12.940112961157205,0.9600197598458635
1156.0,12.950856565987864,0.9584642618278849
1157.0,12.961588624612766,0.9577223251651503
1158.0,12.972314825242904,0.9574174411991407
1159.0,12.983039264619759,0.9571575206705347
1160.0,12.993758852572691,0.9573522266989585
1161.0,13.004486857466874,0.9570129928110873
1162.0,13.015198065852468,0.95639478992166
1163.0,13.025911414496953,0.9568166326951086
1164.0,13.036631270697674,0.9566123362581038
1165.0,13.047339254041878,0.9570179706122417
1166.0,13.058067387027277,0.9584019593814901
1167.0,13.068805595754412,0.9580982950658381
1168.0,13.079526171582692,0.9572349439313257
1169.0,13.090244259477906,0.9570642260250679
1170.0,13.100960225639477,0.95716701405604
1171.0,13.111679826934978,0.9571741440202004
1172.0,13.122395171951817,0.9560783873023411
1173.0,13.133089449694683,0.9550701413420484
1174.0,13.14378139822878,0.9542865052508205
1175.0,13.154457309398008,0.9541815137108642
1176.0,13.165146061643934,0.9545899529625785
1177.0,13.175830296344996,0.9549251875255322
1178.0,13.186525725240077,0.9549153765788105
1179.0,13.197208932195977,0.954950965666967
1180.0,13.207904329483108,0.9548738252058229
1181.0,13.218585004270894,0.954605159910443
1182.0,13.229273557823843,0.9551905797954987
1183.0,13.239966522786341,0.955284068862511
1184.0,13.250656362934045,0.9556401646077575
1185.0,13.261356487753527,0.9570088031796331
1186.0,13.272076168064364,0.9582664513063719
1187.0,13.282803680376215,0.9584423399862771
1188.0,13.293526549858553,0.9586919787957413
1189.0,13.30425889440751,0.9585679453275588
1190.0,13.314978251185202,0.9571261178741679
1191.0,13.325677573283826,0.9545733257746178
1192.0,13.336339019079999,0.9525415402858926
1193.0,13.346992031631359,0.9522762546635022
1194.0,13.357646686486486,0.9515777728429384
1195.0,13.368283221226072,0.9501112495829602
1196.0,13.378904187291527,0.9495672880082111
1197.0,13.38952765227918,0.949546174968873
1198.0,13.40014725317529,0.9493503027886163
1199.0,13.410765438515085,0.9494946477079793
1200.0,13.421387369902506,0.9495156854857214
1201.0,13.432005135183099,0.9506400837633464
1202.0,13.442651319696125,0.9519171942529283
1203.0,13.453296800754849,0.9512467147205825
1204.0,13.4639271381797,0.9513493750839643
1205.0,13.474574040507031,0.9523699047890659
1206.0,13.48522635598982,0.9520954255683591
1207.0,13.495866283768617,0.9505733970079291
1208.0,13.506483708235761,0.9494306071426308
1209.0,13.517097193029638,0.9483775708540634
1210.0,13.527690180357585,0.9475239031610272
1211.0,13.538283655601827,0.9473996215110674
1212.0,13.548872946649714,0.947913429702794
1213.0,13.559476986142034,0.9490385006213273
1214.0,13.570090532029141,0.9501385462101553
1215.0,13.580718280707774,0.9505331870429927
1216.0,13.591339789064538,0.9505528785998649
1217.0,13.601967108144843,0.9513019373571296
1218.0,13.61260450144013,0.9520599923591817
1219.0,13.62324792268713,0.9521663265265943
1220.0,13.633886860915215,0.9521013087380652
1221.0,13.64452799077554,0.9528048344682247
1222.0,13.655181819139804,0.9546625142229459
1223.0,13.665863653022278,0.9562176813933547
1224.0,13.676551468172935,0.9565179307953713
1225.0,13.687239252318358,0.9565145138274147
1226.0,13.697926232375853,0.9557696377491993
1227.0,13.708596613523328,0.9546518283348178
1228.0,13.71925783317205,0.9531349503836282
1229.0,13.729893526868006,0.9516753238260662
1230.0,13.740521301231551,0.9506348261788844
1231.0,13.751132906610964,0.948711081211286
1232.0,13.761716838101458,0.9476702913568715
1233.0,13.772304286774279,0.9481876970849044
1234.0,13.782898880869679,0.9475641743983942
1235.0,13.793471518284196,0.9461304741848835
1236.0,13.804033170930667,0.9444730075961161
1237.0,13.814567857353417,0.942195626285411
1238.0,13.825077675709059,0.9408470703015155
1239.0,13.835581240368946,0.9399684432198683
1240.0,13.846070428357432,0.9396679375565782
1241.0,13.856566253783898,0.9395777220338459
1242.0,13.867052412761659,0.9394392159435938
1243.0,13.877544116510338,0.9394364444242456
1244.0,13.888029196313694,0.938893378973944
1245.0,13.898507748237323,0.9381226714890545
1246.0,13.90897458692718,0.9375414725914197
1247.0,13.919439113670999,0.9379109674812298
1248.0,13.929913150498567,0.9387058391932896
1249.0,13.940394387178094,0.9381375728712555
1250.0,13.950854717316266,0.9364730708073239
1251.0,13.961297747792958,0.9355881132355535
1252.0,13.971737250345605,0.935508147018254
1253.0,13.982177418850926,0.9355255371294788
1254.0,13.992616235439908,0.9356312957747832
1255.0,14.003057689429191,0.9351994482167356
1256.0,14.013485800913944,0.9345629120152807
1257.0,14.023911963696765,0.933834549650328
1258.0,14.034322736636138,0.9327390903995365
1259.0,14.04472334977892,0.9335959101611024
1260.0,14.055152117769246,0.9357562458528719
1261.0,14.065599851126084,0.9369547534761296
1262.0,14.076054307309589,0.9371225866789246
1263.0,14.086504745935738,0.9369291498394432
1264.0,14.096953843388953,0.9367216306884529
1265.0,14.107398609551392,0.9364271985091364
1266.0,14.117840091513735,0.9359585316628909
1267.0,14.128273353978274,0.9356773908461946
1268.0,14.138707504295711,0.9351284746840065
1269.0,14.149127468363144,0.9343168848708956
1270.0,14.159542443526275,0.9338445357873297
1271.0,14.16995079377686,0.9329543514215857
1272.0,14.180344831899916,0.9310549532456207
1273.0,14.190709726764192,0.9293065853714779
1274.0,14.20106363860959,0.9300044069200339
1275.0,14.211442930783395,0.931987023867805
1276.0,14.221839920774096,0.9328778794574646
1277.0,14.232237977664886,0.9332582750510028
1278.0,14.242642354184847,0.9336578746515443
1279.0,14.253048236221955,0.9321583709297556
1280.0,14.2634181157568,0.9311628918849237
1281.0,14.273800682010032,0.9320316568614544
1282.0,14.284188816755199,0.9323883397182726
1283.0,14.29457823447598,0.9324570112232777
1284.0,14.30496680553876,0.9323329779963387
1285.0,14.315352366068966,0.9327602002863387
1286.0,14.325749359055054,0.932897219266124
1287.0,14.336136895052649,0.9328887214151109
1288.0,14.346532607263121,0.9334583557083533
1289.0,14.356931756389525,0.9334965834420927
1290.0,14.367327249532135,0.9331974086610444
1291.0,14.377718659913144,0.9333298494657356
1292.0,14.388116023926537,0.9338446424883386
1293.0,14.398517831731203,0.9346737429818859
1294.0,14.40893259965437,0.9349355902129446
1295.0,14.419339198417521,0.9350994821998029
1296.0,14.429756563120668,0.9369036558025527
1297.0,14.440202301589045,0.9390520193664997
1298.0,14.4506665101375,0.9409718647777936
1299.0,14.461154027313887,0.9430749455327714
1300.0,14.47166412595255,0.9448347435720734
1301.0,14.482189920693482,0.9465342388843965
1302.0,14.492736974699797,0.9466438376005044
1303.0,14.503264361148242,0.9455217199313211
1304.0,14.513785557504617,0.945777560929173
1305.0,14.524317754509019,0.9459427455119567
1306.0,14.534841761795148,0.9454843924543184
1307.0,14.545362878822296,0.9462774810526753
1308.0,14.555903657559831,0.9479785412579531
1309.0,14.5664617839101,0.949738307474945
1310.0,14.577040901706273,0.949561283287494
1311.0,14.587594294406113,0.9465615772999172
1312.0,14.598105825347353,0.9446125293243313
1313.0,14.60861495568549,0.9438376115811025
1314.0,14.619108355060188,0.9422155625763935
1315.0,14.629580483974117,0.9403762785407253
1316.0,14.640032022186594,0.9399726060601097
1317.0,14.650494205559434,0.9394998286798
1318.0,14.660934281161966,0.9393203919153166
1319.0,14.67139149552193,0.9412072068555517
1320.0,14.681872596213726,0.943079086383932
1321.0,14.692370535797691,0.9439024439811874
1322.0,14.702869060265463,0.9436988445231691
1323.0,14.713361580848328,0.9442355475875956
1324.0,14.723871144346335,0.9443150189551943
1325.0,14.734364561473306,0.9436516125720118
1326.0,14.744858475562403,0.9435272207656453
1327.0,14.755348234959584,0.9424976935213181
1328.0,14.765818358471346,0.9408269669456786
1329.0,14.776270043264855,0.9404464737065155
1330.0,14.786730760061372,0.9422220288361132
1331.0,14.79722099464971,0.9442454932891451
1332.0,14.807725814750942,0.9462012248868632
1333.0,14.818258663738197,0.9477700966399425
1334.0,14.828797536206423,0.94824359184895
1335.0,14.839340091330909,0.9482893111769499
1336.0,14.84987916578625,0.9476502684401567
1337.0,14.86040669663255,0.9456536168290768
1338.0,14.870900554445457,0.9433559700196383
1339.0,14.881376133704125,0.9416845189525702
1340.0,14.891831939313992,0.9417929502674269
1341.0,14.9023090020404,0.9435702106443387
1342.0,14.912803414958804,0.9449320746864487
1343.0,14.923309875367497,0.9458220535198052
1344.0,14.933823214613746,0.9454915089361293
1345.0,14.944321487747338,0.9457179230655584
1346.0,14.954838994866519,0.9467902021447117
1347.0,14.965360261888328,0.9469185934358393
1348.0,14.975879793674626,0.9472532199558827
1349.0,14.986407665742432,0.9481979659174158
1350.0,14.996947371167586,0.9481991831717096
1351.0,15.007474471126555,0.9491989170580837
1352.0,15.01803556911215,0.9520416582054168
1353.0,15.028625055241925,0.9535654182768667
1354.0,15.039219275072226,0.9519875367789155
1355.0,15.049772987799761,0.9498168059665204
1356.0,15.060318208771767,0.9486249927085737
1357.0,15.070844661535427,0.9477375041037703
1358.0,15.081369358087391,0.9461839500713722
1359.0,15.091860494520224,0.9448830796154652
1360.0,15.102355441353442,0.9459780246277205
1361.0,15.112870047312372,0.9474810071285447
1362.0,15.123397553116623,0.9472407801727059
1363.0,15.133906023024535,0.9474998246982977
1364.0,15.144438452214692,0.949879907911054
1365.0,15.154998980731698,0.9513522458400985
1366.0,15.16556334932715,0.9520560725300129
1367.0,15.176138755945985,0.95169826430174
1368.0,15.186694447271812,0.9515244607730438
1369.0,15.197265233921616,0.9519539275049738
1370.0,15.207829723435326,0.9524505269539532
1371.0,15.21841078880507,0.9546551399391774
1372.0,15.229023499389905,0.9562767343272753
1373.0,15.239639886224992,0.9566634873312978
1374.0,15.250260508855986,0.955471283330553
1375.0,15.260849765016909,0.9527358524317151
1376.0,15.271408959001421,0.9509105187510158
1377.0,15.281956950695411,0.9512405150367158
1378.0,15.292522708055376,0.9532281422184496
1379.0,15.303114080544546,0.9545472541512936
1380.0,15.31370841583074,0.9545534758053691
1381.0,15.324299230875921,0.9539944341531736
1382.0,15.33488045992549,0.9538181704019735
1383.0,15.345466651371629,0.9562574633919212
1384.0,15.35610130736677,0.9583093675805685
1385.0,15.366732396827754,0.9581323994570994
1386.0,15.37736248318376,0.9570031420805662
1387.0,15.387967872721587,0.9564081086616625
1388.0,15.398584079527309,0.9580237925172241
1389.0,15.409224658682417,0.959671088320647
1390.0,15.419876789696925,0.960755430778363
1391.0,15.430540817215377,0.9622247746119683
1392.0,15.44122495407483,0.9631418259721158
1393.0,15.451908762110849,0.9635721894439939
1394.0,15.462601880751935,0.9647696380034176
1395.0,15.473311701231042,0.965426163753591
1396.0,15.48401885572475,0.9657356171317133
1397.0,15.49473500838286,0.9668057863036665
1398.0,15.505465382950167,0.9667353185909633
1399.0,15.516179473801195,0.9671938170934027
1400.0,15.526919496553852,0.9691970705941912
1401.0,15.537677537588165,0.9702166461763682
1402.0,15.54843971548908,0.9707497253498332
1403.0,15.559209126051654,0.9713270363040465
1404.0,15.569983664810119,0.9723486793875509
1405.0,15.580775298205005,0.9736223367413004
1406.0,15.591577672987226,0.9745391221172213
1407.0,15.602389241777939,0.9735300700176595
1408.0,15.613168853578527,0.9705193509958008
1409.0,15.623913223393787,0.9682774850982696
1410.0,15.63464264162428,0.9674327291184
1411.0,15.645367783830421,0.9683570022639287
1412.0,15.656117200235181,0.9687232401508936
1413.0,15.666850000373493,0.9677140286596568
1414.0,15.677576550085693,0.9670996599284081
1415.0,15.688295232506956,0.9671920964008223
1416.0,15.699023327526255,0.9682138847360875
1417.0,15.709764176288626,0.9684433683828502
1418.0,15.720496887302012,0.9678194995005924
1419.0,15.731223419683202,0.9678152476421928
1420.0,15.74195554528309,0.9678983578933185
1421.0,15.752683438032626,0.9690096691304007
1422.0,15.76343971440766,0.9700367588143308
1423.0,15.774189930430131,0.9694873156670383
1424.0,15.784933568503087,0.9696332236235321
1425.0,15.795686553905798,0.9692335624333737
1426.0,15.806420880605586,0.9676179476161906
1427.0,15.81713757333793,0.9666805308229414
1428.0,15.827850619982128,0.9661038844540144
1429.0,15.838554027356668,0.9650941198278815
1430.0,15.849244175797796,0.9636868330730977
1431.0,15.859915857151897,0.9630332376882507
1432.0,15.870590962795196,0.9622641535318053
1433.0,15.881245048798222,0.9597159194333926
1434.0,15.891863097429422,0.9574305203527729
1435.0,15.902465906716136,0.9558221871677688
1436.0,15.913047669218635,0.9548080130246035
1437.0,15.923627335022635,0.9539715309088024
1438.0,15.934189892727872,0.9524496563649336
1439.0,15.944735143300655,0.9514870362404508
1440.0,15.955275659167743,0.9510893321096319
1441.0,15.965811383080244,0.951316205522744
1442.0,15.976356207308061,0.9521266136114264
1443.0,15.986909183068008,0.953664411184036
1444.0,15.997487386517411,0.9555084737871766
1445.0,16.008080560455276,0.9573356860034892
1446.0,16.018698606312725,0.9579859253831273
1447.0,16.029305578556936,0.9565089679958874
1448.0,16.039890278834356,0.9549934673084408
1449.0,16.05046302434632,0.9536017736636495
1450.0,16.06101622847221,0.9518055006840314
1451.0,16.071548492139716,0.9504980442809483
1452.0,16.082072018521192,0.9520832043201608
1453.0,16.09263867076051,0.9533784955337978
1454.0,16.103190223680553,0.9524756581911333
1455.0,16.11373619055697,0.9530534706007074
1456.0,16.124299848198657,0.9563177404149883
1457.0,16.134917444494917,0.9597244140854855
1458.0,16.14555595501347,0.9610403437707191
1459.0,16.156202122876135,0.9613815407294624
1460.0,16.16684762676862,0.9619212031059305
1461.0,16.177505182236263,0.9634087128638384
1462.0,16.1881830807235,0.965564047365433
1463.0,16.19888784591807,0.9675466252483602
1464.0,16.209609162796706,0.9685132326742405
1465.0,16.220334869056813,0.9675528659556676
1466.0,16.23103446238706,0.9661622710955271
1467.0,16.24172888439689,0.9654793825975503
1468.0,16.2524128599262,0.9643799640775796
1469.0,16.26308242884744,0.9631142193743472
1470.0,16.273737851403812,0.961552651348029
1471.0,16.284372301261563,0.9605888650439738
1472.0,16.29500581438005,0.9613000893373282
1473.0,16.305655440224,0.9616781740996885
1474.0,16.316296775890876,0.961024563477622
1475.0,16.326931372600082,0.9606739929886317
1476.0,16.337564380541384,0.9589646750473548
1477.0,16.3481605703207,0.956824089224483
1478.0,16.358745577747523,0.9556945559702399
1479.0,16.369316137924713,0.9551248016978207
1480.0,16.379887889920738,0.9548075462412271
1481.0,16.39045078767185,0.953518849005377
1482.0,16.400993364994424,0.9521040475178779
1483.0,16.411524272822867,0.9520450221775718
1484.0,16.42206485496025,0.9531549562520922
1485.0,16.43261965318098,0.9539217326282596
1486.0,16.44317654925305,0.9551164847007385
1487.0,16.453757134338215,0.9569068861042069
1488.0,16.464353029711678,0.9578060663075121
1489.0,16.47495291010633,0.9577200977632856
1490.0,16.485546305325798,0.957546081340297
1491.0,16.496141729255857,0.958875838127824
1492.0,16.506763946131095,0.9610727807585135
1493.0,16.51740741445162,0.9620076655214689
1494.0,16.528049776820932,0.9614541034479771
1495.0,16.538680455344924,0.9608578909706011
1496.0,16.54930907007162,0.961354103586018
1497.0,16.55995016923135,0.9621650251397114
1498.0,16.57059618405872,0.9626992416488065
1499.0,16.581248567498616,0.9635907594829405
1500.0,16.591913779398002,0.9644984914211818
1501.0,16.60258573513783,0.9658768867043364
1502.0,16.61328093924097,0.9667099959087864
1503.0,16.623970854809873,0.9670614524088705
1504.0,16.634673356045877,0.9671752739254771
1505.0,16.6453653295026,0.9679613380976662
1506.0,16.656084744342785,0.9693785113477134
1507.0,16.666807627796558,0.9692910957164713
1508.0,16.677524675797887,0.9689414550061883
1509.0,16.688239385218438,0.9676909150803112
1510.0,16.698928331322964,0.966092261265203
1511.0,16.709607207258593,0.9657845647243448
1512.0,16.720288861717904,0.9658248621612984
1513.0,16.730968147421446,0.9666174229778335
1514.0,16.741666845891398,0.9679204321287216
1515.0,16.75237448995766,0.9688302444719739
1516.0,16.763092861653583,0.9695982335811095
1517.0,16.773817056149156,0.9688744025152118
1518.0,16.784518995284255,0.9665436919863168
1519.0,16.79519119513734,0.9646985753806803
1520.0,16.805851842238205,0.9632914146582152
1521.0,16.816492423036895,0.9629860172358349
1522.0,16.827145789464627,0.9643201944645625
1523.0,16.837815361603987,0.9649029825336584
1524.0,16.84848112546816,0.9647326557519591
1525.0,16.8591464377034,0.9648712396478913
1526.0,16.869814772035685,0.9650727079533681
1527.0,16.880484049559364,0.9654124802273145
1528.0,16.89115940845488,0.9654320733197892
1529.0,16.901828640124595,0.964495920518857
1530.0,16.912482816013156,0.9631050932161997
1531.0,16.923120795258523,0.9619128359131537
1532.0,16.93374809016189,0.961977665730501
1533.0,16.94438696664272,0.9633529535931302
1534.0,16.955044143567136,0.9648258018273737
1535.0,16.965715081188623,0.9648841673351853
1536.0,16.976373068823868,0.9650493128683593
1537.0,16.987047160513196,0.9665119182272974
1538.0,16.997737002862362,0.9679611247102002
1539.0,17.00844267209713,0.9706533141643376
1540.0,17.019191584598552,0.9731195609942915
1541.0,17.02995138394981,0.973081377157996
1542.0,17.040699084583096,0.9731263411372311
1543.0,17.051459494208427,0.974578145848227
1544.0,17.062238915515426,0.97487451345296
1545.0,17.073005533133003,0.9744348676908885
1546.0,17.0837748791155,0.9729945976337149
1547.0,17.094509312131184,0.9712080619979133
1548.0,17.10523877745129,0.9701958403084063
1549.0,17.115950438496867,0.969413284311031
1550.0,17.126662185792753,0.9691051749346116
1551.0,17.137366615400122,0.9687869487929675
1552.0,17.148070899074018,0.9690752057190366
1553.0,17.15878126781438,0.9694189472606922
1554.0,17.169492724816823,0.9692942134806799
1555.0,17.18019991652113,0.969141353750274
1556.0,17.19090757012987,0.9687966119427074
1557.0,17.201606720089735,0.9670778003264786
1558.0,17.212275961287794,0.9650239773995963
1559.0,17.222929260942294,0.963146893897374
1560.0,17.23355654029971,0.9608739826367128
1561.0,17.24415910277858,0.9605781105406095
1562.0,17.254779296817873,0.9604392381584148
1563.0,17.265378267366902,0.9587561878583983
1564.0,17.275960728209746,0.958205970254312
1565.0,17.286546974113392,0.9602971608501321
1566.0,17.297175068389503,0.9617155902287777
1567.0,17.307792137818613,0.9620084292805586
1568.0,17.318426174510986,0.963448273710128
1569.0,17.329074545443042,0.963615449203644
1570.0,17.33971178852369,0.962594881053974
1571.0,17.350337116230932,0.9620667737631265
1572.0,17.360962180500312,0.9624007374573011
1573.0,17.37159437158804,0.9627021585665716
1574.0,17.382225589853498,0.9640578338035084
1575.0,17.3928872181445,0.9663433786381574
1576.0,17.403568448398552,0.9671005489149138
1577.0,17.41424635607458,0.9666980278161645
1578.0,17.424918248961053,0.9663659863449539
1579.0,17.435588369225144,0.96578952245045
1580.0,17.44624707580825,0.9656397671933519
1581.0,17.45691341969283,0.9662699306222748
1582.0,17.467585583659154,0.9665003871673434
1583.0,17.478256565438,0.9665165641140447
1584.0,17.488928634195158,0.9670984106146534
1585.0,17.499612013586912,0.9682876721003595
1586.0,17.51030990660217,0.9693642073229967
1587.0,17.521016638529606,0.9710874499733109
1588.0,17.531752173751162,0.9726427903865442
1589.0,17.542492875699775,0.9738818934092706
1590.0,17.55325540335444,0.9745688986581627
1591.0,17.564010934696615,0.9739343496335096
1592.0,17.574759103782384,0.9726037295063179
1593.0,17.585484900255775,0.9697324417415984
1594.0,17.59616929319854,0.9689627012044184
1595.0,17.6068776623507,0.9701801336982498
1596.0,17.61758853196789,0.9696850543195978
1597.0,17.628285572794365,0.9690592207525697
1598.0,17.63898221101485,0.9684391121154476
1599.0,17.649665147913556,0.9685276711047663
1600.0,17.660363310295356,0.970324701298523
1601.0,17.67108550594909,0.9711296056748324
1602.0,17.681801054736997,0.9713322229745245
1603.0,17.692527332417303,0.9712653344467981
1604.0,17.703241028146472,0.9706987763811412
1605.0,17.713954407778086,0.9693442769321337
1606.0,17.724637814213004,0.9677994845319517
1607.0,17.73531666860846,0.9667143939113885
1608.0,17.74597569382535,0.9666780272791584
1609.0,17.75665329112191,0.9677312649064334
1610.0,17.767335132625654,0.9673201332666395
1611.0,17.778003230558678,0.9667273602085515
1612.0,17.78867154747789,0.9659648429851586
1613.0,17.79932237652747,0.9635162986828618
1614.0,17.809936194629287,0.9617979299923718
1615.0,17.820548596888067,0.9630183321587538
1616.0,17.831188844177998,0.9636796553213571
1617.0,17.84181537189476,0.964714143209676
1618.0,17.852477961097662,0.9670580563583826
1619.0,17.863155770437867,0.9668572551781836
1620.0,17.873813504178184,0.9647728488334906
1621.0,17.884444869788776,0.9638092297659568
1622.0,17.895080861349992,0.964221425303549
1623.0,17.905720850477874,0.9653005051350192
1624.0,17.916380184925384,0.9665309129263733
1625.0,17.927046879058516,0.9681181284227023
1626.0,17.937740798674778,0.9700681335775698
1627.0,17.948450114652136,0.9717697867613424
1628.0,17.959181193588947,0.9723597290385442
1629.0,17.96990316712593,0.9724542320582259
1630.0,17.980635961255107,0.9726561841712282
1631.0,17.991362034467393,0.972994721772011
1632.0,18.002101933221212,0.9737199776641319
1633.0,18.012843659829677,0.9727402315256768
1634.0,18.023561600171035,0.9707276410790655
1635.0,18.03425855551293,0.9691361909044645
1636.0,18.04494099209502,0.9682776346116952
1637.0,18.055618595720162,0.9686162044581579
1638.0,18.066308083846813,0.9686661407013162
1639.0,18.076986387094358,0.967498148442246
1640.0,18.087649695970747,0.9666617505668
1641.0,18.0983091178471,0.9669297676650785
1642.0,18.108977902806906,0.9671770837803706
1643.0,18.119642356023178,0.9680629701624639
1644.0,18.13033025150502,0.9703185859716541
1645.0,18.14104405439136,0.9722625008525938
1646.0,18.15177445412957,0.9735084876328983
1647.0,18.16251538657174,0.9740370764216095
1648.0,18.173257105500728,0.9744020973807892
1649.0,18.184005750379484,0.9743659331015806
1650.0,18.19474634244446,0.9737863450827717
1651.0,18.205481866299355,0.9751406281238815
1652.0,18.21625198098846,0.9771613082116346
1653.0,18.227031765245748,0.9782511103003344
1654.0,18.23782562155887,0.9795822448659237
1655.0,18.248634485961535,0.981481739602259
1656.0,18.259469973575264,0.9827510295344837
1657.0,18.270306603019,0.9818145260064739
1658.0,18.281121213933414,0.9818994658403426
1659.0,18.291959465455616,0.9845284460257062
1660.0,18.302831827772767,0.9870288682832324
1661.0,18.31372503565317,0.9884105286732847
1662.0,18.32462770808826,0.9874819489086804
1663.0,18.335500293515782,0.9852545940357231
1664.0,18.34635366846749,0.984373010071522
1665.0,18.357206610107497,0.9839134292710696
1666.0,18.368049647091098,0.9834185715581043
1667.0,18.37889146145657,0.9832992764277151
1668.0,18.389731651538202,0.9835528954704387
1669.0,18.400578840080634,0.9836995925461451
1670.0,18.411422055321356,0.983314305082331
1671.0,18.42226053438108,0.9831465238453347
1672.0,18.433099830804885,0.9836922786676041
1673.0,18.443950125173956,0.9840741483212696
1674.0,18.45479763660278,0.9837862146778207
1675.0,18.465641374346106,0.984216431164441
1676.0,18.476498159069823,0.9863933540186736
1677.0,18.4873896974577,0.9884127203963544
1678.0,18.498290849708404,0.9888793176851323
1679.0,18.50919253088159,0.9889896855074767
1680.0,18.52009597240295,0.9891677541563695
1681.0,18.53100143771528,0.9907973309655063
1682.0,18.541940667963956,0.9935382896715055
1683.0,18.552906464991757,0.9951444286766673
1684.0,18.563881038122357,0.9957488533009382
1685.0,18.57486010305773,0.9946239031141886
1686.0,18.585809821434108,0.992696359573074
1687.0,18.596746302115374,0.9904448491602125
1688.0,18.607646278779196,0.9885707024823205
1689.0,18.618541294998924,0.9886758685220229
1690.0,18.62944343977029,0.9895301709761952
1691.0,18.640357148611507,0.9910563691805692
1692.0,18.651292812434047,0.9925339979213277
1693.0,18.66223899517203,0.9923995020585608
1694.0,18.673171603628077,0.9926178317450649
1695.0,18.684122493459316,0.9934975563442094
1696.0,18.695074411938705,0.9924363249670023
1697.0,18.7060018225219,0.9909656432782867
1698.0,18.716921206487896,0.9903068647631699
1699.0,18.72783397281669,0.9883886386751328
1700.0,18.73871093991424,0.9860746733402266
1701.0,18.74957252386424,0.983400165772764
1702.0,18.76039034392178,0.9798197996792624
1703.0,18.771172761568547,0.9780979839947577
1704.0,18.781952347783673,0.9782012565046898
1705.0,18.792736763159585,0.9787250659037454
1706.0,18.80352762342,0.9797976610866499
1707.0,18.814335417596872,0.9822291142450013
1708.0,18.825179630106433,0.9849831270348659
1709.0,18.836047928292,0.9860352817827334
1710.0,18.84691515713802,0.9856337733863256
1711.0,18.85777442674226,0.9844161197920585
1712.0,18.868614627966345,0.982401769736498
1713.0,18.87942928730957,0.9816307553282968
1714.0,18.890252255956753,0.9817467499642589
1715.0,18.901069245105802,0.9821618580590439
1716.0,18.91190112962943,0.9827784428662198
1717.0,18.92273149309463,0.98348146176113
1718.0,18.93357865497293,0.98474103460876
1719.0,18.94443658246248,0.9849583414547851
1720.0,18.955288347698666,0.9848445491547864
1721.0,18.966143573620773,0.9851848521475404
1722.0,18.977002650242504,0.9866311271039194
1723.0,18.98788956821015,0.9892188915746374
1724.0,18.998805527696465,0.9910727808637603
1725.0,19.00973318652158,0.9898584108132127
1726.0,19.020622274928975,0.9877697513634303
1727.0,19.03150374897163,0.9874760106940812
1728.0,19.04238620475667,0.9889362135113515
1729.0,19.053299704005422,0.9919495688777715
1730.0,19.064248451481404,0.9923817779581441
1731.0,19.075171395196065,0.9917193148298793
1732.0,19.08610543111047,0.9928279863879652
1733.0,19.09705271111189,0.9934859203058295
1734.0,19.108001164510096,0.9939207416132376
1735.0,19.11895794602444,0.9952452131929022
1736.0,19.129935517631214,0.9961319566846214
1737.0,19.14091179407164,0.9968099850152612
1738.0,19.151904259112086,0.9968597655156373
1739.0,19.16288160168493,0.9964762494619208
1740.0,19.17386556604636,0.9954997264494523
1741.0,19.1848213465057,0.9940941908885179
1742.0,19.195774261587278,0.9939033736709462
1743.0,19.206725760753056,0.9938832667899078
1744.0,19.217678155272914,0.9955142230141973
1745.0,19.22866552206395,0.9971609913559405
1746.0,19.23965417266612,0.9966585810107063
1747.0,19.25063043208806,0.9966869412860433
1748.0,19.261619658579306,0.9971103965303882
1749.0,19.272605216097094,0.9965295307902124
1750.0,19.283581602836158,0.9949261560764171
1751.0,19.294531775858513,0.9942521639372899
1752.0,19.305493230413322,0.994131502926848
1753.0,19.316440678880234,0.9940092754973193
1754.0,19.32739935839611,0.9948045724840995
1755.0,19.33836426524868,0.9948462985121296
1756.0,19.349323802986092,0.9949202829711794
1757.0,19.36029027288079,0.9960950914014575
1758.0,19.371275641433506,0.9960879679892969
1759.0,19.382241916376145,0.9945601788663225
1760.0,19.39319355619483,0.9937793470012366
1761.0,19.404142547334263,0.9940862381822626
1762.0,19.415100871411738,0.9961079160402733
1763.0,19.426094347112155,0.9987154235996059
1764.0,19.437110105707593,0.9992060340464377
1765.0,19.44811438986436,0.9995221024046259
1766.0,19.459137097411688,1.0006340288732645
1767.0,19.470165890151396,1.0008240995753113
1768.0,19.48119279774439,1.0018866051445912
1769.0,19.492245014742107,1.0028382088544276
1770.0,19.503292931230046,1.002500815789972
1771.0,19.514337745892018,1.0031987744378057
1772.0,19.525401073225414,1.0028552063936331
1773.0,19.536438366753234,1.0023650009497942
1774.0,19.547490912004445,1.0039576191402375
1775.0,19.558563341354574,1.0049814738313216
1776.0,19.569638510668575,1.0030604022017542
1777.0,19.580668667259246,1.0014295619694167
1778.0,19.591707909038337,1.0020858325369773
1779.0,19.602752551324848,1.0026481019890525
1780.0,19.613804213305777,1.002223810137366
1781.0,19.62483954185234,1.0021362678230616
1782.0,19.63588929300063,1.0020496682973317
1783.0,19.646922747614354,1.002202944880537
1784.0,19.657975892950063,1.0035809718679047
1785.0,19.66903975497652,1.005257215182155
1786.0,19.680129892045805,1.0068881394017808
1787.0,19.691229776697167,1.007442071805599
1788.0,19.7023322124983,1.0082423374528844
1789.0,19.713449827633482,1.0087595721188336
1790.0,19.72456377335668,1.0077452252226067
1791.0,19.735659140350926,1.0064314700025534
1792.0,19.746744218248107,1.0051976202926198
1793.0,19.757812466520075,1.0032519028750357
1794.0,19.76885471786668,1.0014931636510482
1795.0,19.779884231115517,1.0008186602608475
1796.0,19.790911628434472,1.001416307096406
1797.0,19.801954322035787,1.002949121525944
1798.0,19.813015526838516,1.0042544773632471
1799.0,19.824087035684745,1.0071248332537834
1800.0,19.83521155855796,1.0093687653761663
1801.0,19.846332638991264,1.008228561881424
1802.0,19.857432146362356,1.0069587530419994
1803.0,19.868525330537846,1.007857778518428
1804.0,19.879644734157008,1.0085251197870093
1805.0,19.890752737443975,1.0073707960550564
1806.0,19.90184679882207,1.0051106656346747
1807.0,19.912905072312856,1.0030124828367661
1808.0,19.923952933120134,1.0025519766254547
1809.0,19.93500108823437,1.004469603025882
1810.0,19.946091244583567,1.0061771382743245
1811.0,19.95717711142618,1.005966293639176
1812.0,19.968262694040536,1.0050038736021634
1813.0,19.97932742191105,1.004682886505634
1814.0,19.99040597961391,1.0070835710048414
1815.0,20.001523683841704,1.0095026159810914
1816.0,20.012655666159805,1.010099640030603
1817.0,20.023786653300835,1.0091246370475346
1818.0,20.03489726917182,1.0082760522700482
1819.0,20.04600965343829,1.0076285408426884
1820.0,20.05710609972503,1.004345792644017
1821.0,20.06814621387458,1.001160821751455
1822.0,20.079172482751158,1.0003233339984945
1823.0,20.090194144457236,1.0002392844435235
1824.0,20.101218562197626,1.0027970893279416
1825.0,20.112296604477248,1.0059027855768363
1826.0,20.12338953777757,1.006673074030914
1827.0,20.134484637780954,1.0070403548565992
1828.0,20.14558574858045,1.0074762592939805
1829.0,20.15669054519602,1.0083341699910306
1830.0,20.16781065824243,1.0099755785204252
1831.0,20.17895174337233,1.0125637815117443
1832.0,20.1901290371595,1.0151350022724728
1833.0,20.20132696916525,1.0170571265762192
1834.0,20.2125468262804,1.0167963233889168
1835.0,20.2237392298534,1.015305705010178
1836.0,20.234926420570087,1.0153280227300456
1837.0,20.246119499855322,1.0151314935551454
1838.0,20.257302548425127,1.0145063909499186
1839.0,20.268482027448105,1.0156495738315243
1840.0,20.279690449831843,1.0171930637720834
1841.0,20.29090415841377,1.0169272993921368
1842.0,20.30210693463114,1.0161386630929883
1843.0,20.313303458881926,1.0160766017843343
1844.0,20.324505059833015,1.0148464290869015
1845.0,20.335674664012032,1.0117165016299623
1846.0,20.346807430999906,1.0089723538653743
1847.0,20.357916664090617,1.0078242067502288
1848.0,20.369024216271736,1.0083343029778007
1849.0,20.380144787338686,1.0076000535427738
1850.0,20.391236260469277,1.0053577342364406
1851.0,20.402307476014805,1.0044389296203917
1852.0,20.413378747642334,1.0046327963777912
1853.0,20.42445429003209,1.0068274052664492
1854.0,20.435573999083946,1.010504961512197
1855.0,20.446730718404336,1.0130650479723045
1856.0,20.457907010782623,1.0142502196608802
1857.0,20.469090025206786,1.014816573313965
1858.0,20.480278978286034,1.0160731771020437
1859.0,20.491489876971148,1.0173572728895124
1860.0,20.5027073443943,1.0168412402990725
1861.0,20.5139070793354,1.0155861944954268
1862.0,20.52509707113573,1.0133149372136359
1863.0,20.536246915177486,1.0091829821822103
1864.0,20.547345949999993,1.0063195255820574
1865.0,20.558432747133875,1.005871934642073
1866.0,20.56952198273119,1.0060820604080618
1867.0,20.580613483531295,1.0050696409930424
1868.0,20.591680472006093,1.0035658430347212
1869.0,20.602738865922653,1.003799687810897
1870.0,20.613811047569573,1.0048512528305764
1871.0,20.624892677553483,1.0066872890629384
1872.0,20.636005400743304,1.0096715586450955
1873.0,20.647152921031775,1.0124277267714206
1874.0,20.658326543557717,1.0151644070115253
1875.0,20.669534562505294,1.0173278827569447
1876.0,20.680756083753085,1.0181360375986515
1877.0,20.69198213508098,1.0179091778954898
1878.0,20.703198873760833,1.0164750629919581
1879.0,20.714393514399827,1.0148775144161846
1880.0,20.725575214464467,1.014230711854907
1881.0,20.736755764272882,1.0143139107985917
1882.0,20.747939467356023,1.0161606666529224
1883.0,20.75916090804462,1.0177444486025706
1884.0,20.770379744286945,1.017457191197991
1885.0,20.78159506110841,1.0180703575861116
1886.0,20.792827623387538,1.0190783966909294
1887.0,20.80406539140226,1.0193776324949795
1888.0,20.815304781756048,1.019188429625956
1889.0,20.826538609325517,1.019819416610062
1890.0,20.837792138695576,1.0222777379644867
1891.0,20.849080420305086,1.0249624976495397
1892.0,20.86039343517773,1.027325627258051
1893.0,20.871734138191105,1.027451752921479
1894.0,20.883050275601107,1.026499346160108
1895.0,20.894370291810258,1.0259538819959744
1896.0,20.905674718960757,1.0238687189971643
1897.0,20.91694905342453,1.0225092888040308
1898.0,20.9282237697584,1.0222996085826708
1899.0,20.93949374772618,1.0212895359322829
1900.0,20.95074645079731,1.0191395316355738
1901.0,20.96196925679941,1.0170040475691167
1902.0,20.973175075118675,1.0147402015604712
1903.0,20.984348146017975,1.0125169853477018
1904.0,20.995505089633454,1.0116082858348818
1905.0,21.00665825828738,1.0103954853298092
1906.0,21.017788588359945,1.0097674829703465
1907.0,21.028928016435547,1.009755806388057
1908.0,21.040058207774717,1.0090755160617846
1909.0,21.05118274134051,1.0082668730874502
1910.0,21.062295201110864,1.0074096246162298
1911.0,21.073400918167565,1.006425288076116
1912.0,21.08449175112206,1.0072911292336357
1913.0,21.095616631161565,1.0086219638492366
1914.0,21.10673691813391,1.0080361413197352
1915.0,21.117848975568915,1.0078126685757525
1916.0,21.128964422819244,1.0076984697666376
1917.0,21.140074053947508,1.0071997872919383
1918.0,21.151178588771337,1.0082273571529186
1919.0,21.16231096426624,1.0086454800093634
1920.0,21.173424830785034,1.0069911028235765
1921.0,21.184520808382427,1.0056167685906985
1922.0,21.195604434449077,1.0043699338270926
1923.0,21.206672970490683,1.002104561037413
1924.0,21.217706674354922,0.9989016931208425
1925.0,21.228704574588225,0.997606622809144
1926.0,21.239709683467552,0.9979788003547583
1927.0,21.25071576876345,0.998610580901186
1928.0,21.261734789446546,0.9992124688733384
1929.0,21.272754140663988,0.9985730520702418
1930.0,21.283759049726317,0.9982046327359058
1931.0,21.29477025142207,0.9978048871344072
1932.0,21.305766326625257,0.9983315594890882
1933.0,21.316789111569324,0.9997506203276316
1934.0,21.327816479897226,0.9991030330716058
1935.0,21.338824981417492,0.9978443630757283
1936.0,21.349824569027973,0.9973771537979701
1937.0,21.360822736858665,0.9965573203317035
1938.0,21.37180421208291,0.995695345221975
1939.0,21.382783320947517,0.9951272579974102
1940.0,21.39375221679046,0.9965138870866213
1941.0,21.404761847868308,0.9996250447134116
1942.0,21.415799343028873,1.0008293025152852
1943.0,21.42683554459124,1.000622597700385
1944.0,21.437868489546123,0.999783234246479
1945.0,21.44888618399008,0.9994498200330781
1946.0,21.459911765057527,1.0000953263865995
1947.0,21.47094369422761,1.0006070885915506
1948.0,21.48198056676284,1.0013871477613066
1949.0,21.493029709890056,1.0014611439396504
1950.0,21.504068236450728,1.0026447116015333
1951.0,21.515143494855433,1.004453805823232
1952.0,21.526221970709194,1.004250689134551
1953.0,21.537292801441755,1.00294553364256
1954.0,21.548342535571532,1.0016933408874138
1955.0,21.559385770958578,1.0015669594818064
1956.0,21.570432733480853,1.0011859419091707
1957.0,21.58146758486998,0.9996894347486887
1958.0,21.59248154813032,0.9984252464469137
1959.0,21.603488502865993,0.9974395049462146
1960.0,21.61448070371855,0.9976893238081175
1961.0,21.62549313206655,0.9983053437995295
1962.0,21.636498903987043,0.9987274455897932
1963.0,21.64752061960266,0.998406477703611
1964.0,21.6585193062618,0.99755212107857
1965.0,21.66952214900241,0.9981533434556695
1966.0,21.68053407061544,0.9986633653752506
1967.0,21.691548146070456,0.9974303606222747
1968.0,21.702532859359614,0.9973956547873968
1969.0,21.713546125681283,0.9985101720003513
1970.0,21.72455540550595,0.9985034933079078
1971.0,21.735568505845222,0.9996366180666882
1972.0,21.746602762369896,0.9999324996169889
1973.0,21.757622395154474,0.9996654704364119
1974.0,21.768650754084124,0.9995439813069424
1975.0,21.779667708067798,0.9988128258837605
1976.0,21.790679930240263,0.9985780023853295
1977.0,21.801691689481764,0.9973440936378211
1978.0,21.81267668135386,0.9958385598156383
1979.0,21.823655192565063,0.9953276494338752
1980.0,21.834628866740882,0.993938159656409
1981.0,21.845576678339324,0.9912152821502787
1982.0,21.856490219198648,0.9891185609208151
1983.0,21.867391673523894,0.9885386425889919
1984.0,21.878292298570212,0.9876209681306136
1985.0,21.889173387589324,0.9868003802985186
1986.0,21.900055769226647,0.9878393539875105
1987.0,21.91095962809651,0.9891802678898785
1988.0,21.9218714600985,0.988384208439129
1989.0,21.93275764794549,0.9860056914117195
1990.0,21.943616884000143,0.9849875170748419
1991.0,21.95448045064995,0.9859814237438513
1992.0,21.965361444304044,0.9875305272894366
1993.0,21.976259029843572,0.9877404745502645
1994.0,21.987144525696873,0.9860170870242655
1995.0,21.998003965040922,0.9847799498174936
1996.0,22.0088620126791,0.986171328077944
1997.0,22.019751969521966,0.987907337650995
1998.0,22.030648166426634,0.9885660077611647
1999.0,22.04155251994216,0.9902565539418902
2000.0,22.052485876991238,0.9916908114637408
2001.0,22.06342176755324,0.9911771776723981
2002.0,22.074343708262372,0.990572957528002
2003.0,22.085266171088254,0.9909957285171913
2004.0,22.096197332233995,0.9918496155614775
2005.0,22.107138531163837,0.9922674649260443
2006.0,22.11807882282506,0.9915660986480361
2007.0,22.129004470542917,0.9900356111693327
2008.0,22.139910913079284,0.9889603312326471
2009.0,22.150812731165807,0.987731416765655
2010.0,22.161691952194165,0.985869572417414
2011.0,22.172552569884967,0.985534354569154
2012.0,22.183424236847433,0.9868922840282721
2013.0,22.19431464752046,0.9885245120240143
2014.0,22.205222174223046,0.99031457318506
2015.0,22.21615194148354,0.9919351270700645
2016.0,22.227095108666948,0.9927696468957947
2017.0,22.238043196792276,0.9923851059666049
2018.0,22.24897780862967,0.9912441093279085
2019.0,22.25990064798226,0.9921372476233046
2020.0,22.270854853151654,0.9941795947411265
2021.0,22.281822657307067,0.9949145275854789
2022.0,22.292793011549392,0.9936360771826003
2023.0,22.303732571749308,0.9921930298164625
2024.0,22.314671022432083,0.9911273281563808
2025.0,22.325586998998983,0.9895066046215106
2026.0,22.336489606004353,0.9888360153508984
2027.0,22.347390676587622,0.987178018150189
2028.0,22.358256604598743,0.9862043354105481
2029.0,22.369136050862213,0.9874823581967576
2030.0,22.380030017253624,0.9887643766714973
2031.0,22.39093760392942,0.9884556486099427
2032.0,22.401824649337275,0.9873205344201779
2033.0,22.41270707393445,0.9885988165956405
2034.0,22.423622165828885,0.9904250114545903
2035.0,22.43454474966008,0.9915231617374047
2036.0,22.445483955194323,0.9915141869159925
2037.0,22.456406258356488,0.9908238820203223
2038.0,22.467330144321394,0.9896908389355303
2039.0,22.47822736823443,0.9865143307065409
2040.0,22.489081094525012,0.9848555911262338
2041.0,22.499941581192356,0.9847950943963042
2042.0,22.510793815905856,0.9844928048546535
2043.0,22.521647472030374,0.9853068749162048
2044.0,22.532517490875076,0.9859499788049106
2045.0,22.543385177677163,0.9876298678300373
2046.0,22.55429208284728,0.9903477597167694
2047.0,22.565219578992195,0.9919613156880587
2048.0,22.576161965455547,0.9931327024037273
2049.0,22.587115208593218,0.9932979995001006
2050.0,22.598061171293953,0.9925176288370494
2051.0,22.608997134577614,0.9925554112619466
2052.0,22.619943845516936,0.9928501801218772
2053.0,22.630886233352566,0.991993233701578
2054.0,22.641813973214717,0.9912230357576846
2055.0,22.652739288464417,0.9904750767109363
2056.0,22.663650444027528,0.9900944998566956
2057.0,22.674567260868955,0.9908915052492375
2058.0,22.68549588499801,0.9914819864497986
2059.0,22.69642562872735,0.9916663959229481
2060.0,22.70735822846468,0.9913081876902652
2061.0,22.718279988132547,0.9897165219231283
2062.0,22.729177400893597,0.9884793708088182
2063.0,22.74007176602168,0.9891004072778742
2064.0,22.750982746665905,0.9895143801018094
2065.0,22.76188613098112,0.9884182316445731
2066.0,22.772772832230096,0.9881940803161342
2067.0,22.783671144772775,0.9888356837286665
2068.0,22.79457187144676,0.9865651604850427
2069.0,22.80542001403893,0.984408407657611
2070.0,22.816273028698753,0.9853783048542937
2071.0,22.827142391172288,0.9857129150091168
2072.0,22.83800263675767,0.9853160833222319
2073.0,22.84886309707944,0.9848602210058743
2074.0,22.859713139846153,0.9849500798504778
2075.0,22.870575417429603,0.9871657638759643
2076.0,22.88147415076586,0.9905931710518416
2077.0,22.892411864310226,0.9932673696598613
2078.0,22.903369466756732,0.9935273098003563
2079.0,22.914312849010223,0.9930324901474705
2080.0,22.9252594688185,0.9937611165191811
2081.0,22.936218840752378,0.995217069280443
2082.0,22.947197495203028,0.9977972086094269
2083.0,22.958213701046972,0.9994253634718007
2084.0,22.96922824035313,0.9980883214802816
2085.0,22.980214966390903,0.9977143099404202
2086.0,22.991221227688516,1.0005690800753655
2087.0,23.002270867719222,1.0021144600405023
2088.0,23.013311221208994,1.0007469051538465
2089.0,23.024330733594258,0.9990764294393557
2090.0,23.035334262039765,0.998560739450113
2091.0,23.046342389491027,0.9989255458040134
2092.0,23.057353946544122,0.9997918781577937
2093.0,23.068381161198598,1.000417387863763
2094.0,23.07940651187885,1.0018557612029326
2095.0,23.090465436660477,1.0037309174290385
2096.0,23.101532157767018,1.0041551533440725
2097.0,23.11260047727689,1.0034093601543645
2098.0,23.1236508030915,1.001762493915976
2099.0,23.134682847228525,1.000284173874661
2100.0,23.14570059548541,0.9998935792582415
2101.0,23.156724025716773,0.9983447729537147
2102.0,23.167707634442287,0.9952747482348059
2103.0,23.1786633544066,0.9933122077645749
2104.0,23.189603639508327,0.9929896004678085
2105.0,23.20055217116523,0.9936904896621854
2106.0,23.211507837161815,0.9938792903694775
2107.0,23.222460468365718,0.9935431827502725
2108.0,23.233408660422263,0.9939715527461885
2109.0,23.244370664993156,0.9938821586706581
2110.0,23.255316830500156,0.9924010855947927
2111.0,23.26624611687849,0.9934656602831637
2112.0,23.277215661797968,0.9953143797865778
2113.0,23.28818565046993,0.9958008769617663
2114.0,23.299165870672283,0.9979226047871634
2115.0,23.310182589220076,1.0003499225704218
2116.0,23.321216309774783,1.0013416166261777
2117.0,23.332254899658093,1.0020102811063225
2118.0,23.343303375716257,1.0021027778479947
2119.0,23.35434403010841,1.001726470293761
2120.0,23.365384229524107,1.00193328547266
2121.0,23.376429460476892,1.0019841900439133
2122.0,23.387470804473185,1.0006696986429233
2123.0,23.398487079094192,0.9992205077383005
2124.0,23.409496473943598,0.9987138392125416
2125.0,23.42050156883184,0.9992676094238959
2126.0,23.431523154987165,1.0014869059436933
2127.0,23.442577169630404,1.0024637550995976
2128.0,23.45362031899577,1.0015755908489155
2129.0,23.464654776416424,1.002052508707493
2130.0,23.475708450703234,1.003724750441961
2131.0,23.486779799548636,1.0041964511806327
2132.0,23.497843918470064,1.003694369655932
2133.0,23.508904240101913,1.0046819843682897
2134.0,23.51999016565067,1.0069174508871583
2135.0,23.53109982456162,1.0083662384422496
2136.0,23.542217769064052,1.0089597602409413
2137.0,23.55334060209886,1.0099995950527045
2138.0,23.564481563684584,1.0092765135918853
2139.0,23.575588569948728,1.0072398495003654
2140.0,23.58668471678174,1.0058235953047188
2141.0,23.59776057364871,1.0033164359788316
2142.0,23.60880150424091,1.0017551676096446
2143.0,23.619842962917538,1.00135874537591
2144.0,23.63087517321697,1.001720547880268
2145.0,23.641924617058137,1.0027521682895895
2146.0,23.652979593895317,1.0022266795203905
2147.0,23.664017484884987,1.0000857495301716
2148.0,23.675025282448562,0.9992685046127008
2149.0,23.686045145133477,0.999170102556036
2150.0,23.69705077166531,0.9968963739279388
2151.0,23.708020497733834,0.9969741859031274
2152.0,23.719027791080304,0.9995045301711798
2153.0,23.730053281864265,1.000761718915328
2154.0,23.741088291698304,1.0009068795784515
2155.0,23.75211699458128,1.0003799177538895
2156.0,23.763140394569923,0.999995937269432
2157.0,23.77416063451758,1.000683627331
2158.0,23.78519919225763,1.0010397426558484
2159.0,23.7962272977911,1.0017525332368677
2160.0,23.807281573914388,1.002777601843718
2161.0,23.81833230586127,1.0019881199586962
2162.0,23.829369205559235,1.0015073937893249
2163.0,23.840409354381052,1.001106651619466
2164.0,23.851437437065837,0.9994383503890276
2165.0,23.8624408158357,0.9959455625416922
2166.0,23.873391887090193,0.9921810215000733
2167.0,23.884312216090425,0.9910473891682159
2168.0,23.89523820480676,0.9917222393446536
2169.0,23.906173322281578,0.9915537671918173
2170.0,23.91709551811096,0.9917959081167282
2171.0,23.928035882098307,0.9930291526857218
2172.0,23.938985188467512,0.9933478516036303
2173.0,23.949932511489312,0.9941511738475128
2174.0,23.96089945765051,0.9941931901216776
2175.0,23.97184765696241,0.9908890679967044
2176.0,23.982741703201892,0.986243810621545
2177.0,23.99358739125491,0.9847906484451414
2178.0,24.00444924603595,0.9868615099876479
2179.0,24.015340437028375,0.9874225234261758
2180.0,24.026214540366304,0.9844374848025836
2181.0,24.03703980088524,0.9791090228850408
2182.0,24.04779627653087,0.9741619232286212
2183.0,24.0585122555263,0.9719913723733953
2184.0,24.06922061594712,0.972002157865063
2185.0,24.079936554328818,0.9728061213804722
2186.0,24.090662363836667,0.9744425476342258
2187.0,24.1014141079395,0.9766129871691192
2188.0,24.112187515909735,0.9776887625812378
2189.0,24.122962750327673,0.9778733109956192
2190.0,24.133740006956486,0.978970982854662
2191.0,24.14453921695806,0.9814711795479525
2192.0,24.155371379931626,0.9827835673481786
2193.0,24.166199346616096,0.9832740215979356
2194.0,24.17704214683318,0.9836524451452533
2195.0,24.187878295286588,0.9813099880861955
2196.0,24.198669305829416,0.9790844213034688
2197.0,24.20945620074474,0.97910572683395
2198.0,24.22024747349471,0.9787497751945011
2199.0,24.23102632077979,0.9776167944346525
2200.0,24.24179241068235,0.9759140375404058
2201.0,24.252533507896498,0.9732558929149491
2202.0,24.263240771997793,0.9709785632949206
2203.0,24.27393140701466,0.9683532900380669
2204.0,24.284580528712215,0.9663597207991188
2205.0,24.295226906588947,0.9673379504993136
2206.0,24.3058972585406,0.9688391904405762
2207.0,24.31657641312505,0.9698161819032975
2208.0,24.32726799631064,0.9716531872531959
2209.0,24.33798734348178,0.9747317344822477
2210.0,24.34874650073218,0.978255658076705
2211.0,24.359543269852292,0.9792776509716532
2212.0,24.37032475173771,0.9805764205043488
2213.0,24.381149929348144,0.9824348912834466
2214.0,24.391972191791595,0.980851157808047
2215.0,24.402762300159676,0.9788601759555604
2216.0,24.41354049187405,0.9793907517091611
2217.0,24.424342079536167,0.982094605441489
2218.0,24.435179656772203,0.9850531406209484
2219.0,24.446046272734836,0.9853876372762898
2220.0,24.456891087099624,0.9851602920821279
2221.0,24.467752541072745,0.9854818764124502
2222.0,24.478604303459466,0.9851484762248219
2223.0,24.489458265397722,0.9853791639689007
2224.0,24.50031496644022,0.9866721541452534
2225.0,24.511197274736833,0.988593542988383
2226.0,24.522096190054683,0.990897900071559
2227.0,24.533029164649115,0.9935364714228854
2228.0,24.543986139904014,0.9951316110705193
2229.0,24.55495420634253,0.9970906316270884
2230.0,24.565954300294287,0.9975943193358034
2231.0,24.576933449827916,0.9956368549524086
2232.0,24.587890383464497,0.993285840939734
2233.0,24.598817682338094,0.9922693927419459
2234.0,24.609752142409736,0.9923086660123772
2235.0,24.62068023412858,0.9936029913642415
2236.0,24.63164313249822,0.9944169342043097
2237.0,24.64258910988887,0.9921780680674601
2238.0,24.65350261983704,0.9890124135267797
2239.0,24.664378761668974,0.9876038588213305
2240.0,24.675261115247267,0.9894866879349138
2241.0,24.68617862079258,0.9914676858074927
2242.0,24.697104531900155,0.9901858786083721
2243.0,24.7079937183287,0.9868209332080369
2244.0,24.718845384041405,0.9855480451324183
2245.0,24.729706382936598,0.9862779632076126
2246.0,24.740573993758545,0.9868955539491253
2247.0,24.751448468815408,0.9875164920863426
2248.0,24.76232963553338,0.9884020763042827
2249.0,24.77322350258889,0.9879451622205124
2250.0,24.78409449676889,0.9875795077746261
2251.0,24.794980181488718,0.9883235596280429
2252.0,24.805867453742497,0.9879567960292661
2253.0,24.816744946498208,0.9861928701002398
2254.0,24.827593239040038,0.983537964102652
2255.0,24.8384120989054,0.9814020013309346
2256.0,24.849213165890156,0.98013779981693
2257.0,24.86000399007252,0.9774212753595748
2258.0,24.870745020019264,0.9749377795101282
2259.0,24.88148089796271,0.9729858490650258
2260.0,24.89217868921106,0.971474420186496
2261.0,24.902880999569835,0.9713184332376841
2262.0,24.913575086818184,0.9715977310365815
2263.0,24.92428327441266,0.9725603060451249
2264.0,24.934998302457565,0.9729516230850095
2265.0,24.945714853096067,0.9735427326318131
2266.0,24.956442646189657,0.9737477686267084
2267.0,24.96716346779217,0.9747509275584889
2268.0,24.977913105302004,0.9771536831813137
2269.0,24.988686624347235,0.9771969172165882
2270.0,24.99943700818044,0.9769193932902454
2271.0,25.010204187922735,0.9767518809012472
2272.0,25.02095067109576,0.9758616998929028
2273.0,25.031698014914415,0.9745308746214505
2274.0,25.042414958791227,0.9718353016055516
2275.0,25.05310267922997,0.969410792105009
2276.0,25.063765946491813,0.9685772877537602
2277.0,25.07443501171965,0.9693986625393336
2278.0,25.08511607701719,0.9704583294151234
2279.0,25.09580819846216,0.9708282596179743
2280.0,25.10649713876786,0.969772034133257
2281.0,25.117165724014797,0.9666560062973986
2282.0,25.127785748975754,0.9642736994542247
2283.0,25.138401537358053,0.9646582675400168
2284.0,25.14902969701132,0.9672920367497682
2285.0,25.159703162087247,0.9704699983012688
2286.0,25.17040102020298,0.9702675960938905
2287.0,25.18106976308916,0.9694250592087883
2288.0,25.1917487770122,0.9695851148503607
2289.0,25.2024207637538,0.9687874753626602
2290.0,25.21308192666391,0.9689801186345903
2291.0,25.223757859745003,0.9707992439953159
2292.0,25.234458796779375,0.9726495093818812
2293.0,25.245175210335486,0.9738362596699517
2294.0,25.255902029997632,0.9754875263784015
2295.0,25.2666545626465,0.9771795366877996
2296.0,25.27741842013879,0.9792517445057456
2297.0,25.288216370787925,0.9819019994556584
2298.0,25.299038402736006,0.9834500846391165
2299.0,25.30987027974318,0.9818411438905059
2300.0,25.320656734544027,0.9789959283925782
2301.0,25.331425775435296,0.9795019049929579
2302.0,25.342223166119886,0.9814432233351909
2303.0,25.35303477028564,0.9816212348455338
2304.0,25.363835912457954,0.9802331467890326
2305.0,25.374616778016826,0.9786745769488334
2306.0,25.385383411380403,0.9781158954565399
2307.0,25.396151771099493,0.9770501803836851
2308.0,25.40689473775874,0.9740283023470511
2309.0,25.417596342248128,0.9724082531984095
2310.0,25.42830338254417,0.9738863287498134
2311.0,25.439037274452545,0.9757744491075755
2312.0,25.44978565205928,0.9769621192472187
2313.0,25.460545472039264,0.9762288778974835
2314.0,25.471277498219855,0.9746703588421042
2315.0,25.48200277479073,0.9744295889122441
2316.0,25.492729262791546,0.9751891698597319
2317.0,25.503471024631825,0.9769346460379893
2318.0,25.514235714402076,0.977402005651129
2319.0,25.524987560716127,0.9756095218185692
2320.0,25.535712576199092,0.9762260426505236
2321.0,25.54647775655627,0.9785341113938557
2322.0,25.557253377418036,0.9796363913519599
2323.0,25.568042627656915,0.979964858182484
2324.0,25.578825295927253,0.9794268272958107
2325.0,25.58960251386762,0.9781457936137485
2326.0,25.600356790401232,0.9782663694481926
2327.0,25.611136450096467,0.9796206905498366
2328.0,25.621920347897507,0.981011387795661
2329.0,25.632730432402262,0.9803182005830422
2330.0,25.643498907448887,0.9775067579371353
2331.0,25.654246907703534,0.9760651494939339
2332.0,25.664983434688654,0.9763253910095955
2333.0,25.67573693755216,0.9770986417870517
2334.0,25.68649027370045,0.9769567189864574
2335.0,25.697240441676797,0.9753854061586935
2336.0,25.707958979235844,0.9742206770515622
2337.0,25.718683271425828,0.9747976882854346
2338.0,25.729414274856236,0.9744248103647806
2339.0,25.740130131851654,0.9728515907240762
2340.0,25.75082626872667,0.9694312047504354
2341.0,25.761466589465233,0.9659435593271155
2342.0,25.772085664811005,0.9659678037032791
2343.0,25.782726200605538,0.9676867918065
2344.0,25.793382808101065,0.9686876318742179
2345.0,25.804045083578174,0.969677015310026
2346.0,25.81472318268634,0.9696904417410224
2347.0,25.82538548476099,0.9688071105847484
2348.0,25.83604386199998,0.9680474404240158
2349.0,25.846689161390316,0.9683691287859801
2350.0,25.857354322258423,0.9703598046758088
2351.0,25.868043150292404,0.9727176351370872
2352.0,25.87875993807887,0.9748549088681102
2353.0,25.889495561808044,0.9784643602984033
2354.0,25.900291555655556,0.9821017261165252
2355.0,25.911107049388704,0.9852915915207632
2356.0,25.921973080532037,0.9886093671425442
2357.0,25.93286146813529,0.9891523502069504
2358.0,25.94373935200759,0.9898958747230608
2359.0,25.95464399606732,0.9918536863683585
2360.0,25.965564879151213,0.9916091925756518
2361.0,25.976464074814732,0.9902322138218551
2362.0,25.987354571296848,0.98937144214824
2363.0,25.998234732336094,0.9882655564283596
2364.0,26.009100792207068,0.9857125381668084
2365.0,26.019924662174773,0.9840241436636461
2366.0,26.030753421430436,0.9846286417164265
2367.0,26.04159044859237,0.9860921285144286
2368.0,26.05245127288813,0.9892766406419469
2369.0,26.06335825369058,0.9897501750733682
2370.0,26.074229418591653,0.9858756343037385
2371.0,26.0850510366673,0.983956604623927
2372.0,26.09587982618657,0.9853158625091964
2373.0,26.10673120882906,0.9866824228324731
2374.0,26.11758994229472,0.9866393661104667
2375.0,26.128440258914264,0.98560578652814
2376.0,26.139276125054124,0.9863031751892777
2377.0,26.15014164851555,0.987595675085231
2378.0,26.161005840504178,0.9871895137803222
2379.0,26.171862313523665,0.9858018291088229
2380.0,26.1826958530415,0.9848139861269374
2381.0,26.193530452241053,0.9852044924173242
2382.0,26.204372445926847,0.9853470270409161
2383.0,26.215210049661728,0.9851597492656765
2384.0,26.226047787739187,0.9855617628418258
2385.0,26.236894101539928,0.9865189403599288
2386.0,26.247752771298103,0.9868527736252872
2387.0,26.25860631249314,0.9859818135441856
2388.0,26.269445698304963,0.9866752534217085
2389.0,26.280314362582228,0.9885940577360088
2390.0,26.291195855315884,0.9889443809124714
2391.0,26.30207212864551,0.9892368839709889
2392.0,26.31295995386908,0.9896861129072931
2393.0,26.323846017502177,0.9907684095396689
2394.0,26.33475755933587,0.991584825980226
2395.0,26.345661511261515,0.989478720812258
2396.0,26.356526637968994,0.9873654540697316
2397.0,26.367383985343377,0.9854540345777423
2398.0,26.378206942675185,0.9815254759832897
2399.0,26.38897771563561,0.9794430707747779
2400.0,26.3997546719954,0.9805816266830334
2401.0,26.410550310812987,0.9807778665240221
2402.0,26.421331417802218,0.9811218719446515
2403.0,26.432134445656125,0.9836872642754315
2404.0,26.44297182874973,0.9874501891563341
2405.0,26.453857504924276,0.9900317217961856
2406.0,26.464751585971527,0.9908753777467609
2407.0,26.475655734920593,0.9919491718796962
2408.0,26.486573359742184,0.9917850621609432
2409.0,26.49747383116859,0.991746816939667
2410.0,26.50839053306569,0.9916828033346974
2411.0,26.519289528359867,0.9895475440139307
2412.0,26.530159175108707,0.9895057147955413
2413.0,26.541057143598117,0.9922203375103891
2414.0,26.551986424641136,0.9928186075821941
2415.0,26.562897496755838,0.9902356989241525
2416.0,26.57376988597794,0.988449725213286
2417.0,26.584641565923253,0.9878509119330374
2418.0,26.595500678282033,0.9879763095482303
2419.0,26.60637500225748,0.9890687520683059
2420.0,26.617258044202597,0.9904521085450142
2421.0,26.628162704123074,0.9921304435151796
2422.0,26.639082588456667,0.9937757499797044
2423.0,26.6500233764746,0.9936089832776815
2424.0,26.660939544886602,0.9911201260479174
2425.0,26.67182551665851,0.9896963294513625
2426.0,26.682710272991685,0.9892439297709643
2427.0,26.693586200271657,0.9902071054798398
2428.0,26.704492043561892,0.9919251674814404
2429.0,26.71540568768292,0.9913483957075186
2430.0,26.72629877445067,0.9898542394507786
2431.0,26.737179465639297,0.989389119630232
2432.0,26.748062225252554,0.990078319406166
2433.0,26.75895798244698,0.9907991023715113
2434.0,26.769856513409856,0.9926154305799173
2435.0,26.78079214228107,0.9948279248133076
2436.0,26.791739289463905,0.9953895802909756
2437.0,26.80268723105625,0.9957754498177565
2438.0,26.813642824893382,0.9966815399820916
2439.0,26.824610662397852,0.9972046888033219
2440.0,26.835577738817943,0.995405356001811
2441.0,26.84650597215627,0.9919975670195527
2442.0,26.85739803276138,0.989278168693545
2443.0,26.868266363373888,0.988708734832926
2444.0,26.879145793374388,0.9906406633667757
2445.0,26.890056522686347,0.9917268546555533
2446.0,26.90095977391734,0.9902728379229302
2447.0,26.911838444112984,0.9873264367283809
2448.0,26.922676790526662,0.9842574483031967
2449.0,26.933487827597904,0.9829761655860239
2450.0,26.94429784125058,0.984804739939591
2451.0,26.95514894753833,0.9870380244578882
2452.0,26.966007965219756,0.9885246818230371
2453.0,26.976891659047773,0.9907719716634347
2454.0,26.987800014164947,0.9929050576697591
2455.0,26.998730553143872,0.9944407138627867
2456.0,27.00967263074879,0.9960618411337236
2457.0,27.020638781323424,0.9977694561448516
2458.0,27.031618392285758,0.9969470187143088
2459.0,27.042566439108334,0.9936540230819446
2460.0,27.053473581444823,0.9893651778729691
2461.0,27.064327223656395,0.9875643333880362
2462.0,27.075194641336335,0.9897574618294129
2463.0,27.086096415986372,0.9898049647658809
2464.0,27.096964802023457,0.9879171955794845
2465.0,27.107824952946064,0.9877691973715628
2466.0,27.118689974011488,0.9877273354713907
2467.0,27.129549098472815,0.9887640858951272
2468.0,27.140436811192345,0.989719242456431
2469.0,27.151316855853317,0.9901849760781261
2470.0,27.162214717997536,0.9915846135568245
2471.0,27.17312546649003,0.9925769000492437
2472.0,27.184045083527813,0.992264485519172
2473.0,27.194948898994753,0.9901597729613059
2474.0,27.20582215153022,0.9887013709335406
2475.0,27.216693792831308,0.9897397814406759
2476.0,27.22758978340781,0.9927502098621517
2477.0,27.238527553191005,0.9948514035077096
2478.0,27.249469708606195,0.9944869840110186
2479.0,27.260399420006763,0.9925600299748112
2480.0,27.271299142234575,0.9913036638481572
2481.0,27.28220114480833,0.9913195376684598
2482.0,27.293101140654894,0.9922342330028187
2483.0,27.30402318283938,0.9928928917261146
2484.0,27.3149376050657,0.9917254993724782
2485.0,27.325833907652306,0.9904649700665686
2486.0,27.336720527654315,0.9889504333505101
2487.0,27.347583434402974,0.9846504720844678
2488.0,27.358375382092937,0.9813072382930841
2489.0,27.369164601468025,0.9797757159649336
2490.0,27.3799227048502,0.9796430710439381
2491.0,27.390708819373675,0.9805448213819545
2492.0,27.401486589058546,0.9789766741459971
2493.0,27.412238046098103,0.9770213689398588
2494.0,27.422972623997317,0.979020369839418
2495.0,27.433767836137317,0.9820077056847367
2496.0,27.444567951756387,0.9822312394589972
2497.0,27.455367925888332,0.9829913350067727
2498.0,27.466184602649765,0.9839626326674988
2499.0,27.477005795612854,0.9847922920889687
2500.0,27.487840579780237,0.9859426181255913
2501.0,27.49868694236196,0.9877435376292851
2502.0,27.50956121165406,0.990158419657746
2503.0,27.520460582280652,0.9920937352962937
2504.0,27.531377333486354,0.994891834302507
2505.0,27.54233817204683,0.9975509281584891
2506.0,27.553313369407622,0.9969286546884177
2507.0,27.56426050857905,0.9953476077289451
2508.0,27.575200900939404,0.9939518243336352
2509.0,27.586117303889043,0.9903192461370054
2510.0,27.596977754801422,0.9868294223660996
2511.0,27.60781731166885,0.9861568675087256
2512.0,27.61866285126268,0.9875627654491836
2513.0,27.629533205711667,0.989178971882211
2514.0,27.640414186877617,0.9890880609264059
2515.0,27.651282452925958,0.9880476266298501
2516.0,27.662140456516283,0.9874177036508627
2517.0,27.67299476392731,0.9868191224877592
2518.0,27.683839495437123,0.985658881553718
2519.0,27.694668173299295,0.9840080267367739
2520.0,27.705476475154722,0.9848376828540495
2521.0,27.71632325026198,0.9860216086781293
2522.0,27.727157469788065,0.9865687558585705
2523.0,27.738016150415444,0.987750044947461
2524.0,27.74887623847556,0.988963902694195
2525.0,27.75976150446377,0.9905682351809446
2526.0,27.77065678336424,0.989645603959616
2527.0,27.781521685437063,0.9870067098345316
2528.0,27.79235883995488,0.9872102468452795
2529.0,27.80322809464156,0.990573070258506
2530.0,27.81413909209143,0.991930943195257
2531.0,27.82503813833937,0.9901881209389103
2532.0,27.835910741531062,0.9900399210300748
2533.0,27.846806434361753,0.9903245457526282
2534.0,27.857685219242352,0.9888410984622169
2535.0,27.86854820559202,0.9873863627626633
2536.0,27.879394903313116,0.9876885238818431
2537.0,27.89026441873627,0.9886568690744753
2538.0,27.901132310892937,0.9884896092598865
2539.0,27.911998051042257,0.9894284455976958
2540.0,27.922886485554294,0.9907333295222998
2541.0,27.93378083393739,0.9908938049475182
2542.0,27.944672719631214,0.9895255039400581
2543.0,27.955536905147213,0.9886890274674442
2544.0,27.96641029930158,0.9860264232929694
2545.0,27.977215851690765,0.9830103494541618
2546.0,27.98802278867759,0.9825288687025022
2547.0,27.99881761169511,0.9833387208236672
2548.0,28.009642200737495,0.983217472286924
2549.0,28.020434228562454,0.9825195141665972
2550.0,28.031243317479554,0.9838750406797772
2551.0,28.042065005479134,0.984655532333818
2552.0,28.052891121809044,0.9844779339910019
2553.0,28.063708776929264,0.9823706409424631
2554.0,28.074488430015386,0.9799013456649845
2555.0,28.085251634541084,0.9784746155446555
2556.0,28.09599974584508,0.9782268708113406
2557.0,28.106757316720522,0.9797190639847031
2558.0,28.117538053040047,0.9815074516418463
2559.0,28.128334778007112,0.9822227410058986
2560.0,28.13913108946153,0.982916001456033
2561.0,28.14994290464312,0.9860348105712546
2562.0,28.160807640230438,0.9891668736054271
2563.0,28.17168821141392,0.9891303637996316
2564.0,28.182552058730515,0.9892942848182429
2565.0,28.19343613464515,0.9912035862244011
2566.0,28.20434187153014,0.9923519746052989
2567.0,28.215251126336945,0.9924479493165563
2568.0,28.226158909419187,0.9926608626319648
2569.0,28.237072779946434,0.9942598393536173
2570.0,28.248015653184684,0.9932502708124957
2571.0,28.258907293078757,0.9897882277973622
2572.0,28.269773983720302,0.9861582423536674
2573.0,28.28058573088067,0.9838242171981619
2574.0,28.291400975637373,0.9831914667202
2575.0,28.302198678961155,0.9814356372453403
2576.0,28.31297517882589,0.9805241948915864
2577.0,28.323752682994893,0.9813609010025175
2578.0,28.334547412667366,0.982219102516865
2579.0,28.34534363235764,0.9817872748735681
2580.0,28.35612872154195,0.9833222044380818
2581.0,28.366958524328332,0.9857892782138151
2582.0,28.377797720776165,0.9846328261028248
2583.0,28.388601987881515,0.9798503995962164
2584.0,28.399335919555767,0.9773093354770026
2585.0,28.41008413646392,0.9786125576674749
2586.0,28.42084653074562,0.978009713821848
2587.0,28.43158132463107,0.9765799744955075
2588.0,28.442312099379055,0.9788094857231044
2589.0,28.453095702013673,0.9827529250851512
2590.0,28.463912997602243,0.9842777439389465
2591.0,28.474729984702464,0.9852438715488461
2592.0,28.485568383988536,0.9876451498403185
2593.0,28.49643803506529,0.9887798507852494
2594.0,28.507301283172346,0.9892510782201498
2595.0,28.518181195010776,0.9910062637873125
2596.0,28.529082937202453,0.9907605157977741
2597.0,28.53995738072614,0.989599315961641
2598.0,28.550833512712575,0.9903172403282952
2599.0,28.561723649080424,0.9888213155136327
2600.0,28.57256682661953,0.9868405893548697
2601.0,28.583413317290926,0.9867004172829184
2602.0,28.594253305588953,0.9853142308584211
2603.0,28.605069216514178,0.9837030957050956
2604.0,28.615873663057616,0.9817035067890174
2605.0,28.62664548674114,0.9788548781025384
2606.0,28.637387161645822,0.9779107186532201
2607.0,28.648138048346972,0.9779335584362343
2608.0,28.65888004672197,0.9769299688432511
2609.0,28.669608691721407,0.9753337374968396
2610.0,28.680315414207026,0.9742699889156938
2611.0,28.69102046997337,0.976236726717616
2612.0,28.70177020347889,0.9796591407639426
2613.0,28.71255029481304,0.979729692769979
2614.0,28.723301423062413,0.9770829974477238
2615.0,28.734023171479173,0.9755656274264766
2616.0,28.74474075416035,0.9768401268829621
2617.0,28.75549030897947,0.9805055801380149
2618.0,28.766288265240682,0.9843021766373568
2619.0,28.77712111103436,0.9849653465107622
2620.0,28.787933524675854,0.9832522701644848
2621.0,28.79872859282663,0.9833471405454475
2622.0,28.809542946471826,0.9821011989888575
2623.0,28.820310505184093,0.9791221939940442
2624.0,28.83105923001256,0.9777178130070752
2625.0,28.841795749336224,0.9759942739920007
2626.0,28.852506413120288,0.9743384373441586
2627.0,28.863206340475855,0.9723221793874472
2628.0,28.87387248558188,0.9702098612151531
2629.0,28.88452575906613,0.9691923660639077
2630.0,28.895169299604333,0.9700091203467309
2631.0,28.905840266566027,0.9726376328871993
2632.0,28.916541331272324,0.9753924110473235
2633.0,28.927272618095145,0.9763732009023443
2634.0,28.937995044815377,0.9765832464599953
2635.0,28.948730750977877,0.9772398018203603
2636.0,28.959467418178477,0.976949015072023
2637.0,28.97019655012276,0.9750641641185211
2638.0,28.980891613039507,0.973978046040429
2639.0,28.99159666541652,0.9730761860791972
2640.0,29.00227170605408,0.9724407815938321
2641.0,29.01296256811756,0.9749836455912373
2642.0,29.023693261171,0.9761548965152542
2643.0,29.034409669160343,0.9747947822488641
2644.0,29.045110280668826,0.9740320498194706
2645.0,29.055809720851556,0.9733535474706514
2646.0,29.066495215012285,0.9727018052881249
2647.0,29.07718011570759,0.9705523822176474
2648.0,29.087818167137588,0.967980446043839
2649.0,29.09844630859472,0.9671681345516845
2650.0,29.10906625335099,0.9676796701032799
2651.0,29.119705366209473,0.9701042118695113
2652.0,29.130378323013094,0.9738637296386514
2653.0,29.141099799287904,0.9749043010078822
2654.0,29.151795423556486,0.9756196843281941
2655.0,29.162532402875094,0.97972238820239
2656.0,29.173317973772892,0.9836121648331755
2657.0,29.184140256909338,0.9846930826042808
2658.0,29.19494945374502,0.9831000125668652
2659.0,29.205736611591156,0.980447827374519
2660.0,29.216487401376394,0.9779192364958362
2661.0,29.22721884112533,0.9756779958324842
2662.0,29.237920212112112,0.9737736957622474
2663.0,29.2486096133229,0.9728482552363857
2664.0,29.25929044039902,0.9723977750190897
2665.0,29.269969725155967,0.9710791411889659
2666.0,29.280621365338014,0.9716302958959204
2667.0,29.291312514547286,0.9738664802016501
2668.0,29.302013061860546,0.9754477197993765
2669.0,29.31273873758613,0.9784046541744829
2670.0,29.32350404694363,0.9825039571423986
2671.0,29.33431960525293,0.9851651050403234
2672.0,29.345143244251698,0.9864820041157145
2673.0,29.35598761093214,0.9855560003061328
2674.0,29.366790808817093,0.9824044518072697
2675.0,29.3775658205696,0.9802441854762947
2676.0,29.388321416879553,0.9787628790709277
2677.0,29.39906372657539,0.9799070119397584
2678.0,29.409844277035607,0.9826806907576611
2679.0,29.42064736055996,0.9831166317453608
2680.0,29.431437354944034,0.9819663175176174
2681.0,29.442215032411738,0.9831067584282209
2682.0,29.45302992508807,0.9860066042292601
2683.0,29.463871170998967,0.9847837104234713
2684.0,29.474659101972712,0.9820887868690988
2685.0,29.485441016204867,0.9813347719509693
2686.0,29.496212240629905,0.9790702828422582
2687.0,29.506944266603067,0.9749815056065927
2688.0,29.517625508659638,0.9727389585632409
2689.0,29.528308064442133,0.9718331916628813
2690.0,29.53896919790467,0.9692626114983796
2691.0,29.549595067406266,0.969152969814786
2692.0,29.56025353631619,0.9703249278691146
2693.0,29.570904912134417,0.9711250229238431
2694.0,29.58158071446392,0.9719962726412632
2695.0,29.59225100440459,0.9732110915838348
2696.0,29.602953261024965,0.9760195784710959
2697.0,29.613685026381333,0.9781371709059385
2698.0,29.62443360653615,0.9792333159166446
2699.0,29.635189275671394,0.9797537662807372
2700.0,29.645949122118108,0.9796477636282361
2701.0,29.656702303700197,0.9786522252452414
2702.0,29.667440123880795,0.9776700203638029
2703.0,29.678171561194976,0.9755827915050759
2704.0,29.688863367652633,0.9730712188793404
2705.0,29.699539444843552,0.971513809854514
2706.0,29.71019683382695,0.9695615965511024
2707.0,29.720829811633102,0.9670886963094745
2708.0,29.731432651390172,0.9652364718594981
2709.0,29.742024688564175,0.9629019915164463
2710.0,29.752575992536155,0.9607128924444623
2711.0,29.763119657946447,0.960197570913806
2712.0,29.773659338387414,0.9614064083389167
2713.0,29.784229234884233,0.9641040648612034
2714.0,29.7948278573555,0.9672058968135389
2715.0,29.805465589030803,0.970847100870742
2716.0,29.81614391575946,0.9728229453739914
2717.0,29.826824815043867,0.9730170892580645
2718.0,29.837507191622628,0.9730544285985161
2719.0,29.848188699178912,0.9727821965916519
2720.0,29.858864886846128,0.9725363582874706
2721.0,29.869540781341176,0.9708113454007616
2722.0,29.880178881437786,0.9699483656904704
2723.0,29.890835586933697,0.971382751159581
2724.0,29.901504949703202,0.9722566362470388
2725.0,29.912180621111936,0.9702434225955585
2726.0,29.92280557155713,0.9670914804755739
2727.0,29.933411795483376,0.9668834315998538
2728.0,29.94403191530947,0.9683510582972303
2729.0,29.95467010540138,0.9687796290236292
2730.0,29.96529939376325,0.969381601027635
2731.0,29.97595055198415,0.9715121447070487
2732.0,29.98662637997818,0.974300187854169
2733.0,29.997338528019515,0.977375737174043
2734.0,30.0080816822251,0.980355840933953
2735.0,30.018859082392886,0.9822234963894516
2736.0,30.02964309259294,0.9836987605667673
2737.0,30.040452739185202,0.9853355230097804
2738.0,30.05127255926888,0.9878144947369947
2739.0,30.06213651008242,0.9911028481028552
2740.0,30.073028432942866,0.9917067994729223
2741.0,30.08390558077175,0.9904483372047252
2742.0,30.09476980786224,0.9883211738697355
2743.0,30.105600182105828,0.9865179396256281
2744.0,30.116424721978735,0.9842275945584333
2745.0,30.127204713171544,0.9819193226521747
2746.0,30.137978444757145,0.9801944617865956
2747.0,30.148720430496965,0.9775162264913888
2748.0,30.159435207588317,0.977456535496458
2749.0,30.170175697436335,0.9781504564462011
2750.0,30.18090553953408,0.9771382632507084
2751.0,30.191623637633185,0.974186394057142
2752.0,30.20228850548476,0.9717389493052906
2753.0,30.21295266388767,0.9707769413180358
2754.0,30.22359619752569,0.9713128154362494
2755.0,30.23427188383791,0.9743910402003166
2756.0,30.244982769718522,0.9766060122083218
2757.0,30.255706885196233,0.9788020902988137
2758.0,30.266465793865862,0.9797816598511417
2759.0,30.27721125665515,0.980631968205671
2760.0,30.287988665173668,0.9814932415029034
2761.0,30.29875289166034,0.9809264811847243
2762.0,30.309517711942657,0.9798608756054819
2763.0,30.3202584027537,0.9754908376426101
2764.0,30.33092714745735,0.9738600624186802
2765.0,30.341631831227847,0.9724072380904545
2766.0,30.352268502512132,0.9690074531681603
2767.0,30.36289833486061,0.9676771412077869
2768.0,30.373505570126145,0.9660663838312757
2769.0,30.384099796516196,0.9643732689473836
2770.0,30.39466961064671,0.9650619314625146
2771.0,30.4052786686431,0.9666007651703694
2772.0,30.41588200021139,0.965838260860437
2773.0,30.42647406747882,0.9666677368541059
2774.0,30.43709533620879,0.9693218527318095
2775.0,30.44774540217222,0.9708443188492311
2776.0,30.458399855559517,0.9718908977047249
2777.0,30.4690726653835,0.9760562503806796
2778.0,30.479818312859496,0.9790426330609989
2779.0,30.4905564966775,0.9766191357684875
2780.0,30.50124879971487,0.975525138453122
2781.0,30.511962780640108,0.9777845701200931
2782.0,30.522704481927548,0.9805507883584141
2783.0,30.53347900036368,0.9793052360355432
2784.0,30.544193232553496,0.9746407408756568
2785.0,30.554865218519375,0.9718967385142605
2786.0,30.565519030847142,0.970565055528823
2787.0,30.576161575201976,0.9704302901518531
2788.0,30.586812201458812,0.9717463305651108
2789.0,30.597483398908448,0.9725149848818546
2790.0,30.608150682043618,0.9722747485775471
2791.0,30.618816396791757,0.9719455751837813
2792.0,30.62947624507722,0.9713762621931892
2793.0,30.640129252280996,0.9715266964840339
2794.0,30.65079218022093,0.974866797490904
2795.0,30.661518256457743,0.978493110567797
2796.0,30.672260576794812,0.9809230259361357
2797.0,30.68303980604072,0.9816748801295034
2798.0,30.69379848857397,0.9803825699109439
2799.0,30.704549216428642,0.9798822684233528
2800.0,30.715296768946573,0.9784281057445696
2801.0,30.726015437828462,0.9769462963022306
2802.0,30.736730304855136,0.9758026347954001
2803.0,30.74742370527372,0.9754758361368658
2804.0,30.758131210092262,0.9764395678103028
2805.0,30.768845571378524,0.9768263683081386
2806.0,30.779561384547712,0.9755271190033454
2807.0,30.79024706619333,0.974211206000291
2808.0,30.800933813282438,0.9719864942990171
2809.0,30.81157049382604,0.9700943406724036
2810.0,30.822215500755917,0.9734935799742743
2811.0,30.83292652802635,0.9767395382996256
2812.0,30.84364256470274,0.9734958266890317
2813.0,30.854282259423332,0.969558966961813
2814.0,30.864911705269968,0.9712180923661435
2815.0,30.875587561496292,0.9724837473668231
2816.0,30.886244570186218,0.9721131172518653
2817.0,30.89691208092777,0.9721600946422768
2818.0,30.907569912837292,0.9717501780660314
2819.0,30.918228217603765,0.9705050042075527
2820.0,30.92885852272506,0.9692730658262008
2821.0,30.939489571879996,0.968030232489582
2822.0,30.95009238430146,0.9660019459579416
2823.0,30.960678692908484,0.9660100065857478
2824.0,30.97128142090708,0.968422050657864
2825.0,30.98192038647188,0.97093335522095
2826.0,30.9925779728778,0.9726070519782297
2827.0,31.003253436483835,0.9740964301945496
2828.0,31.013943489908847,0.9739649625862512
2829.0,31.024615879592922,0.9696765244516428
2830.0,31.03521167151211,0.9648487454605856
2831.0,31.04577791887629,0.9643486196637241
2832.0,31.056362468245997,0.9653447123355363
2833.0,31.066950302531882,0.9635384210459961
2834.0,31.077494978693615,0.9618062684121469
2835.0,31.088044536410283,0.9606023044298126
2836.0,31.09856252568919,0.959832776589792
2837.0,31.1090949026662,0.9618280141903597
2838.0,31.11965635610187,0.9628251717122112
2839.0,31.130210328060937,0.9633812587617285
2840.0,31.14078369733278,0.9653294894878854
2841.0,31.151380128377177,0.9673856635135962
2842.0,31.16199833879608,0.969792979291924
2843.0,31.17264732525442,0.9710621206977521
2844.0,31.183293152079322,0.9727586986673487
2845.0,31.19397912492812,0.9759945218720532
2846.0,31.204695719663246,0.9761008155574018
2847.0,31.215383853877892,0.9739941769012148
2848.0,31.22605406342994,0.9716869400863288
2849.0,31.236691402617918,0.969342459417021
2850.0,31.24730997889062,0.9674372061135728
2851.0,31.257905304836832,0.9639094312133238
2852.0,31.26844627543561,0.960604575099751
2853.0,31.27896884826825,0.9587747493151255
2854.0,31.28946939916048,0.9589296482563441
2855.0,31.299995056672334,0.9605586593834232
2856.0,31.310531032161684,0.9627188709673646
2857.0,31.321103767050968,0.9662256221945427
2858.0,31.33171636805345,0.9676539567544751
2859.0,31.342320183759337,0.9702033971780111
2860.0,31.352988438410247,0.9733672762213246
2861.0,31.363661423556785,0.975845610104443
2862.0,31.374383818161785,0.9792618396313628
2863.0,31.385131539954315,0.9802048293495318
2864.0,31.39587446263587,0.9804721215659811
2865.0,31.406627894390017,0.9820271765811412
2866.0,31.417404767639177,0.9832553620781255
2867.0,31.428184999541713,0.9810168485528266
2868.0,31.43891267103245,0.9784716570738965
2869.0,31.44963694168068,0.9786764761174709
2870.0,31.46036894136187,0.9777607035211986
2871.0,31.47107297847045,0.9769646409258712
2872.0,31.481787349865286,0.9761516118142026
2873.0,31.492473394777026,0.9742553334162949
2874.0,31.503146006569374,0.9713478705862144
2875.0,31.51376811609255,0.9681992950136191
2876.0,31.524371473275263,0.9686359289435131
2877.0,31.53500291332759,0.970615550232651
2878.0,31.545649446163402,0.971945806214535
2879.0,31.556309835847053,0.9726946036744266
2880.0,31.566972580774717,0.9717218893620156
2881.0,31.577611445980153,0.9707940638618311
2882.0,31.588253634374876,0.9714363758166655
2883.0,31.598906365130063,0.9742233604956709
2884.0,31.60960943882393,0.9767271963846724
2885.0,31.62031688189072,0.9760420666334539
2886.0,31.631004766162153,0.9760176572781347
2887.0,31.64171148962283,0.9768685328317588
2888.0,31.652417854002067,0.9775126041040494
2889.0,31.663138523732975,0.9787352450221078
2890.0,31.673871526222687,0.9782973641886201
2891.0,31.684582444342123,0.9761094831910668
2892.0,31.6952673212555,0.9743838717677136
2893.0,31.705940229582428,0.9721903638519507
2894.0,31.716576833933686,0.9671640143969853
2895.0,31.727139353983667,0.9640786845793627
2896.0,31.737708066184407,0.9661326497462142
2897.0,31.748315345252347,0.968865689271297
2898.0,31.758943725914843,0.9695190122238273
2899.0,31.76956510361993,0.9698266965033326
2900.0,31.780200002001166,0.9694361404472147
2901.0,31.790812603475707,0.9706987904646667
2902.0,31.80147494349046,0.9716537746571703
2903.0,31.81210827790437,0.9707492194047518
2904.0,31.822750575019302,0.9719208858450656
2905.0,31.833409376880503,0.9730185972321124
2906.0,31.84407553147603,0.9758728542592507
2907.0,31.85479669156094,0.9793181151871977
2908.0,31.865538193503905,0.9816794532989661
2909.0,31.87631095829917,0.9842497269128216
2910.0,31.887108664572096,0.987403687890037
2911.0,31.897950441750435,0.989547907497581
2912.0,31.908795061071313,0.9903917326109877
2913.0,31.919655254083587,0.9911769464451936
2914.0,31.930517015362252,0.9917184056221231
2915.0,31.941389009325793,0.9913446464779554
2916.0,31.95224252142111,0.9892788780243791
2917.0,31.963069173099786,0.9861625542007459
2918.0,31.97385430217626,0.9831820550971315
2919.0,31.98461551990805,0.9806606084985106
2920.0,31.995345259924914,0.9784508977409132
2921.0,32.006057899695726,0.9765370047944089
2922.0,32.016745533956836,0.9735488474034355
2923.0,32.02739251041795,0.9721135955833233
2924.0,32.03804848543202,0.9714644898749611
2925.0,32.04868103762657,0.9709419006703683
2926.0,32.05932534500568,0.9719362805581113
2927.0,32.06997948008121,0.9735211962251924
2928.0,32.080658316973256,0.9738271203705153
2929.0,32.091318971448274,0.9729040403517502
2930.0,32.10197738418627,0.9733809752342495
2931.0,32.112648291518006,0.9735275238090253
2932.0,32.12330972612744,0.9734962113516303
2933.0,32.13397975141967,0.9738084824784892
2934.0,32.144647838707144,0.9754065896659085
2935.0,32.155352689992576,0.9772505374048706
2936.0,32.16606101463246,0.9782566717649388
2937.0,32.17678774694389,0.9796716173350433
2938.0,32.18752692241462,0.9819701706346677
2939.0,32.1983038742239,0.9848702449744451
2940.0,32.20910647412561,0.9877376158383413
2941.0,32.21994615028993,0.9895332782198238
2942.0,32.23078801709262,0.9923314581192244
2943.0,32.24168892707277,0.9963441651334506
2944.0,32.25261867872095,0.9946658273820503
2945.0,32.26348279787551,0.992812701368166
2946.0,32.27437188444371,0.9959661312395838
2947.0,32.28530505260565,0.9985759976598274
2948.0,32.29625130805701,0.9984680901970933
2949.0,32.307182105778566,0.9979291684985583
2950.0,32.31811653652282,0.9995351330071571
2951.0,32.32908250774725,1.0025657655769464
2952.0,32.34008334872065,1.0032629821653245
2953.0,32.35106462727975,1.0016106427192426
2954.0,32.36202928208985,0.9992361622898898
2955.0,32.37295854058898,0.9993680830502853
2956.0,32.38392606822025,1.0008387844818571
2957.0,32.394887558992075,1.0028926795948792
2958.0,32.40590009301649,1.007081073224981
2959.0,32.41695339319379,1.0093148700816528
2960.0,32.428014937987754,1.0086906303713477
2961.0,32.43905463287557,1.0083315234824113
2962.0,32.45010836685064,1.0102448576444658
2963.0,32.46119005167658,1.0130961510039924
2964.0,32.47230634654458,1.0164471876687458
2965.0,32.48346156636788,1.0203871949979657
2966.0,32.494664328806174,1.0237804927728575
2967.0,32.50589407059185,1.024330888309123
2968.0,32.51710908185866,1.0242264559192336
2969.0,32.528336714479,1.0260266615277942
2970.0,32.53959135943258,1.0312242419386166
2971.0,32.550933089409035,1.034051856093356
2972.0,32.562249960800685,1.032327036166862
2973.0,32.57355414645214,1.0331936577194938
2974.0,32.58489025011166,1.0349404727512592
2975.0,32.59623297752946,1.0330144165091042
2976.0,32.607527142727285,1.0303616021819835
2977.0,32.618811971983696,1.029993570696206
2978.0,32.63009829933953,1.0331425346957985
2979.0,32.64145236390069,1.036534347142151
2980.0,32.65281329538942,1.0374217298949588
2981.0,32.664187087571776,1.0380725330360292
2982.0,32.67556257109268,1.0370330392943288
2983.0,32.68691387327982,1.0365742973226588
2984.0,32.69827957747435,1.0391814810100186
2985.0,32.70968830184134,1.0402492047733176
2986.0,32.72107771940272,1.0408953807936996
2987.0,32.732500906874904,1.043313694034623
2988.0,32.74394364965355,1.0442646267720193
2989.0,32.755388016713916,1.0439304315605114
2990.0,32.76682377419599,1.04191914274179
2991.0,32.77822439141073,1.0401770289181513
2992.0,32.78962227367986,1.0398482028240323
2993.0,32.80101598879194,1.0384771685166925
2994.0,32.812384121785534,1.034889928312623
2995.0,32.82369949240415,1.0312992800099892
2996.0,32.83498916835035,1.0328888952590205
2997.0,32.846339610338134,1.036335525947834
2998.0,32.85770510354171,1.036904313591549
2999.0,32.869068293519604,1.034967361294548
3000.0,32.880391607149036,1.0340389773600691
3001.0,32.89173469807049,1.0337926630554648
3002.0,32.9030528757678,1.0324026859416335
3003.0,32.91436574407775,1.032741305439231
3004.0,32.92569158721419,1.0337404148767746
3005.0,32.937026608401105,1.0325804576550581
3006.0,32.94832728067689,1.0299867199964865
3007.0,32.95960567639268,1.0291684586436531
3008.0,32.97088862861079,1.0287068607131005
3009.0,32.98215712526877,1.028376224557178
3010.0,32.993433039583735,1.0276668305086787
3011.0,33.00468619930625,1.0260310592002497
3012.0,33.015926452373165,1.024575293822636
3013.0,33.027147887419424,1.0249593951120914
3014.0,33.038396738365066,1.0264354966184328
3015.0,33.04965072963198,1.027412933704909
3016.0,33.06092120856214,1.0310174590294992
3017.0,33.07225443515599,1.0354566806763614
3018.0,33.08362249288006,1.034986989357094
3019.0,33.09494569959129,1.0337171917508385
3020.0,33.10628616601567,1.0352337075892137
3021.0,33.11764288080635,1.0323874554969734
3022.0,33.12892121253991,1.0279700437913561
3023.0,33.14018129133981,1.024973585565931
3024.0,33.15139412675649,1.0207880685748023
3025.0,33.16256260556388,1.0166600064358136
3026.0,33.17368506938004,1.0141578079628744
3027.0,33.18479879304651,1.0172427060006157
3028.0,33.195988997474295,1.0210481173826338
3029.0,33.20718631096713,1.0185438478192737
3030.0,33.21832176388895,1.0156116758798817
3031.0,33.22945490199591,1.0132466826171367
3032.0,33.24053861285554,1.009613252462259
3033.0,33.251592163309624,1.0067239594700368
3034.0,33.262612582130764,1.006837509831712
3035.0,33.27366866043579,1.0093578271043953
3036.0,33.28474440287874,1.0094475332844013
3037.0,33.29580252278388,1.0075013326049884
3038.0,33.30683565431996,1.0050003805681627
3039.0,33.31783898258012,1.0059735886015915
3040.0,33.32889348004876,1.0077424776018233
3041.0,33.33993565471096,1.0086579377475573
3042.0,33.351010277731945,1.0103123903381857
3043.0,33.362088803249804,1.0090806508169408
3044.0,33.373136494055736,1.0079716728905623
3045.0,33.38419075873132,1.0066555299827087
3046.0,33.39520965012761,1.006842809929367
3047.0,33.40626805804406,1.009431528582354
3048.0,33.4173437756976,1.0091106020972802
3049.0,33.42839522063059,1.0072034371523841
3050.0,33.43942917713895,1.0051059568759229
3051.0,33.45043467596485,1.003664928964099
3052.0,33.46143706185542,1.0052940938858228
3053.0,33.47247830974654,1.0087324858995999
3054.0,33.48355614237224,1.0111414289176537
3055.0,33.494650288061536,1.0117336002940647
3056.0,33.50574119186504,1.0115970596525585
3057.0,33.51683242763351,1.0142588281541975
3058.0,33.5279817830243,1.0160895559638448
3059.0,33.53911328569012,1.0170405112403387
3060.0,33.55028360534702,1.0203516290494008
3061.0,33.56148785226795,1.0223666212878015
3062.0,33.57270251749544,1.022432982303144
3063.0,33.583908386719905,1.0239686046761562
3064.0,33.59515688792051,1.0246604956655574
3065.0,33.60637811893707,1.0243366158938443
3066.0,33.61761968979107,1.0248520282484606
3067.0,33.62885240830304,1.0237238709669327
3068.0,33.640069418361115,1.024970207295155
3069.0,33.651329637409006,1.0265075264205734
3070.0,33.66258055749864,1.0288561393508644
3071.0,33.67389247358772,1.0304679673490682
3072.0,33.68517897307854,1.0273873076321252
3073.0,33.69642354438231,1.0222052598492155
3074.0,33.70759658490858,1.0194365087263577
3075.0,33.718780574098815,1.0180547589661728
3076.0,33.729923456224064,1.0163598965382334
3077.0,33.74107039304367,1.0192026915774477
3078.0,33.752275741118446,1.0240903864887514
3079.0,33.76353003026442,1.025107188617767
3080.0,33.774757869731,1.0221312903677244
3081.0,33.785947066888866,1.0202358162305245
3082.0,33.797133483649915,1.0198547629988752
3083.0,33.80831446954466,1.0185027230463675
3084.0,33.819471375388154,1.0164021694308758
3085.0,33.8306064175897,1.016734227258894
3086.0,33.8417707178245,1.0212355497033059
3087.0,33.853004615935426,1.0255174896883545
3088.0,33.86426300717231,1.0275407549906959
3089.0,33.875541475155885,1.0267122916384324
3090.0,33.8867819027976,1.0233227610942777
3091.0,33.89798620964479,1.0232154808290943
3092.0,33.90922444219436,1.028203547078192
3093.0,33.92053833506455,1.0328555452479122
3094.0,33.931878833744896,1.0342635055467326
3095.0,33.943223858017035,1.0335467811082708
3096.0,33.954548888285544,1.0325543798699073
3097.0,33.965872383937594,1.0325735252999948
3098.0,33.97719807175466,1.0323160469006325
3099.0,33.988516158407855,1.032963274863505
3100.0,33.99985627717602,1.03256960181443
3101.0,34.01116597617648,1.031260072230907
3102.0,34.02247759771209,1.031325028039646
3103.0,34.03378895015323,1.0301806027873681
3104.0,34.04507569556905,1.0255212900310653
3105.0,34.05628505127614,1.0227335080217017
3106.0,34.0675108028494,1.023004692624454
3107.0,34.078726276829705,1.022140263195979
3108.0,34.08993322842882,1.0199119148510363
3109.0,34.10109997609831,1.0202591782926902
3110.0,34.11231467629861,1.0237855011891952
3111.0,34.12355894298848,1.0236082232959234
3112.0,34.13476993514436,1.0200968658391503
3113.0,34.145937330762514,1.01803473614018
3114.0,34.157103215116045,1.0191994314945987
3115.0,34.168296290574595,1.0210225220580469
3116.0,34.17950231635261,1.0236700730583834
3117.0,34.19075362956975,1.026095499625626
3118.0,34.20201305008209,1.0243706014507552
3119.0,34.213226712383076,1.0229515438659291
3120.0,34.2244551618111,1.0243789360374649
3121.0,34.2357003092762,1.0262817765442378
3122.0,34.246970686097896,1.0295818683107427
3123.0,34.258288432751385,1.0327781503665392
3124.0,34.26962916327871,1.0360390066880427
3125.0,34.28101869742095,1.0370812541050327
3126.0,34.29238257215093,1.035544226424463
3127.0,34.303738645355196,1.0342403765998824
3128.0,34.315074168698,1.032063146199107
3129.0,34.32638271374111,1.0307394959045268
3130.0,34.337689418532875,1.029617088384839
3131.0,34.348973558116775,1.0307388366591113
3132.0,34.360305082381075,1.0328813497708325
3133.0,34.37163646888853,1.0333908353586594
3134.0,34.382979410050766,1.0323695449988008
3135.0,34.394288632413,1.0330448678878383
3136.0,34.405646615244294,1.0368484681685004
3137.0,34.4170395524445,1.0381914682157003
3138.0,34.42842728256994,1.0393544899798144
3139.0,34.43984601583735,1.0422234065999874
3140.0,34.451296995402274,1.0459834302055242
3141.0,34.46279855528872,1.0516872624539246
3142.0,34.47437505218088,1.0561482733019147
3143.0,34.485974909395566,1.0606725944180653
3144.0,34.49765111374768,1.0652115005796077
3145.0,34.50935105153143,1.0649839676989359
3146.0,34.52102275421999,1.0601641315643064
3147.0,34.53261738830768,1.0568766388096265
3148.0,34.544217362868004,1.0577053340621205
3149.0,34.5558306051494,1.0570417818298665
3150.0,34.56741644571009,1.0557039295290451
3151.0,34.579000736764826,1.0550913471379317
3152.0,34.59057354130908,1.0558916024956488
3153.0,34.60217579825773,1.0578346582788072
3154.0,34.61379167081459,1.0591199653772492
3155.0,34.62542256949392,1.0595762187313085
3156.0,34.63704889689447,1.0613878557105636
3157.0,34.64871999939805,1.0651071012925968
3158.0,34.66042843372811,1.0671365599937417
3159.0,34.67214457861178,1.0645530054189294
3160.0,34.683796799418076,1.0597290384057487
3161.0,34.695407506048284,1.0582459146498877
3162.0,34.707027595674795,1.055868738892059
3163.0,34.71858654697954,1.0492142916791636
3164.0,34.73006094065012,1.04572568641197
3165.0,34.741543637356266,1.048345203405006
3166.0,34.75307587385484,1.0529687843418287
3167.0,34.76466044430854,1.0545794743529768
3168.0,34.77622844527783,1.0551700071464438
3169.0,34.787826374867485,1.0543578526303463
3170.0,34.799376956852974,1.0516216260848523
3171.0,34.810915193182296,1.05163095597527
3172.0,34.82246635219957,1.0529546348552685
3173.0,34.834034031608795,1.0537362048089562
3174.0,34.845602742246925,1.0526751134248116
3175.0,34.85714751500723,1.0513112486878526
3176.0,34.868686654751464,1.0553509483688686
3177.0,34.88032050248405,1.061587760194925
3178.0,34.89199702465316,1.0631261887401706
3179.0,34.903665118912485,1.0612620182764658
3180.0,34.91530116624844,1.0592693968901585
3181.0,34.92692594258175,1.0585810851380302
3182.0,34.938547304585526,1.0574342850031826
3183.0,34.950147323559875,1.0566907763441122
3184.0,34.96175277013636,1.057911896882615
3185.0,34.973380021288236,1.0576902676784812
3186.0,34.984981029401766,1.0539596061125849
3187.0,34.99652676033277,1.0506510224167869
3188.0,35.00805547945343,1.0503079516784055
3189.0,35.01959403715645,1.052332782654048
3190.0,35.03116759467539,1.0551741770304943
3191.0,35.04276894885989,1.055249123163776
3192.0,35.05434456143079,1.0542247956082065
3193.0,35.06592381057205,1.054551265416194
3194.0,35.077506988238206,1.054757635878559
3195.0,35.08909116707436,1.055753740718501
3196.0,35.10069662192438,1.0554618802907498
3197.0,35.112274800655314,1.0514521138566124
3198.0,35.12379257060954,1.048902269068094
3199.0,35.135315091968344,1.0534831669638152
3200.0,35.14693384322788,1.0608575558599114
3201.0,35.158618774659075,1.066109375538872
3202.0,35.170353358818176,1.0702699649118586
3203.0,35.182130188956734,1.073014661526031
3204.0,35.19392559868295,1.0734065457527322
3205.0,35.205711580786144,1.0724463291508073
3206.0,35.21748643219053,1.0715889773673553
3207.0,35.22925410727668,1.070120436785146
3208.0,35.24099721727491,1.0647933202026252
3209.0,35.252648356285576,1.059509442749004
3210.0,35.264275816882574,1.057794359619038
3211.0,35.27588969686116,1.0560499339844682
3212.0,35.28747924277244,1.0572022011401714
3213.0,35.29911883890421,1.0614204507728573
3214.0,35.3108015010424,1.0635057978488476
3215.0,35.32248737790972,1.063584052333681
3216.0,35.33417222215449,1.066596574990399
3217.0,35.345924759303024,1.0686648417977267
3218.0,35.3576555583667,1.0679969540451566
3219.0,35.36939391321751,1.0684540901220316
3220.0,35.38113525619002,1.0711069965773277
3221.0,35.39293241225771,1.0750090227165856
3222.0,35.40476004524556,1.0794477002455096
3223.0,35.41665531072984,1.0835993665568822
3224.0,35.42857479312793,1.084622641605165
3225.0,35.44049317318191,1.0828589761267722
3226.0,35.45237451688425,1.0814096802369022
3227.0,35.46426164259741,1.0802374691447767
3228.0,35.476117822086195,1.0786186264567732
3229.0,35.48796994573379,1.0793894412126974
3230.0,35.499843644848376,1.0810438004964453
3231.0,35.51173272372534,1.0801905104681282
3232.0,35.523588265892485,1.0764790073944823
3233.0,35.53539633459564,1.0726961574655434
3234.0,35.54716926296903,1.071181874613103
3235.0,35.55894456183333,1.071231511438782
3236.0,35.570719100280755,1.06953127626457
3237.0,35.582457537911125,1.0665460048385285
3238.0,35.5941669389695,1.0657964932106552
3239.0,35.605889371565326,1.063904373954756
3240.0,35.61755765194716,1.0613641431800716
3241.0,35.62922467926882,1.0639093315476202
3242.0,35.64094936216686,1.0635463294347574
3243.0,35.652608885782286,1.0586658859319868
3244.0,35.66422669766434,1.0581349511212466
3245.0,35.675874955831446,1.0591184695240372
3246.0,35.687514819571554,1.057935866427215
3247.0,35.69913749518739,1.0559239022468319
3248.0,35.71073352717159,1.0548471287438588
3249.0,35.7223329168514,1.054148937831087
3250.0,35.73391398809467,1.0514096274555413
3251.0,35.745453519985176,1.04850183097642
3252.0,35.756971000028585,1.0449606748788938
3253.0,35.76843299555196,1.040324909001356
3254.0,35.77984883024377,1.0355879087555877
3255.0,35.791206921658876,1.033108478682152
3256.0,35.8025684611928,1.0327956134578926
3257.0,35.81391990413518,1.033984944997428
3258.0,35.82530782539358,1.0383662664817166
3259.0,35.836755872374226,1.0419083643719205
3260.0,35.84822198068493,1.0426846610844223
3261.0,35.859687400683804,1.0398513581894804
3262.0,35.87109149519018,1.0364831163833514
3263.0,35.882483096852,1.0354833243764006
3264.0,35.893865453325475,1.0339405744143733
3265.0,35.905223368560904,1.031834330467973
3266.0,35.91655962897662,1.0302559775691407
3267.0,35.927883044028555,1.0309887321900533
3268.0,35.93923562715401,1.0331952196429484
3269.0,35.950607797242846,1.0327163627289337
3270.0,35.96195008442738,1.030880245564731
3271.0,35.97328208700201,1.0288732975532184
3272.0,35.98458044141987,1.0264618482915466
3273.0,35.99585959230745,1.0260832788853804
3274.0,36.00714979660784,1.0292702282422397
3275.0,36.01849923075491,1.0339249242460937
3276.0,36.02989204076265,1.0359925519587705
3277.0,36.041287203784286,1.0343178936491313
3278.0,36.05264342774802,1.0318879486776495
3279.0,36.06398536609284,1.0302794996796365
3280.0,36.07530642528683,1.0297896093270538
3281.0,36.08663779038873,1.0291104174084467
3282.0,36.09794411775692,1.0270232703178408
3283.0,36.1092297637732,1.0274581597059296
3284.0,36.120545837624455,1.028752403539329
3285.0,36.1318601525094,1.030691102297169
3286.0,36.14321907198328,1.0314054493774165
3287.0,36.15454932636181,1.0315671745138388
3288.0,36.16591201192063,1.0325787408428369
3289.0,36.17726474710674,1.032636788160744
3290.0,36.18862893173803,1.0320001006220991
3291.0,36.19996788891567,1.0325788538584675
3292.0,36.211345019221675,1.0358544169994275
3293.0,36.22275627425788,1.0389550262207194
3294.0,36.23420187639711,1.040181531530834
3295.0,36.245640395347195,1.0389135358000203
3296.0,36.2570583777608,1.040022919420153
3297.0,36.26852156803125,1.0433983900093153
3298.0,36.280014105769006,1.0462853600829476
3299.0,36.29154112436305,1.0449387030066646
3300.0,36.30300436612136,1.0399106241084155
3301.0,36.314421051013554,1.0375016340494767
3302.0,36.32583155245324,1.0370997491063463
3303.0,36.337239652298635,1.0384244302649677
3304.0,36.34867955606846,1.0388558796576035
3305.0,36.36009742410392,1.0380195223206101
3306.0,36.3715191875421,1.0384589406794476
3307.0,36.382946988156384,1.037846656482543
3308.0,36.39435554647594,1.0373894489630402
3309.0,36.405773542327516,1.036740380422998
3310.0,36.41716807899828,1.0355340838732445
3311.0,36.4285597771986,1.0379141654875639
3312.0,36.44000693085502,1.0419318346548607
3313.0,36.45148731581385,1.043097526393467
3314.0,36.462960420784796,1.0427370994921148
3315.0,36.474433170704415,1.0438109524511674
3316.0,36.48593020258414,1.0433643420810768
3317.0,36.497393434758145,1.04280188469329
3318.0,36.50887837930893,1.0425846052085035
3319.0,36.52033713214656,1.0393056371203784
3320.0,36.53175020294787,1.0376549959983095
3321.0,36.5431728871276,1.0361345453029571
3322.0,36.55455275821894,1.0301305027087437
3323.0,36.565843542424886,1.0264722576130225
3324.0,36.57714308266836,1.025512825441183
3325.0,36.58841293409475,1.0233964364306303
3326.0,36.599666060834906,1.023008527280581
3327.0,36.610927528537495,1.0276788856144776
3328.0,36.622283601259646,1.034100878737263
3329.0,36.63368662495159,1.0354152378522485
3330.0,36.64507187222013,1.035186951848118
3331.0,36.65647010871061,1.0357148720177065
3332.0,36.667867219686556,1.0359778657148127
3333.0,36.67927148862018,1.0381151879309982
3334.0,36.690715890287194,1.0398982901861018
3335.0,36.70215967859204,1.0402816774694656
3336.0,36.713612792476155,1.0431423943982736
3337.0,36.7251198267285,1.044565606379365
3338.0,36.73660457943262,1.0441267672649701
3339.0,36.74810225479162,1.0444244994150722
3340.0,36.75959386852493,1.045503372954954
3341.0,36.771115596129754,1.0459932672629293
3342.0,36.782618315622955,1.041949643159569
3343.0,36.79405134390987,1.0403706610068184
3344.0,36.80551957329776,1.039047437597219
3345.0,36.81692375989538,1.0335458451700106
3346.0,36.828271129417786,1.0304579900011959
3347.0,36.839607553116096,1.0291747947057956
3348.0,36.85092687801267,1.028671394011326
3349.0,36.86225241237184,1.030789898646617
3350.0,36.87361856988184,1.0311078158856617
3351.0,36.8849513232788,1.028722638502586
3352.0,36.89626517337799,1.0294454410677645
3353.0,36.90761402761827,1.02909936148626
3354.0,36.91892046797706,1.0268159914030548
3355.0,36.93021923799585,1.0247254952328149
3356.0,36.94147983412385,1.0211088959886183
3357.0,36.952699138616566,1.0174966805307122
3358.0,36.963880339555296,1.0113954031530739
3359.0,36.97496542694537,1.0072162910228144
3360.0,36.98605466974222,1.0057202149200748
3361.0,36.997106869053916,1.0058149041269644
3362.0,37.0081982232139,1.0075892559889326
3363.0,37.01928953586468,1.0099731357076962
3364.0,37.03043342285154,1.0105434073648212
3365.0,37.041537371863996,1.0041945040675273
3366.0,37.05254154055699,1.0004681632390202
3367.0,37.0635634492153,0.9996097589837518
3368.0,37.074548727806096,0.9986131322539222
3369.0,37.085548681532764,1.0001686065488684
3370.0,37.09656820037921,1.0014096691793384
3371.0,37.10759548396238,1.0028630564484047
3372.0,37.118647011804704,1.0025068303148146
3373.0,37.12966647869538,1.000216709835513
3374.0,37.14066759457409,0.9987165722159261
3375.0,37.15165403070485,0.9964257648880448
3376.0,37.162604699966806,0.99503839512181
3377.0,37.17356055826944,0.9960655833492638
3378.0,37.18453381116048,0.996846081714466
3379.0,37.195506832296786,0.9968224943577297
3380.0,37.20647954534317,0.9990936159410921
3381.0,37.21750254600273,0.999845323858608
3382.0,37.22849181738631,0.9975295603881023
3383.0,37.23946382400344,0.9961907487850112
3384.0,37.250423599459346,0.9954189778436557
3385.0,37.261378586767655,0.9965370963354871
3386.0,37.27236294715405,0.9955355319980299
3387.0,37.283295870756206,0.993670250141804
3388.0,37.294239121883756,0.9955016292233267
3389.0,37.305212326329716,0.9973715783498847
3390.0,37.31619672500283,0.9968795262793719
3391.0,37.327159082996246,0.9952238801606654
3392.0,37.33810700523571,0.996682524994867
3393.0,37.34910144071628,0.9993331262403444
3394.0,37.36010770921534,1.0023658950449317
3395.0,37.37116891146852,1.0074125158334937
3396.0,37.382286315104544,1.0114257666837148
3397.0,37.39343593607062,1.0139817051467617
3398.0,37.40460969461158,1.0144687391593834
3399.0,37.41577013685405,1.0126565461514474
3400.0,37.4269040896593,1.0113610827829689
3401.0,37.43803608639986,1.010740286431428
3402.0,37.44915644558339,1.0102764151342853
3403.0,37.46027829658541,1.010933372915133
3404.0,37.47141318701974,1.0127815788691805
3405.0,37.482575803741724,1.0107689871474577
3406.0,37.493666476175335,1.0077751907019774
3407.0,37.50476322999097,1.006400991681403
3408.0,37.51582370000151,1.006717336879774
3409.0,37.526927449631714,1.0092211082464928
3410.0,37.53804310003648,1.011433521469371
3411.0,37.54919562284354,1.0150988991263148
3412.0,37.56039205779831,1.0174822870540083
3413.0,37.571597166618155,1.0198619583770778
3414.0,37.582846111762436,1.0250495289265018
3415.0,37.594165578786495,1.0293399989759564
3416.0,37.60550917395575,1.0316843607752162
3417.0,37.61688045941514,1.0333435640413882
3418.0,37.62826080489133,1.0324659374900875
3419.0,37.639612991358916,1.029943671826004
3420.0,37.650938009211956,1.0290947681714897
3421.0,37.662271695119784,1.029158841750359
3422.0,37.67359831894329,1.0266751234921685
3423.0,37.68487750783651,1.0255423493526905
3424.0,37.69617935200726,1.0266299836848702
3425.0,37.707482664376926,1.0272359059081282
3426.0,37.71879802661319,1.027388447901103
3427.0,37.7301048810896,1.0271593070665404
3428.0,37.74141537614271,1.027656113949888
3429.0,37.75273335037073,1.0253131041790766
3430.0,37.7639924373634,1.0215084137735175
3431.0,37.775226782285685,1.0196312283933366
3432.0,37.78644466745034,1.0164828409369875
3433.0,37.79760980803188,1.0137985873116122
3434.0,37.80876867757342,1.0155169304371157
3435.0,37.81997174457546,1.019618867068857
3436.0,37.83122105439167,1.021792124901367
3437.0,37.842472119287656,1.023152228557592
3438.0,37.85375152282217,1.021825857609656
3439.0,37.864973539575494,1.0203721677871727
3440.0,37.876221057792826,1.01990212014789
3441.0,37.887432863874,1.0200113128494195
3442.0,37.898682906387464,1.0243928211421007
3443.0,37.90999134115367,1.0283405344098355
3444.0,37.921328495202964,1.027533644361938
3445.0,37.932619355215444,1.0256392026221874
3446.0,37.94391495762088,1.025632348324507
3447.0,37.95520583607868,1.0287619228265612
3448.0,37.96657052569866,1.0356127480936266
3449.0,37.97801248677053,1.0374865440917347
3450.0,37.98941869979784,1.0337923133183722
3451.0,38.000779540830116,1.0334261366278952
3452.0,38.0121778996803,1.0360373242529022
3453.0,38.02359647908234,1.034778853014359
3454.0,38.03496736547946,1.0307633874353996
3455.0,38.046297724688195,1.0314100374635018
3456.0,38.057683043746614,1.0349383217208015
3457.0,38.06909133290501,1.0363093651913005
3458.0,38.080507085393464,1.0346371165596793
3459.0,38.09187878534266,1.0313603258537114
3460.0,38.103222582393,1.0308845765302976
3461.0,38.114584001949886,1.0312359244107938
3462.0,38.12593574511911,1.0303182157704214
3463.0,38.1372771538374,1.0318224665952584
3464.0,38.14866222508346,1.036067823762096
3465.0,38.16009736303638,1.0401231825844661
3466.0,38.17157201018342,1.0460009612670547
3467.0,38.183136891636146,1.050591981600519
3468.0,38.19471299530229,1.0507217164922622
3469.0,38.206281075122156,1.0504923727494315
3470.0,38.21785246311041,1.0515015065229818
3471.0,38.22944310964979,1.0528981588122406
3472.0,38.24104561237202,1.053122276234717
3473.0,38.252641552503384,1.0528607349124286
3474.0,38.26423864680644,1.0537310722575057
3475.0,38.275854113055374,1.0551722669151786
3476.0,38.287483320243794,1.0562436967084068
3477.0,38.299122762752035,1.0582707806379403
3478.0,38.31079700647994,1.0576491616466228
3479.0,38.322423154306755,1.0571014811084751
3480.0,38.334085705117374,1.059292728537912
3481.0,38.34576052130055,1.0581707707233363
3482.0,38.35739875416339,1.0521776031273475
3483.0,38.36894190749863,1.0471679295051217
3484.0,38.38047008639017,1.0430028629707522
3485.0,38.391921780352774,1.037212033616015
3486.0,38.40332263290173,1.0341749695180624
3487.0,38.414707640778815,1.0347759933310954
3488.0,38.426121954809865,1.0379260660392902
3489.0,38.43757660542121,1.0385364514795583
3490.0,38.4490046282839,1.036790713852497
3491.0,38.46042105855629,1.0360699005459537
3492.0,38.47183343637731,1.0346895753136778
3493.0,38.48321968657829,1.0315455863883471
3494.0,38.494563006788056,1.030364560147973
3495.0,38.50592342654554,1.0290544222025346
3496.0,38.51723807980755,1.0282212906349741
3497.0,38.528580317062335,1.0282694915731554
3498.0,38.539896222961914,1.0234174407232786
3499.0,38.55113171843659,1.019998837116873
3500.0,38.56237242162624,1.0206811566331453
3501.0,38.57362308242356,1.019965123376096
3502.0,38.58484814282565,1.0196287960743575
3503.0,38.5960915132787,1.0187986692526465
3504.0,38.60729841192003,1.0192580055800136
3505.0,38.618552014659485,1.0183351077075713
3506.0,38.62973871246319,1.0159245100148837
3507.0,38.64093929274013,1.0163720720647689
3508.0,38.65213595882441,1.015010569793958
3509.0,38.66330663957028,1.0125770624481447
3510.0,38.674449767477356,1.0119948465480775
3511.0,38.68560769024831,1.0130433811618786
3512.0,38.69677400493931,1.0150750945249456
3513.0,38.70797678580496,1.0152296649357595
3514.0,38.71914661299128,1.013294600037625
3515.0,38.73030683822954,1.0159127648366848
3516.0,38.74153444435994,1.0182942439414546
3517.0,38.75274727132443,1.0176914050080086
3518.0,38.76396170499285,1.0190998669586406
3519.0,38.77520568433637,1.0213535179418614
3520.0,38.78646991354014,1.0237221459719876
3521.0,38.797766234667016,1.023486479217354
3522.0,38.80902543112943,1.0232548504891383
3523.0,38.820316787691496,1.0252655351578142
3524.0,38.83162045412557,1.025490010917565
3525.0,38.842916923206516,1.0243113544474909
3526.0,38.854194775035836,1.0210684009189208
3527.0,38.86541992375165,1.0184913150778812
3528.0,38.876641099165234,1.018652587629731
3529.0,38.887869918714784,1.020287969588935
3530.0,38.89912725735123,1.0231933247514462
3531.0,38.91042024605128,1.0254298418549297
3532.0,38.92172703432127,1.0247910352054532
3533.0,38.93300611048051,1.025016998846695
3534.0,38.94431802977911,1.026529037477303
3535.0,38.95563060017839,1.0273051573303746
3536.0,38.9669597952299,1.0296151826605637
3537.0,38.97832345873091,1.0381975776299441
3538.0,38.9898420140203,1.0464631599315908
3539.0,39.001388147194675,1.0522144070991999
3540.0,39.01303377727063,1.0588857879683928
3541.0,39.02472732707431,1.0603645938681439
3542.0,39.036405953862214,1.057826170213957
3543.0,39.04804394514251,1.0558523395748125
3544.0,39.05967943308964,1.0577995796393225
3545.0,39.071360713637574,1.0601941384984457
3546.0,39.08304937825009,1.0611159749969374
3547.0,39.094751378283156,1.0622036882477914
3548.0,39.10646442725505,1.0601654035945103
3549.0,39.11812190755827,1.0591111050725885
3550.0,39.12981209603629,1.0620519780750328
3551.0,39.14153480632386,1.067002805663833
3552.0,39.153334557312185,1.0708800749207512
3553.0,39.1651432106678,1.073398928289862
3554.0,39.17699896734916,1.0792256972381438
3555.0,39.18893658557938,1.0817008049480137
3556.0,39.200847464172895,1.0768499064379284
3557.0,39.212678669838795,1.0719769179286232
3558.0,39.22448259793556,1.0698561786775826
3559.0,39.236267514332795,1.0671770738408668
3560.0,39.24801282765298,1.0627395467363385
3561.0,39.259700330911755,1.0601465267827734
3562.0,39.271388865250614,1.0593483371103503
3563.0,39.283059162979676,1.0558425229564818
3564.0,39.29467077522742,1.0507648285502
3565.0,39.30622945289336,1.0485418530879542
3566.0,39.317792361057656,1.0499185189328273
3567.0,39.32938171254211,1.0504045037232572
3568.0,39.34095566874559,1.0524043260511462
3569.0,39.35258944430936,1.055893197185469
3570.0,39.3642406964511,1.0572503477251303
3571.0,39.37590477063803,1.058222568997735
3572.0,39.38757784085295,1.0583848190590288
3573.0,39.39924587604879,1.0596052709470314
3574.0,39.41094624249236,1.0610310075862799
3575.0,39.4226461200048,1.0631959102929613
3576.0,39.43439463277237,1.0647933964446565
3577.0,39.44613017064095,1.0651040932143587
3578.0,39.45788595808696,1.064950781645166
3579.0,39.46961854721979,1.0625739179658922
3580.0,39.481322329297086,1.0623058074888831
3581.0,39.49304940682048,1.0613158446485613
3582.0,39.50473176670594,1.0557750004782065
3583.0,39.516337014869514,1.049798391673903
3584.0,39.52788788485242,1.0468203354657817
3585.0,39.539427749563025,1.046350800811524
3586.0,39.5509685609384,1.0475419344338661
3587.0,39.56253499925418,1.049353604917087
3588.0,39.574116087592145,1.0510631329752869
3589.0,39.58572055945844,1.051690156395125
3590.0,39.597315815860405,1.0488213908811304
3591.0,39.608857334115065,1.0474535933735751
3592.0,39.62042271671387,1.0462454969410828
3593.0,39.63193789517646,1.043659564956215
3594.0,39.643446513481784,1.0432384554778764
3595.0,39.654952679724346,1.0449820656449447
3596.0,39.66650004074995,1.0482141430284173
3597.0,39.67807781156629,1.0490471650355175
3598.0,39.68964386878784,1.0488223038419164
3599.0,39.701216991035395,1.0493346667135484
3600.0,39.712794668111385,1.0511372196542652
3601.0,39.72440787850785,1.0525868477670883
3602.0,39.73601787786011,1.047429772869691
3603.0,39.747517642826885,1.0360063351208737
3604.0,39.758875872594906,1.0297226487036824
3605.0,39.7702371850035,1.027239024750088
3606.0,39.78154080400084,1.0243902394195175
3607.0,39.79283941574909,1.0249989682279192
3608.0,39.80415661745392,1.0270849920634646
3609.0,39.81550141810074,1.0330973307754903
3610.0,39.82695145810872,1.0390191450296697
3611.0,39.83842716077744,1.0420408477893943
3612.0,39.84994413008679,1.0401297603557396
3613.0,39.86137794214326,1.0336901626997133
3614.0,39.872753049678614,1.028470711476075
3615.0,39.884071886736955,1.0259964317992853
3616.0,39.89539256030164,1.0265419946153997
3617.0,39.906723599113974,1.0265883458878307
3618.0,39.91804546449449,1.0266447018066174
3619.0,39.92937791089332,1.0265109045076315
3620.0,39.940696993449485,1.0244685582101738
3621.0,39.95198453402234,1.0198824159551805
3622.0,39.96320255865631,1.0149606671166111
3623.0,39.97438159555157,1.0109298567485894
3624.0,39.98551075384352,1.005806150288663
3625.0,39.99657677902423,1.004427883196513
3626.0,40.00767554116457,1.0083292937060833
3627.0,40.01882769542754,1.0107786233256775
3628.0,40.0299805731819,1.0125603882333962
3629.0,40.0411721126858,1.0124998726096237
3630.0,40.052323742874506,1.0110218620375235
3631.0,40.06348273250081,1.0099422068287822
3632.0,40.07461060710152,1.0102250640929924
3633.0,40.0857758912316,1.0113093709851455
3634.0,40.09692776687043,1.0094086817125572
3635.0,40.108051172937174,1.0053140885947869
3636.0,40.119112740044166,1.0011336886764184
3637.0,40.130143909629155,0.9991609396511194
3638.0,40.1411619412006,0.9961843180335563
3639.0,40.15212741492636,0.9907852175365406
3640.0,40.16302626360059,0.9850920806620707
3641.0,40.173866030066584,0.9801489607571057
3642.0,40.18465569153014,0.9756053403598344
3643.0,40.19539506099353,0.971469320851611
3644.0,40.206093294462455,0.9662957358623316
3645.0,40.2167183199151,0.9626663621329499
3646.0,40.227336247587964,0.9622721562263905
3647.0,40.23795235482541,0.9602936805167701
3648.0,40.248526405096015,0.9595527248866347
3649.0,40.259125919895446,0.9621841663229134
3650.0,40.26975780707736,0.9617563938718376
3651.0,40.28034767215366,0.9606549836980776
3652.0,40.29095502231153,0.9630340356816305
3653.0,40.30159715758092,0.9675748788613419
3654.0,40.31230449504364,0.9699930400074663
3655.0,40.32299981493231,0.9711497842044992
3656.0,40.33373249616165,0.9736767583663095
3657.0,40.34448341322657,0.9732419900492459
3658.0,40.355206352170015,0.9722863025599509
3659.0,40.3659360180887,0.9711261925285726
3660.0,40.376633200071254,0.9697332752411967
3661.0,40.387331955108536,0.9721804540477024
3662.0,40.39808295369268,0.976125143034551
3663.0,40.40886859306548,0.9730821115163053
3664.0,40.419552322275024,0.9654181368432546
3665.0,40.43016868590142,0.9626875569747426
3666.0,40.44079195131088,0.9626835347553424
3667.0,40.45140801197616,0.9609331581523293
3668.0,40.46199244211419,0.9582888926115629
3669.0,40.47254993046609,0.9532786945719636
3670.0,40.4830235795045,0.9471055934827746
3671.0,40.493444589587504,0.9486357449059142
3672.0,40.503951679086754,0.9560565676711121
3673.0,40.51453612953237,0.9625437458944361
3674.0,40.525186098993586,0.9659662030899199
3675.0,40.5358458519028,0.9666582236332033
3676.0,40.546510892828415,0.9701037638778871
3677.0,40.55724646223394,0.9719016397211817
3678.0,40.567951009656284,0.9710006348486786
3679.0,40.578666530770626,0.9706198767080423
3680.0,40.58936251311128,0.9711845677184101
3681.0,40.60009031448858,0.9729871717909191
3682.0,40.61082590184086,0.9726873664203595
3683.0,40.621546934535225,0.9722181849156186
3684.0,40.632272009136905,0.9726023117164004
3685.0,40.64300135453546,0.9763855863693607
3686.0,40.65380972408254,0.9808504454431386
3687.0,40.66463744091672,0.9800576485240526
3688.0,40.67542821571591,0.9764311327016912
3689.0,40.686175811288486,0.9755130302892212
3690.0,40.696946185024096,0.9765119639996556
3691.0,40.707715678426254,0.9772120930765595
3692.0,40.718501358076786,0.9816686571575701
3693.0,40.729369023933764,0.9873351108208226
3694.0,40.74027960655403,0.9864128122089824
3695.0,40.7511268659552,0.9825185217978287
3696.0,40.76195145344783,0.9799122457552585
3697.0,40.77274111690232,0.9809425649527839
3698.0,40.7835883031704,0.9846715679041154
3699.0,40.79446012158467,0.9833650791597393
3700.0,40.80527840750126,0.9781120818715863
3701.0,40.81603424942687,0.973668142491988
3702.0,40.82675437223183,0.9722636491169396
3703.0,40.83747907337974,0.9695435110670587
3704.0,40.8481390407943,0.9678279837835362
3705.0,40.85882571033119,0.9657428812752187
3706.0,40.86943951114811,0.9636957482389334
3707.0,40.88008081265535,0.9623624225869207
3708.0,40.8906650059944,0.9584617763139249
3709.0,40.90122004676532,0.9578433095939545
3710.0,40.911790354968545,0.9605042962321022
3711.0,40.922403847070996,0.9592258717175355
3712.0,40.93294574703551,0.9576506721268743
3713.0,40.94352424699025,0.9563428653082156
3714.0,40.95403707412772,0.951099386585156
3715.0,40.96449967013957,0.9471121882334046
3716.0,40.974924276253844,0.9464759764441624
3717.0,40.98537253389286,0.9491925497995908
3718.0,40.99585675371829,0.950744492006379
3719.0,41.0063389594303,0.9496977573753611
3720.0,41.01679981836261,0.9508263474626801
3721.0,41.02730662225133,0.9517130468520918
3722.0,41.03778677007116,0.9513855685463568
3723.0,41.04828607289781,0.9534072462784025
3724.0,41.05881053199594,0.9549612547807556
3725.0,41.06934384574706,0.9576328823586664
3726.0,41.0799269631835,0.9598347986766385
3727.0,41.090508603381835,0.9600644368947542
3728.0,41.101096555829294,0.9571260932616497
3729.0,41.11161318145201,0.953313738838915
3730.0,41.122116811122915,0.95645782529391
3731.0,41.13270249440056,0.9584431830344329
3732.0,41.14324967583671,0.9557238393090302
3733.0,41.15377515519434,0.9541550296289643
3734.0,41.16428749093091,0.9510522589762331
3735.0,41.17474429819758,0.9497192221597288
3736.0,41.185226953045444,0.9517209423856912
3737.0,41.19572761864397,0.9535794355206235
3738.0,41.20625098204267,0.9600189600023441
3739.0,41.216893364952924,0.9690651021919621
3740.0,41.22761597361993,0.975024478031628
3741.0,41.23838958640724,0.9795749985369184
3742.0,41.24921238897721,0.9838793695889763
3743.0,41.260080793634046,0.9824482097492364
3744.0,41.270871963220245,0.9794743228540028
3745.0,41.28167468212798,0.9817784304068482
3746.0,41.29251653327408,0.9865152127549663
3747.0,41.30342358511764,0.9884158198792647
3748.0,41.31430727649668,0.98719263554176
3749.0,41.325187288381024,0.9861633708042064
3750.0,41.33604821335131,0.9851917325286195
3751.0,41.34690671930367,0.984920533442164
3752.0,41.35776157909732,0.985036141778437
3753.0,41.36862254545498,0.9827005148736134
3754.0,41.379425830193505,0.9806151604698243
3755.0,41.39024070858614,0.9843855032677311
3756.0,41.401127003232155,0.9912536212923442
3757.0,41.41209322015278,0.9964370287907514
3758.0,41.42309375493029,0.9967937417550274
3759.0,41.434067824018136,0.9921632931464046
3760.0,41.44496625372294,0.9882657450471015
3761.0,41.45585433493271,0.989536980903722
3762.0,41.4667807183568,0.9919595938326893
3763.0,41.477722155720706,0.994847614464561
3764.0,41.488712162851805,0.997639406392409
3765.0,41.499715128175545,0.9963588612854437
3766.0,41.51067689538059,0.9937260038286695
3767.0,41.521621787295736,0.9955802825370483
3768.0,41.53262439090753,0.9985475305320506
3769.0,41.54363468512864,1.0031644981354475
3770.0,41.554739063015184,1.009513481245449
3771.0,41.565889363912376,1.0096167894434984
3772.0,41.5769960874414,1.0098808109887614
3773.0,41.58815225403257,1.011063694157201
3774.0,41.599285125722226,1.0082519398429213
3775.0,41.61037936572335,1.0040311989341717
3776.0,41.62141922848838,1.0061528679880212
3777.0,41.63256025059345,1.0096964670183297
3778.0,41.643678295939644,1.0081349961783417
3779.0,41.654784945886874,1.006230456790945
3780.0,41.66586104967626,1.0013814785470458
3781.0,41.6768608302728,0.9971813574884436
3782.0,41.68784432853525,0.9979860768453364
3783.0,41.698861828781745,0.9971958612140952
3784.0,41.709827903743474,0.9909407690065564
3785.0,41.72070747853554,0.9856489749918182
3786.0,41.73155681935019,0.9839146790063751
3787.0,41.742398070931124,0.981449167563369
3788.0,41.7531929652584,0.979097612545047
3789.0,41.763982258690625,0.9788638828322291
3790.0,41.774771879928494,0.9784732621783405
3791.0,41.78555244202851,0.9785908564335841
3792.0,41.79634453064706,0.9747657454254295
3793.0,41.80704065202575,0.9655605906691562
3794.0,41.817629652042086,0.9574675447111076
3795.0,41.82814714898262,0.9551378566693529
3796.0,41.83868453814955,0.9564624748318238
3797.0,41.84923099069922,0.9563197808110999
3798.0,41.859764995193785,0.9572879352172095
3799.0,41.870332542728,0.9596162733878373
3800.0,41.88091764175501,0.9653075044579964
3801.0,41.891610417591416,0.9681400194949674
3802.0,41.90225778659248,0.9664772555188392
3803.0,41.91291372057757,0.9642786987715226
3804.0,41.923512443937376,0.9585622357926695
3805.0,41.934042162884495,0.9538217836907279
3806.0,41.94453615155236,0.95254558194938
3807.0,41.9550374768329,0.9577494346413005
3808.0,41.965645902631486,0.9625009687260899
3809.0,41.976251749363875,0.9614686399900165
3810.0,41.98683721273419,0.9596338210039903
3811.0,41.99740239999518,0.9554257113040876
3812.0,42.00789488772756,0.9510111794425029
3813.0,42.01836251452417,0.9494136646117113
3814.0,42.028819518110645,0.9512710949975371
3815.0,42.039327800279345,0.9567559523229647
3816.0,42.049905429315515,0.9598054704656533
3817.0,42.06048069825006,0.9652189911330424
3818.0,42.071177408696876,0.975491607910044
3819.0,42.08197890632968,0.9840485551185338
3820.0,42.092864085774174,0.9872713342811039
3821.0,42.103736538882835,0.9853511984729266
3822.0,42.11457932653981,0.9820306389738107
3823.0,42.12537851044023,0.976795687154663
3824.0,42.1361058182443,0.9658414335508496
3825.0,42.1466634475534,0.9561117448847654
3826.0,42.15717610370063,0.9547478413114732
3827.0,42.16770342275873,0.9518153730650738
3828.0,42.178151212297706,0.9454727911288501
3829.0,42.18853847815241,0.940588630507591
3830.0,42.198878326981685,0.9404654788604603
3831.0,42.20926254447941,0.9441305069149166
3832.0,42.21968284353459,0.9499248722277116
3833.0,42.23019444665328,0.9529401913805486
3834.0,42.240680939119386,0.9476410467723326
3835.0,42.25107551370026,0.9391012599571695
3836.0,42.26137352906134,0.9386857690315082
3837.0,42.27175859361001,0.9469375447688435
3838.0,42.282238117443406,0.9544330089111099
3839.0,42.29278806842201,0.9567212791052953
3840.0,42.30331777920626,0.953731785668424
3841.0,42.313801620445744,0.9537532947078944
3842.0,42.32433153950873,0.9555725765740135
3843.0,42.33485522309958,0.9569454300417419
3844.0,42.345415143711264,0.9618666870665038
3845.0,42.356047024775386,0.9686734020797303
3846.0,42.366756717165046,0.9743109488499613
3847.0,42.37751264846449,0.976942809998036
3848.0,42.388280193205475,0.9728585376824412
3849.0,42.39894601731893,0.9635559281723545
3850.0,42.40950843829929,0.9590283397737949
3851.0,42.420074287664505,0.9595159293512552
3852.0,42.43064722660191,0.9586052458180347
3853.0,42.4411927931675,0.9603045526127971
3854.0,42.45180293352777,0.9641068299069957
3855.0,42.46243206292596,0.9664133199648859
3856.0,42.47309282168705,0.9668414425077572
3857.0,42.483731205413925,0.9645605957048247
3858.0,42.494341529797794,0.9622639748267829
3859.0,42.50492911854667,0.9575147951909457
3860.0,42.515434611042274,0.9487793574371608
3861.0,42.52582951729499,0.9430989519432842
3862.0,42.536209573846406,0.9465349618658365
3863.0,42.546679857593496,0.953537608280385
3864.0,42.55721390099605,0.9570751300661868
3865.0,42.56776187143849,0.959615745154224
3866.0,42.5783516467661,0.9622382834986638
3867.0,42.58895717393266,0.9611572147541665
3868.0,42.59952293419574,0.9589338440246138
3869.0,42.61007926518999,0.9618473217251449
3870.0,42.620708971536665,0.9683293159660025
3871.0,42.631407885800805,0.9756561918775333
3872.0,42.642198817035506,0.9783585332106668
3873.0,42.65295714171508,0.9757430313065925
3874.0,42.663690335760556,0.972098836044097
3875.0,42.67436825400215,0.9704971190703873
3876.0,42.685066000880006,0.9725233959734396
3877.0,42.695788390750266,0.9747490531208314
3878.0,42.706535012492715,0.977201060058178
3879.0,42.71731127417358,0.9761741399915991
3880.0,42.72803515955651,0.9678515730001891
3881.0,42.73862797425658,0.9659673653377467
3882.0,42.74931014969121,0.9721337834107544
3883.0,42.76003861206243,0.9741461151706972
3884.0,42.77076496583184,0.9738143481999941
3885.0,42.78148597801948,0.9761704619686498
3886.0,42.79226407639095,0.9795986611698027
3887.0,42.80306047334636,0.9807092798764643
3888.0,42.81386292309201,0.9825407681055367
3889.0,42.824699550234925,0.9836317524141123
3890.0,42.83552593896054,0.9840896960376995
3891.0,42.84637255771418,0.9856630756576124
3892.0,42.85723351401052,0.9865527505480713
3893.0,42.86809964999345,0.990738922005221
3894.0,42.87905272512658,0.9971180139318676
3895.0,42.89005931913407,1.0031442530153072
3896.0,42.90114510851059,1.0086309782391254
3897.0,42.912272575876386,1.0134415337724931
3898.0,42.92346436935879,1.0211395291016743
3899.0,42.934761466228345,1.0271707815709306
3900.0,42.94608623796812,1.0256247945235373
3901.0,42.95734945088045,1.0229738477601131
3902.0,42.96861597141279,1.021806932839354
3903.0,42.97985361765048,1.0181142678493416
3904.0,42.99103892899165,1.0138112593058395
3905.0,43.00218189583507,1.0085059799375813
3906.0,43.0132504307953,1.0053621148017555
3907.0,43.02432418586529,1.0027037457703045
3908.0,43.03533420398855,1.002557367418376
3909.0,43.04640473419775,1.0040405933777947
3910.0,43.05744744916323,1.0042905565142064
3911.0,43.068523500402556,1.0059854240280401
3912.0,43.07960357643759,1.0084765069495916
3913.0,43.090734527164784,1.0145139882470176
3914.0,43.101947636509486,1.0183475270632698
3915.0,43.11316312287254,1.018421130275783
3916.0,43.124377959013835,1.013362630094889
3917.0,43.135482138359706,1.008069473611613
3918.0,43.14658044190663,1.0075876563169004
3919.0,43.15767405354308,1.0054569633257415
3920.0,43.16872547062843,1.0015012522108009
3921.0,43.17973197832914,1.000082226430095
3922.0,43.19075213856726,1.0050745852204273
3923.0,43.201868606341826,1.0117804006140432
3924.0,43.21303651492364,1.0141835660879224
3925.0,43.22420599241647,1.00855989784759
3926.0,43.235250120141316,0.99971821737563
3927.0,43.24622487534456,0.9960012879619171
3928.0,43.25718711820704,0.9952548479277539
3929.0,43.268145407523065,0.9970513024973116
3930.0,43.27914718981436,0.9989712991473425
3931.0,43.29014776166826,0.9988463891149877
3932.0,43.3011467867502,1.001500934085925
3933.0,43.31220581812721,0.9981017058853467
3934.0,43.32312999887402,0.9893772486493617
3935.0,43.33399682955092,0.986899032317524
3936.0,43.344866354414414,0.9880985418549244
3937.0,43.355759532348934,0.9863956522440276
3938.0,43.36659149189215,0.9804475729806654
3939.0,43.377353575044836,0.9777214578052735
3940.0,43.38812536814233,0.9766519628774404
3941.0,43.39886377717996,0.9736518104555216
3942.0,43.40956935836415,0.9699723629728396
3943.0,43.420226579465606,0.9682838162825647
3944.0,43.430894797134215,0.9690172862774489
3945.0,43.44156800327527,0.9693338888218932
3946.0,43.4522430273163,0.967807134402392
3947.0,43.46288244392114,0.9678370562560303
3948.0,43.47355794377656,0.9700216398059638
3949.0,43.484245307041554,0.9698357868028324
3950.0,43.49491655482576,0.9682661306942464
3951.0,43.50556918292319,0.9642392146433849
3952.0,43.51615157235668,0.9648053938690282
3953.0,43.52681645838895,0.9696850556802019
3954.0,43.537506140066256,0.9701258252234766
3955.0,43.5481805753908,0.9683102853605305
3956.0,43.55883011051773,0.9632198776407677
3957.0,43.56939227035103,0.9569047260956722
3958.0,43.579902518156175,0.9536072092450922
3959.0,43.59039182048946,0.9521805474141729
3960.0,43.60087040066243,0.952316609038462
3961.0,43.61136244309005,0.9541413999113502
3962.0,43.621880956494294,0.9559908983283094
3963.0,43.63241348845693,0.9575068064714287
3964.0,43.64296515155296,0.9606870431280186
3965.0,43.65356748954914,0.9592122195990669
3966.0,43.6640864817327,0.9508419740313911
3967.0,43.67450427658464,0.9426063728578811
3968.0,43.68484164603449,0.9398169456599135
3969.0,43.69519770093345,0.9386395298861316
3970.0,43.70550883738228,0.9352775301404108
3971.0,43.715790537878476,0.9312880137003958
3972.0,43.72601349302625,0.929034067914472
3973.0,43.736245198454895,0.9249685320819481
3974.0,43.7463782824786,0.9227148231002502
3975.0,43.7565599593247,0.9238123854611331
3976.0,43.76671682487267,0.9182690461448146
3977.0,43.77677606864559,0.9155968849909186
3978.0,43.78687366581529,0.9154476382454959
3979.0,43.796929206851324,0.9130939670194493
3980.0,43.806974551618744,0.9108317174168405
3981.0,43.81697985191763,0.9086439682032506
3982.0,43.82697657868243,0.9090790322434259
3983.0,43.83699099439946,0.9065632387300866
3984.0,43.84693189276648,0.8985818421306249
3985.0,43.856770142025326,0.8904496289487724
3986.0,43.866531515825834,0.8884195314885801
3987.0,43.87632452318336,0.8900123681905825
3988.0,43.88612041543599,0.890226866707053
3989.0,43.89591760414284,0.8870137005587821
3990.0,43.90564224268479,0.8837159685654115
3991.0,43.91536628445908,0.885517565506234
3992.0,43.925130003148425,0.8848847347981064
3993.0,43.93483957111572,0.8813833967069513
3994.0,43.944525665339114,0.8815106053580166
3995.0,43.95423744990188,0.8847086250771099
3996.0,43.96399334517583,0.8885252761474476
3997.0,43.973788559597295,0.8870922551714102
3998.0,43.983512390123174,0.8834432068406386
3999.0,43.99322674660204,0.882037297662464
4000.0,44.00291907587993,0.8762311286109252
4001.0,44.01250511363167,0.8715107799243924
4002.0,44.022092968696406,0.8731395980921661
4003.0,44.031714224316865,0.8766836424829307
4004.0,44.04137944430845,0.8825492030846362
4005.0,44.05112914909519,0.8887714811908154
4006.0,44.0609306974689,0.8856160172781529
4007.0,44.07061046360472,0.879744000591927
4008.0,44.080282260071236,0.8791778065487961
4009.0,44.08994898965882,0.8811395159000313
4010.0,44.09966334937762,0.8832867725941469
4011.0,44.10937674497285,0.8835401156893568
4012.0,44.119096111043426,0.8812164898799892
4013.0,44.128757840920585,0.8830225423134834
4014.0,44.13851633646793,0.8874924217943772
4015.0,44.14827582733669,0.8916783092709011
4016.0,44.15812582841277,0.8998400100808794
4017.0,44.168064295460816,0.9047230534042683
4018.0,44.17802120563238,0.9026511024221691
4019.0,44.18791364474622,0.8952244826232345
4020.0,44.197706752966695,0.8905197668764231
4021.0,44.20749520285765,0.8883809078633931
4022.0,44.21724074806857,0.8871320733469474
4023.0,44.22700118578019,0.8880080086019007
4024.0,44.23676544658735,0.8858085801011839
4025.0,44.24647698569783,0.8805327839208985
4026.0,44.256124690020144,0.8811201628641356
4027.0,44.265848550180806,0.8818061443944316
4028.0,44.27551078434171,0.8814074229367179
4029.0,44.28522529337647,0.8852990821960702
4030.0,44.29497252048774,0.8905570193337553
4031.0,44.30480206470624,0.8998317272571512
4032.0,44.314752654716415,0.9073653140021634
4033.0,44.324747336257005,0.9103801972551082
4034.0,44.334763748829985,0.9109625391620284
4035.0,44.344770791589305,0.9053109928363483
4036.0,44.35466254137636,0.898746682507408
4037.0,44.36452480910083,0.8984198055086381
4038.0,44.37440887116414,0.8998595108105292
4039.0,44.3843022897464,0.9002150841188268
4040.0,44.39419367856859,0.9005215607257924
4041.0,44.40409334331053,0.8986174009487513
4042.0,44.41394240093924,0.8946170067529238
4043.0,44.42375364525758,0.8893183809668699
4044.0,44.4334857425583,0.8867410327466132
4045.0,44.4432397945295,0.8912334808464948
4046.0,44.45307006848727,0.8959813460623991
4047.0,44.46292794092329,0.8982718847473734
4048.0,44.472808045746916,0.8990826933113567
4049.0,44.48268324345157,0.8988824484022189
4050.0,44.49255845486396,0.902515317079633
4051.0,44.50251297760849,0.9129029314826766
4052.0,44.51261595578725,0.9278554728171002
4053.0,44.5228985984717,0.9371258368400959
4054.0,44.53320493081133,0.9381388007695932
4055.0,44.5435095148729,0.9400487704770057
4056.0,44.55385749311648,0.9431851285244193
4057.0,44.56423068603216,0.9397853557911731
4058.0,44.57450369199723,0.9327222094052559
4059.0,44.58472138659991,0.9338442567568563
4060.0,44.595018687511875,0.9384988758083637
4061.0,44.6053383197236,0.9383032535333768
4062.0,44.61563101695001,0.9333316665497478
4063.0,44.62584111835907,0.9305932105453394
4064.0,44.63607330295461,0.9312927269338616
4065.0,44.646298426771196,0.932747568396735
4066.0,44.65656222055344,0.9301289686391101
4067.0,44.666729496893296,0.9314434331936354
4068.0,44.67702178662744,0.936327508501563
4069.0,44.68729602840496,0.9345589871618358
4070.0,44.697549147074945,0.9328566709118604
4071.0,44.70778566352882,0.9317844581601094
4072.0,44.71801489019129,0.9303653714177926
4073.0,44.72821989407931,0.9293322382991391
4074.0,44.738426074425504,0.9303991858068912
4075.0,44.74865415743553,0.9291300382119516
4076.0,44.75883212132052,0.9212712536955223
4077.0,44.768887243915074,0.912373358606601
4078.0,44.77886937579361,0.9046588196624725
4079.0,44.78875463173499,0.8998577219326762
4080.0,44.79863084046458,0.8989340927428202
4081.0,44.80849532643878,0.8996414779103361
4082.0,44.81838657663106,0.90177107845102
4083.0,44.8282973469536,0.9072087648073648
4084.0,44.83830752675752,0.9172374746440255
4085.0,44.8484380771252,0.923760279990347
4086.0,44.85859110320072,0.9254110884894544
4087.0,44.868757527515555,0.927782890630624
4088.0,44.87896226258423,0.9246531202325059
4089.0,44.88905961976634,0.923381434867224
4090.0,44.899236031857804,0.9268777562383548
4091.0,44.90940979251585,0.9234355665003022
4092.0,44.91951026754847,0.9179818795128085
4093.0,44.92956389731128,0.9142287663626121
4094.0,44.93958156065691,0.9163746268604882
4095.0,44.949681869395654,0.9231718802875548
4096.0,44.95984836398486,0.930757905876817
4097.0,44.970114843455725,0.9369076457605843
4098.0,44.980416020004455,0.9313883643762892
4099.0,44.990561032566355,0.9237543343151629
4100.0,45.000694247002926,0.9236911625948778
4101.0,45.01083749267883,0.923272449788783
4102.0,45.02096114140796,0.9248612926412534
4103.0,45.03113887849612,0.9315496510071171
4104.0,45.041408978878145,0.9386398163442209
4105.0,45.051742025641964,0.9425415639479979
4106.0,45.06209747523145,0.9424946414455917
4107.0,45.07242920835311,0.9434268605709804
4108.0,45.08280482325492,0.9398820079268262
4109.0,45.0930584784643,0.9318119427680358
4110.0,45.103256637488336,0.9279592824941574
4111.0,45.113425381993466,0.9238819516103831
4112.0,45.12353369018229,0.9212420381745687
4113.0,45.13364410577291,0.921960313569798
4114.0,45.14376779092703,0.9220220520946896
4115.0,45.1538791810885,0.9196229479211979
4116.0,45.16394982988085,0.9179652200045894
4117.0,45.17402443619418,0.9159983059626029
4118.0,45.184051521346156,0.909224341378831
4119.0,45.193977055972965,0.907351810243199
4120.0,45.20396258429596,0.9068125088215311
4121.0,45.21387585311713,0.9044486155862614
4122.0,45.2238090421945,0.9035518393284292
4123.0,45.23370217907752,0.9027794528292361
4124.0,45.24361794630992,0.9035150471545421
4125.0,45.25352676199157,0.8959701336025319
4126.0,45.26327652411585,0.8841615635310518
4127.0,45.27292572234129,0.8763030195868851
4128.0,45.28250250232332,0.8687372670965487
4129.0,45.29198512335297,0.8625642401875666
4130.0,45.30142584921195,0.8620586227170861
4131.0,45.31089673726704,0.8622105793347146
4132.0,45.320340173324915,0.8614937995889704
4133.0,45.32979470015412,0.8596485567586569
4134.0,45.33919703095543,0.8579792111604547
4135.0,45.34861428771191,0.8613900381442363
4136.0,45.358090786952275,0.8640488993523832
4137.0,45.36756574253007,0.8603812974133689
4138.0,45.37696118127829,0.8560374449789379
4139.0,45.38634021286849,0.8568932473426685
4140.0,45.395753762103986,0.8584365601300306
4141.0,45.4051659978132,0.8644033193513678
4142.0,45.41470974728897,0.8715918869938832
4143.0,45.42427903062981,0.8700771764533783
4144.0,45.43378898085533,0.8656734850237626
4145.0,45.4432610909695,0.8625333463942297
4146.0,45.452701564822654,0.8626847141722465
4147.0,45.462176357992846,0.8588159465334684
4148.0,45.47153139386176,0.85194113648231
4149.0,45.480854791220686,0.8461836202368431
4150.0,45.49008293000279,0.8365010765955958
4151.0,45.49919335170708,0.8276900568716883
4152.0,45.50822758745293,0.8214376273008384
4153.0,45.517200180241346,0.8155028776727704
4154.0,45.52610353937157,0.8113491749991226
4155.0,45.53498427688228,0.8066752979048033
4156.0,45.54378438406112,0.7985290204751436
4157.0,45.55248574152268,0.7991784756259221
4158.0,45.56129920479794,0.8088612648389244
4159.0,45.570211937125016,0.8155518347557518
4160.0,45.57917122485258,0.8122906623393646
4161.0,45.58801171903577,0.8080323627236794
4162.0,45.596876866043125,0.8126821307532737
4163.0,45.605818427316386,0.8199192046131429
4164.0,45.61484135275269,0.8251200606564453
4165.0,45.62389610163069,0.8266469741338369
4166.0,45.63295172760292,0.8226243534536479
4167.0,45.64191760206862,0.8198919709248003
4168.0,45.650912581550564,0.8230400616221232
4169.0,45.65994664548853,0.8218975203508307
4170.0,45.668915845040516,0.8179083742606963
4171.0,45.67786174902592,0.8201319316085574
4172.0,45.686878859485645,0.8317741394703262
4173.0,45.6960789824848,0.8391336453432814
4174.0,45.70525658255599,0.8342524940771909
4175.0,45.714349098147565,0.8284004119605015
4176.0,45.72339779904719,0.8237066011952265
4177.0,45.73238677530355,0.8177762985569643
4178.0,45.74130484644144,0.8162434159330587
4179.0,45.75025945869332,0.8180413074323951
4180.0,45.759216117998335,0.8162945321791995
4181.0,45.768131708323786,0.8155519856736646
4182.0,45.777071314612435,0.8177446435984166
4183.0,45.786034124772385,0.8167522829126028
4184.0,45.794951234347366,0.8113124695018996
4185.0,45.803794173537085,0.8054405137327194
4186.0,45.81258193299478,0.8020701936084151
4187.0,45.82135026929659,0.8001203943158544
4188.0,45.83009451923532,0.8097113888170497
4189.0,45.839071915591596,0.8269896981400962
4190.0,45.848193553758854,0.8362492022170045
4191.0,45.857372875304996,0.8394490026557833
4192.0,45.866563835328954,0.8369759896631876
4193.0,45.87568834196305,0.841981551504432
4194.0,45.88498809931153,0.8502193161511968
4195.0,45.89429220601481,0.8507416575794196
4196.0,45.903602729006224,0.8487825928195889
4197.0,45.91286331314484,0.8471199550322126
4198.0,45.922136777974444,0.8517924006046087
4199.0,45.93149891133205,0.8613109054631423
4200.0,45.940979975262735,0.8665319826559426
4201.0,45.95045573459583,0.8626547616204334
4202.0,45.9598513796793,0.8545604477048983
4203.0,45.96914944154769,0.8473398182268284
4204.0,45.97838647148485,0.846384837757796
4205.0,45.98766295543098,0.8512907013755466
4206.0,45.99700662125667,0.855847368362447
4207.0,46.006382125574824,0.8569460039489059
4208.0,46.015749186486296,0.8550428559337888
4209.0,46.02508242980082,0.8532832995288118
4210.0,46.03441035760777,0.8573180469302315
4211.0,46.04383118238504,0.8620858539470646
4212.0,46.05326276075165,0.8575801080150995
4213.0,46.06258444445346,0.8512422263856934
4214.0,46.07187677411854,0.8565277792758934
4215.0,46.081313363290505,0.8673407549204057
4216.0,46.09084151674415,0.8676550576883528
4217.0,46.10028440571638,0.8599480122302339
4218.0,46.10964343936563,0.8548619644516293
4219.0,46.1189744874801,0.8544995914062383
4220.0,46.128324948482195,0.8545398322266919
4221.0,46.13765623747766,0.8561286822168768
4222.0,46.14704078219079,0.8620045752577425
4223.0,46.15649989222949,0.8641367785667171
4224.0,46.16593044882751,0.8569289060424126
4225.0,46.17523139298024,0.8462304337408568
4226.0,46.18442744016174,0.8378002873350852
4227.0,46.19354342947434,0.8310816687990155
4228.0,46.20259191279126,0.8259053952260729
4229.0,46.21159403212833,0.8243102897249628
4230.0,46.220606900524324,0.8319521538878689
4231.0,46.22977527110652,0.845102486059659
4232.0,46.239074822004156,0.8515345608393545
4233.0,46.2483831017599,0.850464825828567
4234.0,46.257658628083384,0.8517301354067968
4235.0,46.26699388941058,0.8539015344213112
4236.0,46.276316223388,0.8555462139738665
4237.0,46.285686771231646,0.8656016318145703
4238.0,46.295228167949944,0.8766851874806889
4239.0,46.304840304246866,0.8815503738615007
4240.0,46.314487449498706,0.8856629225001598
4241.0,46.32418889917033,0.8900497942413494
4242.0,46.3339313696005,0.8932925914896259
4243.0,46.343703164184305,0.8902107728208648
4244.0,46.35337783161958,0.888200564503677
4245.0,46.36310518748521,0.8960141763145657
4246.0,46.372950031114996,0.9049485743717014
4247.0,46.382872088747675,0.9136357535426214
4248.0,46.392906256911594,0.9169101499583121
4249.0,46.40289945614985,0.9140106082149941
4250.0,46.412869892290004,0.911847867677352
4251.0,46.422815445594196,0.9063610430121116
4252.0,46.43266562784471,0.8934715959130699
4253.0,46.44232921691672,0.8840263531556047
4254.0,46.45197258488023,0.8847650209572748
4255.0,46.46165177378895,0.8864004871775251
4256.0,46.47133034320499,0.8880333980132491
4257.0,46.48104467389509,0.8939672830265408
4258.0,46.490852320326916,0.9010082967233757
4259.0,46.5007199396182,0.9003965939509726
4260.0,46.51051378712874,0.8929946054731772
4261.0,46.52021930237307,0.8931476162524632
4262.0,46.53001597822906,0.8995601889882892
4263.0,46.5398610421984,0.9026996763959687
4264.0,46.549725814763754,0.9067218858981505
4265.0,46.55965825235424,0.9159032760180708
4266.0,46.569723065870235,0.9230401921468001
4267.0,46.57981095993252,0.9274793436052278
4268.0,46.58997233226569,0.9358531627331104
4269.0,46.60024271695438,0.9444792851827515
4270.0,46.61059213163632,0.9474917630650452
4271.0,46.620928034279906,0.9466163539145782
4272.0,46.63125808016708,0.9466005982503702
4273.0,46.641593379165165,0.9494310388272424
4274.0,46.65198495826205,0.9438020154539117
4275.0,46.662197142613586,0.9369033227048931
4276.0,46.672437808166656,0.9315893060684175
4277.0,46.68253369496422,0.9190941265060246
4278.0,46.69250123942587,0.9153288016605075
4279.0,46.702514522125064,0.9155325957162859
4280.0,46.71248613128579,0.9112201961761457
4281.0,46.72240487873777,0.9038067658002547
4282.0,46.73221424664872,0.9004002418332675
4283.0,46.74205816940511,0.9027530664861843
4284.0,46.75191844257743,0.9021616618265398
4285.0,46.761749014371965,0.8936502659398684
4286.0,46.7714230669868,0.8890692607274104
4287.0,46.78115313544287,0.8939321777252189
4288.0,46.79093282929085,0.8965769635979086
4289.0,46.800720146691475,0.8993818111794099
4290.0,46.81056058112506,0.9058552995502396
4291.0,46.82048872024772,0.9123462250154262
4292.0,46.83047038947703,0.9139817405502981
4293.0,46.84043382539648,0.9117151999016642
4294.0,46.8503656314583,0.9116198044830526
4295.0,46.86032656871162,0.9088624864325539
4296.0,46.87019780702819,0.9036218934488716
4297.0,46.88004395145267,0.9084068270967691
4298.0,46.89001914568252,0.9194704374203866
4299.0,46.900106297628916,0.9245473648370535
4300.0,46.91019191598765,0.9219469987201592
4301.0,46.92022197801967,0.9163305427227897
4302.0,46.9301846782824,0.9048965307229082
4303.0,46.93996487435136,0.889351761816215
4304.0,46.949587954687324,0.8801289592065586
4305.0,46.959166405341364,0.8804766106059105
4306.0,46.96879652361623,0.8811266824759514
4307.0,46.97838863578878,0.880651365760059
4308.0,46.98800784496756,0.8850598984972748
4309.0,46.99769559843867,0.8915825546482665
4310.0,47.007456590182706,0.8976780145039811
4311.0,47.01727683152371,0.8911028165312018
4312.0,47.02689395455372,0.8833255499812367
4313.0,47.036544018480036,0.8826183982182556
4314.0,47.04614520521057,0.8779704748376389
4315.0,47.0556933600262,0.8712606735316513
4316.0,47.06514765302854,0.8660023553311476
4317.0,47.07458053805748,0.8659440816154529
4318.0,47.084032968357306,0.8686575165866088
4319.0,47.09352444570927,0.869069795422547
4320.0,47.10298530070081,0.8695007829956012
4321.0,47.112485593886305,0.8652084013556305
4322.0,47.121852288613034,0.856001507034307
4323.0,47.131151203090454,0.8543947250836936
4324.0,47.140482223692615,0.8593879162963276
4325.0,47.149889387861265,0.8579981464263255
4326.0,47.159189518645285,0.8490174207036034
4327.0,47.16840024326327,0.8433016699891596
4328.0,47.177575094584604,0.8398829532980017
4329.0,47.18671061493008,0.830558191966702
4330.0,47.19568150393541,0.8182401277317695
4331.0,47.20454775581295,0.8101481696976407
4332.0,47.21334148310428,0.8063052075158339
4333.0,47.22212317793087,0.7991032027202891
4334.0,47.23075914502399,0.7899065701712971
4335.0,47.23933955672139,0.7861049622042628
4336.0,47.24789182427989,0.7883361573403818
4337.0,47.256520005747845,0.795564019064841
4338.0,47.26522895998044,0.7978356563689886
4339.0,47.273905846343624,0.7955872722232016
4340.0,47.28256499116422,0.792036735560032
4341.0,47.29116369645854,0.7930319928891549
4342.0,47.299843681521864,0.7929941355359915
4343.0,47.30844076107042,0.7882634305988176
4344.0,47.317016841123,0.7936885525541584
4345.0,47.325731258481824,0.8019165147816238
4346.0,47.33448578544425,0.8112077453388338
4347.0,47.34340179980113,0.8279566083347163
4348.0,47.352520413920075,0.8469538078388723
4349.0,47.36184953733748,0.8572076639247825
4350.0,47.371190885092695,0.8576536951732123
4351.0,47.38052911304587,0.850301788213983
4352.0,47.38970973614531,0.8347665456039977
4353.0,47.39870896567374,0.8226811820113653
4354.0,47.407625671488034,0.8268111836314347
4355.0,47.41671408292894,0.8440819059869682
4356.0,47.42600618793202,0.8592807437325973
4357.0,47.43542493921674,0.8637196255513118
4358.0,47.444813123706695,0.8655138918056764
4359.0,47.45427034547917,0.8640724485339888
4360.0,47.463626582972324,0.8679958710090432
4361.0,47.47316861138261,0.8787079880021338
4362.0,47.48275753902089,0.8910755349861574
4363.0,47.49256829571404,0.8973991822495009
4364.0,47.502294461469454,0.8882012998801656
4365.0,47.511904503876806,0.8792706237927632
4366.0,47.52143573372681,0.8760959299906972
4367.0,47.53097611903964,0.8747103299683658
4368.0,47.54047664892514,0.8765116397935344
4369.0,47.55005568695651,0.8761898615957762
4370.0,47.55954869381906,0.8706053135083494
4371.0,47.569005617469,0.8583457103923138
4372.0,47.578231223372526,0.8534765965705446
4373.0,47.58758150848348,0.8617281955284852
4374.0,47.59698610881659,0.8660187487112125
4375.0,47.606429190152355,0.8683324040084699
4376.0,47.615883573683185,0.8714006523550779
4377.0,47.6253928594909,0.8754212204221403
4378.0,47.63493419172204,0.87670096509828
4379.0,47.6444707914707,0.8700630526545865
4380.0,47.65386714575041,0.8692424960900098
4381.0,47.663385293068,0.8743663388831919
4382.0,47.672892601314196,0.8741606287039758
4383.0,47.682405724577244,0.8723537592941284
4384.0,47.691873175731345,0.8740474879978137
4385.0,47.701422584440344,0.8781176687352854
4386.0,47.71097806132264,0.8858267586274451
4387.0,47.72069465552174,0.8983196707558818
4388.0,47.73052145459291,0.8993534706496575
4389.0,47.74026011340297,0.8911787340948649
4390.0,47.749908608619045,0.8829887682550179
4391.0,47.75946860460887,0.881826365377492
4392.0,47.769091279965565,0.8843212111278262
4393.0,47.77870504413669,0.8839534190483391
4394.0,47.788319210623726,0.8876649902522331
4395.0,47.79801319773472,0.8889611020586017
4396.0,47.80765508202888,0.8912916690806014
4397.0,47.81739925740912,0.8955370300100185
4398.0,47.82713302257379,0.9013960581469291
4399.0,47.83700416074498,0.9109452427819633
4400.0,47.84694520183463,0.9113781560827192
4401.0,47.85682537138901,0.9008711331480299
4402.0,47.86653749488606,0.8923201708039414
4403.0,47.876231222336244,0.8925770705081959
4404.0,47.88594845331441,0.8951243518804404
4405.0,47.89569710651251,0.9014735861819645
4406.0,47.90555194962828,0.9131985669573623
4407.0,47.9155551523489,0.9217691957146599
4408.0,47.92559600739419,0.9237801782164752
4409.0,47.935642591290424,0.9252016739919782
4410.0,47.94571400960089,0.9254392158818519
4411.0,47.95576542337561,0.9324532389910019
4412.0,47.96598900529571,0.9363474122037587
4413.0,47.97612482160474,0.9353949603155343
4414.0,47.98632737975267,0.9417098706617253
4415.0,47.996600216313404,0.9476333870425151
4416.0,48.00693131149555,0.944946357896697
4417.0,48.01714549626523,0.941724281063216
4418.0,48.027406253983244,0.9508921099986765
4419.0,48.037819501671976,0.9544368588649377
4420.0,48.04815713304671,0.9479967152437894
4421.0,48.05843013372366,0.9333916935320303
4422.0,48.06844998441242,0.9232520052100881
4423.0,48.07850217877976,0.9309566687661572
4424.0,48.08868918748555,0.9420095301775291
4425.0,48.09898138333588,0.9466524572926573
4426.0,48.10926908310505,0.9443170772574376
4427.0,48.11951026073482,0.9462154821740114
4428.0,48.12983896034391,0.9483567048973782
4429.0,48.140126456112206,0.939993016580047
4430.0,48.15027309307479,0.9261657209863188
4431.0,48.16025970140642,0.9186018724485621
4432.0,48.17024154487299,0.9172117374037043
4433.0,48.18019756784741,0.9065141601095092
4434.0,48.18994650360973,0.8945233256145002
4435.0,48.19964142625357,0.8885712772134866
4436.0,48.20926051542478,0.8885806616908667
4437.0,48.21895513790003,0.8952812580100726
4438.0,48.22871939448723,0.899683536050361
4439.0,48.238509253965475,0.9073660684534843
4440.0,48.24844004327767,0.9149021298762818
4441.0,48.25839330785232,0.9208343425543717
4442.0,48.26845264480913,0.9235685104231379
4443.0,48.2784649984104,0.9217410485307482
4444.0,48.28848426430201,0.9201326877737301
4445.0,48.29846131457856,0.9185019585383998
4446.0,48.308444773222746,0.9171916179657273
4447.0,48.31839298444281,0.9124950378682115
4448.0,48.328274004975654,0.9144960849171184
4449.0,48.33826529230278,0.9280565431745345
4450.0,48.348440620751354,0.9414637589707127
4451.0,48.35872295591409,0.9419453160498961
4452.0,48.36890850455618,0.9481197635795979
4453.0,48.379324713385124,0.9577011807068629
4454.0,48.38971826736511,0.9576582632744248
4455.0,48.40013334073836,0.9589514067010896
4456.0,48.410554799726604,0.962081790996308
4457.0,48.421037699855745,0.9679735584122682
4458.0,48.43158701113005,0.9806868849809689
4459.0,48.442346008596466,0.9893973445068696
4460.0,48.453084534617524,0.9889750759884919
4461.0,48.463834301377524,0.9858192948868236
4462.0,48.47450420891941,0.9909639162196981
4463.0,48.485365670120565,1.0014933646943973
4464.0,48.49626435771195,0.998673311984021
4465.0,48.50706456125447,0.9908386558399798
4466.0,48.517792991521944,0.987586085420844
4467.0,48.52852246418866,0.9814717811750597
4468.0,48.53911798665459,0.9722641845437465
4469.0,48.549647283748435,0.9715364410712937
4470.0,48.56022684806987,0.9831214551340963
4471.0,48.57100773081236,0.9943630826182925
4472.0,48.58183150781236,0.9925115768255637
4473.0,48.59257214517246,0.9852376445687696
4474.0,48.60323782656171,0.9803803061604413
4475.0,48.61387284141262,0.97950213520744
4476.0,48.624519342601495,0.9772474586734461
4477.0,48.635105276021314,0.978749388419601
4478.0,48.64578428723565,0.9832709607853758
4479.0,48.6564683787539,0.9807823048158752
4480.0,48.667093241813525,0.9767694216152449
4481.0,48.67769004341998,0.977072141608005
4482.0,48.688321366996384,0.9801334842595679
4483.0,48.6989845787859,0.9859420932571084
4484.0,48.70974201305398,0.9853852084652317
4485.0,48.72039308015553,0.9753684891002194
4486.0,48.73093279903726,0.9679310214833095
4487.0,48.741422140512974,0.9711149282593396
4488.0,48.752030869441455,0.9825237064651446
4489.0,48.76276796268428,0.9886208936641196
4490.0,48.7735091012179,0.9856167880079738
4491.0,48.784180875773245,0.9786989019230532
4492.0,48.7947716374571,0.9754610981872247
4493.0,48.80537295119933,0.9709628784876259
4494.0,48.815865876046296,0.9691934980110091
4495.0,48.826428589269305,0.9745931561301404
4496.0,48.83703869141841,0.9754451689495909
4497.0,48.84761980538249,0.9776327754188969
4498.0,48.85827730973156,0.989379714748793
4499.0,48.869113530381526,0.9972650165109371
4500.0,48.879942327434556,0.9991079684041324
4501.0,48.89081857031645,1.0071824962178653
4502.0,48.901822788286026,1.0167876649120444
4503.0,48.912907762175,1.0194417305556271
4504.0,48.923969738809596,1.0154607733038574
4505.0,48.93496831796876,1.008054460020503
4506.0,48.945869455865406,0.9927068300185056
4507.0,48.95653462945259,0.9807642561790999
4508.0,48.96717623177176,0.9783549369549291
4509.0,48.977788967933364,0.9775439334916882
4510.0,48.98841284315559,0.9814156818683841
4511.0,48.99910958696843,0.9861811763530568
4512.0,49.00983691734174,0.9904849451304472
4513.0,49.02062709819831,0.9911244924769562
4514.0,49.03136829087349,0.9891454941516713
4515.0,49.04211542650532,0.9858359665195167
4516.0,49.05278467263151,0.9739662183346809
4517.0,49.063273866514,0.9619003174011596
4518.0,49.073680833926545,0.9593340236224321
4519.0,49.08411408394137,0.9599306235395488
4520.0,49.09453382995362,0.9698637238707306
4521.0,49.105182669764794,0.9924169445803273
4522.0,49.11609225258684,1.0123577545255102
4523.0,49.12717429202236,1.021394082437837
4524.0,49.138280271758084,1.0230823424626578
4525.0,49.14939909618824,1.0202116179552831
4526.0,49.16044282963926,1.0115835943124694
4527.0,49.171374304672796,1.0136180508816324
4528.0,49.18246226575218,1.0130752635523095
4529.0,49.19338204973333,1.00691331589951
4530.0,49.204336176794676,1.015125209281905
4531.0,49.21543439549158,1.014187889688401
4532.0,49.22636826524218,1.0025222575986845
4533.0,49.2372130935204,1.0010721600865509
4534.0,49.24811545399068,1.011630675282504
4535.0,49.25918967282679,1.0239057105100073
4536.0,49.27035879102495,1.0242656775917567
4537.0,49.281440967521185,1.006643306780461
4538.0,49.29222735250303,0.9839929948866484
4539.0,49.302817436447725,0.9668369192695536
4540.0,49.31323100399475,0.9540103675681166
4541.0,49.32354225407094,0.950960965561535
4542.0,49.333889344670666,0.951032331220631
4543.0,49.34420193027222,0.9561769532938342
4544.0,49.354660546730955,0.9528802579952753
4545.0,49.364901352289216,0.9391453708358313
4546.0,49.37506134807993,0.9345021850967896
4547.0,49.38520100183012,0.9268602629508678
4548.0,49.39519470446738,0.9151416883905767
4549.0,49.40507945676792,0.8956286554039252
4550.0,49.414648923577765,0.8722040335269412
4551.0,49.424024366015026,0.8501028617574775
4552.0,49.43311322859519,0.837630350213658
4553.0,49.44221710536631,0.8446692475081363
4554.0,49.451458192222354,0.8552372257745446
4555.0,49.460790983851986,0.8602877433750109
4556.0,49.47014118281702,0.8605693442459597
4557.0,49.47947952108588,0.8618609089171514
4558.0,49.48885719181873,0.8624328048554162
4559.0,49.49820739113444,0.8657989236362482
4560.0,49.507657581380265,0.8738739856362372
4561.0,49.51718258822415,0.8787804123567184
4562.0,49.52673880403935,0.8883127078624966
4563.0,49.53647027858012,0.8994293808882503
4564.0,49.54626742710315,0.9003023989480425
4565.0,49.5560174415081,0.8889975639103795
4566.0,49.565568715095786,0.8730294365395821
4567.0,49.57497154136973,0.8582941418444534
4568.0,49.58420235638247,0.8448409741686191
4569.0,49.59331251125529,0.8314495431841351
4570.0,49.602251974003075,0.8113445150356711
4571.0,49.610925001514474,0.7904488003605366
4572.0,49.61941010827554,0.7761758017422835
4573.0,49.6277725077232,0.7752016890244704
4574.0,49.63623561529011,0.7838602978499694
4575.0,49.64478512911961,0.7890786852040037
4576.0,49.65336070340668,0.7933965925949451
4577.0,49.662003136254384,0.7933733926347486
4578.0,49.67057744755745,0.7890224179664074
4579.0,49.67912467492387,0.7827689383011602
4580.0,49.68756250438114,0.7826361262341379
4581.0,49.69610601553209,0.7902251225041255
4582.0,49.70470771520793,0.7981904587886675
4583.0,49.71342326215158,0.8119629493339744
4584.0,49.72232300671693,0.8277546669614821
4585.0,49.731380448616,0.8441984810051508
4586.0,49.740636263168554,0.8472095843208081
4587.0,49.7497584486231,0.8447092659171176
4588.0,49.758959383229545,0.8566265349782043
4589.0,49.76833945653642,0.8691743257550115
4590.0,49.7778120120701,0.8840168322240061
4591.0,49.78751349158885,0.9085570360784914
4592.0,49.79751786346163,0.9256219240669452
4593.0,49.80758913263139,0.9238120767495275
4594.0,49.817553942901405,0.9165154608890589
4595.0,49.82746660786607,0.9084864345513779
4596.0,49.837256917050055,0.9001120665743656
4597.0,49.84698754752012,0.8963597915917489
4598.0,49.85669604541433,0.8959259873518022
4599.0,49.86641682504101,0.9093185588590131
4600.0,49.87641530860978,0.9245331910442474
4601.0,49.886465694374834,0.930480070583144
4602.0,49.89659281761864,0.9303600391140208
4603.0,49.906640313601216,0.923762305337732
4604.0,49.916624047495475,0.922286762512158
4605.0,49.926639201694734,0.9225667077407707
4606.0,49.93662867558444,0.9100928981424659
4607.0,49.94637301939356,0.9010801781405462
4608.0,49.95616663273182,0.8988875392715272
4609.0,49.965863028351684,0.8888827399259753
4610.0,49.97543927319046,0.8894988859028672
4611.0,49.98514853387743,0.8899793276450509
4612.0,49.99473476470297,0.8848968023903581
4613.0,50.00433334751548,0.8885800101743371
4614.0,50.013998951709766,0.8878050182702282
4615.0,50.023580284667965,0.8853085066893982
4616.0,50.033191280849756,0.8933650012968428
4617.0,50.042946790004926,0.9142156321977382
4618.0,50.053009357995684,0.9198728495503019
4619.0,50.062887202205665,0.9261565437354875
4620.0,50.07308559041317,0.950848214853977
4621.0,50.08349841380404,0.9571928241548449
4622.0,50.093834158668884,0.9555404380516848
4623.0,50.104210955274475,0.9580568702931487
4624.0,50.11460105603926,0.9531210087752697
4625.0,50.12487067930251,0.9428282521093934
4626.0,50.13503744400408,0.9342843120630278
4627.0,50.14512160092106,0.9229437457852327
4628.0,50.15504225605769,0.9077075955974578
4629.0,50.16479581032075,0.897429626158555
4630.0,50.17449327219756,0.8931153138310037
4631.0,50.1841528774298,0.8913980238849035
4632.0,50.19381266529843,0.8853612593829894
4633.0,50.203340988293526,0.8724340075259533
4634.0,50.212720116849475,0.8515097670551768
4635.0,50.22179443856316,0.8300930099521793
4636.0,50.23070880040327,0.8141553679943172
4637.0,50.23943706951103,0.8044101450486778
4638.0,50.248139516565914,0.8052584064207622
4639.0,50.256885423352394,0.817556124931798
4640.0,50.26585359471177,0.831678898743121
4641.0,50.274904838355326,0.8418741180539655
4642.0,50.284093254423496,0.8381113406721852
4643.0,50.29306239397652,0.8272637885329459
4644.0,50.30201512855066,0.8227245172201947
4645.0,50.310885265841065,0.8094254188908963
4646.0,50.31954922072055,0.7860898654162156
4647.0,50.3279131262817,0.7587593664047745
4648.0,50.33598425873526,0.7366975988406921
4649.0,50.34386941856132,0.7195045925564045
4650.0,50.351567253598645,0.7057519806239725
4651.0,50.359153605551285,0.7203625417387229
4652.0,50.36716681852736,0.7512522550368885
4653.0,50.37542119699318,0.7625310168277792
4654.0,50.38367780968152,0.7526944274759444
4655.0,50.39171837803051,0.7316330337762338
4656.0,50.399518101044244,0.7226252776508773
4657.0,50.40736269056205,0.7099384197153995
4658.0,50.414886866306695,0.6864210947569518
4659.0,50.42222137308841,0.6947092146110663
4660.0,50.429923880973746,0.7148930669100082
4661.0,50.43769433158441,0.7312817920537782
4662.0,50.44575058302608,0.763463170189425
4663.0,50.45421660710383,0.8013131330335455
4664.0,50.463091173133236,0.8252891049633035
4665.0,50.472075367741716,0.824782393512578
4666.0,50.48093832845363,0.8212007832880772
4667.0,50.48984432714389,0.8338682351386524
4668.0,50.498980693262496,0.8485513635987445
4669.0,50.508203784039786,0.8601505702481518
4670.0,50.51759052358044,0.8608608571994409
4671.0,50.52682846355449,0.8529074705929816
4672.0,50.53604255151897,0.868105651848964
4673.0,50.54560868657534,0.888097275284963
4674.0,50.555254797573845,0.9045471263616491
4675.0,50.56517633626776,0.9176198054556153
4676.0,50.57510489682844,0.9258374020555493
4677.0,50.58520384586168,0.9398096191398508
4678.0,50.59543436324708,0.9452170862296043
4679.0,50.60565004914059,0.9484469003346021
4680.0,50.615950187042124,0.9528057761654054
4681.0,50.626259950633255,0.9548599447389279
4682.0,50.636604315225405,0.9668354624045605
4683.0,50.64717291989454,0.9865865933152236
4684.0,50.65794440509776,1.003017277813342
4685.0,50.66886839116941,1.0086486560267076
4686.0,50.67976173097583,0.9904224606980279
4687.0,50.69029151368979,0.9686113664974982
4688.0,50.70071295531647,0.9469162337736634
4689.0,50.71077331307635,0.9309996938100085
4690.0,50.72085017599436,0.9286507500128209
4691.0,50.73085943588693,0.9296023317929212
4692.0,50.740956559347346,0.9338692950477707
4693.0,50.75105782515188,0.9369496655690455
4694.0,50.76122128754494,0.924038561686757
4695.0,50.77104305689812,0.9100511291289877
4696.0,50.780903606327776,0.9273345520014118
4697.0,50.79109879555207,0.9388990209645272
4698.0,50.801209212264304,0.9445480775339092
4699.0,50.811526287585174,0.9619319747398549
4700.0,50.82201245917453,0.963396366318193
4701.0,50.83236107254789,0.9673522964058066
4702.0,50.84293260279834,0.9753810951242485
4703.0,50.85345475008854,0.9652877108910616
4704.0,50.86380788150211,0.9561182706002
4705.0,50.87413154289855,0.9657924387392995
4706.0,50.884693682779144,0.9684786588004499
4707.0,50.89507533497114,0.950758088614748
4708.0,50.90525408624502,0.9450934797587252
4709.0,50.91551298218429,0.9468682608621748
4710.0,50.925729891877175,0.937471733050188
4711.0,50.93578535472166,0.9320435314257338
4712.0,50.945884579965394,0.9397803985702922
4713.0,50.95610706101363,0.9506253797717363
4714.0,50.9664405595546,0.9637172813709185
4715.0,50.976945939431786,0.9850625380695419
4716.0,50.9877408681836,1.0001811534275475
4717.0,50.9985731563425,1.0084936333623773
4718.0,51.00954783741831,1.0175139999955718
4719.0,51.02057524600443,1.0233412644975033
4720.0,51.031676025947455,1.0272625568068179
4721.0,51.04278835199544,1.0191111263138737
4722.0,51.053712997659424,1.004212662573991
4723.0,51.06450321213046,0.99964535158324
4724.0,51.075329086272966,1.0127416546856693
4725.0,51.08640249869452,1.0113415078103571
4726.0,51.097198207014664,0.9884909962165693
4727.0,51.107777497259434,0.9701234493477386
4728.0,51.11817593331296,0.9665819763213221
4729.0,51.128678472636544,0.9713993929526623
4730.0,51.13918095223524,0.9824733806872246
4731.0,51.14992282016467,0.9954191259712388
4732.0,51.16070520139013,0.9923391847496532
4733.0,51.17138045875468,0.9982865157508058
4734.0,51.18229138305205,1.0149503970205842
4735.0,51.19332701045977,1.0128125590108539
4736.0,51.20419180266528,0.9958106228241377
4737.0,51.21485981389885,0.9829156851683365
4738.0,51.22544571431073,0.9742844187912851
4739.0,51.23592699623707,0.9656629145047191
4740.0,51.24632633723078,0.9822090799661964
4741.0,51.257165225409835,0.9970263382328994
4742.0,51.267884972088844,0.9917804186206922
4743.0,51.27861038964397,0.9993094503770408
4744.0,51.28949289952316,1.013080642767818
4745.0,51.300516120398186,0.9993527612059552
4746.0,51.31110188269601,0.9782077597265015
4747.0,51.3216677926467,0.9547215483598848
4748.0,51.33174562114278,0.9107520986417512
4749.0,51.34136051199559,0.8779163740655349
4750.0,51.35072790633906,0.8591858993640926
4751.0,51.359937283573544,0.8395562974001223
4752.0,51.36887969763836,0.8481955514525907
4753.0,51.37827517115265,0.8854814873466239
4754.0,51.38802318232559,0.9120505093251268
4755.0,51.39799265663968,0.9277950995092397
4756.0,51.408080722368396,0.932423241698416
4757.0,51.418149969479494,0.919321873003355
4758.0,51.427954525453195,0.9040798300520692
4759.0,51.437693886898764,0.893397827494482
4760.0,51.44726712593766,0.8952237251069164
4761.0,51.45704548496817,0.9178952747079165
4762.0,51.46710840602284,0.9236125342540618
4763.0,51.477010068171495,0.9196549125354068
4764.0,51.48698708844484,0.9289905383848236
4765.0,51.49709021905271,0.9344410792109556
4766.0,51.50718477862814,0.9144188936224964
4767.0,51.516854869118276,0.903073455525373
4768.0,51.52670376142893,0.916246892149502
4769.0,51.53665821550564,0.9144085018742771
4770.0,51.546467051295494,0.8917389784037368
4771.0,51.55593117674519,0.8641011429699574
4772.0,51.565142195410886,0.858321217530829
4773.0,51.57448081908575,0.8641017067602661
4774.0,51.583816235700446,0.8721479359574005
4775.0,51.59332820392185,0.8813403929179913
4776.0,51.602861799218026,0.9005524170352146
4777.0,51.61278844780876,0.9142809444911109
4778.0,51.6226183799757,0.9161928786452336
4779.0,51.632585965428106,0.9142451173684094
4780.0,51.64237349500419,0.9235661078237172
4781.0,51.652542087330445,0.9376403205624229
4782.0,51.66263348602982,0.9435531167309819
4783.0,51.67292955411661,0.9730112207416823
4784.0,51.68365725121863,0.9796478096359351
4785.0,51.694096688130145,0.9592112661503052
4786.0,51.70438266943383,0.9732042553714564
4787.0,51.71512423478295,1.0018908982365247
4788.0,51.72603001116203,1.024849165825799
4789.0,51.73726766954554,1.0580913462999888
4790.0,51.74889188896707,1.085033383096743
4791.0,51.760712046801345,1.1187763244415692
4792.0,51.77306583628621,1.130088178015285
4793.0,51.785131124767226,1.1394671298730827
4794.0,51.797688197625575,1.163437730507212
4795.0,51.81027229577926,1.1797279653474106
4796.0,51.82318227741553,1.189219814086755
4797.0,51.835972522530085,1.183752104647283
4798.0,51.848765325859745,1.1966056103410665
4799.0,51.861834361008405,1.2202091747458326
4800.0,51.875138450194584,1.214484917691152
4801.0,51.888085000494954,1.192043552033283
4802.0,51.90090510084711,1.172059495229405
4803.0,51.91342066160822,1.1554919848313148
4804.0,51.92588346324121,1.1764372155721503
4805.0,51.93885262926947,1.1803346556080214
4806.0,51.95140071179648,1.1714325527464098
4807.0,51.964178297819466,1.1805115488587035
4808.0,51.976923619883365,1.18196225183965
4809.0,51.9897335255447,1.1874362473208748
4810.0,52.00259818802383,1.173251730746415
4811.0,52.0151023850036,1.18305345949193
4812.0,52.028179854696255,1.2330549751059152
4813.0,52.04176641874454,1.2460793980917515
4814.0,52.05512693343722,1.241129874051694
4815.0,52.06860779285258,1.2253546169304173
4816.0,52.08162847318971,1.194449712835194
4817.0,52.09444203949556,1.1716293417048291
4818.0,52.106970118293596,1.154515368374632
4819.0,52.11941434802004,1.164756567673976
4820.0,52.132164745930474,1.1706026135580032
4821.0,52.144736353393704,1.1609297881568637
4822.0,52.15727836354278,1.1634428971319721
4823.0,52.16990517209199,1.1481670011016831
4824.0,52.18211756436591,1.1384598939366697
4825.0,52.194535048605665,1.1529874708339776
4826.0,52.207062498369076,1.1294688777306874
4827.0,52.21897193721457,1.0945289699211571
4828.0,52.23074394482571,1.0761795154448919
4829.0,52.24225679504524,1.0480187912453403
4830.0,52.25341980251797,0.9971973935571441
4831.0,52.26383318224263,0.954267428998719
4832.0,52.27406715413768,0.9516141309741215
4833.0,52.28442289170337,0.9490880594930786
4834.0,52.29460202936037,0.9439234268029395
4835.0,52.30484577054362,0.9671088079321635
4836.0,52.31552631886165,1.0217601840831776
4837.0,52.326952441306254,1.0955552653686027
4838.0,52.33922989913635,1.1342054786582594
4839.0,52.35149292921872,1.092136871862749
4840.0,52.3628607957844,1.0423303467177902
4841.0,52.37404639821578,1.0390442822426849
4842.0,52.385343322371824,1.054176504174393
4843.0,52.39685656092928,1.0542020729826618
4844.0,52.40815433576899,1.0498893785170367
4845.0,52.4195744666334,1.0936249568458152
4846.0,52.431818894449854,1.127471712674378
4847.0,52.44397206744415,1.1284231206991535
4848.0,52.456237709294605,1.1140583929973218
4849.0,52.468080684491284,1.098969463908361
4850.0,52.48002027198159,1.110292809556995
4851.0,52.492108807093935,1.1516593910309894
4852.0,52.50494424090086,1.195776019951154
4853.0,52.5179885159043,1.1894265802402515
4854.0,52.530687599100624,1.161749598230017
4855.0,52.54313375062401,1.1862293151316408
4856.0,52.55636351193898,1.2157851110441698
4857.0,52.56945056640316,1.1808237682162144
4858.0,52.581924640693906,1.1380982069003949
4859.0,52.594087607404646,1.1252093416987918
4860.0,52.606283299132826,1.1496008012254606
4861.0,52.618974958205115,1.2015345309591794
4862.0,52.632295880362264,1.247637310932987
4863.0,52.64598691285561,1.2294117755827756
4864.0,52.65891463772928,1.1656333945829829
4865.0,52.67122578549737,1.0777499030064064
4866.0,52.68225127019039,0.9889243552952394
4867.0,52.69263917016932,0.9759244437100278
4868.0,52.70338298594683,1.0161916343713528
4869.0,52.71464276140327,1.0161651061735029
4870.0,52.72538618018717,0.9886810450843768
4871.0,52.736050806726126,0.9847191796288826
4872.0,52.74670837306208,0.9689393879179988
4873.0,52.75703125357905,0.936864196208262
4874.0,52.76699410467055,0.8922805404126848
4875.0,52.77635131704329,0.8546563106847316
4876.0,52.78549898958056,0.851688076811115
4877.0,52.79479133731486,0.9004791089337232
4878.0,52.804994811334275,0.9644701947308931
4879.0,52.81567236856448,0.9379404525770951
4880.0,52.825301426704385,0.880418895787443
4881.0,52.834733190440495,0.862666566246844
4882.0,52.84397742374138,0.8703650568568264
4883.0,52.85357527504719,0.8863073501652252
4884.0,52.8631641994059,0.9161958610384318
4885.0,52.87340860215516,0.9478610059632047
4886.0,52.88368278344134,0.9707446406373492
4887.0,52.89442233315853,1.0205116582492337
4888.0,52.905773792614326,1.0511651715314656
4889.0,52.91717712370228,1.035574846291638
4890.0,52.928191338382256,1.0449515896980301
4891.0,52.93979774168558,1.0504443930185516
4892.0,52.950931187801324,1.012657687342653
4893.0,52.96171972260597,0.9993838730879361
4894.0,52.97256580401403,0.9916682040311571
4895.0,52.98318731971753,1.0180179770322866
4896.0,52.9946037383653,1.0516221869511355
4897.0,53.0059529648661,1.0577101308208512
4898.0,53.01750140598545,1.0873736295634444
4899.0,53.029493125036815,1.0870607795714022
4900.0,53.04103529556553,1.0332401508021576
4901.0,53.05186215173237,0.9813474130187387
4902.0,53.06228088278894,0.9646775534783956
4903.0,53.07274668477367,1.0006015728395141
4904.0,53.08394299742315,1.0515875572982623
4905.0,53.09551276289714,1.1036731076874275
4906.0,53.10783703560231,1.1591801896647667
4907.0,53.12060921139546,1.1692356228995777
4908.0,53.1331520912778,1.1592241958260274
4909.0,53.145708329764986,1.1440602651400695
4910.0,53.15792368163451,1.1011277237466857
4911.0,53.169550950423556,1.0241176470044593
4912.0,53.18009914992487,0.9634137031625869
4913.0,53.19041187899676,0.8855178009562223
4914.0,53.19927323486728,0.8272118050954305
4915.0,53.20832276650986,0.7892178041001898
4916.0,53.21636095095014,0.6866634488123964
4917.0,53.223189291942674,0.6558950870403351
4918.0,53.23056015170529,0.7050819871092244
4919.0,53.2384523388247,0.7412656275992049
4920.0,53.24660560852315,0.8259340875501948
4921.0,53.25632959489897,0.9110109536559321
4922.0,53.2663239940565,0.9646996734700224
4923.0,53.27720972071843,1.0313914475082129
4924.0,53.28864764512571,1.0879350344912382
4925.0,53.300757493348165,1.1541110278394626
4926.0,53.31362837632198,1.202554553066875
4927.0,53.326787771723694,1.2462930633919314
4928.0,53.34060661327458,1.3043799768547615
4929.0,53.35502499178382,1.3549637803462247
4930.0,53.36994084510841,1.3171246528254414
4931.0,53.38354209365261,1.2775678350026283
4932.0,53.397603047458716,1.251408427469869
4933.0,53.41063945030082,1.202399746312949
4934.0,53.42364032116825,1.2729019364323904
4935.0,53.438204617850374,1.3637057588348398
4936.0,53.45317388173962,1.38357890374391
4937.0,53.4681708612433,1.3640546556925983
4938.0,53.4827195270607,1.4185092869738583
4939.0,53.49889831164697,1.527663453371133
4940.0,53.51581469034897,1.5394534719216608
4941.0,53.53225255335871,1.4896275037481246
4942.0,53.5480927591196,1.4472725488303695
4943.0,53.5636158124915,1.472917140026766
4944.0,53.58001465853436,1.5422745087398653
4945.0,53.597044316207025,1.6166317012321088
4946.0,53.615058939140575,1.6356353764294909
4947.0,53.6325050948475,1.601370986269103
4948.0,53.64978118925988,1.547032164362463
4949.0,53.66605305838399,1.4087597807865677
4950.0,53.68033369270796,1.2393790168425767
4951.0,53.69293389793926,1.1008652657801576
4952.0,53.70421113935417,1.0264190512261848
4953.0,53.715196830727166,0.9001281215932977
4954.0,53.72373493562275,0.9231311956991703
4955.0,53.735218608062226,1.167237862262482
4956.0,53.74905157660523,1.2775852272079646
4957.0,53.76293006907433,1.251360664389722
4958.0,53.77619571164437,1.167912878197967
4959.0,53.7882652086423,1.0481082912228885
4960.0,53.798932510588635,1.0656715256009193
4961.0,53.81138297033557,1.063042896821571
4962.0,53.821993889509905,0.8857105790029891
4963.0,53.83059732910492,0.7537027970138297
4964.0,53.83834383000365,0.6621182831240731
4965.0,53.844959755699136,0.46741609487798996
4966.0,53.848482329308645,0.36623575905650796
4967.0,53.85290214613616,0.4412316744310374
4968.0,53.8580500372864,0.6253602572796808
4969.0,53.86646095160946,0.8250277576389635
4970.0,53.875937432054,0.7778084370129363
4971.0,53.88332428797161,0.7710324895342637
4972.0,53.89265260865026,0.864430164310761
4973.0,53.90206380082882,0.8790513735057175
4974.0,53.91170857853651,0.7640609687696269
4975.0,53.91862678995374,0.580255866949301
4976.0,53.92428621219595,0.6088652822745644
4977.0,53.93182303537114,0.8498423826258659
4978.0,53.94270425435023,1.0151839262980502
4979.0,53.953824549275986,0.9557075060565694
4980.0,53.963416891003824,0.8056640808990778
4981.0,53.971285012825604,0.7237299341304606
4982.0,53.97910074638083,0.6661037608082552
4983.0,53.9857193291234,0.508765904000029
4984.0,53.99012488318414,0.6078579986096884
4985.0,53.99888846024248,0.9001375726129481
4986.0,54.00962591822576,0.9605910572627181
4987.0,54.01969920102151,1.1207963640918024
4988.0,54.03390718234514,1.2640627907821909
4989.0,54.04708577496339,1.2517102298752434
4990.0,54.061027401234064,0.32474494083180616
4991.0,54.05412508622629,-0.6260250150389766
4992.0,54.04746721995538,-0.7392278975385125
4993.0,54.03811905461413,-1.0224617359690455
4994.0,54.02533686378588,-0.7798533742388827
4995.0,54.021242974481865,0.04405549532020814
4996.0,54.02628804065978,1.1438986941084295
4997.0,54.04598342838331,2.005639799102937
4998.0,54.06967358469306,2.2676806538183882
4999.0,54.095048581241635,1.1641707113540178
5000.0,54.094868132346,-0.016677233480867026
